user_id,age,gender,device,region,time_of_day,session_count,avg_purchase,reward_arm_0,reward_arm_1,reward_arm_2,reward_arm_3,reward_arm_4
1,56,F,tablet,marmara,afternoon,8,136.25,0,1,0,0,0
2,69,M,desktop,ege,morning,9,107.01,0,0,0,0,1
3,46,F,desktop,guneydogu_anadolu,afternoon,11,100.77,0,0,0,0,0
4,32,F,desktop,marmara,morning,11,43.58,1,0,0,0,0
5,60,F,mobile,dogu_anadolu,evening,14,398.93,0,1,1,0,0
6,25,F,desktop,ege,morning,2,51.96,1,0,0,0,0
7,38,M,desktop,marmara,afternoon,2,86.13,0,0,0,1,0
8,56,M,mobile,marmara,night,5,45.89,0,0,1,0,0
9,36,M,mobile,marmara,afternoon,15,23.42,0,1,0,0,0
10,40,F,mobile,marmara,afternoon,5,278.28,0,0,0,0,0
11,28,F,mobile,marmara,afternoon,12,27.73,0,0,1,0,1
12,28,F,mobile,ege,morning,10,182.21,0,0,0,0,0
13,41,M,mobile,marmara,morning,12,175.03,0,0,0,0,0
14,70,F,tablet,ic_anadolu,evening,2,70.05,0,0,0,0,0
15,53,M,desktop,karadeniz,evening,10,168.65,1,0,0,0,0
16,57,F,desktop,dogu_anadolu,evening,4,56.61,1,0,0,0,0
17,41,M,desktop,akdeniz,evening,9,114.3,0,0,0,0,1
18,20,F,desktop,guneydogu_anadolu,night,4,222.65,0,0,1,1,0
19,39,F,tablet,marmara,night,1,407.3,0,1,0,1,0
20,70,M,desktop,marmara,evening,5,105.67,1,0,0,0,0
21,19,F,tablet,marmara,evening,2,244.62,0,0,0,0,0
22,41,F,desktop,karadeniz,evening,14,81.93,0,0,0,0,0
23,61,M,tablet,dogu_anadolu,morning,6,150.43,0,0,0,0,0
24,47,M,mobile,ic_anadolu,morning,1,120.86,1,0,0,0,0
25,55,M,mobile,ege,morning,7,99.28,0,0,0,0,0
26,19,F,mobile,ic_anadolu,night,7,228.83,0,0,0,0,0
27,38,F,desktop,marmara,evening,15,262.86,0,0,0,0,0
28,50,F,mobile,akdeniz,evening,6,189.42,0,0,0,0,0
29,29,F,desktop,akdeniz,afternoon,9,387.52,1,0,1,1,0
30,39,M,mobile,marmara,afternoon,3,145.18,0,0,0,0,0
31,61,M,mobile,marmara,morning,6,17.74,1,0,0,1,0
32,42,F,desktop,karadeniz,night,5,51.33,0,0,0,0,0
33,66,M,mobile,akdeniz,evening,9,44.21,0,1,1,0,0
34,44,F,desktop,ege,evening,10,189.51,1,0,1,0,0
35,59,M,mobile,ege,morning,11,64.94,0,0,1,0,1
36,45,F,tablet,guneydogu_anadolu,morning,4,48.12,0,0,0,1,0
37,33,F,mobile,ege,afternoon,3,332.57,0,0,0,0,0
38,32,M,mobile,marmara,morning,12,113.59,0,1,0,0,0
39,64,M,mobile,akdeniz,evening,7,120.55,0,0,1,0,0
40,68,M,tablet,ic_anadolu,morning,1,182.26,0,0,0,1,0
41,61,F,desktop,marmara,afternoon,3,234.73,1,1,0,0,0
42,69,F,mobile,ege,afternoon,7,195.61,1,0,0,0,0
43,20,F,mobile,ege,afternoon,2,290.47,0,0,1,0,0
44,54,F,desktop,akdeniz,morning,10,175.62,1,0,0,0,0
45,68,M,desktop,ege,night,14,160.77,0,1,0,0,0
46,24,F,desktop,ic_anadolu,afternoon,14,230.65,1,1,0,1,0
47,38,F,mobile,guneydogu_anadolu,evening,13,185.28,1,1,1,0,0
48,26,M,tablet,dogu_anadolu,morning,3,117.32,0,0,0,1,0
49,56,F,mobile,ic_anadolu,evening,9,166.8,0,0,0,0,0
50,35,M,mobile,akdeniz,morning,4,51.91,0,0,1,1,0
51,21,M,desktop,karadeniz,evening,6,98.2,0,0,1,0,0
52,42,F,desktop,karadeniz,afternoon,7,76.16,1,0,0,0,0
53,31,M,desktop,karadeniz,morning,12,171.93,1,0,0,1,0
54,67,M,mobile,marmara,morning,14,435.36,0,0,0,0,0
55,26,F,desktop,marmara,night,2,65.0,0,0,0,0,0
56,43,F,mobile,guneydogu_anadolu,morning,13,188.55,1,0,0,0,0
57,70,F,tablet,guneydogu_anadolu,evening,11,222.05,0,0,0,0,0
58,19,M,mobile,akdeniz,evening,6,489.41,0,0,0,0,0
59,37,M,mobile,guneydogu_anadolu,afternoon,10,65.6,0,0,1,0,0
60,45,M,mobile,karadeniz,morning,12,56.34,0,0,0,0,1
61,64,M,desktop,akdeniz,morning,10,102.85,0,0,1,1,0
62,24,M,desktop,ege,evening,1,116.2,1,0,1,1,1
63,61,M,mobile,ic_anadolu,afternoon,3,416.79,0,0,0,0,0
64,25,F,mobile,akdeniz,evening,15,328.43,0,1,1,0,0
65,64,M,mobile,guneydogu_anadolu,evening,1,136.94,0,0,0,1,0
66,52,F,desktop,akdeniz,evening,12,193.76,1,1,0,0,0
67,31,M,mobile,karadeniz,morning,5,145.29,1,0,1,0,1
68,34,F,desktop,karadeniz,evening,4,425.54,0,0,0,1,0
69,53,F,desktop,marmara,morning,12,65.12,1,1,0,1,0
70,67,F,desktop,marmara,morning,12,164.98,1,1,0,0,0
71,57,F,mobile,ic_anadolu,evening,7,55.78,1,0,0,0,0
72,21,M,desktop,marmara,evening,4,230.25,1,0,0,1,0
73,19,F,desktop,ic_anadolu,afternoon,4,98.29,1,0,0,0,0
74,23,M,mobile,marmara,evening,10,131.5,0,0,1,0,0
75,59,F,mobile,ege,afternoon,10,102.08,1,0,0,0,0
76,21,M,mobile,marmara,evening,9,106.67,0,0,1,0,0
77,46,F,mobile,marmara,morning,12,86.91,0,0,0,0,1
78,35,F,tablet,marmara,morning,5,390.23,0,0,1,1,0
79,43,M,desktop,guneydogu_anadolu,evening,11,173.32,0,0,0,0,0
80,61,F,desktop,ege,evening,13,146.74,1,1,0,0,1
81,51,F,mobile,dogu_anadolu,afternoon,7,91.04,0,0,1,0,0
82,27,F,desktop,guneydogu_anadolu,evening,2,185.33,0,0,1,1,1
83,53,F,mobile,dogu_anadolu,night,7,90.17,0,0,0,0,0
84,31,M,mobile,akdeniz,evening,2,31.62,0,0,0,1,1
85,48,F,tablet,karadeniz,evening,10,311.39,0,0,0,0,0
86,65,M,tablet,marmara,evening,13,134.74,1,1,0,0,0
87,32,M,tablet,marmara,evening,5,23.3,0,1,0,0,0
88,25,F,desktop,dogu_anadolu,morning,11,48.77,1,0,0,0,0
89,31,M,tablet,marmara,evening,13,47.07,0,1,1,0,0
90,40,M,desktop,guneydogu_anadolu,evening,15,227.04,1,0,0,0,0
91,57,M,mobile,ic_anadolu,morning,14,366.28,0,0,0,0,0
92,38,M,mobile,ege,afternoon,14,80.0,0,0,1,0,1
93,33,M,desktop,marmara,morning,5,171.93,1,1,0,0,0
94,62,M,mobile,ic_anadolu,morning,5,197.74,1,0,0,0,0
95,35,F,desktop,akdeniz,night,5,112.7,0,1,0,0,0
96,64,F,desktop,ic_anadolu,morning,7,64.97,0,0,0,0,0
97,70,F,tablet,ege,afternoon,10,63.88,0,0,0,0,0
98,41,F,desktop,marmara,afternoon,13,124.89,0,0,0,1,0
99,43,F,desktop,ege,afternoon,2,91.0,1,1,0,0,0
100,42,F,mobile,ege,morning,15,102.08,0,0,1,0,0
101,62,F,tablet,marmara,afternoon,1,29.38,0,0,0,0,0
102,58,M,desktop,marmara,evening,4,51.48,1,1,0,0,0
103,46,M,desktop,ege,afternoon,7,36.5,1,0,0,1,0
104,32,M,tablet,ic_anadolu,afternoon,1,116.92,1,1,0,1,0
105,62,F,desktop,ic_anadolu,afternoon,4,142.12,1,0,0,0,0
106,18,M,desktop,marmara,morning,15,190.28,1,0,0,0,0
107,42,M,mobile,ic_anadolu,afternoon,15,103.14,0,0,1,0,0
108,24,F,mobile,ic_anadolu,morning,15,193.04,0,1,0,0,0
109,26,F,mobile,akdeniz,afternoon,7,49.85,0,0,1,0,1
110,41,M,desktop,akdeniz,evening,6,24.89,0,0,0,0,0
111,18,M,tablet,ege,afternoon,1,131.05,0,1,1,0,0
112,61,F,tablet,marmara,evening,7,388.19,0,0,0,1,0
113,25,F,desktop,ege,morning,14,53.37,0,0,0,0,0
114,41,F,desktop,ege,evening,5,46.5,0,0,0,0,1
115,28,M,tablet,ic_anadolu,afternoon,6,107.2,0,0,0,1,0
116,68,M,mobile,dogu_anadolu,night,1,86.6,1,0,0,0,0
117,34,F,mobile,ege,morning,9,134.61,0,0,1,0,0
118,25,F,mobile,ic_anadolu,night,4,181.88,0,0,1,0,1
119,52,M,mobile,karadeniz,evening,3,168.92,0,0,0,0,1
120,52,M,mobile,marmara,morning,14,242.28,0,0,0,0,0
121,50,F,desktop,dogu_anadolu,night,11,24.06,0,0,0,0,0
122,22,M,desktop,marmara,morning,13,48.75,1,0,0,0,0
123,59,F,tablet,dogu_anadolu,evening,15,386.87,0,1,0,0,0
124,56,F,mobile,marmara,night,5,36.12,0,0,0,0,0
125,58,M,mobile,ege,morning,11,68.1,0,0,0,1,0
126,45,F,tablet,ic_anadolu,afternoon,5,338.85,1,0,1,0,0
127,24,M,mobile,dogu_anadolu,afternoon,12,258.8,0,1,0,0,1
128,26,M,desktop,marmara,evening,5,66.49,1,0,1,0,0
129,25,M,mobile,karadeniz,evening,8,243.75,0,1,1,0,1
130,29,F,mobile,ic_anadolu,evening,15,85.4,0,0,1,0,1
131,51,F,desktop,marmara,afternoon,7,99.57,1,0,0,0,0
132,50,F,desktop,akdeniz,evening,3,176.55,0,1,0,0,0
133,65,M,mobile,akdeniz,night,15,73.05,0,1,0,1,0
134,40,M,tablet,ege,morning,15,119.41,1,0,0,0,0
135,41,M,desktop,karadeniz,morning,1,129.01,0,0,0,1,0
136,54,M,desktop,dogu_anadolu,afternoon,12,51.06,0,1,0,0,1
137,52,M,mobile,ic_anadolu,night,12,149.33,0,0,1,0,1
138,61,M,mobile,guneydogu_anadolu,morning,14,71.91,0,0,1,0,0
139,57,F,mobile,marmara,night,2,163.59,0,0,1,0,0
140,39,F,mobile,marmara,night,4,167.57,0,0,0,0,0
141,44,M,mobile,dogu_anadolu,morning,12,127.23,0,0,1,0,0
142,52,F,desktop,dogu_anadolu,afternoon,1,115.11,1,1,0,0,0
143,18,F,mobile,marmara,afternoon,2,45.0,0,0,0,0,0
144,52,M,desktop,ege,afternoon,8,149.68,0,0,0,0,0
145,54,M,tablet,karadeniz,afternoon,13,285.7,1,0,0,0,1
146,64,F,desktop,marmara,evening,8,168.72,0,0,0,0,0
147,31,M,mobile,marmara,evening,4,48.18,0,1,0,0,0
148,20,M,desktop,ic_anadolu,night,8,143.97,0,0,0,0,0
149,18,F,mobile,guneydogu_anadolu,afternoon,12,74.99,0,0,0,0,0
150,22,F,desktop,karadeniz,afternoon,13,55.15,0,0,0,0,0
151,43,F,desktop,karadeniz,evening,14,87.76,0,0,0,0,0
152,31,M,desktop,ege,afternoon,2,203.97,1,0,0,0,0
153,56,M,mobile,ic_anadolu,afternoon,13,72.5,0,0,0,0,0
154,44,M,desktop,marmara,evening,11,120.96,0,0,0,0,0
155,26,M,mobile,guneydogu_anadolu,evening,7,304.36,0,0,1,0,0
156,32,F,mobile,akdeniz,afternoon,2,60.5,0,1,0,1,0
157,32,F,mobile,ic_anadolu,afternoon,9,222.69,0,0,1,1,0
158,43,M,mobile,dogu_anadolu,night,4,108.54,0,0,0,0,0
159,59,F,tablet,marmara,morning,10,219.28,0,0,0,0,0
160,30,F,desktop,guneydogu_anadolu,afternoon,14,123.73,0,0,0,0,0
161,68,F,desktop,ege,evening,11,131.92,0,0,0,0,0
162,49,F,tablet,ege,morning,2,82.91,1,0,0,0,0
163,56,F,desktop,marmara,evening,1,189.07,0,0,0,1,0
164,66,F,mobile,dogu_anadolu,morning,7,179.69,0,0,0,0,0
165,69,F,desktop,dogu_anadolu,evening,11,146.69,1,0,1,0,0
166,49,F,mobile,marmara,evening,10,178.6,0,0,1,0,1
167,21,M,desktop,marmara,morning,4,97.22,1,0,0,0,0
168,47,M,tablet,dogu_anadolu,morning,1,162.07,1,0,0,0,0
169,54,F,mobile,marmara,evening,2,120.49,0,0,1,0,0
170,40,M,desktop,ic_anadolu,afternoon,6,63.18,0,1,0,0,0
171,56,F,desktop,ic_anadolu,afternoon,2,54.03,1,0,0,0,0
172,62,M,desktop,dogu_anadolu,morning,15,191.15,1,1,1,0,0
173,32,M,mobile,akdeniz,morning,5,75.8,0,0,0,0,0
174,60,M,desktop,ege,afternoon,15,171.37,1,0,0,0,1
175,46,M,desktop,guneydogu_anadolu,morning,2,23.23,1,0,0,0,0
176,53,F,mobile,marmara,afternoon,11,147.56,0,0,0,0,0
177,30,F,mobile,marmara,evening,4,92.24,0,0,1,0,0
178,49,M,desktop,marmara,afternoon,5,68.72,0,0,0,0,0
179,24,F,desktop,guneydogu_anadolu,evening,4,126.92,0,0,0,0,0
180,68,F,mobile,ic_anadolu,afternoon,11,134.9,1,1,0,0,0
181,39,M,tablet,marmara,afternoon,1,141.05,0,1,0,1,0
182,45,M,desktop,ic_anadolu,morning,10,151.11,1,0,1,0,0
183,19,M,mobile,ege,afternoon,10,117.28,0,0,1,0,1
184,59,F,desktop,guneydogu_anadolu,evening,3,70.79,1,1,0,0,0
185,62,M,desktop,marmara,evening,10,217.74,0,0,0,0,0
186,70,F,mobile,ic_anadolu,afternoon,9,109.31,1,0,0,0,0
187,23,F,desktop,ic_anadolu,evening,4,214.63,0,0,0,1,0
188,45,M,mobile,marmara,morning,13,106.04,1,0,0,1,0
189,45,F,tablet,dogu_anadolu,evening,13,90.87,0,0,0,0,0
190,61,F,tablet,marmara,evening,13,85.79,0,0,1,0,0
191,61,M,desktop,ic_anadolu,afternoon,9,134.63,1,0,0,0,0
192,37,F,desktop,karadeniz,afternoon,5,183.12,1,0,0,1,0
193,47,F,tablet,ic_anadolu,evening,2,205.87,0,0,0,0,0
194,28,F,desktop,marmara,afternoon,8,181.64,0,0,1,0,0
195,45,F,mobile,guneydogu_anadolu,night,14,129.29,1,0,1,0,0
196,42,F,desktop,marmara,evening,4,352.5,1,0,0,0,0
197,56,M,desktop,ic_anadolu,evening,14,165.2,1,1,0,0,0
198,50,M,desktop,karadeniz,afternoon,2,23.06,1,0,0,0,0
199,18,F,tablet,guneydogu_anadolu,morning,6,42.27,0,0,0,0,1
200,44,M,tablet,ic_anadolu,morning,1,171.67,0,1,0,0,0
201,69,F,desktop,marmara,afternoon,8,65.76,0,0,0,0,0
202,30,F,mobile,karadeniz,morning,9,68.78,0,0,1,0,0
203,58,M,desktop,marmara,night,7,79.32,0,1,0,1,0
204,20,F,desktop,marmara,afternoon,13,66.61,0,0,0,0,0
205,56,M,mobile,dogu_anadolu,evening,14,103.3,0,0,0,1,0
206,23,F,mobile,akdeniz,evening,9,141.09,0,0,1,0,0
207,25,M,desktop,marmara,evening,2,56.89,0,0,1,1,0
208,44,F,desktop,akdeniz,morning,11,73.25,0,0,0,0,0
209,26,F,tablet,marmara,afternoon,1,107.2,0,0,0,0,0
210,54,F,tablet,marmara,afternoon,7,113.85,0,0,0,0,0
211,50,M,mobile,marmara,night,4,146.9,0,1,1,0,0
212,68,M,desktop,karadeniz,evening,10,110.45,0,0,1,1,0
213,59,M,mobile,karadeniz,morning,8,254.5,0,1,0,1,0
214,61,F,desktop,ic_anadolu,afternoon,3,321.69,0,0,0,1,0
215,41,F,tablet,marmara,afternoon,7,202.59,0,1,0,1,0
216,32,F,desktop,ic_anadolu,morning,7,133.25,0,0,0,1,0
217,49,M,desktop,ege,evening,11,70.45,1,0,0,1,1
218,49,M,mobile,akdeniz,evening,15,85.3,0,0,0,0,0
219,41,F,mobile,dogu_anadolu,evening,10,43.65,0,1,1,0,1
220,58,M,mobile,akdeniz,evening,10,106.31,1,0,0,0,0
221,69,F,desktop,ic_anadolu,afternoon,11,35.14,1,0,0,0,0
222,66,M,mobile,guneydogu_anadolu,afternoon,4,119.69,0,0,0,0,0
223,66,M,mobile,akdeniz,evening,14,251.01,0,0,0,0,0
224,69,F,desktop,akdeniz,evening,10,68.66,1,0,0,1,0
225,29,F,mobile,ic_anadolu,morning,14,183.66,1,1,1,0,1
226,56,M,tablet,marmara,afternoon,14,118.65,0,1,0,0,0
227,19,M,desktop,ic_anadolu,morning,1,110.96,0,0,0,0,0
228,20,M,desktop,ic_anadolu,evening,7,138.45,0,0,0,0,0
229,66,M,desktop,marmara,morning,10,162.08,1,0,0,0,0
230,54,F,desktop,marmara,evening,12,366.97,1,0,0,0,0
231,66,M,mobile,guneydogu_anadolu,afternoon,14,105.09,0,0,0,0,1
232,34,M,mobile,ic_anadolu,evening,6,212.74,0,0,1,1,0
233,66,M,mobile,marmara,afternoon,12,134.92,0,0,0,0,0
234,19,F,desktop,marmara,afternoon,1,68.77,1,0,1,0,0
235,19,F,mobile,ic_anadolu,afternoon,11,311.74,0,0,0,0,0
236,45,F,mobile,marmara,afternoon,12,98.5,0,0,0,0,0
237,40,F,tablet,marmara,evening,8,42.52,0,0,0,0,0
238,54,F,desktop,karadeniz,evening,10,187.55,0,0,0,0,0
239,49,F,mobile,ic_anadolu,afternoon,6,194.09,1,1,1,0,0
240,50,F,tablet,ege,afternoon,15,104.72,1,1,1,0,0
241,18,F,mobile,marmara,morning,15,165.33,0,0,0,0,0
242,36,M,desktop,akdeniz,evening,5,146.77,0,0,0,1,0
243,19,F,desktop,marmara,morning,8,39.75,1,0,1,0,0
244,70,F,tablet,ege,night,2,28.92,0,1,0,0,0
245,61,F,desktop,marmara,evening,6,441.09,0,0,0,0,0
246,43,F,tablet,marmara,afternoon,10,204.48,0,1,0,1,0
247,49,M,mobile,ege,morning,3,224.72,0,0,1,0,0
248,23,F,desktop,guneydogu_anadolu,morning,15,100.29,1,0,0,0,0
249,49,M,mobile,marmara,afternoon,12,137.41,0,0,1,0,0
250,21,M,desktop,ege,afternoon,11,136.89,0,0,0,0,0
251,28,M,desktop,ege,morning,8,63.68,1,0,0,0,0
252,34,M,mobile,akdeniz,evening,5,67.05,0,0,1,0,0
253,55,M,mobile,karadeniz,afternoon,12,248.65,0,0,0,1,0
254,41,M,desktop,ege,morning,10,249.41,0,0,0,0,0
255,22,F,mobile,karadeniz,evening,3,124.95,0,0,1,0,0
256,69,F,desktop,marmara,night,2,25.74,1,1,0,0,0
257,51,M,mobile,dogu_anadolu,afternoon,5,157.08,1,1,0,1,0
258,23,F,mobile,marmara,evening,9,94.9,0,0,0,0,0
259,39,F,desktop,marmara,evening,1,27.69,1,0,0,0,0
260,28,M,tablet,marmara,night,10,357.82,0,1,0,0,1
261,65,M,mobile,marmara,morning,15,215.85,1,0,0,0,0
262,33,F,mobile,akdeniz,night,4,92.34,0,0,0,0,0
263,50,M,mobile,ege,afternoon,14,56.21,0,0,0,0,1
264,26,F,desktop,ic_anadolu,afternoon,1,263.67,0,0,0,0,0
265,23,M,desktop,marmara,afternoon,2,120.82,0,0,1,0,0
266,33,F,mobile,akdeniz,morning,10,187.68,0,0,0,0,0
267,46,F,tablet,ege,evening,11,237.65,1,1,0,1,0
268,20,M,mobile,ic_anadolu,evening,15,90.71,0,0,1,0,0
269,37,F,desktop,marmara,afternoon,7,74.38,1,0,0,0,0
270,53,M,mobile,marmara,morning,1,138.4,0,1,0,0,1
271,36,F,desktop,ege,afternoon,9,207.09,1,0,0,0,1
272,43,F,desktop,karadeniz,afternoon,8,46.16,1,0,0,0,0
273,20,M,mobile,ic_anadolu,afternoon,3,268.7,0,0,1,0,0
274,36,F,mobile,marmara,afternoon,10,112.84,0,0,1,0,0
275,37,F,desktop,marmara,morning,1,162.48,1,0,1,1,0
276,49,F,mobile,marmara,afternoon,4,121.9,1,0,0,0,0
277,24,M,mobile,ege,evening,2,160.14,0,0,1,0,0
278,69,M,desktop,ic_anadolu,morning,6,91.63,1,0,0,1,0
279,58,M,mobile,marmara,morning,2,149.21,0,0,1,1,0
280,50,F,desktop,ege,afternoon,4,159.54,0,0,1,0,0
281,57,F,mobile,ic_anadolu,afternoon,7,84.32,1,0,0,0,0
282,56,F,mobile,ege,afternoon,14,244.0,0,0,0,1,0
283,35,M,mobile,marmara,night,14,261.96,0,0,0,0,0
284,57,F,tablet,akdeniz,evening,12,37.8,0,0,0,1,0
285,18,M,desktop,ege,evening,9,97.62,1,0,0,0,1
286,28,F,mobile,dogu_anadolu,afternoon,11,77.48,0,0,1,1,0
287,45,M,mobile,karadeniz,afternoon,3,207.19,0,1,1,0,0
288,42,M,mobile,marmara,afternoon,6,51.79,0,0,1,0,1
289,67,M,mobile,marmara,night,5,206.02,0,0,0,0,0
290,40,F,mobile,ege,evening,5,114.66,0,0,1,0,0
291,48,F,mobile,ege,afternoon,2,205.79,0,0,0,0,1
292,47,F,desktop,guneydogu_anadolu,morning,13,238.91,1,0,0,0,0
293,59,F,desktop,ege,morning,5,264.06,1,1,0,0,0
294,52,F,mobile,dogu_anadolu,morning,11,163.81,1,1,0,0,1
295,24,M,mobile,akdeniz,evening,3,331.24,0,1,1,0,0
296,33,F,tablet,dogu_anadolu,morning,7,71.94,0,0,0,0,0
297,43,M,desktop,ic_anadolu,afternoon,14,146.37,0,0,1,1,1
298,65,M,desktop,ic_anadolu,evening,15,201.36,0,0,1,0,0
299,69,F,mobile,akdeniz,morning,5,149.91,1,0,0,0,1
300,66,M,tablet,karadeniz,afternoon,6,332.61,1,0,0,1,0
301,19,F,tablet,marmara,morning,14,262.79,1,0,0,1,1
302,18,F,desktop,dogu_anadolu,afternoon,9,93.78,1,1,1,0,0
303,65,F,desktop,ic_anadolu,morning,3,87.89,1,0,0,0,0
304,29,M,mobile,ege,afternoon,1,109.94,0,0,1,0,1
305,22,F,desktop,guneydogu_anadolu,evening,8,135.72,0,0,1,0,0
306,54,F,tablet,dogu_anadolu,evening,2,32.77,1,0,0,1,1
307,49,M,mobile,karadeniz,afternoon,2,97.19,0,0,0,1,1
308,26,F,desktop,marmara,evening,10,306.13,0,1,0,0,1
309,58,M,desktop,guneydogu_anadolu,morning,13,22.62,0,0,0,0,0
310,52,M,desktop,ic_anadolu,evening,4,397.23,1,0,1,1,0
311,36,M,mobile,ic_anadolu,morning,5,112.98,0,0,0,0,0
312,65,F,desktop,dogu_anadolu,afternoon,1,143.74,0,0,0,1,0
313,33,F,desktop,marmara,morning,11,149.15,1,1,0,1,0
314,20,F,tablet,marmara,morning,3,255.7,1,1,0,1,1
315,37,F,desktop,akdeniz,night,11,158.36,0,0,0,1,1
316,41,F,mobile,marmara,morning,9,119.63,0,0,0,0,0
317,50,F,desktop,ic_anadolu,afternoon,6,43.12,0,0,0,0,0
318,41,M,mobile,marmara,afternoon,5,265.8,0,0,1,0,0
319,69,M,desktop,marmara,afternoon,14,155.68,0,0,0,0,1
320,28,F,desktop,ege,evening,12,106.38,1,0,1,0,1
321,66,F,mobile,akdeniz,night,9,222.98,0,0,1,0,0
322,25,F,desktop,marmara,afternoon,11,67.54,0,0,0,0,1
323,53,F,mobile,marmara,morning,6,256.56,0,0,0,0,1
324,55,M,desktop,ege,morning,5,188.63,0,0,0,0,0
325,57,M,mobile,karadeniz,afternoon,9,147.02,0,0,1,0,0
326,37,M,tablet,dogu_anadolu,afternoon,8,117.44,0,1,0,0,0
327,52,M,desktop,marmara,afternoon,3,138.7,0,1,0,0,0
328,65,M,desktop,akdeniz,evening,8,318.58,1,1,0,0,0
329,42,M,mobile,marmara,afternoon,10,170.81,0,0,1,0,0
330,52,F,mobile,ege,morning,9,424.42,0,0,1,1,1
331,42,M,desktop,guneydogu_anadolu,afternoon,13,123.15,0,0,0,0,0
332,46,F,mobile,ege,evening,12,59.23,0,0,1,0,0
333,35,F,desktop,ege,afternoon,13,298.72,1,0,0,1,1
334,63,F,desktop,marmara,morning,10,131.34,1,1,0,0,0
335,35,F,tablet,guneydogu_anadolu,afternoon,3,208.01,0,0,0,0,0
336,19,M,mobile,akdeniz,afternoon,11,149.96,0,0,1,0,0
337,52,F,mobile,akdeniz,afternoon,10,78.21,1,1,0,1,0
338,33,F,desktop,akdeniz,night,8,479.28,0,0,0,1,0
339,58,F,desktop,marmara,evening,12,136.43,1,0,0,0,0
340,53,M,tablet,karadeniz,evening,7,53.93,0,0,1,0,1
341,50,F,desktop,marmara,evening,8,307.49,0,0,0,0,0
342,21,M,desktop,ic_anadolu,evening,1,89.25,0,0,0,0,0
343,50,M,desktop,ic_anadolu,evening,3,225.28,0,0,0,1,0
344,31,M,mobile,marmara,afternoon,7,189.2,0,1,1,0,0
345,38,M,desktop,marmara,afternoon,12,22.45,0,0,0,0,0
346,65,F,desktop,ic_anadolu,morning,15,191.28,1,1,0,0,0
347,37,F,tablet,ege,afternoon,7,89.99,0,0,0,1,0
348,25,M,mobile,marmara,afternoon,8,27.23,0,0,1,0,0
349,24,F,desktop,marmara,evening,11,68.43,0,0,1,1,0
350,20,F,mobile,karadeniz,afternoon,7,239.75,0,1,1,0,0
351,34,M,desktop,dogu_anadolu,evening,15,155.3,0,0,0,0,1
352,50,F,mobile,karadeniz,evening,14,31.65,0,1,1,0,1
353,65,M,mobile,akdeniz,morning,13,113.95,1,1,0,0,0
354,29,F,desktop,akdeniz,morning,12,41.31,0,1,0,0,0
355,68,M,desktop,marmara,morning,12,124.77,1,0,0,0,0
356,39,M,mobile,marmara,morning,13,146.66,0,0,0,0,0
357,39,M,tablet,karadeniz,afternoon,4,316.51,1,0,1,0,0
358,63,F,mobile,karadeniz,evening,7,500.0,1,0,0,0,0
359,47,M,desktop,karadeniz,morning,9,61.67,1,0,0,0,0
360,55,M,desktop,akdeniz,evening,1,128.26,0,0,0,0,0
361,55,F,desktop,dogu_anadolu,night,2,262.93,1,0,0,0,1
362,62,F,desktop,dogu_anadolu,afternoon,5,19.97,1,0,0,0,0
363,68,M,mobile,ege,evening,7,36.53,0,0,0,0,0
364,25,M,mobile,marmara,morning,12,155.78,1,0,1,0,1
365,44,F,desktop,akdeniz,evening,7,184.05,0,0,0,0,0
366,44,M,desktop,marmara,morning,8,66.79,1,0,0,1,0
367,51,F,mobile,dogu_anadolu,evening,10,163.67,0,0,1,0,0
368,38,F,desktop,ege,afternoon,6,122.33,0,0,0,0,1
369,47,M,tablet,akdeniz,night,6,43.86,0,0,1,0,0
370,50,M,mobile,ic_anadolu,afternoon,7,42.04,1,0,0,0,0
371,45,M,tablet,akdeniz,morning,5,145.82,0,1,0,0,0
372,64,M,tablet,marmara,afternoon,13,119.38,0,0,0,1,0
373,50,F,mobile,guneydogu_anadolu,evening,11,74.11,0,0,0,0,0
374,22,F,desktop,marmara,evening,8,51.31,0,0,0,0,0
375,65,F,tablet,karadeniz,night,5,334.65,0,0,0,0,0
376,36,M,desktop,karadeniz,evening,6,128.13,0,0,1,0,0
377,21,M,desktop,marmara,afternoon,3,355.01,0,1,1,0,0
378,52,F,mobile,guneydogu_anadolu,morning,15,149.9,0,1,0,0,0
379,66,F,desktop,akdeniz,morning,14,73.23,1,1,0,1,0
380,34,F,desktop,ic_anadolu,night,5,75.85,1,0,1,0,0
381,61,M,desktop,ic_anadolu,night,15,132.55,0,0,0,0,0
382,45,F,desktop,akdeniz,morning,14,500.0,1,0,0,0,0
383,47,F,mobile,marmara,evening,11,213.61,0,0,1,0,0
384,46,M,desktop,karadeniz,evening,15,310.86,0,0,1,0,0
385,63,M,mobile,ic_anadolu,afternoon,3,196.98,1,0,1,0,0
386,70,M,tablet,marmara,evening,8,131.44,1,1,0,0,0
387,23,M,mobile,ic_anadolu,morning,15,94.77,0,0,0,0,0
388,52,F,mobile,ic_anadolu,night,13,147.49,0,0,1,0,1
389,58,M,tablet,akdeniz,afternoon,7,23.49,0,0,0,0,0
390,54,M,desktop,marmara,afternoon,4,117.96,0,1,0,1,0
391,41,M,mobile,ege,afternoon,6,73.6,0,0,0,0,0
392,46,F,tablet,marmara,afternoon,8,164.74,0,1,0,0,0
393,66,F,tablet,akdeniz,evening,10,302.74,0,0,1,0,1
394,63,F,mobile,dogu_anadolu,evening,7,176.35,0,0,0,0,1
395,70,F,desktop,marmara,afternoon,10,228.63,1,0,0,1,0
396,48,M,tablet,marmara,evening,10,121.83,0,1,1,1,1
397,52,F,desktop,karadeniz,afternoon,2,91.68,0,1,0,0,0
398,50,F,desktop,marmara,night,8,229.46,0,1,0,1,0
399,69,F,desktop,marmara,morning,8,147.52,0,0,0,0,0
400,38,F,mobile,ic_anadolu,afternoon,11,190.86,0,0,1,0,0
401,49,F,mobile,karadeniz,morning,2,113.75,0,0,1,1,1
402,40,F,mobile,karadeniz,afternoon,15,88.36,0,0,0,0,0
403,50,F,mobile,karadeniz,morning,4,108.4,1,0,0,0,0
404,20,M,desktop,ege,night,2,131.74,0,1,1,0,0
405,35,M,mobile,dogu_anadolu,morning,5,265.07,1,0,0,0,0
406,42,F,mobile,marmara,afternoon,4,230.16,0,1,1,0,0
407,59,M,mobile,ege,evening,7,159.18,0,0,1,0,0
408,48,M,tablet,ege,morning,14,173.04,0,0,1,1,0
409,20,M,mobile,marmara,evening,6,173.01,0,1,1,0,0
410,57,F,mobile,ege,evening,15,347.5,0,0,1,0,0
411,63,F,desktop,ic_anadolu,evening,7,90.93,0,1,0,0,1
412,41,F,mobile,akdeniz,morning,4,283.43,0,0,1,0,0
413,67,F,tablet,ege,morning,4,40.15,1,0,0,0,0
414,49,F,desktop,ic_anadolu,morning,6,115.86,1,0,0,1,0
415,64,M,mobile,ic_anadolu,morning,13,87.22,1,1,0,1,1
416,39,F,desktop,marmara,morning,5,161.64,0,0,0,0,0
417,40,F,mobile,ege,evening,11,348.97,1,0,1,0,0
418,19,M,mobile,marmara,afternoon,2,135.13,0,0,0,0,0
419,44,F,mobile,marmara,afternoon,12,130.16,0,0,1,0,0
420,59,M,tablet,karadeniz,afternoon,7,68.8,0,0,1,1,0
421,19,M,desktop,marmara,afternoon,2,163.29,0,0,1,0,1
422,43,M,desktop,marmara,afternoon,14,117.29,0,1,0,0,0
423,34,M,mobile,marmara,evening,11,51.74,0,0,0,1,0
424,57,F,desktop,karadeniz,morning,7,93.86,1,1,0,1,0
425,50,M,mobile,marmara,night,13,124.61,0,0,1,0,0
426,26,M,desktop,ic_anadolu,evening,3,106.64,0,0,1,0,0
427,60,M,desktop,marmara,night,6,27.86,0,0,1,1,0
428,65,F,mobile,karadeniz,morning,7,246.97,0,0,0,0,0
429,56,M,mobile,dogu_anadolu,morning,14,256.88,1,0,0,0,0
430,46,F,desktop,akdeniz,afternoon,9,251.6,0,0,0,0,0
431,59,M,desktop,karadeniz,night,13,63.08,0,0,0,0,0
432,43,F,desktop,ic_anadolu,evening,3,42.04,0,0,0,0,0
433,52,M,mobile,karadeniz,evening,2,85.01,0,0,1,0,0
434,67,M,desktop,karadeniz,morning,2,188.8,1,1,0,0,0
435,42,F,mobile,marmara,afternoon,6,500.0,0,0,0,1,0
436,41,F,mobile,akdeniz,afternoon,13,96.61,0,1,1,0,0
437,30,F,mobile,guneydogu_anadolu,afternoon,3,91.17,0,0,1,0,0
438,24,M,desktop,ege,morning,9,74.4,0,0,0,0,1
439,53,M,mobile,guneydogu_anadolu,morning,5,34.4,1,0,0,1,0
440,62,M,tablet,ic_anadolu,evening,14,143.29,0,0,0,0,0
441,37,M,desktop,akdeniz,night,13,261.48,0,0,1,0,0
442,18,M,desktop,ic_anadolu,evening,5,181.42,0,0,0,0,1
443,25,F,mobile,karadeniz,evening,3,105.35,0,0,1,0,0
444,63,F,desktop,ege,night,8,50.37,0,0,0,0,0
445,33,M,mobile,marmara,morning,15,79.33,0,0,0,0,1
446,31,F,mobile,ic_anadolu,morning,12,192.37,0,0,1,0,0
447,29,F,mobile,guneydogu_anadolu,evening,12,109.27,0,0,1,0,1
448,68,F,mobile,ic_anadolu,afternoon,14,405.25,0,0,0,0,0
449,40,F,mobile,marmara,afternoon,5,166.22,0,0,1,1,1
450,32,M,desktop,marmara,morning,5,181.11,1,0,0,1,0
451,45,F,desktop,dogu_anadolu,afternoon,7,99.49,0,0,0,1,0
452,51,M,tablet,marmara,afternoon,2,161.28,1,0,0,0,0
453,19,F,tablet,akdeniz,afternoon,3,100.12,0,0,1,1,1
454,49,F,mobile,marmara,afternoon,10,143.64,0,0,0,0,1
455,40,F,tablet,marmara,afternoon,10,210.37,1,0,0,0,0
456,39,M,desktop,ege,night,14,57.87,0,0,0,0,0
457,68,M,desktop,marmara,night,8,165.75,0,0,0,1,1
458,42,M,desktop,karadeniz,evening,3,140.26,1,0,0,1,0
459,39,M,desktop,ege,night,13,369.26,0,0,0,0,0
460,39,M,mobile,ege,morning,11,69.46,1,0,0,0,0
461,66,M,tablet,akdeniz,evening,12,118.09,0,0,0,0,0
462,69,M,mobile,dogu_anadolu,afternoon,7,85.94,0,0,0,0,0
463,59,M,mobile,ic_anadolu,evening,15,52.99,0,0,1,0,0
464,23,F,desktop,marmara,morning,11,145.84,0,0,0,0,0
465,32,M,desktop,marmara,evening,13,27.21,0,0,0,0,0
466,60,M,desktop,akdeniz,morning,2,96.94,1,1,0,1,0
467,54,M,mobile,dogu_anadolu,morning,10,99.04,0,0,0,0,0
468,50,F,mobile,ege,evening,13,86.89,0,0,0,0,1
469,25,M,tablet,marmara,evening,13,76.39,0,0,1,1,0
470,70,M,tablet,ic_anadolu,afternoon,8,38.39,0,0,1,0,0
471,61,F,desktop,ic_anadolu,evening,9,105.76,0,1,0,0,0
472,61,M,desktop,akdeniz,morning,9,251.15,0,0,0,0,0
473,22,F,mobile,marmara,evening,8,160.93,0,1,1,0,0
474,56,F,desktop,marmara,morning,4,168.6,0,0,0,0,0
475,21,F,mobile,marmara,evening,12,179.25,0,0,1,0,0
476,23,F,mobile,marmara,afternoon,14,121.17,0,0,1,0,0
477,62,M,desktop,guneydogu_anadolu,night,5,74.43,0,1,0,0,0
478,49,F,mobile,marmara,afternoon,8,319.56,0,1,0,1,0
479,69,F,mobile,ic_anadolu,afternoon,14,87.31,0,0,1,0,1
480,47,F,tablet,akdeniz,afternoon,5,235.89,0,1,0,0,0
481,64,F,desktop,ege,afternoon,12,103.05,0,1,0,1,0
482,52,F,tablet,dogu_anadolu,morning,10,66.48,0,0,0,0,0
483,57,M,mobile,ic_anadolu,evening,15,265.49,0,0,0,0,0
484,69,F,mobile,guneydogu_anadolu,afternoon,10,84.15,0,0,1,0,0
485,33,M,desktop,marmara,afternoon,5,233.97,0,1,0,0,0
486,30,M,mobile,marmara,morning,7,175.3,0,0,1,0,0
487,67,F,mobile,marmara,morning,6,108.04,0,0,0,0,0
488,59,M,mobile,marmara,evening,6,36.89,0,0,1,0,0
489,47,F,mobile,ege,evening,12,155.9,0,0,1,1,0
490,36,F,mobile,dogu_anadolu,afternoon,13,139.61,0,1,0,0,0
491,34,F,tablet,marmara,morning,11,185.13,0,0,0,0,0
492,36,F,desktop,dogu_anadolu,morning,12,276.45,0,1,1,0,0
493,45,M,mobile,akdeniz,night,8,348.18,0,0,0,1,0
494,43,M,desktop,ic_anadolu,evening,2,160.87,0,1,0,0,0
495,54,F,mobile,marmara,night,11,79.08,0,1,1,0,0
496,43,M,tablet,marmara,morning,13,232.05,1,0,0,1,0
497,70,F,desktop,dogu_anadolu,night,4,89.41,0,0,0,0,1
498,40,M,mobile,marmara,evening,11,28.97,0,1,1,0,1
499,26,F,mobile,karadeniz,night,3,105.41,0,0,1,0,0
500,29,F,desktop,ic_anadolu,morning,10,91.51,0,0,0,0,0
501,70,F,mobile,dogu_anadolu,evening,13,165.77,0,0,1,0,0
502,18,F,desktop,ic_anadolu,afternoon,8,390.93,0,0,0,0,0
503,18,M,tablet,marmara,afternoon,7,279.4,1,0,0,1,0
504,64,M,tablet,akdeniz,afternoon,3,326.7,0,0,0,0,0
505,51,F,mobile,marmara,evening,6,50.8,0,0,0,0,0
506,49,M,mobile,akdeniz,night,14,384.6,1,0,0,0,1
507,65,M,mobile,marmara,evening,15,147.9,0,1,0,0,0
508,42,M,desktop,ege,evening,4,192.34,0,0,0,0,1
509,57,F,mobile,marmara,evening,14,68.79,0,1,0,0,0
510,62,F,mobile,guneydogu_anadolu,evening,11,270.23,0,0,0,0,0
511,70,M,tablet,akdeniz,afternoon,7,112.41,1,0,0,1,0
512,18,M,mobile,dogu_anadolu,afternoon,9,81.91,0,0,0,0,0
513,33,F,mobile,marmara,evening,5,92.25,0,0,0,0,0
514,56,F,mobile,ic_anadolu,morning,8,89.65,1,0,0,0,0
515,22,F,desktop,ege,evening,1,180.23,0,0,0,0,1
516,39,M,mobile,ege,evening,14,58.64,0,0,1,1,0
517,46,M,mobile,dogu_anadolu,afternoon,10,69.63,0,0,1,0,0
518,20,F,desktop,guneydogu_anadolu,night,7,103.65,0,0,0,0,0
519,29,M,mobile,marmara,afternoon,4,43.86,0,1,0,0,0
520,43,M,mobile,guneydogu_anadolu,morning,8,233.54,0,0,1,1,0
521,33,M,mobile,ic_anadolu,afternoon,12,201.71,0,0,0,0,0
522,68,M,mobile,guneydogu_anadolu,night,12,93.2,0,0,0,0,0
523,54,M,mobile,akdeniz,night,4,120.9,0,0,0,0,0
524,39,F,mobile,guneydogu_anadolu,afternoon,15,188.31,0,0,0,0,1
525,46,M,tablet,dogu_anadolu,morning,8,88.28,0,1,0,1,1
526,31,F,desktop,marmara,afternoon,10,144.11,0,0,0,1,0
527,45,F,tablet,ege,afternoon,6,154.85,0,0,0,1,0
528,22,F,mobile,marmara,afternoon,7,275.32,0,0,0,1,1
529,64,F,mobile,akdeniz,evening,8,234.14,0,0,1,0,1
530,66,F,mobile,karadeniz,evening,4,170.84,0,0,1,0,0
531,47,F,desktop,karadeniz,evening,14,134.94,0,1,0,0,0
532,63,M,desktop,ic_anadolu,morning,11,57.17,1,0,0,0,0
533,69,F,mobile,ege,afternoon,2,264.63,0,1,0,0,1
534,22,M,mobile,marmara,evening,5,160.19,0,0,1,1,1
535,29,F,mobile,marmara,evening,7,376.72,0,0,1,0,0
536,33,M,mobile,ic_anadolu,morning,6,209.24,0,1,1,0,1
537,43,M,desktop,marmara,afternoon,6,151.27,1,1,0,0,1
538,43,F,desktop,marmara,evening,5,114.78,1,0,0,0,0
539,65,M,mobile,ege,morning,8,52.72,0,0,0,1,1
540,38,M,desktop,marmara,evening,9,159.67,1,0,0,0,0
541,56,M,mobile,marmara,afternoon,8,66.94,0,0,1,0,0
542,53,M,desktop,marmara,morning,6,432.72,1,0,0,0,0
543,50,M,mobile,guneydogu_anadolu,evening,13,82.59,0,0,1,0,1
544,47,M,desktop,marmara,morning,11,104.37,0,0,0,1,0
545,54,F,desktop,dogu_anadolu,afternoon,8,142.72,0,0,0,0,0
546,40,F,mobile,marmara,afternoon,15,131.53,0,1,0,1,0
547,27,M,mobile,dogu_anadolu,evening,6,78.16,0,0,1,0,1
548,22,F,desktop,ic_anadolu,evening,5,122.86,0,0,0,0,0
549,53,F,tablet,karadeniz,morning,10,340.5,1,1,0,0,0
550,51,F,desktop,dogu_anadolu,evening,13,163.62,0,0,1,0,0
551,69,F,mobile,ic_anadolu,morning,11,142.97,1,0,0,0,0
552,48,M,desktop,dogu_anadolu,afternoon,1,29.45,0,0,0,0,0
553,27,F,desktop,ic_anadolu,afternoon,6,155.24,0,0,1,0,0
554,36,F,mobile,ic_anadolu,evening,1,337.12,0,0,1,0,1
555,49,M,desktop,ege,morning,11,54.39,1,0,0,1,0
556,18,M,mobile,dogu_anadolu,morning,10,119.33,0,0,1,1,0
557,22,F,desktop,karadeniz,afternoon,10,112.91,0,1,1,0,0
558,62,F,mobile,marmara,morning,10,315.18,0,1,0,0,0
559,21,M,desktop,akdeniz,night,6,74.93,0,0,0,0,0
560,33,M,desktop,dogu_anadolu,morning,14,79.96,0,0,0,0,0
561,41,F,desktop,karadeniz,afternoon,9,48.9,0,0,0,0,0
562,33,F,mobile,guneydogu_anadolu,afternoon,4,134.68,0,0,0,1,0
563,19,F,mobile,marmara,afternoon,10,311.69,0,0,1,0,0
564,66,F,mobile,ege,evening,6,116.83,0,0,0,0,0
565,45,F,mobile,akdeniz,afternoon,15,88.29,1,0,0,0,1
566,49,M,mobile,marmara,morning,3,351.72,0,0,0,0,0
567,44,F,mobile,ege,evening,1,98.12,0,0,0,0,0
568,37,M,desktop,akdeniz,morning,1,148.32,1,0,0,0,0
569,41,F,desktop,marmara,evening,8,105.28,0,0,0,0,0
570,29,M,mobile,marmara,evening,3,229.6,0,0,0,0,0
571,67,M,mobile,marmara,afternoon,1,182.41,0,0,1,0,0
572,52,F,desktop,ic_anadolu,afternoon,2,75.03,1,0,0,0,0
573,50,M,mobile,ege,morning,3,223.05,0,0,0,0,0
574,50,F,mobile,marmara,evening,5,132.06,0,0,1,0,1
575,68,M,mobile,akdeniz,evening,14,278.94,0,0,1,0,1
576,60,M,desktop,marmara,morning,11,156.54,1,1,0,1,0
577,54,F,mobile,dogu_anadolu,afternoon,9,91.58,0,0,0,1,0
578,29,F,desktop,marmara,evening,7,123.74,0,0,0,1,1
579,20,F,desktop,dogu_anadolu,afternoon,12,103.64,0,0,0,0,1
580,18,M,mobile,akdeniz,morning,7,199.86,0,1,1,0,0
581,50,F,desktop,dogu_anadolu,afternoon,5,49.38,0,0,1,0,0
582,57,F,desktop,marmara,evening,14,122.95,1,0,0,0,0
583,27,F,desktop,marmara,afternoon,6,43.99,0,0,1,0,0
584,60,F,mobile,karadeniz,morning,1,157.71,0,0,1,1,0
585,61,M,desktop,marmara,evening,6,216.5,0,0,0,0,0
586,46,F,desktop,ic_anadolu,morning,13,98.81,1,0,0,0,1
587,30,M,mobile,ege,afternoon,13,117.93,0,0,1,0,1
588,29,F,mobile,ic_anadolu,evening,12,176.93,0,0,1,0,1
589,48,F,tablet,dogu_anadolu,afternoon,6,83.25,0,1,0,1,1
590,63,M,desktop,guneydogu_anadolu,evening,14,101.78,1,0,0,0,0
591,19,M,desktop,ege,afternoon,11,61.3,0,0,1,0,0
592,68,M,mobile,ege,afternoon,6,103.57,0,1,1,0,0
593,67,F,desktop,guneydogu_anadolu,evening,10,314.78,1,0,0,0,0
594,52,F,tablet,dogu_anadolu,evening,9,282.81,1,0,0,1,0
595,40,M,mobile,marmara,evening,12,85.92,0,0,0,0,1
596,34,F,desktop,akdeniz,morning,10,121.27,0,0,0,1,0
597,43,F,mobile,marmara,morning,5,219.86,0,0,0,0,0
598,25,M,desktop,guneydogu_anadolu,morning,9,115.96,1,0,0,0,1
599,46,M,tablet,marmara,night,10,79.37,0,0,1,1,1
600,43,M,tablet,akdeniz,night,15,217.26,1,1,0,0,0
601,27,M,mobile,ic_anadolu,morning,7,105.24,0,0,1,0,0
602,43,M,desktop,guneydogu_anadolu,afternoon,15,131.66,0,0,1,1,0
603,51,F,desktop,karadeniz,morning,3,114.35,0,0,0,1,0
604,68,F,desktop,marmara,night,11,63.33,1,0,0,1,0
605,58,M,desktop,akdeniz,morning,9,104.71,0,0,0,0,0
606,24,M,mobile,guneydogu_anadolu,afternoon,10,48.63,0,0,1,0,0
607,21,F,tablet,ic_anadolu,morning,7,125.74,0,0,1,0,0
608,70,F,mobile,ic_anadolu,afternoon,5,117.27,0,0,1,1,0
609,67,F,mobile,karadeniz,morning,14,57.56,0,0,0,0,0
610,62,M,mobile,ege,afternoon,13,50.31,0,0,0,0,1
611,28,F,tablet,ic_anadolu,afternoon,9,104.05,0,0,0,0,1
612,46,F,desktop,marmara,afternoon,6,360.74,0,1,0,1,0
613,53,M,mobile,ege,morning,11,59.96,0,0,0,1,0
614,42,M,mobile,dogu_anadolu,afternoon,6,156.35,0,0,0,0,0
615,38,F,mobile,marmara,evening,10,256.41,0,0,1,1,1
616,53,M,tablet,ege,evening,2,65.93,0,0,0,1,0
617,27,M,mobile,marmara,evening,14,18.2,0,0,1,0,1
618,54,F,desktop,marmara,afternoon,14,42.56,0,0,0,0,0
619,26,F,mobile,karadeniz,evening,11,46.28,0,0,1,0,1
620,41,F,desktop,ic_anadolu,afternoon,10,295.71,1,0,0,1,0
621,52,F,mobile,marmara,morning,12,85.13,0,0,0,0,0
622,66,M,mobile,akdeniz,afternoon,15,242.56,0,0,1,0,0
623,52,F,mobile,akdeniz,morning,5,68.21,1,0,0,0,0
624,65,M,tablet,marmara,morning,11,153.47,1,0,0,1,0
625,53,F,mobile,karadeniz,morning,4,72.25,1,0,1,0,0
626,35,F,desktop,ege,afternoon,7,85.62,1,0,0,1,0
627,66,M,desktop,karadeniz,afternoon,7,301.7,0,1,0,0,0
628,56,F,tablet,marmara,evening,5,145.08,0,0,0,0,0
629,49,F,desktop,ege,afternoon,5,253.19,0,0,0,1,0
630,41,F,desktop,marmara,evening,8,72.04,0,1,0,0,1
631,40,F,desktop,marmara,morning,6,171.17,0,1,0,1,0
632,49,M,mobile,dogu_anadolu,morning,1,69.68,0,1,0,1,0
633,54,F,desktop,marmara,night,11,84.09,0,0,0,0,0
634,29,M,tablet,marmara,afternoon,14,122.01,0,0,0,0,0
635,66,M,tablet,guneydogu_anadolu,evening,12,82.72,0,1,0,0,0
636,30,F,tablet,ic_anadolu,afternoon,4,36.63,0,0,1,1,0
637,40,F,desktop,marmara,afternoon,1,14.33,0,0,0,0,0
638,42,F,tablet,guneydogu_anadolu,morning,5,121.62,0,0,0,1,0
639,52,M,tablet,marmara,evening,5,54.56,0,1,0,0,0
640,58,F,tablet,karadeniz,morning,4,205.11,0,1,0,0,0
641,47,M,mobile,marmara,afternoon,15,92.41,0,1,0,0,0
642,34,F,mobile,ic_anadolu,evening,11,203.58,1,0,0,1,1
643,66,M,desktop,akdeniz,afternoon,8,183.04,1,1,0,1,0
644,37,F,tablet,marmara,night,14,50.06,0,0,1,0,0
645,65,M,desktop,ic_anadolu,morning,10,106.2,1,0,0,0,0
646,42,F,desktop,ic_anadolu,evening,14,37.24,1,1,0,0,0
647,39,F,tablet,karadeniz,afternoon,3,191.52,0,0,0,1,0
648,30,F,mobile,dogu_anadolu,morning,6,100.14,0,0,0,0,0
649,36,F,desktop,akdeniz,evening,6,142.05,0,0,0,0,0
650,66,M,tablet,akdeniz,afternoon,5,176.68,1,0,0,1,0
651,53,F,tablet,ic_anadolu,afternoon,8,101.22,0,0,0,1,0
652,29,F,desktop,ic_anadolu,night,5,500.0,0,0,1,1,0
653,58,M,tablet,ege,afternoon,8,386.34,0,0,0,1,0
654,36,F,desktop,akdeniz,evening,10,83.67,1,0,1,0,0
655,29,M,desktop,ic_anadolu,evening,15,169.7,0,0,1,0,0
656,26,M,desktop,guneydogu_anadolu,evening,10,167.69,1,0,0,1,0
657,24,F,desktop,ic_anadolu,night,14,246.62,0,0,0,0,0
658,45,M,desktop,marmara,morning,3,129.16,0,1,0,1,0
659,31,F,desktop,ic_anadolu,evening,5,53.4,0,1,1,1,0
660,48,F,tablet,karadeniz,afternoon,4,129.05,0,0,0,0,0
661,69,M,mobile,dogu_anadolu,evening,13,178.68,0,0,1,0,0
662,36,M,tablet,karadeniz,afternoon,11,33.68,0,0,1,0,1
663,64,F,mobile,dogu_anadolu,evening,7,130.75,1,0,0,0,0
664,33,M,desktop,ege,night,3,110.89,1,0,1,1,1
665,70,F,tablet,akdeniz,evening,12,257.05,0,0,0,0,0
666,22,F,tablet,karadeniz,afternoon,10,62.86,0,1,0,1,0
667,52,M,desktop,marmara,evening,4,44.86,0,0,0,0,0
668,29,F,desktop,ege,morning,11,116.47,0,0,0,0,0
669,42,F,mobile,karadeniz,morning,5,145.8,0,0,1,1,0
670,69,M,mobile,karadeniz,afternoon,5,135.47,0,0,0,0,0
671,38,M,tablet,guneydogu_anadolu,afternoon,11,117.14,1,1,1,0,0
672,53,F,desktop,guneydogu_anadolu,afternoon,15,188.19,1,0,1,0,0
673,70,M,desktop,marmara,afternoon,6,58.44,1,0,0,1,0
674,40,M,mobile,dogu_anadolu,morning,4,192.5,0,0,0,0,0
675,33,M,mobile,marmara,morning,11,48.47,0,0,0,0,1
676,56,M,desktop,ic_anadolu,morning,12,181.86,0,0,0,1,0
677,62,F,desktop,marmara,afternoon,8,135.01,0,0,1,0,0
678,70,F,mobile,ege,afternoon,4,80.83,1,1,0,0,1
679,59,F,mobile,guneydogu_anadolu,afternoon,9,210.28,0,0,1,0,0
680,56,M,desktop,marmara,morning,7,160.2,1,0,0,1,0
681,31,M,mobile,ic_anadolu,night,14,42.98,0,0,1,1,0
682,48,M,mobile,marmara,afternoon,15,35.39,0,0,0,0,0
683,22,M,tablet,marmara,morning,13,500.0,0,1,0,1,0
684,52,F,desktop,ege,morning,10,59.99,0,0,0,0,0
685,40,F,desktop,ic_anadolu,evening,11,441.48,1,0,0,1,0
686,46,F,tablet,marmara,morning,11,359.68,1,0,0,0,0
687,60,F,desktop,ege,night,2,300.63,0,0,0,0,0
688,28,F,mobile,ic_anadolu,afternoon,15,47.93,1,0,0,0,0
689,35,F,mobile,marmara,afternoon,15,85.87,0,1,1,1,0
690,64,M,desktop,ege,night,7,441.17,0,0,0,0,0
691,29,M,mobile,guneydogu_anadolu,afternoon,14,105.04,0,0,0,1,1
692,26,M,mobile,ege,night,1,142.7,0,0,0,0,0
693,27,M,mobile,ege,night,13,65.61,0,1,0,0,0
694,61,F,desktop,ic_anadolu,night,14,184.44,0,0,0,0,0
695,34,M,tablet,karadeniz,evening,2,67.6,1,0,1,1,1
696,55,M,mobile,karadeniz,afternoon,5,22.2,1,0,0,0,0
697,24,M,mobile,guneydogu_anadolu,afternoon,9,134.36,0,0,0,0,0
698,63,F,tablet,marmara,afternoon,12,106.39,1,0,0,0,0
699,30,F,mobile,guneydogu_anadolu,night,8,209.02,0,0,1,0,1
700,57,F,mobile,guneydogu_anadolu,afternoon,3,191.63,1,1,0,0,0
701,59,M,tablet,dogu_anadolu,morning,13,89.37,1,0,0,1,0
702,26,M,desktop,akdeniz,evening,10,98.75,0,0,1,0,1
703,67,M,mobile,dogu_anadolu,afternoon,15,294.87,0,0,1,0,0
704,44,F,tablet,marmara,evening,9,103.69,0,0,1,0,0
705,19,M,desktop,karadeniz,night,12,40.7,1,0,0,0,0
706,22,M,desktop,marmara,afternoon,13,82.96,0,0,0,0,0
707,46,F,tablet,karadeniz,evening,5,151.8,0,0,0,0,0
708,54,F,mobile,ic_anadolu,evening,3,185.41,0,1,0,0,0
709,55,M,tablet,marmara,evening,7,94.66,1,1,0,0,1
710,36,F,desktop,dogu_anadolu,morning,4,67.29,1,1,0,0,0
711,25,M,desktop,akdeniz,afternoon,1,149.3,0,1,1,0,0
712,65,M,desktop,ic_anadolu,morning,5,153.89,0,0,0,1,0
713,62,M,mobile,marmara,evening,11,155.77,1,1,0,0,0
714,18,M,mobile,dogu_anadolu,afternoon,9,132.45,0,0,1,0,1
715,39,M,desktop,akdeniz,afternoon,15,153.81,0,0,0,1,0
716,69,M,desktop,ege,afternoon,12,185.47,0,0,0,0,0
717,34,F,mobile,akdeniz,afternoon,4,152.97,0,1,0,0,0
718,24,F,mobile,ic_anadolu,morning,15,80.96,1,0,0,0,0
719,42,F,desktop,ic_anadolu,afternoon,7,324.95,0,0,0,1,0
720,62,M,tablet,ege,evening,15,196.4,1,0,0,0,1
721,21,F,desktop,ege,evening,8,147.22,0,0,1,0,0
722,53,F,mobile,akdeniz,afternoon,10,159.64,1,0,1,1,0
723,23,F,tablet,dogu_anadolu,evening,11,176.68,0,1,1,0,0
724,48,M,mobile,ic_anadolu,afternoon,15,169.34,0,0,1,0,1
725,36,M,desktop,ege,evening,9,89.93,0,0,1,0,1
726,61,M,desktop,ege,afternoon,5,53.23,0,0,0,0,0
727,56,F,tablet,akdeniz,night,6,82.02,1,0,0,1,1
728,44,M,desktop,dogu_anadolu,afternoon,7,172.99,0,0,0,0,0
729,27,M,mobile,marmara,afternoon,11,59.13,0,1,0,0,1
730,43,M,tablet,ic_anadolu,evening,2,206.77,0,0,0,1,0
731,36,M,tablet,marmara,afternoon,9,187.15,1,0,0,0,1
732,56,F,mobile,marmara,evening,3,285.88,1,0,1,0,1
733,20,M,mobile,marmara,afternoon,15,311.08,0,1,1,0,0
734,62,F,tablet,dogu_anadolu,afternoon,6,219.66,0,1,0,0,0
735,30,F,desktop,dogu_anadolu,evening,6,96.87,0,0,1,0,0
736,67,M,desktop,marmara,afternoon,14,147.59,0,0,0,1,0
737,45,F,desktop,akdeniz,morning,7,164.38,1,1,0,0,0
738,37,F,desktop,marmara,evening,2,110.0,0,0,1,0,0
739,45,M,tablet,karadeniz,night,13,148.37,0,0,0,0,0
740,25,F,mobile,ic_anadolu,evening,6,88.31,0,1,1,0,1
741,58,M,tablet,marmara,evening,6,59.15,0,1,0,0,0
742,56,M,mobile,marmara,night,11,118.57,1,0,0,1,0
743,18,M,mobile,karadeniz,evening,15,126.29,0,0,1,0,1
744,20,M,mobile,ic_anadolu,night,8,149.73,0,1,0,0,0
745,30,M,desktop,marmara,afternoon,5,64.27,0,0,0,0,0
746,45,M,tablet,ic_anadolu,evening,7,156.02,1,1,1,0,0
747,66,M,mobile,karadeniz,morning,9,69.99,0,0,1,0,0
748,42,M,mobile,ic_anadolu,evening,7,365.42,0,0,0,0,0
749,50,M,desktop,ege,evening,7,142.26,0,1,0,0,0
750,55,M,tablet,ic_anadolu,afternoon,3,289.68,1,0,0,0,0
751,70,F,tablet,ic_anadolu,evening,7,358.68,1,1,0,1,0
752,23,F,mobile,ic_anadolu,evening,13,115.24,0,0,0,0,1
753,61,M,mobile,guneydogu_anadolu,night,8,83.96,0,0,1,0,0
754,62,F,mobile,marmara,morning,15,52.49,0,0,1,0,0
755,49,F,desktop,ic_anadolu,evening,12,84.38,0,0,0,0,1
756,62,M,desktop,marmara,morning,6,223.43,1,0,0,0,0
757,64,F,mobile,marmara,evening,2,91.4,1,0,1,1,0
758,38,F,desktop,ic_anadolu,afternoon,15,70.69,0,1,0,0,0
759,33,M,mobile,dogu_anadolu,morning,15,275.56,0,0,1,1,0
760,38,M,mobile,marmara,morning,3,224.96,0,0,0,1,1
761,28,F,desktop,guneydogu_anadolu,afternoon,7,44.18,1,0,0,0,0
762,54,M,desktop,ege,evening,1,307.34,0,0,0,0,0
763,53,M,desktop,ege,morning,9,327.78,1,0,0,0,0
764,52,F,desktop,marmara,evening,3,120.28,1,0,0,0,0
765,36,F,mobile,ic_anadolu,night,7,112.01,0,0,0,1,0
766,37,M,mobile,ic_anadolu,evening,3,242.16,0,0,1,0,0
767,35,M,tablet,ege,afternoon,12,45.87,0,1,0,1,0
768,64,M,desktop,akdeniz,afternoon,9,39.47,0,1,0,1,0
769,58,M,tablet,ic_anadolu,morning,10,178.14,0,0,0,1,0
770,66,M,desktop,ic_anadolu,morning,12,401.22,1,0,0,0,0
771,31,F,mobile,ege,night,9,89.13,1,0,0,0,1
772,32,M,mobile,dogu_anadolu,morning,1,182.55,0,0,0,0,0
773,48,F,mobile,ic_anadolu,night,5,182.6,0,0,0,0,0
774,18,M,mobile,marmara,morning,14,81.51,0,1,0,1,0
775,70,M,desktop,ege,morning,5,164.78,1,0,0,1,0
776,20,F,desktop,karadeniz,morning,7,213.68,0,0,1,0,0
777,33,M,tablet,marmara,evening,7,161.63,0,0,0,0,0
778,40,F,desktop,karadeniz,afternoon,5,52.45,0,0,1,1,0
779,28,F,desktop,ege,morning,12,59.66,1,0,1,0,0
780,29,M,desktop,akdeniz,evening,1,141.61,0,1,1,1,0
781,27,F,desktop,marmara,night,5,82.5,0,0,0,0,0
782,49,M,mobile,guneydogu_anadolu,afternoon,5,152.44,0,1,0,0,0
783,33,F,mobile,dogu_anadolu,morning,6,178.63,0,0,0,0,0
784,25,M,desktop,dogu_anadolu,morning,13,159.75,0,0,0,0,0
785,55,M,desktop,marmara,evening,6,127.69,0,0,0,0,0
786,29,M,mobile,karadeniz,evening,15,57.72,0,0,1,0,0
787,41,F,mobile,akdeniz,night,8,126.98,0,0,0,1,0
788,45,M,tablet,ic_anadolu,afternoon,10,150.13,0,0,0,0,0
789,70,F,tablet,marmara,morning,5,203.0,0,1,1,1,0
790,25,F,tablet,ic_anadolu,afternoon,14,118.68,0,0,1,1,0
791,45,F,mobile,dogu_anadolu,evening,9,55.14,0,0,1,0,0
792,53,F,mobile,marmara,afternoon,15,136.0,1,0,0,0,0
793,43,M,desktop,marmara,night,12,139.29,0,0,0,0,0
794,25,F,mobile,marmara,afternoon,5,43.33,0,0,1,0,0
795,67,M,desktop,marmara,afternoon,13,107.49,1,1,0,1,0
796,45,M,tablet,akdeniz,morning,3,126.6,0,1,0,0,0
797,45,F,mobile,karadeniz,morning,9,94.27,0,0,1,1,0
798,54,M,mobile,marmara,evening,12,111.49,0,0,0,0,1
799,58,F,desktop,ic_anadolu,evening,4,53.98,1,0,0,1,0
800,53,F,mobile,akdeniz,morning,15,64.51,0,0,0,0,1
801,44,F,desktop,marmara,afternoon,3,198.83,0,0,0,0,0
802,34,M,desktop,akdeniz,evening,3,105.56,0,0,0,1,0
803,26,M,desktop,marmara,evening,6,97.84,0,1,1,0,0
804,50,F,desktop,ic_anadolu,afternoon,8,131.69,0,0,0,0,0
805,70,F,mobile,marmara,evening,11,70.44,0,1,0,0,0
806,37,M,mobile,ic_anadolu,morning,5,326.71,0,0,0,1,0
807,30,F,tablet,marmara,evening,1,131.4,0,0,1,0,0
808,45,M,mobile,guneydogu_anadolu,evening,1,170.21,0,0,1,0,0
809,65,M,desktop,karadeniz,morning,3,94.54,0,0,0,0,0
810,46,F,tablet,ege,evening,12,23.45,0,0,0,1,0
811,30,M,mobile,ege,afternoon,13,76.53,0,0,1,0,0
812,63,F,mobile,marmara,morning,6,73.14,0,0,0,0,1
813,52,M,mobile,karadeniz,afternoon,4,51.08,1,1,0,0,0
814,23,M,mobile,ege,afternoon,1,124.71,0,0,1,0,0
815,35,F,desktop,karadeniz,evening,15,121.07,1,0,1,0,0
816,68,F,desktop,marmara,morning,7,399.86,1,0,0,1,0
817,22,M,mobile,marmara,evening,15,276.87,0,0,1,0,0
818,64,M,desktop,ege,morning,14,92.68,0,0,0,0,1
819,42,F,tablet,marmara,morning,12,144.34,0,0,0,1,0
820,19,M,mobile,ic_anadolu,afternoon,2,97.61,0,0,1,1,0
821,27,F,mobile,marmara,afternoon,8,69.22,0,0,0,0,0
822,47,F,mobile,dogu_anadolu,night,2,105.91,0,0,0,0,0
823,67,M,desktop,karadeniz,evening,11,28.77,0,1,0,1,0
824,62,F,tablet,marmara,afternoon,1,79.14,0,0,0,1,0
825,22,M,tablet,akdeniz,night,10,92.43,0,0,0,1,0
826,50,F,mobile,akdeniz,afternoon,4,150.32,0,0,0,0,0
827,18,M,tablet,ic_anadolu,morning,2,137.85,0,0,0,0,0
828,35,F,desktop,ege,afternoon,7,50.54,0,1,0,0,0
829,49,M,tablet,marmara,night,1,169.3,0,0,0,1,0
830,64,M,desktop,marmara,evening,3,200.11,1,0,0,0,0
831,66,F,desktop,akdeniz,evening,5,160.13,0,0,0,0,0
832,28,M,desktop,guneydogu_anadolu,evening,12,184.6,0,0,1,1,0
833,38,F,desktop,dogu_anadolu,evening,7,188.66,0,1,1,0,0
834,43,F,desktop,marmara,evening,14,252.08,0,0,0,0,0
835,42,M,tablet,ic_anadolu,morning,6,161.55,0,0,0,0,0
836,39,F,tablet,guneydogu_anadolu,morning,8,206.12,1,1,0,1,1
837,44,M,desktop,marmara,afternoon,1,136.63,0,0,0,0,0
838,66,M,desktop,ic_anadolu,evening,7,188.4,0,1,0,0,0
839,30,M,tablet,akdeniz,evening,9,88.54,0,0,1,0,0
840,50,F,desktop,ic_anadolu,afternoon,7,138.66,0,0,0,0,0
841,51,F,desktop,ic_anadolu,morning,6,136.48,1,0,0,1,0
842,58,F,mobile,guneydogu_anadolu,morning,11,113.47,1,0,0,0,0
843,52,M,mobile,marmara,evening,15,80.61,0,0,1,0,1
844,18,M,desktop,karadeniz,morning,4,82.45,1,0,0,0,0
845,38,M,mobile,marmara,evening,12,156.85,0,1,1,1,0
846,65,F,mobile,ege,morning,11,73.2,0,0,0,0,1
847,23,F,desktop,guneydogu_anadolu,evening,6,166.76,0,0,0,0,1
848,45,F,tablet,karadeniz,evening,6,161.5,0,1,1,0,1
849,34,F,mobile,ege,evening,14,54.62,0,0,0,1,0
850,22,F,desktop,ic_anadolu,afternoon,10,163.54,0,0,1,0,0
851,48,F,desktop,marmara,evening,14,96.38,0,0,1,0,0
852,22,F,desktop,marmara,afternoon,3,157.73,0,0,1,0,0
853,55,F,mobile,ic_anadolu,night,8,443.71,1,0,1,0,0
854,20,F,desktop,akdeniz,afternoon,1,363.09,0,0,0,0,0
855,70,F,mobile,akdeniz,morning,11,144.92,0,0,0,1,0
856,40,F,desktop,ic_anadolu,evening,8,86.56,0,1,0,0,0
857,54,F,mobile,ege,afternoon,9,133.33,1,0,0,1,1
858,70,M,mobile,marmara,evening,8,35.88,0,1,1,0,1
859,54,F,mobile,ege,morning,10,112.86,1,0,0,0,0
860,27,F,mobile,dogu_anadolu,morning,15,223.08,0,1,0,0,0
861,27,F,tablet,dogu_anadolu,night,4,223.52,0,0,0,0,1
862,36,F,mobile,ege,night,15,153.97,0,0,1,0,1
863,34,F,desktop,marmara,afternoon,6,167.91,1,0,0,0,0
864,38,F,mobile,ic_anadolu,morning,15,130.28,1,0,1,0,0
865,31,M,tablet,ic_anadolu,afternoon,11,71.31,0,1,0,1,0
866,26,F,desktop,marmara,morning,12,206.46,0,0,0,0,0
867,63,F,desktop,akdeniz,afternoon,7,160.93,0,0,0,0,0
868,18,M,mobile,guneydogu_anadolu,afternoon,4,62.14,0,0,0,0,0
869,68,F,mobile,akdeniz,evening,7,27.6,0,0,0,1,0
870,62,F,mobile,ege,morning,10,99.24,1,0,0,0,0
871,30,M,desktop,ic_anadolu,evening,15,160.08,0,0,0,0,1
872,21,M,desktop,marmara,evening,4,77.08,0,0,0,0,0
873,18,F,tablet,marmara,evening,5,159.26,0,0,0,0,0
874,66,F,desktop,dogu_anadolu,afternoon,8,93.1,1,0,0,0,0
875,57,F,desktop,marmara,evening,3,97.58,0,0,0,0,0
876,49,F,mobile,ege,evening,6,91.16,0,0,0,0,0
877,51,M,mobile,akdeniz,evening,15,67.46,0,1,0,0,0
878,45,F,mobile,dogu_anadolu,morning,1,51.91,0,1,1,1,0
879,48,F,tablet,karadeniz,morning,4,89.56,0,0,0,0,1
880,25,M,desktop,marmara,evening,14,219.89,0,1,0,0,0
881,56,M,desktop,ic_anadolu,afternoon,6,64.24,0,1,0,0,1
882,43,F,desktop,akdeniz,night,3,96.58,0,0,0,0,1
883,51,M,tablet,akdeniz,afternoon,1,80.0,1,0,0,0,1
884,20,F,mobile,ic_anadolu,morning,8,103.46,0,0,0,0,0
885,67,M,desktop,marmara,afternoon,14,326.3,1,0,0,0,0
886,29,F,mobile,guneydogu_anadolu,afternoon,4,62.48,0,1,1,1,1
887,18,F,desktop,ic_anadolu,afternoon,8,183.92,1,0,0,0,0
888,61,F,mobile,ege,evening,9,321.52,0,0,1,1,0
889,22,F,tablet,ic_anadolu,evening,11,114.29,0,0,0,0,0
890,47,F,desktop,marmara,morning,7,77.89,1,0,0,0,0
891,47,M,desktop,ic_anadolu,evening,13,137.46,0,0,0,0,0
892,34,M,desktop,marmara,evening,12,110.2,0,0,0,1,0
893,65,F,desktop,ege,afternoon,8,96.31,0,0,0,0,1
894,64,F,desktop,ic_anadolu,evening,7,90.9,1,0,0,0,1
895,40,F,mobile,karadeniz,afternoon,5,173.05,0,0,0,0,0
896,32,M,desktop,marmara,afternoon,10,101.32,0,0,0,0,1
897,54,M,tablet,akdeniz,evening,8,57.48,0,0,0,0,0
898,38,M,desktop,akdeniz,evening,14,196.07,0,0,0,0,1
899,31,M,desktop,ege,morning,8,137.27,1,0,0,1,0
900,19,F,desktop,marmara,afternoon,11,157.85,1,0,0,0,0
901,28,F,mobile,ic_anadolu,afternoon,9,95.5,0,1,0,0,0
902,68,M,mobile,marmara,morning,15,63.77,0,0,0,0,0
903,56,M,mobile,dogu_anadolu,evening,14,260.86,0,1,0,0,0
904,55,F,mobile,akdeniz,afternoon,15,136.26,0,0,0,0,0
905,51,F,tablet,dogu_anadolu,morning,10,189.45,1,0,0,0,0
906,55,M,mobile,marmara,afternoon,7,60.79,1,0,0,0,0
907,67,F,desktop,karadeniz,morning,2,64.63,1,0,0,0,0
908,51,F,mobile,marmara,evening,10,124.38,0,1,1,0,1
909,35,M,tablet,karadeniz,afternoon,13,243.49,0,1,1,0,0
910,47,F,tablet,ege,morning,10,90.39,1,0,0,0,0
911,32,F,desktop,akdeniz,night,15,191.36,0,0,0,0,0
912,44,M,mobile,marmara,afternoon,1,72.54,0,0,0,1,0
913,68,M,desktop,marmara,afternoon,9,68.79,0,1,0,1,0
914,51,M,desktop,ic_anadolu,evening,9,73.91,1,0,0,0,0
915,69,F,mobile,ic_anadolu,afternoon,6,24.04,1,1,1,0,0
916,55,F,tablet,ic_anadolu,night,10,84.34,0,0,0,1,0
917,50,M,mobile,marmara,evening,6,107.77,0,0,1,0,0
918,41,M,tablet,marmara,night,6,51.12,0,0,0,0,1
919,32,F,desktop,karadeniz,afternoon,11,85.5,0,0,0,1,0
920,47,M,desktop,karadeniz,afternoon,4,77.47,0,0,1,0,0
921,59,F,mobile,ege,evening,3,61.03,1,0,1,0,0
922,68,F,desktop,ic_anadolu,night,1,200.91,1,0,0,1,0
923,34,F,tablet,karadeniz,night,1,57.28,0,0,0,0,0
924,22,F,desktop,dogu_anadolu,evening,5,72.69,1,0,1,1,0
925,46,F,mobile,marmara,evening,15,22.89,0,0,0,0,1
926,21,M,mobile,karadeniz,morning,15,58.9,0,0,0,0,0
927,27,M,desktop,ege,afternoon,7,86.96,0,0,0,0,0
928,34,M,tablet,ic_anadolu,morning,1,146.34,1,0,0,0,0
929,27,F,mobile,ege,morning,1,213.7,0,0,0,0,0
930,34,F,mobile,ic_anadolu,afternoon,14,164.1,0,0,1,0,0
931,37,F,mobile,ic_anadolu,morning,15,27.46,0,1,0,1,0
932,41,F,desktop,ege,morning,12,110.45,0,1,0,1,0
933,22,M,mobile,akdeniz,night,13,141.74,0,0,0,0,0
934,51,M,desktop,ic_anadolu,afternoon,12,211.73,0,0,0,1,0
935,23,M,desktop,akdeniz,morning,6,22.97,1,0,0,0,0
936,70,F,tablet,marmara,evening,11,177.02,0,0,0,0,0
937,19,F,mobile,marmara,evening,3,200.43,0,0,1,0,1
938,30,F,desktop,ic_anadolu,afternoon,2,85.45,1,1,0,0,0
939,60,F,mobile,karadeniz,morning,14,500.0,1,0,0,0,0
940,60,M,tablet,karadeniz,morning,13,56.32,0,1,0,0,0
941,65,M,desktop,ege,afternoon,7,184.53,1,0,0,0,0
942,28,F,desktop,akdeniz,morning,15,156.68,0,0,0,1,0
943,68,M,mobile,marmara,evening,11,38.56,1,0,0,0,1
944,64,M,desktop,guneydogu_anadolu,evening,8,354.15,0,0,1,0,0
945,40,F,desktop,marmara,evening,2,281.5,0,0,1,0,1
946,33,M,tablet,ege,afternoon,14,152.47,0,0,0,0,0
947,48,F,desktop,ic_anadolu,afternoon,7,196.76,0,0,0,1,0
948,28,F,mobile,dogu_anadolu,afternoon,7,264.15,0,0,0,0,1
949,33,M,mobile,marmara,afternoon,14,64.27,0,0,1,0,0
950,25,M,mobile,ege,evening,13,52.77,0,0,0,0,0
951,21,F,mobile,akdeniz,night,11,112.58,0,0,0,0,0
952,57,F,mobile,ic_anadolu,morning,14,259.53,1,0,1,0,0
953,21,M,desktop,marmara,night,14,61.67,0,1,0,1,0
954,42,M,desktop,ic_anadolu,night,13,126.37,0,0,1,1,0
955,20,M,mobile,akdeniz,morning,4,49.55,0,1,0,1,0
956,49,F,desktop,karadeniz,morning,12,259.34,0,1,0,0,0
957,20,M,desktop,marmara,afternoon,14,111.89,0,0,1,0,0
958,44,F,tablet,marmara,afternoon,10,87.07,0,1,0,0,0
959,46,M,tablet,karadeniz,morning,14,140.8,0,0,1,0,0
960,49,F,desktop,ic_anadolu,morning,4,117.5,0,0,0,1,0
961,67,M,desktop,karadeniz,night,15,201.42,0,0,0,0,0
962,68,F,mobile,karadeniz,morning,6,69.82,0,1,1,1,0
963,36,F,mobile,marmara,afternoon,10,142.1,0,0,1,0,0
964,38,F,desktop,marmara,evening,7,253.55,0,0,1,0,0
965,22,F,desktop,marmara,night,7,96.1,0,1,0,0,0
966,35,M,mobile,guneydogu_anadolu,afternoon,15,78.37,0,0,1,1,0
967,45,M,tablet,akdeniz,morning,4,52.82,0,0,0,0,0
968,59,M,mobile,marmara,evening,9,408.98,0,1,0,0,1
969,39,F,desktop,marmara,evening,8,381.3,0,0,0,0,0
970,38,M,mobile,dogu_anadolu,night,12,45.17,0,0,1,0,0
971,23,M,mobile,karadeniz,morning,5,120.06,0,0,1,0,1
972,18,F,desktop,dogu_anadolu,evening,13,77.32,0,0,0,0,0
973,22,F,desktop,ege,afternoon,6,151.41,1,0,0,0,0
974,58,M,desktop,ic_anadolu,night,4,182.38,0,0,0,0,0
975,29,M,mobile,marmara,afternoon,2,91.4,1,0,1,0,1
976,43,M,mobile,marmara,afternoon,7,76.42,0,0,0,0,0
977,63,F,mobile,marmara,morning,11,312.65,0,0,1,1,0
978,51,M,mobile,marmara,afternoon,15,117.72,0,1,0,0,0
979,66,F,tablet,ic_anadolu,afternoon,11,128.87,0,0,0,1,1
980,31,M,mobile,dogu_anadolu,morning,3,120.4,0,0,1,1,0
981,43,M,desktop,marmara,afternoon,1,204.27,0,0,0,1,0
982,62,F,desktop,dogu_anadolu,afternoon,2,80.92,0,1,0,0,0
983,44,M,mobile,ege,evening,3,282.36,0,0,0,1,1
984,26,F,desktop,ege,morning,8,173.98,1,1,1,1,0
985,43,M,tablet,ege,evening,4,142.19,0,0,0,0,0
986,64,F,desktop,ege,evening,3,304.37,0,0,1,0,0
987,39,F,desktop,marmara,morning,4,39.02,0,0,0,0,0
988,64,F,mobile,ic_anadolu,morning,12,41.71,1,0,0,1,1
989,47,F,mobile,karadeniz,evening,3,91.22,0,0,1,0,0
990,60,F,mobile,karadeniz,morning,2,91.75,0,1,0,0,0
991,65,M,mobile,ege,morning,5,80.61,1,0,0,0,1
992,34,M,desktop,karadeniz,afternoon,7,321.62,0,0,0,1,0
993,43,M,desktop,ic_anadolu,afternoon,9,145.45,1,0,0,0,0
994,53,F,tablet,guneydogu_anadolu,afternoon,7,359.39,0,0,0,0,0
995,18,M,desktop,ege,night,11,171.69,0,0,1,0,1
996,25,F,desktop,guneydogu_anadolu,night,5,104.07,0,0,1,0,1
997,66,M,mobile,ic_anadolu,evening,3,52.67,0,0,0,0,0
998,52,F,desktop,karadeniz,afternoon,8,116.08,1,1,0,0,0
999,69,M,mobile,marmara,night,14,46.13,0,0,0,0,1
1000,32,M,mobile,akdeniz,evening,9,200.94,0,0,1,0,0
1001,64,M,mobile,akdeniz,evening,6,169.22,0,0,1,0,1
1002,39,F,mobile,marmara,afternoon,1,132.54,0,0,1,0,0
1003,31,F,desktop,ege,morning,13,211.06,0,0,0,0,1
1004,43,F,mobile,guneydogu_anadolu,night,4,31.04,0,0,0,0,1
1005,45,M,desktop,ege,afternoon,11,151.88,0,1,0,0,0
1006,40,M,desktop,marmara,night,8,61.47,0,0,1,0,0
1007,31,F,mobile,akdeniz,morning,4,114.19,0,0,0,0,0
1008,41,M,desktop,marmara,night,9,32.57,0,0,0,1,0
1009,19,M,mobile,akdeniz,morning,14,26.89,0,0,1,0,0
1010,62,M,mobile,ic_anadolu,afternoon,6,121.73,0,0,1,1,0
1011,43,F,tablet,ege,evening,15,127.01,0,0,0,0,0
1012,31,F,mobile,karadeniz,evening,15,141.35,0,1,0,1,1
1013,68,F,desktop,marmara,evening,7,134.86,1,0,0,0,0
1014,24,M,desktop,dogu_anadolu,afternoon,10,105.55,1,0,1,1,0
1015,20,F,desktop,guneydogu_anadolu,morning,12,489.95,0,1,1,1,0
1016,64,F,desktop,marmara,afternoon,7,117.97,1,1,1,0,0
1017,40,M,desktop,karadeniz,afternoon,12,114.86,0,0,0,0,0
1018,63,M,desktop,akdeniz,evening,8,76.07,1,0,0,0,0
1019,60,M,mobile,akdeniz,morning,8,75.85,0,0,1,0,0
1020,64,F,mobile,marmara,afternoon,11,65.77,1,0,0,0,0
1021,62,F,mobile,ege,night,4,114.59,0,0,0,0,1
1022,35,M,mobile,guneydogu_anadolu,morning,14,243.4,0,1,1,0,0
1023,55,F,mobile,marmara,evening,12,81.2,1,0,0,0,0
1024,52,F,mobile,marmara,morning,9,49.07,0,0,0,0,1
1025,68,F,mobile,marmara,morning,7,67.15,1,0,0,0,0
1026,32,F,desktop,akdeniz,evening,15,29.04,0,0,0,0,0
1027,42,F,mobile,guneydogu_anadolu,afternoon,12,41.86,0,0,0,1,1
1028,54,M,mobile,akdeniz,afternoon,12,117.08,1,1,0,0,1
1029,45,M,desktop,marmara,evening,7,129.7,1,0,0,0,0
1030,27,M,desktop,ege,evening,3,126.28,0,0,1,0,0
1031,56,F,desktop,ege,night,10,231.39,0,0,0,0,0
1032,34,F,mobile,marmara,evening,13,237.26,1,0,1,0,0
1033,56,F,mobile,akdeniz,afternoon,7,25.61,1,0,0,0,0
1034,39,M,desktop,marmara,afternoon,7,188.05,0,1,0,0,0
1035,43,F,desktop,karadeniz,evening,2,354.15,0,1,0,1,0
1036,61,M,tablet,akdeniz,afternoon,8,234.15,0,0,0,0,0
1037,42,M,desktop,karadeniz,morning,7,498.96,1,0,0,1,0
1038,34,F,desktop,guneydogu_anadolu,morning,9,145.0,1,1,0,0,1
1039,30,F,desktop,guneydogu_anadolu,afternoon,12,98.35,0,0,1,0,0
1040,37,M,mobile,marmara,morning,6,196.56,0,0,0,1,0
1041,42,M,mobile,guneydogu_anadolu,morning,9,251.69,1,0,0,0,0
1042,21,F,mobile,karadeniz,evening,1,93.6,1,1,1,0,1
1043,27,F,tablet,karadeniz,morning,5,91.81,0,0,0,1,0
1044,20,M,mobile,marmara,evening,11,67.17,0,0,0,0,0
1045,58,F,desktop,marmara,evening,7,68.63,1,1,0,0,0
1046,62,F,mobile,guneydogu_anadolu,morning,6,60.92,0,0,1,0,0
1047,35,F,desktop,marmara,morning,13,198.98,1,0,0,0,0
1048,64,M,mobile,marmara,morning,15,125.21,0,0,0,1,0
1049,53,F,desktop,ege,afternoon,7,83.95,0,0,0,0,0
1050,64,F,mobile,dogu_anadolu,evening,14,51.08,0,0,1,1,1
1051,39,F,desktop,akdeniz,afternoon,12,112.97,1,0,0,0,0
1052,51,M,tablet,dogu_anadolu,afternoon,15,202.57,0,0,0,0,0
1053,64,M,desktop,ege,afternoon,9,137.35,1,1,0,0,0
1054,25,M,mobile,marmara,evening,14,279.05,0,0,1,1,1
1055,57,M,desktop,akdeniz,morning,14,57.13,1,0,0,0,0
1056,66,M,tablet,ic_anadolu,evening,5,126.0,1,0,0,1,0
1057,61,F,mobile,ege,evening,7,144.51,0,0,0,0,1
1058,36,F,desktop,ege,morning,2,239.82,0,0,0,0,0
1059,59,M,tablet,marmara,afternoon,14,25.0,1,0,0,0,0
1060,58,F,desktop,marmara,morning,5,221.41,1,0,1,1,0
1061,54,F,mobile,ic_anadolu,afternoon,9,102.45,0,0,1,0,0
1062,23,M,mobile,ege,morning,4,75.04,0,0,1,0,1
1063,69,F,desktop,marmara,morning,2,18.38,1,0,0,0,0
1064,43,F,tablet,marmara,afternoon,8,148.25,0,0,0,0,0
1065,51,M,desktop,ege,evening,4,92.58,0,0,0,0,0
1066,62,M,desktop,dogu_anadolu,night,14,241.39,0,0,0,0,0
1067,23,F,tablet,ege,evening,13,84.72,0,0,1,0,0
1068,54,M,mobile,marmara,afternoon,5,72.36,0,0,0,0,0
1069,50,M,desktop,ege,night,14,119.93,0,0,0,0,0
1070,70,M,desktop,ic_anadolu,afternoon,12,61.73,1,0,0,1,0
1071,39,F,mobile,ic_anadolu,morning,9,71.77,1,0,1,0,0
1072,38,F,desktop,marmara,afternoon,11,123.21,0,1,0,0,0
1073,23,M,tablet,ic_anadolu,afternoon,5,245.65,0,0,1,0,0
1074,23,M,mobile,ic_anadolu,afternoon,15,192.78,0,0,1,0,0
1075,65,M,desktop,marmara,evening,15,190.64,0,0,0,0,0
1076,21,F,desktop,marmara,morning,10,147.38,0,1,0,0,0
1077,47,F,mobile,akdeniz,afternoon,4,486.67,0,0,0,1,0
1078,28,M,desktop,ic_anadolu,afternoon,15,82.07,1,0,1,0,0
1079,47,F,mobile,guneydogu_anadolu,evening,8,113.18,1,0,1,0,0
1080,48,M,tablet,ege,night,13,50.59,0,0,0,0,0
1081,41,F,mobile,karadeniz,evening,4,199.94,0,0,0,1,1
1082,26,F,mobile,marmara,afternoon,12,86.28,0,1,0,0,0
1083,20,M,desktop,dogu_anadolu,evening,12,250.78,0,0,0,0,0
1084,68,M,mobile,ic_anadolu,morning,6,114.58,1,0,0,0,1
1085,48,F,mobile,ic_anadolu,night,15,43.81,0,0,0,0,0
1086,57,F,mobile,marmara,evening,3,195.09,1,0,0,0,0
1087,54,M,desktop,marmara,afternoon,5,90.0,0,0,0,1,0
1088,53,F,tablet,ic_anadolu,evening,8,120.83,1,0,1,1,0
1089,41,M,desktop,marmara,afternoon,4,174.76,0,0,0,1,0
1090,48,M,mobile,marmara,morning,12,235.33,1,0,0,0,1
1091,23,F,mobile,marmara,evening,13,39.92,0,0,0,0,1
1092,19,M,mobile,marmara,afternoon,15,42.67,0,0,1,0,0
1093,37,F,desktop,ic_anadolu,night,2,123.59,1,1,0,1,1
1094,45,M,mobile,ege,afternoon,9,246.47,0,0,0,0,1
1095,28,F,desktop,marmara,evening,6,128.21,0,0,0,0,0
1096,21,M,mobile,ege,evening,4,55.05,0,0,1,0,0
1097,32,F,desktop,karadeniz,evening,13,93.4,0,0,0,0,0
1098,23,F,desktop,dogu_anadolu,afternoon,14,52.21,0,1,0,0,1
1099,66,M,desktop,akdeniz,afternoon,10,149.79,0,0,0,0,1
1100,47,M,mobile,akdeniz,evening,12,146.87,0,0,1,1,1
1101,55,M,mobile,marmara,evening,6,100.76,0,0,1,0,0
1102,68,F,mobile,akdeniz,afternoon,7,171.48,0,0,1,0,0
1103,19,M,mobile,ic_anadolu,afternoon,9,99.31,1,0,0,0,0
1104,32,F,mobile,akdeniz,night,7,211.36,1,0,1,0,0
1105,28,F,desktop,ege,evening,9,218.87,0,0,1,0,0
1106,25,M,mobile,ic_anadolu,evening,1,97.33,0,0,1,0,0
1107,43,F,mobile,guneydogu_anadolu,evening,13,55.02,0,0,0,1,0
1108,68,M,desktop,dogu_anadolu,afternoon,15,178.92,1,0,0,0,0
1109,62,M,desktop,karadeniz,night,10,244.18,0,0,0,1,0
1110,61,M,desktop,marmara,afternoon,4,184.29,1,0,0,0,0
1111,22,M,desktop,marmara,afternoon,1,116.48,0,0,1,0,0
1112,23,M,desktop,karadeniz,morning,2,36.08,0,0,0,0,0
1113,43,F,desktop,marmara,afternoon,2,49.88,1,0,0,1,0
1114,21,M,mobile,ic_anadolu,afternoon,11,288.64,1,0,1,0,0
1115,36,F,desktop,ege,evening,11,136.25,1,0,1,0,0
1116,37,F,desktop,akdeniz,evening,5,104.87,1,0,0,0,0
1117,50,M,tablet,akdeniz,night,1,112.54,0,0,1,0,1
1118,37,M,mobile,dogu_anadolu,morning,12,125.47,0,0,0,1,0
1119,66,M,desktop,marmara,evening,14,130.22,0,0,0,0,1
1120,29,F,mobile,karadeniz,evening,3,117.97,0,0,0,0,1
1121,64,M,desktop,karadeniz,morning,11,103.74,1,0,0,0,0
1122,18,F,desktop,guneydogu_anadolu,afternoon,6,168.86,1,0,0,0,0
1123,43,M,desktop,akdeniz,afternoon,1,301.77,1,0,0,0,0
1124,31,M,tablet,akdeniz,morning,12,96.84,0,0,0,0,0
1125,55,M,mobile,guneydogu_anadolu,morning,12,186.46,0,0,1,0,0
1126,54,F,mobile,akdeniz,evening,1,71.97,1,0,1,0,0
1127,28,F,tablet,akdeniz,evening,3,62.83,0,0,1,1,0
1128,53,F,tablet,ege,evening,9,57.02,0,0,0,0,0
1129,30,M,mobile,marmara,evening,2,146.49,0,0,1,0,0
1130,60,M,mobile,ege,morning,15,260.04,0,0,0,0,0
1131,20,F,desktop,ic_anadolu,morning,12,96.41,1,0,0,0,0
1132,50,M,desktop,ic_anadolu,morning,6,177.94,0,0,0,0,0
1133,23,M,mobile,marmara,afternoon,4,61.1,0,0,0,0,0
1134,67,M,mobile,karadeniz,night,6,28.13,0,0,0,0,1
1135,27,M,tablet,akdeniz,evening,11,120.88,0,0,0,0,0
1136,22,M,mobile,akdeniz,morning,11,145.05,0,1,1,0,0
1137,40,F,mobile,guneydogu_anadolu,morning,8,130.27,0,0,0,0,0
1138,27,F,mobile,marmara,evening,14,109.85,0,0,1,0,0
1139,61,F,desktop,karadeniz,evening,13,139.13,1,0,0,1,0
1140,19,M,mobile,akdeniz,evening,8,86.1,0,0,0,0,0
1141,30,M,mobile,ic_anadolu,morning,14,187.59,0,0,0,0,0
1142,57,M,mobile,ege,afternoon,2,138.59,1,0,1,0,1
1143,19,F,mobile,marmara,afternoon,5,227.02,0,0,0,0,0
1144,37,F,desktop,akdeniz,evening,4,240.2,0,0,1,1,0
1145,18,F,mobile,ege,morning,8,151.72,0,0,0,1,1
1146,54,F,mobile,marmara,morning,5,234.68,0,0,0,0,0
1147,26,M,mobile,karadeniz,evening,3,48.27,0,0,1,0,0
1148,34,M,mobile,akdeniz,morning,11,68.25,0,0,0,0,0
1149,26,M,desktop,karadeniz,evening,1,62.85,0,0,0,0,0
1150,28,M,desktop,akdeniz,morning,2,216.36,0,0,0,0,0
1151,32,F,desktop,akdeniz,morning,7,84.72,0,0,0,1,0
1152,41,F,mobile,guneydogu_anadolu,evening,12,344.68,0,0,0,0,0
1153,55,F,mobile,guneydogu_anadolu,afternoon,3,72.86,0,0,0,0,0
1154,52,M,tablet,marmara,morning,6,149.55,0,0,0,1,0
1155,47,M,desktop,dogu_anadolu,morning,8,80.5,1,1,0,1,0
1156,48,F,desktop,ege,night,5,55.99,0,0,0,0,0
1157,66,F,mobile,marmara,evening,2,27.46,0,0,1,0,0
1158,22,F,mobile,akdeniz,night,12,42.08,0,0,0,0,0
1159,61,F,mobile,guneydogu_anadolu,evening,15,145.54,0,0,0,0,0
1160,67,F,mobile,guneydogu_anadolu,evening,14,113.13,0,1,1,0,1
1161,31,F,mobile,marmara,afternoon,3,196.74,0,0,1,0,0
1162,70,F,desktop,karadeniz,evening,11,196.09,0,0,1,0,0
1163,28,M,tablet,karadeniz,afternoon,2,18.09,1,1,0,0,0
1164,26,M,desktop,ege,evening,6,203.03,0,0,0,0,0
1165,51,F,mobile,ic_anadolu,evening,15,88.14,1,0,0,0,0
1166,29,F,mobile,akdeniz,evening,5,22.22,0,0,1,0,0
1167,52,F,mobile,marmara,afternoon,7,140.14,0,0,0,0,0
1168,52,F,desktop,karadeniz,evening,2,37.51,0,0,0,1,0
1169,18,F,desktop,marmara,afternoon,14,66.71,0,0,0,0,1
1170,57,M,mobile,ege,afternoon,14,281.73,0,0,0,0,0
1171,39,M,desktop,marmara,night,6,88.53,1,0,0,0,0
1172,46,M,desktop,ic_anadolu,afternoon,11,214.32,0,1,0,1,0
1173,25,F,mobile,akdeniz,morning,6,102.8,1,0,0,0,0
1174,28,M,mobile,ege,evening,7,290.74,0,0,1,0,0
1175,58,F,mobile,ic_anadolu,evening,15,62.2,1,0,1,0,0
1176,54,F,desktop,marmara,night,15,73.99,1,1,0,0,0
1177,31,M,mobile,dogu_anadolu,evening,7,166.12,0,0,1,0,1
1178,47,M,desktop,akdeniz,morning,7,151.03,0,0,0,1,0
1179,52,M,tablet,ege,morning,5,216.08,1,0,1,0,0
1180,38,M,mobile,marmara,morning,15,76.22,0,0,0,0,0
1181,54,M,mobile,marmara,morning,15,123.07,1,1,1,0,0
1182,22,M,tablet,dogu_anadolu,evening,13,19.46,1,0,0,0,0
1183,36,M,desktop,akdeniz,afternoon,7,121.79,1,0,1,1,0
1184,31,M,desktop,ic_anadolu,afternoon,1,105.89,1,0,0,0,0
1185,43,M,mobile,marmara,evening,15,89.11,0,1,0,0,1
1186,21,M,desktop,ic_anadolu,afternoon,9,134.57,0,0,0,1,0
1187,42,M,mobile,dogu_anadolu,morning,8,157.49,0,0,0,0,0
1188,62,F,desktop,marmara,evening,9,81.78,0,0,1,0,1
1189,59,M,tablet,akdeniz,morning,1,117.08,1,0,0,0,0
1190,42,F,mobile,guneydogu_anadolu,afternoon,2,23.28,0,1,1,0,0
1191,35,F,desktop,ic_anadolu,evening,7,54.08,1,0,0,0,1
1192,57,F,mobile,marmara,night,5,86.91,0,0,1,0,0
1193,25,M,desktop,ege,morning,14,157.25,1,1,0,0,1
1194,56,M,desktop,marmara,afternoon,13,122.32,0,0,0,0,0
1195,57,F,desktop,dogu_anadolu,evening,10,199.94,1,0,0,1,1
1196,31,F,mobile,ic_anadolu,afternoon,15,102.98,0,0,0,0,0
1197,49,F,mobile,guneydogu_anadolu,afternoon,2,155.69,0,1,1,0,0
1198,68,M,mobile,marmara,morning,6,152.31,0,0,1,0,0
1199,55,F,desktop,ege,evening,4,79.55,0,0,0,0,1
1200,50,F,tablet,marmara,night,6,190.1,0,0,0,0,0
1201,40,F,mobile,ege,night,15,111.44,0,0,0,1,0
1202,32,F,desktop,marmara,evening,7,54.75,1,0,0,0,0
1203,50,F,mobile,ege,morning,15,68.94,0,1,1,0,0
1204,42,M,mobile,karadeniz,evening,11,160.22,0,0,1,0,0
1205,34,F,desktop,marmara,afternoon,3,85.02,0,1,1,0,0
1206,50,M,desktop,akdeniz,night,6,238.68,1,0,0,0,0
1207,64,F,desktop,dogu_anadolu,night,2,291.67,0,1,0,0,0
1208,19,F,mobile,guneydogu_anadolu,night,12,174.99,0,0,1,0,0
1209,31,F,mobile,marmara,evening,12,62.64,1,0,0,0,0
1210,70,M,desktop,guneydogu_anadolu,afternoon,13,285.87,0,0,0,1,0
1211,57,M,desktop,marmara,evening,4,116.57,0,1,0,0,0
1212,57,M,mobile,ege,night,15,121.94,1,0,1,0,0
1213,68,M,mobile,dogu_anadolu,afternoon,12,248.75,0,0,0,0,0
1214,56,F,mobile,karadeniz,evening,13,247.46,1,0,0,0,0
1215,68,M,tablet,dogu_anadolu,night,9,92.43,0,0,0,0,0
1216,23,M,mobile,karadeniz,afternoon,14,108.43,0,0,1,0,0
1217,23,F,mobile,marmara,morning,9,262.28,1,0,1,0,0
1218,20,M,desktop,akdeniz,morning,2,127.01,0,0,0,0,0
1219,24,F,mobile,ege,morning,6,248.59,0,0,0,1,1
1220,68,F,desktop,akdeniz,afternoon,14,52.23,1,0,0,1,0
1221,25,F,desktop,marmara,afternoon,4,199.98,0,0,1,0,0
1222,59,F,mobile,ege,evening,8,88.66,1,0,0,0,0
1223,69,M,desktop,dogu_anadolu,afternoon,12,111.44,0,1,0,0,0
1224,32,F,desktop,dogu_anadolu,night,8,98.13,1,0,0,1,0
1225,64,F,mobile,ic_anadolu,afternoon,1,217.91,0,0,0,0,0
1226,46,F,desktop,akdeniz,evening,8,73.51,1,0,1,0,0
1227,50,M,desktop,ic_anadolu,morning,10,59.77,1,0,0,0,0
1228,69,M,mobile,ic_anadolu,evening,7,34.74,0,1,1,0,1
1229,47,F,mobile,guneydogu_anadolu,evening,15,209.38,0,0,1,0,0
1230,56,F,desktop,marmara,evening,14,222.45,0,0,0,0,0
1231,44,F,tablet,ege,afternoon,1,164.3,1,0,0,1,0
1232,53,M,desktop,dogu_anadolu,morning,3,43.88,0,0,0,1,0
1233,46,F,mobile,dogu_anadolu,afternoon,15,46.57,1,1,0,0,0
1234,55,F,desktop,akdeniz,morning,5,86.94,0,0,0,1,0
1235,50,F,mobile,marmara,afternoon,5,376.31,0,1,0,1,1
1236,54,M,desktop,karadeniz,afternoon,3,314.64,1,0,0,1,0
1237,44,M,desktop,ic_anadolu,evening,1,186.47,1,0,0,1,1
1238,50,F,desktop,karadeniz,evening,8,102.56,1,0,1,0,0
1239,21,F,mobile,akdeniz,night,10,48.26,0,1,0,1,1
1240,39,F,mobile,marmara,afternoon,7,95.7,0,0,0,0,0
1241,19,M,desktop,marmara,morning,1,112.99,1,1,0,0,0
1242,27,M,tablet,akdeniz,evening,1,56.54,1,0,0,0,0
1243,22,M,desktop,marmara,afternoon,9,162.62,0,0,0,0,0
1244,27,M,mobile,marmara,afternoon,15,60.46,0,0,0,0,0
1245,50,F,desktop,ege,evening,1,152.76,1,0,0,1,1
1246,55,M,mobile,ege,evening,11,96.13,1,0,1,0,0
1247,30,M,mobile,marmara,night,15,54.12,0,0,0,0,0
1248,48,F,mobile,marmara,night,3,332.41,0,0,0,0,1
1249,64,M,desktop,guneydogu_anadolu,night,3,73.79,1,0,0,0,0
1250,53,F,desktop,marmara,evening,13,44.2,0,1,0,0,0
1251,62,F,mobile,ege,night,4,57.75,0,0,0,0,1
1252,41,M,desktop,ege,morning,5,184.31,1,0,0,0,0
1253,69,M,desktop,dogu_anadolu,evening,6,39.39,0,0,0,0,0
1254,32,M,desktop,ege,morning,14,124.45,1,0,0,1,1
1255,46,F,desktop,marmara,evening,6,91.54,1,1,0,0,0
1256,25,M,desktop,marmara,morning,10,215.66,0,0,1,0,0
1257,22,M,tablet,ic_anadolu,afternoon,13,290.19,0,0,0,1,1
1258,46,F,mobile,ic_anadolu,morning,15,201.33,0,0,1,0,0
1259,64,M,mobile,ege,afternoon,15,94.27,0,1,0,0,1
1260,21,M,desktop,marmara,afternoon,9,32.5,1,1,0,0,0
1261,29,F,mobile,ege,morning,3,149.83,0,0,1,0,0
1262,62,M,mobile,ic_anadolu,evening,10,146.86,0,0,0,0,1
1263,19,F,mobile,ic_anadolu,evening,4,289.18,1,0,1,0,1
1264,44,F,desktop,marmara,evening,7,121.31,0,0,1,1,0
1265,48,F,tablet,akdeniz,evening,15,99.84,1,1,1,0,1
1266,68,M,mobile,marmara,evening,6,312.54,1,0,0,0,0
1267,68,F,tablet,ic_anadolu,night,9,158.88,1,0,0,0,0
1268,53,M,desktop,ic_anadolu,afternoon,2,117.17,0,0,0,0,0
1269,53,F,desktop,dogu_anadolu,evening,15,149.86,1,0,0,0,0
1270,43,M,desktop,ege,evening,11,178.69,0,0,0,0,0
1271,60,M,mobile,akdeniz,afternoon,4,83.0,1,0,0,0,0
1272,44,M,desktop,marmara,morning,7,61.23,0,1,0,0,0
1273,22,F,mobile,marmara,evening,15,45.11,0,0,1,1,1
1274,37,M,mobile,marmara,morning,14,74.58,1,0,0,1,0
1275,28,M,mobile,marmara,afternoon,11,163.44,0,1,0,0,0
1276,27,M,mobile,marmara,morning,7,318.79,0,0,0,1,0
1277,57,F,mobile,guneydogu_anadolu,evening,9,64.28,0,0,0,0,1
1278,55,M,mobile,ic_anadolu,night,13,297.14,1,0,0,0,0
1279,23,F,desktop,marmara,morning,8,89.9,1,1,0,0,0
1280,25,M,mobile,marmara,morning,15,284.99,1,1,0,0,1
1281,40,M,tablet,ege,morning,8,38.97,0,0,0,1,1
1282,64,F,desktop,ege,evening,4,52.07,0,0,1,1,0
1283,43,F,tablet,marmara,afternoon,10,104.83,0,0,0,0,1
1284,63,F,desktop,akdeniz,afternoon,7,125.94,1,0,0,1,0
1285,60,M,desktop,dogu_anadolu,morning,1,118.95,0,0,0,0,1
1286,29,M,desktop,akdeniz,afternoon,4,72.86,0,0,0,1,0
1287,43,F,desktop,akdeniz,afternoon,12,34.14,1,0,0,1,0
1288,30,F,mobile,karadeniz,evening,14,107.88,0,0,0,0,1
1289,57,F,tablet,marmara,morning,14,317.55,1,0,0,0,0
1290,35,F,mobile,marmara,evening,14,206.68,0,0,1,1,0
1291,42,F,tablet,akdeniz,afternoon,5,27.23,0,1,0,1,0
1292,50,M,desktop,ic_anadolu,afternoon,14,160.1,0,0,0,0,0
1293,64,F,desktop,akdeniz,afternoon,10,239.18,0,0,1,0,0
1294,57,M,mobile,marmara,evening,13,179.88,0,0,1,0,0
1295,60,M,mobile,dogu_anadolu,afternoon,14,42.76,1,0,0,0,0
1296,29,F,desktop,ege,evening,12,41.28,0,0,1,0,0
1297,61,M,tablet,karadeniz,morning,7,196.44,0,0,0,0,0
1298,53,M,mobile,dogu_anadolu,morning,12,184.67,0,0,1,0,0
1299,65,F,tablet,ege,morning,6,150.89,0,1,0,0,0
1300,21,F,desktop,karadeniz,afternoon,4,304.93,0,0,0,0,0
1301,22,F,mobile,ic_anadolu,morning,15,72.68,0,0,1,1,0
1302,54,F,mobile,dogu_anadolu,morning,3,29.3,1,0,0,0,0
1303,25,F,mobile,marmara,afternoon,11,218.04,0,0,1,0,0
1304,59,F,desktop,guneydogu_anadolu,evening,14,159.62,1,0,0,0,0
1305,66,F,tablet,marmara,evening,6,111.38,0,1,0,0,0
1306,45,F,tablet,karadeniz,afternoon,10,121.33,1,0,0,0,0
1307,48,F,desktop,ege,afternoon,15,140.11,0,0,0,0,1
1308,26,F,desktop,marmara,evening,14,239.79,0,1,1,0,0
1309,68,F,mobile,marmara,afternoon,13,106.54,1,1,1,0,0
1310,46,M,mobile,ege,evening,13,127.29,0,0,1,1,1
1311,31,F,mobile,ege,night,7,71.52,0,0,1,0,0
1312,57,M,desktop,marmara,night,14,199.96,0,0,1,0,0
1313,58,F,mobile,marmara,afternoon,12,89.51,0,0,0,0,0
1314,39,M,mobile,ege,afternoon,3,82.83,0,0,0,0,0
1315,28,F,desktop,ege,evening,4,159.58,0,0,1,0,0
1316,40,M,mobile,ege,afternoon,3,95.23,0,0,0,0,0
1317,18,M,desktop,dogu_anadolu,evening,9,118.08,0,0,1,1,0
1318,63,F,desktop,ic_anadolu,afternoon,7,97.5,0,0,0,0,0
1319,54,M,mobile,marmara,evening,12,91.84,0,0,1,0,0
1320,38,M,tablet,akdeniz,morning,14,43.46,0,1,0,1,0
1321,43,F,desktop,karadeniz,morning,10,162.65,1,1,0,0,0
1322,63,M,desktop,marmara,evening,3,56.79,0,0,1,0,0
1323,53,M,desktop,ege,afternoon,8,214.7,1,1,0,0,1
1324,40,F,desktop,akdeniz,morning,8,332.46,1,0,0,1,0
1325,18,F,mobile,guneydogu_anadolu,afternoon,13,238.57,0,0,0,0,0
1326,68,M,mobile,akdeniz,morning,1,136.2,1,0,1,0,0
1327,57,M,desktop,ic_anadolu,evening,14,58.97,0,0,1,0,0
1328,32,M,tablet,ege,afternoon,5,132.83,0,1,0,0,0
1329,38,M,desktop,karadeniz,morning,5,211.68,0,0,0,0,0
1330,64,F,tablet,ege,afternoon,12,242.21,0,0,1,1,0
1331,26,M,tablet,ege,morning,3,160.76,0,1,0,0,0
1332,70,F,mobile,akdeniz,evening,2,51.58,0,0,0,0,0
1333,26,F,desktop,dogu_anadolu,afternoon,1,45.19,1,0,0,0,0
1334,27,M,mobile,marmara,evening,15,66.8,0,0,1,1,1
1335,69,M,mobile,marmara,morning,4,103.83,0,0,0,0,0
1336,70,F,tablet,ic_anadolu,afternoon,12,92.48,0,0,0,1,0
1337,43,M,mobile,akdeniz,evening,12,110.75,0,0,1,0,0
1338,58,F,mobile,marmara,morning,10,86.74,1,1,0,0,0
1339,52,F,mobile,marmara,morning,4,123.2,1,0,0,0,0
1340,69,M,tablet,ege,afternoon,5,389.85,1,1,0,0,0
1341,42,F,mobile,akdeniz,morning,14,103.54,0,0,0,1,0
1342,43,F,tablet,karadeniz,afternoon,11,112.74,1,0,0,1,0
1343,28,F,mobile,marmara,evening,12,140.51,0,0,1,0,0
1344,55,M,mobile,dogu_anadolu,morning,13,154.73,1,1,1,1,0
1345,19,F,mobile,ege,afternoon,3,124.71,0,0,1,0,0
1346,24,F,mobile,marmara,night,1,246.24,0,0,1,0,1
1347,35,M,desktop,akdeniz,night,10,164.86,1,0,0,0,1
1348,44,F,mobile,ic_anadolu,morning,12,17.91,1,0,0,1,0
1349,51,F,mobile,marmara,morning,13,48.58,0,1,0,1,0
1350,44,M,desktop,ic_anadolu,afternoon,10,68.49,0,0,1,0,0
1351,34,F,desktop,karadeniz,morning,10,120.04,0,1,0,1,0
1352,60,M,mobile,marmara,morning,11,151.75,1,0,0,0,0
1353,61,F,mobile,marmara,morning,3,95.73,0,0,0,0,0
1354,68,F,desktop,marmara,morning,10,388.73,1,0,0,0,0
1355,41,F,mobile,karadeniz,afternoon,6,207.7,0,0,0,0,0
1356,42,F,tablet,marmara,afternoon,3,101.21,0,1,0,1,0
1357,24,M,mobile,karadeniz,morning,3,65.6,0,1,0,0,0
1358,69,F,desktop,akdeniz,afternoon,8,91.69,1,0,0,0,0
1359,23,F,tablet,karadeniz,afternoon,2,314.59,0,0,1,0,0
1360,70,M,tablet,akdeniz,evening,11,320.71,1,0,0,0,0
1361,41,M,desktop,ege,night,8,105.54,0,0,0,0,0
1362,50,F,desktop,dogu_anadolu,night,12,300.94,0,1,0,1,1
1363,66,F,mobile,ic_anadolu,afternoon,3,69.12,1,0,0,0,0
1364,46,F,mobile,akdeniz,evening,8,165.66,0,0,0,0,0
1365,60,F,desktop,ic_anadolu,morning,4,68.64,1,0,0,1,0
1366,39,F,mobile,ic_anadolu,afternoon,5,152.82,0,1,0,0,1
1367,43,M,mobile,ege,evening,2,164.71,0,0,1,0,1
1368,45,M,tablet,ege,afternoon,10,149.7,1,0,0,0,1
1369,67,F,mobile,ege,morning,13,271.3,0,1,0,0,0
1370,38,F,mobile,guneydogu_anadolu,morning,13,94.29,0,1,1,0,1
1371,66,F,tablet,ic_anadolu,afternoon,1,163.9,1,0,0,0,0
1372,24,F,desktop,marmara,evening,11,221.96,0,0,0,0,0
1373,34,F,desktop,akdeniz,night,7,66.36,1,0,0,0,0
1374,37,M,mobile,marmara,morning,6,131.89,0,0,0,0,0
1375,58,M,desktop,marmara,night,3,117.27,0,0,0,0,0
1376,66,M,mobile,ege,morning,14,344.21,1,0,1,1,0
1377,37,M,desktop,akdeniz,night,12,177.13,0,1,0,1,0
1378,39,F,desktop,guneydogu_anadolu,evening,2,120.47,0,1,1,0,1
1379,45,M,tablet,guneydogu_anadolu,morning,10,131.41,1,0,0,0,1
1380,57,F,mobile,marmara,afternoon,4,198.09,0,0,0,0,0
1381,66,F,mobile,akdeniz,morning,13,157.68,1,1,1,0,0
1382,24,M,desktop,karadeniz,night,15,197.9,0,0,0,0,1
1383,18,F,desktop,marmara,afternoon,8,53.37,1,0,0,0,0
1384,49,M,mobile,karadeniz,evening,11,38.98,0,0,0,0,0
1385,30,F,desktop,dogu_anadolu,morning,7,64.8,0,0,0,0,0
1386,47,M,mobile,ic_anadolu,night,13,226.82,0,0,0,1,0
1387,40,M,desktop,ege,morning,14,308.01,1,0,0,1,0
1388,68,M,desktop,dogu_anadolu,morning,12,58.57,0,1,0,0,0
1389,36,M,mobile,dogu_anadolu,afternoon,15,70.25,0,0,0,0,0
1390,49,F,mobile,ic_anadolu,afternoon,15,365.69,1,0,0,0,0
1391,47,M,mobile,ege,morning,7,102.59,1,0,0,0,0
1392,46,M,mobile,karadeniz,evening,6,336.46,0,0,1,1,0
1393,66,M,mobile,ege,morning,13,35.34,0,0,1,0,0
1394,62,M,mobile,marmara,afternoon,11,162.09,0,0,0,0,0
1395,46,M,mobile,akdeniz,afternoon,3,154.39,0,0,0,0,0
1396,47,M,desktop,guneydogu_anadolu,morning,1,246.05,1,0,0,1,0
1397,33,M,desktop,karadeniz,afternoon,1,221.08,0,1,0,0,0
1398,57,M,tablet,ic_anadolu,evening,6,66.38,1,0,0,1,0
1399,36,M,desktop,akdeniz,morning,15,71.45,0,1,0,0,0
1400,35,F,desktop,ege,afternoon,4,158.66,1,0,1,0,0
1401,18,F,mobile,dogu_anadolu,evening,8,106.23,0,0,0,1,0
1402,31,F,mobile,akdeniz,morning,12,211.82,0,0,0,0,0
1403,68,F,mobile,karadeniz,afternoon,10,84.66,1,1,1,0,0
1404,64,F,desktop,akdeniz,morning,10,36.88,0,0,0,0,0
1405,67,M,tablet,karadeniz,morning,1,116.04,0,0,0,1,0
1406,19,F,mobile,dogu_anadolu,evening,13,225.02,0,0,0,0,1
1407,45,F,mobile,ege,morning,7,128.31,0,0,0,1,0
1408,66,M,desktop,marmara,afternoon,7,99.58,1,0,0,0,0
1409,67,M,desktop,marmara,evening,1,153.28,1,0,0,0,0
1410,47,M,desktop,dogu_anadolu,morning,2,249.0,0,0,1,1,0
1411,55,M,desktop,ic_anadolu,afternoon,9,47.85,1,0,0,1,0
1412,68,M,desktop,ic_anadolu,night,9,62.4,1,0,0,0,0
1413,21,F,desktop,ege,afternoon,6,108.29,1,1,0,1,0
1414,18,M,mobile,ic_anadolu,morning,12,40.63,0,0,0,0,0
1415,25,M,mobile,ic_anadolu,evening,6,72.54,0,0,1,0,1
1416,46,F,mobile,marmara,morning,9,136.13,0,1,1,1,0
1417,56,F,desktop,guneydogu_anadolu,afternoon,5,117.4,1,0,0,0,0
1418,20,M,mobile,ege,evening,15,94.63,0,0,0,0,0
1419,49,F,desktop,ege,morning,3,219.6,1,0,0,0,0
1420,27,M,mobile,ege,morning,5,48.14,0,0,0,0,0
1421,27,F,mobile,marmara,afternoon,4,289.58,0,1,0,0,0
1422,36,M,mobile,ic_anadolu,night,14,115.3,0,1,1,0,0
1423,63,M,tablet,marmara,afternoon,6,103.88,0,0,1,0,0
1424,51,F,mobile,karadeniz,morning,4,50.42,0,0,1,0,0
1425,50,F,mobile,ege,afternoon,9,33.2,0,0,1,1,0
1426,40,M,tablet,akdeniz,afternoon,4,109.28,0,1,0,0,1
1427,45,M,mobile,ic_anadolu,afternoon,15,151.19,0,1,1,1,0
1428,49,M,mobile,karadeniz,night,8,197.79,0,0,0,0,1
1429,67,F,mobile,marmara,afternoon,12,125.66,0,1,0,0,1
1430,24,M,mobile,guneydogu_anadolu,afternoon,15,301.44,0,0,1,0,0
1431,46,F,mobile,ic_anadolu,morning,3,105.04,1,0,0,0,0
1432,25,F,desktop,marmara,evening,9,57.61,0,1,1,0,0
1433,18,F,mobile,ege,afternoon,5,178.63,1,0,1,0,0
1434,20,M,tablet,ege,evening,15,19.78,0,0,0,0,0
1435,41,F,mobile,karadeniz,night,5,293.47,0,0,1,1,0
1436,40,F,desktop,ege,morning,15,121.05,1,0,0,1,0
1437,25,M,desktop,ege,night,5,264.46,0,0,1,0,0
1438,64,M,mobile,marmara,morning,12,67.6,0,1,0,0,0
1439,54,F,tablet,marmara,afternoon,1,115.07,1,1,0,0,0
1440,20,F,desktop,ic_anadolu,evening,14,42.74,1,0,0,0,0
1441,68,F,mobile,ic_anadolu,evening,4,95.63,1,0,0,1,0
1442,50,F,tablet,marmara,evening,4,72.26,0,0,0,0,0
1443,45,M,desktop,marmara,afternoon,14,116.36,0,0,0,0,0
1444,64,F,mobile,ege,night,4,100.33,1,0,1,0,0
1445,25,M,desktop,ic_anadolu,evening,12,368.62,0,1,0,0,0
1446,51,M,mobile,karadeniz,afternoon,6,94.11,0,0,1,0,1
1447,52,F,mobile,marmara,night,10,236.84,1,1,0,0,0
1448,49,M,mobile,ege,night,5,119.19,0,0,0,0,0
1449,41,F,mobile,ege,afternoon,3,17.51,0,1,0,0,0
1450,31,F,mobile,dogu_anadolu,evening,3,319.14,0,0,0,0,1
1451,49,F,tablet,akdeniz,evening,7,269.75,0,1,0,0,1
1452,63,F,mobile,marmara,evening,15,191.55,0,0,1,0,0
1453,60,F,mobile,ege,morning,4,122.83,0,0,0,0,0
1454,33,F,mobile,ege,evening,15,116.77,0,1,0,1,0
1455,21,M,desktop,ic_anadolu,night,6,74.55,0,0,0,0,0
1456,69,M,mobile,marmara,morning,12,107.68,1,0,1,0,0
1457,54,M,tablet,ege,evening,15,48.4,0,0,0,1,0
1458,38,F,desktop,ic_anadolu,afternoon,6,106.66,1,0,0,0,0
1459,31,M,tablet,marmara,morning,1,91.28,0,0,0,0,0
1460,48,M,mobile,ic_anadolu,morning,4,86.59,0,1,1,0,0
1461,65,M,mobile,ege,evening,11,224.82,0,0,1,1,0
1462,35,M,mobile,karadeniz,afternoon,12,174.65,0,0,0,0,0
1463,24,M,mobile,marmara,afternoon,14,84.38,0,0,1,0,1
1464,27,F,mobile,dogu_anadolu,afternoon,12,205.57,0,0,0,0,0
1465,24,M,mobile,marmara,afternoon,7,64.44,1,0,1,0,0
1466,50,F,mobile,marmara,morning,2,240.06,0,1,0,0,0
1467,40,M,mobile,karadeniz,evening,15,348.99,0,1,1,0,0
1468,38,F,mobile,dogu_anadolu,evening,15,204.66,0,0,0,0,0
1469,36,F,mobile,marmara,morning,14,224.23,0,0,1,0,0
1470,65,F,desktop,dogu_anadolu,afternoon,2,257.62,0,1,0,0,1
1471,36,M,desktop,marmara,evening,4,159.49,0,1,0,0,0
1472,53,F,mobile,ic_anadolu,morning,14,146.97,0,0,0,1,0
1473,46,F,desktop,marmara,night,13,84.8,0,0,0,0,0
1474,35,M,mobile,ege,afternoon,15,79.12,0,0,1,0,0
1475,19,M,mobile,akdeniz,morning,9,32.31,0,0,1,0,1
1476,18,F,desktop,ic_anadolu,afternoon,6,28.49,0,1,0,0,0
1477,64,F,desktop,akdeniz,afternoon,14,174.5,1,0,0,0,0
1478,22,M,mobile,akdeniz,morning,8,170.77,0,0,1,0,0
1479,37,M,mobile,guneydogu_anadolu,morning,15,136.09,0,0,0,1,0
1480,28,M,mobile,marmara,morning,6,169.5,0,0,1,0,1
1481,59,M,tablet,marmara,afternoon,11,204.5,1,0,0,1,0
1482,19,F,desktop,ic_anadolu,afternoon,3,137.47,0,0,0,0,0
1483,20,M,desktop,marmara,night,7,63.68,0,0,1,0,0
1484,40,M,mobile,akdeniz,afternoon,15,67.72,0,0,1,0,0
1485,29,M,mobile,akdeniz,evening,8,53.48,0,0,1,1,0
1486,37,F,mobile,ege,evening,2,88.89,1,1,1,0,0
1487,22,M,tablet,guneydogu_anadolu,afternoon,1,178.62,0,0,0,0,0
1488,54,M,tablet,marmara,evening,11,375.01,0,0,0,0,0
1489,55,F,desktop,marmara,afternoon,8,85.19,0,1,0,0,0
1490,47,M,desktop,marmara,afternoon,3,167.38,0,1,1,1,0
1491,26,M,mobile,marmara,afternoon,8,155.06,0,1,1,0,0
1492,51,M,desktop,ege,evening,7,68.52,1,0,0,0,0
1493,70,M,desktop,ic_anadolu,afternoon,8,58.75,1,0,0,0,0
1494,61,M,mobile,ic_anadolu,afternoon,8,86.37,1,0,1,0,0
1495,52,M,mobile,karadeniz,morning,8,338.1,1,0,0,0,0
1496,69,F,mobile,marmara,afternoon,5,194.29,0,0,0,0,0
1497,39,F,desktop,marmara,morning,3,56.98,1,0,0,0,0
1498,61,F,mobile,guneydogu_anadolu,night,15,50.16,0,0,0,0,0
1499,41,M,mobile,marmara,afternoon,4,99.33,0,0,0,0,0
1500,34,M,desktop,guneydogu_anadolu,morning,7,266.41,0,0,0,0,0
1501,27,M,desktop,karadeniz,morning,8,111.88,1,0,1,0,0
1502,47,M,mobile,dogu_anadolu,afternoon,15,95.06,0,0,0,0,1
1503,63,M,tablet,ege,morning,8,79.83,0,0,0,1,0
1504,40,M,tablet,marmara,night,13,119.52,0,1,0,0,0
1505,49,F,desktop,ic_anadolu,evening,3,81.47,0,0,1,0,0
1506,34,M,mobile,ic_anadolu,night,2,30.33,0,0,0,0,0
1507,67,F,mobile,marmara,evening,14,273.98,1,0,0,0,0
1508,68,M,mobile,karadeniz,evening,11,30.57,0,0,0,0,1
1509,34,M,mobile,marmara,night,7,123.19,0,0,0,0,0
1510,31,M,desktop,akdeniz,night,10,69.81,0,0,1,0,0
1511,26,F,mobile,dogu_anadolu,evening,3,140.12,0,0,1,0,1
1512,57,F,desktop,marmara,evening,5,362.98,1,0,0,0,0
1513,19,M,desktop,marmara,evening,1,84.56,1,0,1,0,1
1514,62,M,mobile,marmara,morning,2,110.78,1,1,1,0,0
1515,42,F,tablet,marmara,afternoon,9,133.03,0,0,1,0,0
1516,56,M,desktop,marmara,evening,10,221.28,0,0,0,0,0
1517,26,F,mobile,marmara,afternoon,12,213.47,0,0,1,0,1
1518,39,M,desktop,marmara,evening,10,126.8,1,0,0,0,0
1519,60,M,tablet,karadeniz,evening,3,412.05,0,0,0,0,0
1520,63,M,mobile,dogu_anadolu,evening,8,49.13,0,0,1,0,0
1521,21,M,desktop,ege,morning,10,131.23,0,0,0,1,0
1522,43,M,desktop,marmara,afternoon,8,58.46,0,0,0,0,0
1523,46,M,mobile,marmara,morning,15,66.98,0,1,1,1,1
1524,62,F,desktop,ic_anadolu,afternoon,5,77.36,0,0,0,0,0
1525,51,F,desktop,ic_anadolu,evening,8,221.96,0,0,1,1,0
1526,40,F,mobile,guneydogu_anadolu,morning,4,260.18,1,0,1,0,0
1527,54,M,mobile,marmara,morning,4,25.32,0,0,0,0,0
1528,28,F,mobile,karadeniz,afternoon,12,314.78,0,0,1,1,1
1529,23,F,desktop,akdeniz,evening,4,285.36,1,0,0,0,1
1530,35,F,mobile,dogu_anadolu,morning,8,128.6,0,0,1,0,0
1531,38,F,mobile,akdeniz,evening,3,67.97,1,1,1,0,0
1532,59,F,desktop,ege,afternoon,4,161.79,1,0,0,0,0
1533,53,M,mobile,ic_anadolu,morning,9,281.19,0,0,1,0,0
1534,58,M,desktop,karadeniz,afternoon,3,201.96,1,0,0,0,0
1535,55,M,mobile,marmara,night,8,68.79,1,0,1,0,1
1536,51,M,mobile,marmara,afternoon,12,385.95,1,1,0,0,0
1537,34,F,mobile,ege,evening,4,377.79,0,0,1,0,0
1538,54,M,desktop,marmara,evening,14,71.86,1,1,1,0,0
1539,42,F,desktop,ege,evening,1,127.2,0,0,0,0,0
1540,55,F,mobile,guneydogu_anadolu,morning,15,132.37,0,0,1,0,1
1541,29,M,mobile,akdeniz,evening,15,111.39,0,0,0,0,1
1542,40,F,desktop,ic_anadolu,night,14,39.2,0,0,0,0,0
1543,70,M,desktop,ic_anadolu,evening,6,301.1,1,0,0,1,1
1544,59,F,desktop,karadeniz,evening,8,283.17,1,0,0,0,0
1545,39,M,mobile,guneydogu_anadolu,afternoon,11,194.53,0,0,0,0,1
1546,38,F,desktop,ic_anadolu,afternoon,10,62.79,0,0,0,0,0
1547,44,F,mobile,akdeniz,evening,8,45.14,0,0,1,0,0
1548,48,M,desktop,ege,afternoon,2,44.25,0,1,0,1,0
1549,23,F,mobile,ege,night,2,136.91,0,0,0,0,0
1550,44,F,desktop,ege,night,7,125.07,1,0,0,0,0
1551,57,F,mobile,ege,evening,8,500.0,0,0,1,0,0
1552,51,M,desktop,ic_anadolu,night,13,119.42,1,0,0,1,0
1553,29,M,desktop,ic_anadolu,afternoon,12,158.45,0,1,0,1,0
1554,62,F,mobile,marmara,night,13,205.33,0,1,0,0,0
1555,70,M,desktop,guneydogu_anadolu,afternoon,3,146.07,0,0,1,0,0
1556,24,M,desktop,ege,morning,6,333.0,0,0,0,0,0
1557,27,M,mobile,akdeniz,evening,8,80.11,0,0,0,0,0
1558,62,M,tablet,ic_anadolu,afternoon,14,500.0,0,0,0,1,0
1559,34,F,desktop,ic_anadolu,night,9,66.92,1,0,0,0,0
1560,43,M,mobile,ege,afternoon,1,193.18,0,0,0,0,0
1561,38,F,mobile,karadeniz,night,14,123.43,0,0,1,0,0
1562,45,F,desktop,marmara,morning,3,308.77,1,0,0,0,0
1563,63,M,tablet,akdeniz,evening,5,133.05,1,0,1,1,0
1564,19,M,mobile,marmara,evening,4,175.11,0,0,0,0,0
1565,60,F,tablet,ic_anadolu,evening,8,61.89,0,0,0,1,0
1566,18,F,desktop,marmara,afternoon,10,164.19,0,0,1,0,0
1567,68,M,desktop,karadeniz,evening,6,403.33,0,0,0,0,0
1568,70,F,mobile,marmara,afternoon,2,91.57,0,0,0,0,0
1569,53,F,mobile,dogu_anadolu,evening,2,82.31,0,0,1,0,0
1570,68,F,desktop,dogu_anadolu,afternoon,10,126.01,1,0,0,0,0
1571,43,F,tablet,ege,morning,5,29.33,1,0,0,1,1
1572,46,M,mobile,ege,morning,12,108.64,0,0,0,0,0
1573,38,F,mobile,ic_anadolu,afternoon,9,72.12,0,0,0,1,0
1574,28,M,mobile,marmara,night,11,145.86,0,0,1,0,0
1575,57,F,mobile,marmara,afternoon,10,134.43,0,0,1,0,0
1576,28,M,desktop,marmara,evening,1,106.64,0,0,0,0,0
1577,53,M,tablet,akdeniz,afternoon,3,242.11,1,1,1,1,0
1578,66,M,desktop,marmara,night,13,34.09,0,0,1,0,0
1579,56,M,desktop,marmara,afternoon,6,53.65,1,0,0,1,0
1580,57,M,tablet,ic_anadolu,morning,5,103.28,0,0,0,0,0
1581,52,F,tablet,marmara,evening,4,123.58,1,0,0,0,0
1582,51,M,mobile,marmara,evening,15,36.39,1,0,1,0,0
1583,64,M,tablet,dogu_anadolu,afternoon,2,378.25,0,1,0,0,0
1584,41,F,mobile,ic_anadolu,afternoon,14,81.66,0,0,1,0,0
1585,39,F,tablet,ege,morning,12,59.85,0,0,1,0,0
1586,22,M,desktop,marmara,afternoon,12,259.11,0,1,1,0,0
1587,50,M,mobile,ic_anadolu,evening,4,144.45,0,0,0,0,0
1588,53,F,mobile,marmara,afternoon,7,16.57,0,0,0,0,0
1589,64,F,desktop,guneydogu_anadolu,afternoon,15,182.42,1,1,0,0,0
1590,37,M,mobile,ic_anadolu,afternoon,13,250.73,0,0,0,0,0
1591,36,M,mobile,guneydogu_anadolu,morning,3,111.19,0,0,0,0,0
1592,52,M,mobile,karadeniz,evening,12,309.35,1,0,0,1,0
1593,69,M,desktop,akdeniz,evening,1,198.14,1,0,0,0,0
1594,60,M,mobile,ic_anadolu,morning,9,405.65,0,0,0,1,0
1595,34,M,desktop,karadeniz,morning,7,140.45,0,0,0,0,0
1596,62,M,mobile,akdeniz,morning,9,71.72,0,0,0,0,0
1597,60,M,tablet,marmara,night,10,39.21,0,1,0,0,1
1598,51,M,mobile,akdeniz,evening,7,117.48,1,0,0,0,0
1599,26,F,desktop,marmara,afternoon,1,292.43,1,0,0,0,0
1600,43,F,desktop,ic_anadolu,afternoon,8,167.38,0,0,0,1,0
1601,19,M,mobile,ic_anadolu,night,3,161.35,0,0,1,0,0
1602,70,F,tablet,guneydogu_anadolu,evening,12,95.98,1,0,1,0,0
1603,26,F,tablet,ic_anadolu,morning,3,71.98,0,0,0,0,0
1604,26,F,mobile,karadeniz,afternoon,8,65.8,0,0,0,1,0
1605,57,M,desktop,marmara,evening,4,59.7,1,0,0,0,0
1606,34,F,desktop,ege,afternoon,5,133.39,1,0,0,0,0
1607,18,F,desktop,dogu_anadolu,afternoon,9,146.73,0,0,0,0,0
1608,42,F,desktop,karadeniz,night,11,167.16,0,0,0,0,1
1609,60,M,desktop,ic_anadolu,night,7,112.1,0,0,0,1,0
1610,57,F,desktop,marmara,night,10,227.72,1,0,0,0,0
1611,59,F,mobile,ic_anadolu,morning,12,176.95,1,0,0,0,0
1612,42,F,desktop,dogu_anadolu,morning,7,299.05,0,1,0,0,0
1613,56,M,mobile,marmara,afternoon,3,176.05,1,0,0,0,1
1614,52,F,tablet,ic_anadolu,evening,1,56.68,0,0,0,0,0
1615,20,F,mobile,ege,evening,15,244.72,1,0,1,0,1
1616,67,M,mobile,marmara,evening,9,35.33,0,0,0,0,0
1617,54,M,mobile,karadeniz,night,10,49.6,0,1,1,0,0
1618,61,M,desktop,marmara,evening,1,91.04,0,0,0,0,0
1619,61,M,desktop,marmara,morning,10,204.62,1,1,0,0,0
1620,68,M,desktop,karadeniz,afternoon,15,144.76,1,0,0,1,0
1621,47,F,desktop,ic_anadolu,afternoon,2,61.68,1,0,0,0,0
1622,55,M,mobile,marmara,afternoon,6,175.46,0,0,0,0,1
1623,51,F,tablet,guneydogu_anadolu,morning,9,22.56,1,0,0,0,1
1624,29,M,tablet,marmara,evening,7,346.59,0,0,1,0,0
1625,36,F,desktop,guneydogu_anadolu,morning,13,27.55,0,0,1,1,0
1626,54,F,tablet,ic_anadolu,evening,13,112.47,0,0,1,1,0
1627,61,M,desktop,ege,evening,12,234.68,0,0,0,1,0
1628,66,F,mobile,marmara,morning,9,98.11,1,0,0,0,0
1629,34,M,desktop,ege,morning,12,167.02,0,0,0,1,0
1630,27,F,desktop,marmara,afternoon,10,122.33,0,1,0,1,0
1631,66,F,desktop,ic_anadolu,morning,7,180.01,1,0,0,0,0
1632,64,M,tablet,ege,evening,5,96.6,1,0,1,0,1
1633,29,M,desktop,marmara,evening,1,45.29,0,0,1,0,0
1634,33,M,desktop,karadeniz,evening,5,173.65,0,0,0,0,0
1635,41,F,tablet,marmara,afternoon,8,37.56,0,1,0,1,0
1636,36,M,tablet,ic_anadolu,afternoon,12,137.66,0,0,0,0,1
1637,25,M,desktop,marmara,evening,12,115.54,1,0,1,1,0
1638,48,M,mobile,ic_anadolu,morning,8,52.21,1,1,0,0,0
1639,38,F,desktop,ic_anadolu,morning,15,68.72,1,0,0,0,0
1640,34,M,desktop,karadeniz,night,7,124.32,1,0,1,0,0
1641,40,M,mobile,marmara,afternoon,15,147.03,1,1,1,0,0
1642,54,M,mobile,marmara,evening,3,140.41,1,1,1,0,0
1643,33,M,mobile,marmara,morning,3,110.72,0,0,1,0,0
1644,23,M,mobile,marmara,morning,5,349.67,0,0,0,0,0
1645,25,F,mobile,marmara,afternoon,10,261.44,1,1,0,0,0
1646,42,F,mobile,akdeniz,night,15,33.66,0,1,0,0,0
1647,35,M,mobile,ic_anadolu,evening,2,53.43,0,1,0,0,1
1648,42,F,mobile,karadeniz,morning,14,24.6,0,0,1,1,0
1649,29,F,desktop,ege,night,2,268.13,0,0,0,0,0
1650,32,F,mobile,akdeniz,afternoon,7,169.46,0,0,0,1,0
1651,43,F,mobile,guneydogu_anadolu,morning,5,169.01,0,0,0,0,0
1652,58,M,mobile,akdeniz,morning,15,243.26,0,1,0,0,0
1653,62,M,mobile,akdeniz,afternoon,6,101.86,0,1,0,1,0
1654,43,F,desktop,guneydogu_anadolu,afternoon,12,55.93,0,0,0,1,0
1655,64,F,mobile,guneydogu_anadolu,morning,9,134.93,1,1,0,0,0
1656,49,M,desktop,ege,night,12,189.03,0,0,0,0,0
1657,27,M,tablet,ic_anadolu,evening,9,268.16,0,0,0,1,0
1658,33,M,mobile,akdeniz,evening,15,194.83,0,0,0,0,0
1659,24,M,desktop,ic_anadolu,evening,8,201.75,0,0,0,1,0
1660,34,F,mobile,guneydogu_anadolu,evening,13,46.41,0,1,0,0,1
1661,40,M,mobile,ege,afternoon,14,227.31,0,0,1,1,0
1662,43,M,desktop,karadeniz,evening,1,87.43,0,0,0,0,0
1663,38,M,mobile,ic_anadolu,night,14,95.13,0,0,0,0,0
1664,39,M,mobile,marmara,evening,13,259.83,0,1,0,0,0
1665,24,F,mobile,karadeniz,afternoon,4,65.83,0,1,1,0,0
1666,31,M,desktop,ege,afternoon,5,36.82,0,0,0,1,0
1667,32,M,mobile,marmara,night,15,131.0,0,0,0,0,0
1668,70,F,tablet,guneydogu_anadolu,morning,9,194.38,0,0,1,1,0
1669,24,F,tablet,ege,evening,6,55.53,0,1,1,0,0
1670,26,F,mobile,akdeniz,afternoon,15,133.27,0,0,1,0,1
1671,68,F,tablet,karadeniz,afternoon,6,86.69,0,0,0,1,0
1672,65,F,mobile,guneydogu_anadolu,evening,14,230.77,0,0,1,0,0
1673,25,F,mobile,dogu_anadolu,morning,3,246.41,0,0,1,0,0
1674,67,M,mobile,akdeniz,afternoon,14,50.19,1,0,0,0,0
1675,40,F,desktop,akdeniz,morning,14,76.86,1,0,0,0,1
1676,46,F,mobile,marmara,evening,4,122.24,0,0,1,0,0
1677,35,M,mobile,akdeniz,morning,2,240.95,0,0,1,0,0
1678,48,M,mobile,guneydogu_anadolu,morning,15,96.03,0,0,0,1,0
1679,47,M,mobile,ic_anadolu,evening,7,46.88,0,0,1,0,1
1680,69,F,mobile,marmara,afternoon,5,58.27,1,0,0,0,0
1681,56,M,desktop,marmara,morning,12,71.83,1,0,0,0,0
1682,52,F,desktop,dogu_anadolu,evening,10,307.42,0,0,0,0,0
1683,35,M,desktop,karadeniz,afternoon,1,126.78,1,1,0,1,0
1684,59,F,mobile,akdeniz,afternoon,14,104.26,0,0,0,0,0
1685,56,M,desktop,ic_anadolu,night,5,170.43,0,0,1,0,0
1686,34,F,mobile,marmara,evening,15,219.96,0,1,1,1,0
1687,31,M,desktop,karadeniz,morning,11,139.76,1,0,0,0,0
1688,48,M,mobile,ic_anadolu,afternoon,3,202.82,0,0,0,1,0
1689,41,F,tablet,ic_anadolu,morning,9,126.54,1,0,0,1,0
1690,52,F,mobile,ege,morning,9,90.87,1,0,0,0,0
1691,61,M,desktop,ege,night,14,63.3,0,0,0,0,0
1692,62,M,mobile,marmara,afternoon,5,153.74,0,0,0,1,0
1693,51,M,desktop,guneydogu_anadolu,night,15,281.98,0,1,0,1,0
1694,20,F,desktop,guneydogu_anadolu,morning,11,98.51,0,1,1,1,0
1695,54,F,desktop,karadeniz,morning,1,73.51,1,0,0,0,0
1696,60,M,desktop,guneydogu_anadolu,afternoon,11,289.15,1,0,0,0,0
1697,57,M,desktop,ic_anadolu,afternoon,8,92.91,1,1,0,0,0
1698,43,M,desktop,marmara,evening,5,55.48,0,0,1,0,0
1699,40,M,desktop,karadeniz,evening,1,314.23,0,0,0,0,0
1700,61,M,mobile,ege,afternoon,15,125.12,0,0,1,0,1
1701,56,M,tablet,ege,evening,2,16.58,1,0,1,0,0
1702,32,F,tablet,marmara,evening,15,157.08,0,0,0,1,0
1703,66,F,desktop,ege,night,5,244.23,1,0,0,0,0
1704,21,M,mobile,ic_anadolu,afternoon,15,167.47,1,0,0,0,0
1705,46,F,tablet,marmara,evening,14,75.8,0,1,0,0,0
1706,39,F,desktop,marmara,afternoon,9,318.54,0,0,1,0,0
1707,42,F,mobile,ic_anadolu,evening,11,125.74,0,0,0,0,1
1708,30,F,mobile,karadeniz,evening,10,210.98,0,0,1,0,0
1709,35,M,tablet,akdeniz,morning,11,58.57,0,1,0,1,0
1710,50,M,tablet,marmara,afternoon,10,233.35,0,1,0,0,0
1711,33,F,mobile,ege,night,8,89.23,0,0,0,0,0
1712,62,F,mobile,karadeniz,afternoon,15,202.94,0,0,0,0,0
1713,59,M,desktop,ic_anadolu,evening,9,179.38,0,0,0,1,0
1714,61,F,desktop,marmara,morning,2,96.61,1,0,0,0,0
1715,19,M,mobile,guneydogu_anadolu,evening,9,199.94,0,0,0,0,0
1716,52,M,desktop,marmara,evening,10,170.13,1,1,1,0,0
1717,59,F,desktop,marmara,afternoon,5,98.48,0,1,0,0,0
1718,51,M,desktop,akdeniz,afternoon,3,155.41,0,0,0,0,0
1719,47,M,tablet,ege,morning,10,112.8,1,0,0,0,0
1720,30,F,desktop,guneydogu_anadolu,morning,14,109.27,0,0,0,0,0
1721,30,M,desktop,marmara,afternoon,8,49.87,0,0,0,0,0
1722,35,F,mobile,ege,evening,2,92.15,0,0,1,1,0
1723,49,F,mobile,ege,night,5,295.98,0,1,0,0,0
1724,49,M,desktop,akdeniz,evening,13,184.81,0,1,1,0,0
1725,52,M,tablet,marmara,evening,12,136.85,0,0,1,0,0
1726,56,M,mobile,marmara,evening,5,369.93,0,0,1,0,0
1727,63,F,mobile,marmara,evening,6,29.07,0,0,1,0,0
1728,69,F,desktop,akdeniz,evening,4,19.13,0,0,0,0,1
1729,46,M,mobile,karadeniz,afternoon,15,64.25,1,0,0,1,0
1730,66,F,mobile,ic_anadolu,afternoon,5,81.63,1,0,0,1,0
1731,46,M,desktop,akdeniz,morning,3,302.74,1,1,0,1,0
1732,70,M,desktop,ege,evening,5,252.27,1,0,1,0,0
1733,61,M,desktop,dogu_anadolu,morning,15,107.23,1,0,0,0,0
1734,33,M,tablet,akdeniz,morning,15,91.78,0,1,0,0,0
1735,61,F,desktop,marmara,afternoon,12,68.72,1,0,0,1,0
1736,64,F,tablet,ic_anadolu,night,10,174.99,0,0,0,1,0
1737,27,F,desktop,ic_anadolu,evening,13,147.42,0,0,0,0,0
1738,47,M,mobile,ege,afternoon,6,71.55,0,0,0,1,1
1739,42,M,mobile,marmara,evening,13,96.1,1,0,1,0,0
1740,56,M,desktop,marmara,night,1,66.0,1,0,0,1,0
1741,37,M,mobile,karadeniz,afternoon,13,227.39,0,0,0,0,0
1742,22,M,desktop,marmara,afternoon,4,110.34,0,0,1,0,0
1743,18,F,desktop,ic_anadolu,afternoon,10,105.36,0,0,0,0,0
1744,47,F,mobile,marmara,afternoon,14,202.32,0,1,1,0,0
1745,66,F,desktop,marmara,night,15,186.97,1,1,0,0,1
1746,20,M,mobile,marmara,evening,12,142.32,1,0,1,0,0
1747,62,F,desktop,marmara,evening,6,63.61,0,0,0,0,0
1748,31,M,desktop,marmara,evening,13,134.59,1,1,0,0,1
1749,47,M,mobile,ic_anadolu,night,2,101.75,1,0,0,0,0
1750,67,M,mobile,akdeniz,afternoon,10,309.45,0,1,1,0,0
1751,21,M,desktop,karadeniz,afternoon,5,49.01,0,0,1,0,0
1752,35,F,mobile,marmara,morning,11,103.74,0,0,0,0,0
1753,54,F,desktop,dogu_anadolu,evening,9,243.51,0,0,0,0,0
1754,42,M,tablet,guneydogu_anadolu,evening,3,88.13,0,0,1,0,0
1755,65,F,desktop,marmara,evening,3,224.54,0,1,0,0,0
1756,18,F,desktop,guneydogu_anadolu,evening,9,115.16,1,0,1,1,0
1757,70,M,mobile,marmara,afternoon,15,259.52,0,1,0,0,0
1758,63,F,desktop,ic_anadolu,morning,3,300.62,0,0,0,1,0
1759,32,M,desktop,marmara,morning,4,47.61,1,0,0,0,0
1760,26,M,desktop,akdeniz,evening,12,313.57,0,0,0,0,0
1761,32,F,tablet,akdeniz,evening,9,113.91,0,1,0,0,0
1762,66,F,tablet,ege,evening,4,99.02,1,0,0,0,0
1763,41,F,mobile,ic_anadolu,morning,7,32.47,0,1,0,0,0
1764,21,M,mobile,ic_anadolu,morning,4,291.22,0,0,0,0,0
1765,29,F,mobile,akdeniz,evening,10,95.75,0,0,1,1,0
1766,54,M,mobile,guneydogu_anadolu,morning,14,141.0,1,0,1,0,1
1767,54,F,desktop,guneydogu_anadolu,afternoon,9,100.26,0,1,0,0,0
1768,60,F,tablet,guneydogu_anadolu,morning,10,222.8,1,0,1,0,0
1769,23,F,desktop,dogu_anadolu,afternoon,4,245.84,0,0,1,0,0
1770,56,F,desktop,marmara,afternoon,3,103.07,0,1,0,0,0
1771,63,F,tablet,ege,morning,15,60.6,0,1,0,0,0
1772,41,M,mobile,marmara,evening,6,157.76,0,0,1,0,1
1773,28,M,desktop,guneydogu_anadolu,afternoon,13,163.21,0,0,1,0,0
1774,30,F,desktop,marmara,morning,13,80.81,0,0,0,0,1
1775,51,F,mobile,ege,evening,8,148.93,1,0,0,1,0
1776,42,M,mobile,marmara,evening,2,117.42,0,0,0,1,1
1777,24,M,mobile,marmara,morning,13,28.82,0,0,1,0,1
1778,69,F,desktop,marmara,morning,11,104.01,1,0,0,1,0
1779,21,M,tablet,ic_anadolu,morning,2,103.4,1,0,0,0,0
1780,25,F,desktop,marmara,afternoon,10,156.73,0,0,1,0,0
1781,37,M,mobile,akdeniz,evening,7,76.84,0,1,1,1,0
1782,46,F,mobile,karadeniz,morning,10,116.21,0,0,0,0,0
1783,70,F,desktop,karadeniz,afternoon,15,179.46,1,0,0,1,0
1784,68,M,desktop,marmara,morning,13,200.86,0,0,0,0,0
1785,62,F,tablet,dogu_anadolu,afternoon,6,135.62,0,1,0,0,0
1786,63,M,tablet,karadeniz,morning,3,148.12,1,0,1,0,0
1787,27,F,desktop,marmara,night,3,54.76,0,0,1,0,1
1788,60,M,tablet,ic_anadolu,evening,13,180.82,0,0,1,0,0
1789,51,M,desktop,ic_anadolu,afternoon,7,75.4,0,1,0,0,0
1790,43,F,mobile,akdeniz,night,3,140.54,0,0,0,0,0
1791,58,M,desktop,marmara,morning,15,160.05,1,0,0,1,0
1792,66,M,tablet,akdeniz,morning,10,33.1,1,1,0,0,0
1793,20,M,desktop,karadeniz,night,3,48.45,0,0,0,1,0
1794,23,M,mobile,marmara,afternoon,12,96.54,0,0,1,0,1
1795,22,M,mobile,ic_anadolu,night,14,192.08,0,0,0,0,1
1796,22,F,desktop,ege,evening,7,204.47,0,0,0,0,0
1797,64,F,mobile,akdeniz,night,9,50.55,1,0,0,1,0
1798,40,M,desktop,ege,evening,9,212.39,0,0,1,0,0
1799,66,M,mobile,ege,morning,3,278.92,1,1,1,1,0
1800,26,F,desktop,dogu_anadolu,evening,8,67.66,1,0,0,0,0
1801,52,M,mobile,karadeniz,morning,3,68.37,0,1,0,0,1
1802,37,M,tablet,ege,evening,14,34.9,0,0,0,0,0
1803,66,F,desktop,ege,afternoon,12,26.44,0,1,0,0,0
1804,59,F,desktop,ic_anadolu,evening,8,246.62,0,0,0,0,1
1805,52,M,mobile,karadeniz,evening,12,168.7,0,0,1,0,0
1806,67,F,mobile,ic_anadolu,evening,3,189.49,0,0,0,0,1
1807,35,M,tablet,akdeniz,evening,4,196.47,0,0,0,1,0
1808,34,M,desktop,guneydogu_anadolu,evening,7,221.88,0,0,0,1,0
1809,41,F,desktop,karadeniz,afternoon,6,54.47,0,0,1,1,0
1810,20,F,mobile,marmara,night,13,226.47,0,0,0,0,1
1811,49,F,mobile,akdeniz,evening,11,32.9,1,0,1,0,0
1812,52,F,mobile,ege,evening,14,66.31,0,0,0,0,0
1813,55,M,desktop,karadeniz,night,8,56.22,1,1,1,0,0
1814,30,F,desktop,marmara,morning,2,151.61,0,0,0,0,0
1815,64,M,desktop,ege,afternoon,13,87.44,0,0,0,0,0
1816,42,F,tablet,ege,evening,4,116.64,0,1,0,0,1
1817,26,F,desktop,marmara,morning,1,180.38,0,0,0,0,0
1818,21,F,mobile,ege,afternoon,8,79.86,0,0,1,0,0
1819,31,F,mobile,ic_anadolu,evening,15,93.76,0,0,1,0,1
1820,54,F,desktop,ege,morning,4,35.76,0,0,0,0,0
1821,51,F,desktop,ic_anadolu,night,8,206.35,1,0,0,1,0
1822,28,M,mobile,ic_anadolu,night,2,31.28,0,0,1,0,1
1823,58,M,desktop,ic_anadolu,afternoon,15,291.26,1,1,0,1,0
1824,20,F,desktop,akdeniz,evening,8,94.73,0,0,0,1,1
1825,45,F,desktop,marmara,morning,2,117.0,1,0,0,0,0
1826,46,F,mobile,marmara,evening,13,98.05,0,0,0,0,0
1827,26,F,tablet,karadeniz,afternoon,8,202.57,0,0,0,0,0
1828,20,F,mobile,akdeniz,evening,15,106.12,0,0,0,0,0
1829,42,F,mobile,ic_anadolu,morning,15,264.96,1,0,0,1,0
1830,51,F,mobile,akdeniz,evening,1,42.73,0,0,0,0,0
1831,29,F,mobile,marmara,evening,13,55.07,0,0,1,0,0
1832,59,F,tablet,karadeniz,morning,2,255.21,0,0,0,1,0
1833,26,F,mobile,marmara,evening,6,89.13,0,0,1,0,1
1834,32,M,desktop,guneydogu_anadolu,night,1,92.3,0,0,0,0,0
1835,57,F,tablet,marmara,evening,12,155.19,1,0,1,0,0
1836,42,F,mobile,akdeniz,evening,7,115.55,0,0,1,0,0
1837,22,M,desktop,marmara,afternoon,5,398.85,0,0,0,0,0
1838,28,M,tablet,dogu_anadolu,evening,7,56.08,0,0,1,0,0
1839,51,M,desktop,guneydogu_anadolu,morning,2,221.84,1,0,0,1,0
1840,41,M,desktop,marmara,afternoon,2,220.6,0,0,0,1,0
1841,32,F,mobile,marmara,afternoon,15,72.57,0,1,0,0,0
1842,55,M,desktop,marmara,evening,12,51.52,0,1,0,0,1
1843,25,M,mobile,karadeniz,morning,15,138.35,1,1,0,0,1
1844,22,F,desktop,ege,morning,6,98.51,1,0,0,0,0
1845,65,M,desktop,ic_anadolu,evening,14,229.17,0,1,0,0,0
1846,43,M,mobile,marmara,morning,13,118.46,0,0,1,1,0
1847,35,F,mobile,ic_anadolu,afternoon,15,86.29,0,0,0,0,0
1848,23,F,desktop,akdeniz,morning,10,55.5,1,0,0,0,0
1849,54,F,tablet,ic_anadolu,afternoon,3,160.23,1,1,0,0,0
1850,65,F,mobile,karadeniz,night,14,21.79,0,0,0,0,0
1851,30,F,desktop,marmara,evening,13,49.08,1,0,1,0,1
1852,45,M,desktop,akdeniz,morning,8,99.71,0,1,0,1,0
1853,22,M,mobile,ic_anadolu,afternoon,5,81.2,0,0,1,0,0
1854,30,F,mobile,akdeniz,night,11,180.73,0,0,1,0,1
1855,34,M,desktop,marmara,night,4,145.03,0,0,0,1,1
1856,67,F,desktop,karadeniz,morning,14,51.91,0,0,0,0,0
1857,57,F,mobile,guneydogu_anadolu,evening,15,69.66,0,0,0,0,0
1858,62,M,desktop,guneydogu_anadolu,afternoon,7,41.56,1,0,0,1,0
1859,49,M,mobile,karadeniz,afternoon,3,104.26,0,1,0,0,0
1860,46,M,tablet,ege,morning,1,367.16,0,0,0,0,0
1861,68,M,desktop,ege,night,9,294.74,0,0,0,0,0
1862,20,M,tablet,marmara,evening,15,170.99,0,0,0,0,1
1863,57,M,tablet,ege,morning,12,188.45,0,0,0,0,0
1864,51,F,tablet,marmara,evening,6,111.98,1,1,0,0,0
1865,57,M,tablet,marmara,afternoon,5,216.05,0,0,0,0,0
1866,44,M,mobile,dogu_anadolu,morning,4,76.46,0,0,0,0,1
1867,30,M,mobile,guneydogu_anadolu,afternoon,2,173.73,0,0,1,0,0
1868,62,F,mobile,guneydogu_anadolu,evening,7,152.18,0,0,0,0,0
1869,50,M,mobile,marmara,morning,7,161.67,0,0,0,1,0
1870,23,M,tablet,dogu_anadolu,afternoon,12,175.26,0,0,1,1,0
1871,41,F,desktop,marmara,afternoon,14,125.84,1,0,0,1,0
1872,36,M,desktop,akdeniz,evening,13,174.98,0,0,0,0,0
1873,33,F,desktop,ic_anadolu,morning,8,149.79,0,0,0,0,0
1874,57,F,mobile,akdeniz,morning,5,63.7,1,0,0,0,0
1875,45,M,mobile,guneydogu_anadolu,afternoon,3,182.11,0,0,0,0,0
1876,50,F,mobile,ege,afternoon,13,60.64,0,0,1,0,1
1877,65,F,desktop,akdeniz,evening,5,75.71,0,0,0,0,0
1878,58,M,mobile,marmara,night,11,105.25,0,0,0,0,0
1879,30,M,desktop,dogu_anadolu,morning,4,365.69,0,0,0,0,0
1880,60,F,mobile,ege,evening,14,184.09,0,0,0,0,0
1881,62,M,desktop,ic_anadolu,morning,8,62.23,0,0,0,1,0
1882,42,M,tablet,ic_anadolu,morning,6,236.82,0,1,0,1,0
1883,70,M,mobile,ic_anadolu,afternoon,9,40.5,0,0,0,0,0
1884,59,M,mobile,akdeniz,evening,15,160.45,0,0,0,0,0
1885,53,M,mobile,marmara,evening,7,64.57,1,0,0,0,1
1886,44,F,mobile,ic_anadolu,evening,2,272.54,0,0,0,1,0
1887,55,F,desktop,guneydogu_anadolu,morning,9,130.45,0,0,0,1,0
1888,24,M,mobile,karadeniz,evening,13,156.9,0,0,0,0,0
1889,22,M,tablet,marmara,evening,13,163.12,0,0,0,0,1
1890,60,F,mobile,marmara,afternoon,6,94.8,0,0,0,0,0
1891,62,M,mobile,akdeniz,night,12,124.43,1,1,0,1,0
1892,68,M,tablet,karadeniz,morning,11,146.79,0,0,0,0,0
1893,48,F,mobile,ege,evening,7,183.21,0,0,1,0,0
1894,40,F,mobile,ic_anadolu,afternoon,12,58.48,0,0,0,1,0
1895,59,F,mobile,guneydogu_anadolu,evening,2,88.33,0,0,0,0,0
1896,27,M,tablet,akdeniz,evening,9,27.85,0,0,0,0,1
1897,49,F,tablet,marmara,afternoon,1,309.79,0,0,0,0,0
1898,60,F,tablet,dogu_anadolu,night,6,76.33,0,0,0,0,1
1899,70,M,mobile,akdeniz,morning,15,306.7,1,0,0,0,0
1900,47,M,desktop,ege,morning,8,25.94,1,0,1,0,0
1901,56,F,desktop,ege,night,2,30.74,1,0,0,0,1
1902,48,F,desktop,ege,morning,3,37.42,1,0,0,0,0
1903,35,M,tablet,ic_anadolu,afternoon,10,175.5,0,0,0,0,1
1904,53,M,tablet,ege,evening,15,95.82,0,0,0,0,0
1905,19,M,mobile,ege,evening,10,374.21,0,0,1,0,1
1906,31,M,mobile,ic_anadolu,night,7,139.87,0,0,1,0,1
1907,30,F,desktop,marmara,evening,13,80.75,0,0,0,0,1
1908,46,F,mobile,marmara,evening,14,182.92,0,0,0,1,0
1909,29,F,mobile,ic_anadolu,night,12,234.72,1,0,0,0,0
1910,56,F,mobile,dogu_anadolu,afternoon,12,240.43,1,0,0,0,0
1911,19,M,desktop,marmara,afternoon,1,266.22,0,1,0,0,0
1912,49,F,mobile,marmara,evening,5,154.47,0,1,1,0,0
1913,30,F,desktop,ic_anadolu,morning,11,80.76,1,0,0,1,0
1914,63,M,tablet,ic_anadolu,morning,6,97.22,0,0,0,0,0
1915,44,F,desktop,ege,evening,10,71.74,0,0,1,0,0
1916,66,F,tablet,marmara,night,7,113.13,0,0,0,0,0
1917,58,F,desktop,marmara,afternoon,13,205.72,0,0,0,0,0
1918,34,M,desktop,karadeniz,morning,10,131.82,1,0,0,1,0
1919,57,M,mobile,akdeniz,afternoon,12,286.18,1,0,0,0,0
1920,48,F,mobile,dogu_anadolu,afternoon,15,247.69,0,0,0,0,0
1921,51,M,mobile,akdeniz,afternoon,8,225.81,0,1,1,1,0
1922,41,M,desktop,ic_anadolu,evening,3,51.92,0,0,0,0,1
1923,62,M,desktop,guneydogu_anadolu,morning,14,219.99,1,0,0,0,0
1924,52,M,mobile,marmara,afternoon,9,84.23,1,0,0,0,1
1925,65,M,desktop,akdeniz,evening,1,174.73,0,0,0,0,0
1926,23,M,desktop,marmara,evening,11,124.99,0,0,1,0,0
1927,36,F,mobile,ege,morning,5,56.74,0,0,0,0,0
1928,47,F,desktop,marmara,afternoon,15,63.02,0,0,0,0,1
1929,24,F,desktop,marmara,morning,7,134.09,1,0,0,0,0
1930,27,M,desktop,guneydogu_anadolu,night,7,94.84,0,1,0,0,0
1931,58,M,tablet,ic_anadolu,morning,4,60.75,1,0,0,1,0
1932,49,M,desktop,dogu_anadolu,night,1,236.77,1,0,0,1,1
1933,51,F,tablet,ege,evening,15,50.36,0,0,1,0,0
1934,45,M,desktop,ic_anadolu,afternoon,14,30.17,0,0,1,0,1
1935,32,M,mobile,marmara,afternoon,15,212.36,0,1,1,1,0
1936,47,M,desktop,akdeniz,evening,8,67.32,1,0,1,0,0
1937,54,M,mobile,akdeniz,morning,4,38.94,1,0,1,1,1
1938,46,M,mobile,marmara,morning,2,163.17,0,0,0,0,0
1939,39,M,mobile,karadeniz,morning,5,105.89,0,0,0,0,0
1940,21,M,mobile,marmara,evening,10,212.24,0,0,1,0,1
1941,37,M,mobile,akdeniz,afternoon,9,302.62,0,0,0,0,1
1942,49,F,desktop,akdeniz,night,5,24.01,0,1,1,0,0
1943,53,F,mobile,guneydogu_anadolu,morning,15,94.84,0,1,0,1,0
1944,67,M,mobile,marmara,evening,3,37.07,0,0,1,1,0
1945,21,F,tablet,akdeniz,morning,7,191.01,0,1,0,1,0
1946,44,M,desktop,akdeniz,afternoon,3,72.9,0,0,1,1,0
1947,34,F,tablet,marmara,morning,6,40.26,0,0,1,0,0
1948,29,M,mobile,ic_anadolu,night,10,86.52,0,0,0,0,0
1949,39,F,mobile,marmara,morning,13,249.12,0,1,0,0,0
1950,34,F,desktop,marmara,evening,5,55.61,0,0,1,0,0
1951,27,M,mobile,marmara,morning,11,90.97,1,0,0,0,0
1952,18,F,mobile,karadeniz,evening,6,47.13,0,0,0,0,1
1953,39,F,mobile,marmara,afternoon,9,227.13,0,0,1,0,1
1954,43,F,tablet,akdeniz,morning,1,42.45,0,0,0,0,0
1955,35,M,mobile,marmara,evening,5,259.85,0,0,0,0,0
1956,67,F,mobile,marmara,morning,15,155.65,0,0,0,0,0
1957,31,M,tablet,marmara,afternoon,11,361.77,0,1,0,0,0
1958,64,M,mobile,akdeniz,morning,14,40.6,1,0,0,1,0
1959,46,M,mobile,marmara,evening,2,147.61,0,0,1,1,0
1960,29,M,desktop,marmara,afternoon,12,21.4,1,1,1,0,0
1961,53,M,desktop,karadeniz,morning,13,23.22,1,1,0,1,0
1962,52,F,mobile,akdeniz,evening,11,165.87,0,0,1,0,1
1963,69,M,tablet,marmara,morning,8,45.65,0,0,0,0,0
1964,29,F,desktop,akdeniz,afternoon,8,81.53,0,0,1,0,1
1965,24,M,desktop,marmara,evening,14,219.83,0,0,0,0,0
1966,46,F,mobile,ic_anadolu,night,15,201.03,0,0,0,0,0
1967,28,M,desktop,ege,morning,7,117.48,0,1,0,1,1
1968,50,F,mobile,marmara,evening,10,147.93,0,0,1,1,0
1969,23,F,mobile,marmara,afternoon,15,378.78,0,0,0,0,0
1970,64,M,desktop,ege,afternoon,11,135.44,1,0,0,0,0
1971,32,M,tablet,karadeniz,afternoon,11,188.96,0,0,0,0,1
1972,49,F,mobile,marmara,morning,13,139.64,0,0,1,1,0
1973,68,M,mobile,marmara,afternoon,4,49.13,0,0,1,0,0
1974,28,M,desktop,akdeniz,evening,7,53.41,0,0,0,1,0
1975,40,M,mobile,akdeniz,afternoon,8,85.32,0,0,1,0,0
1976,43,M,tablet,marmara,morning,5,149.6,0,0,0,1,0
1977,51,F,desktop,marmara,morning,15,358.6,1,0,0,0,0
1978,63,F,desktop,marmara,afternoon,9,194.93,0,1,1,0,0
1979,51,M,desktop,marmara,afternoon,4,48.34,0,0,0,0,0
1980,46,M,desktop,ege,morning,3,198.37,1,0,0,0,0
1981,21,F,desktop,marmara,afternoon,13,161.53,1,0,1,0,1
1982,34,F,desktop,ic_anadolu,evening,11,77.04,1,0,0,0,0
1983,52,M,tablet,guneydogu_anadolu,morning,3,101.05,0,0,0,0,0
1984,30,F,mobile,ic_anadolu,evening,3,22.91,0,0,1,0,1
1985,58,F,desktop,ege,night,1,295.96,1,0,0,0,0
1986,56,F,mobile,ic_anadolu,morning,3,88.71,1,0,0,0,0
1987,32,F,desktop,akdeniz,morning,8,79.98,0,0,1,0,0
1988,46,F,mobile,karadeniz,afternoon,13,231.93,0,0,1,0,1
1989,46,M,desktop,ic_anadolu,morning,6,60.95,1,1,1,0,0
1990,28,F,desktop,ic_anadolu,evening,2,139.55,0,0,0,1,0
1991,69,F,tablet,marmara,afternoon,8,136.84,1,0,0,1,0
1992,49,F,desktop,ege,afternoon,13,92.18,0,1,0,0,0
1993,19,F,mobile,ege,morning,7,59.98,0,0,0,0,0
1994,64,F,mobile,marmara,morning,14,154.44,0,0,0,0,1
1995,31,F,desktop,ege,morning,4,84.3,1,0,1,0,0
1996,37,M,mobile,akdeniz,afternoon,15,174.35,0,0,0,0,0
1997,39,F,mobile,ic_anadolu,morning,3,134.33,0,0,1,0,0
1998,28,F,desktop,guneydogu_anadolu,evening,12,72.75,1,0,1,0,0
1999,44,F,desktop,marmara,morning,13,248.16,0,0,0,0,0
2000,20,M,desktop,marmara,evening,1,22.89,0,0,0,0,1
2001,34,M,tablet,dogu_anadolu,afternoon,4,105.07,1,1,1,1,0
2002,61,F,mobile,guneydogu_anadolu,morning,12,31.16,0,0,0,0,1
2003,45,M,desktop,akdeniz,morning,15,242.72,1,0,1,1,0
2004,46,F,tablet,marmara,evening,13,158.3,0,0,1,1,0
2005,38,M,desktop,akdeniz,afternoon,9,144.58,0,0,0,0,0
2006,64,F,desktop,marmara,morning,10,91.86,0,0,0,0,0
2007,33,M,desktop,dogu_anadolu,morning,10,124.18,1,1,1,0,0
2008,54,M,mobile,ic_anadolu,night,7,90.31,1,0,1,0,0
2009,37,F,desktop,marmara,evening,1,210.86,0,0,1,0,0
2010,23,M,mobile,dogu_anadolu,afternoon,14,100.23,0,0,1,0,1
2011,36,M,tablet,ic_anadolu,afternoon,8,40.62,0,0,0,1,0
2012,22,F,desktop,guneydogu_anadolu,afternoon,12,20.0,0,0,0,0,1
2013,20,F,desktop,guneydogu_anadolu,morning,9,412.1,0,0,0,0,0
2014,18,F,desktop,marmara,evening,2,124.66,0,0,0,0,0
2015,55,M,mobile,marmara,evening,8,236.57,0,0,0,0,1
2016,32,M,tablet,akdeniz,afternoon,15,169.13,0,0,1,1,0
2017,51,F,desktop,guneydogu_anadolu,evening,7,203.65,1,0,0,0,0
2018,52,M,desktop,guneydogu_anadolu,afternoon,11,146.24,1,0,0,0,0
2019,66,M,desktop,akdeniz,morning,13,178.29,0,1,0,0,0
2020,42,M,desktop,marmara,morning,1,83.33,0,0,0,0,0
2021,41,M,mobile,marmara,afternoon,14,297.52,0,0,0,1,0
2022,29,M,desktop,karadeniz,morning,11,139.77,1,0,0,0,0
2023,35,F,desktop,ic_anadolu,afternoon,5,164.23,0,0,0,0,0
2024,32,F,mobile,akdeniz,morning,13,114.76,0,0,0,0,0
2025,61,M,desktop,akdeniz,morning,11,66.88,1,0,1,1,0
2026,33,F,mobile,ic_anadolu,night,5,66.04,0,1,0,0,0
2027,44,M,desktop,dogu_anadolu,night,3,237.31,1,0,0,0,0
2028,25,F,tablet,ege,afternoon,2,21.89,0,1,1,0,0
2029,63,F,desktop,marmara,evening,14,160.96,1,1,0,0,1
2030,42,M,tablet,ic_anadolu,evening,1,95.93,0,1,0,1,0
2031,34,M,desktop,dogu_anadolu,evening,15,106.5,0,1,1,1,0
2032,46,F,mobile,ege,morning,8,195.1,0,0,0,1,0
2033,70,M,desktop,marmara,afternoon,7,87.21,0,0,0,1,0
2034,25,M,mobile,marmara,afternoon,3,112.39,0,0,1,0,0
2035,32,M,desktop,marmara,afternoon,2,79.55,0,0,0,0,0
2036,44,F,mobile,marmara,morning,15,221.79,0,0,1,0,1
2037,63,M,mobile,ic_anadolu,evening,6,264.74,0,0,0,0,0
2038,67,M,mobile,marmara,morning,5,154.41,0,1,0,0,0
2039,69,F,mobile,ic_anadolu,morning,15,56.7,0,0,0,1,0
2040,24,M,desktop,marmara,afternoon,3,202.69,0,1,0,0,0
2041,20,M,desktop,marmara,morning,3,52.37,0,0,0,0,0
2042,46,M,mobile,akdeniz,evening,15,83.62,0,0,0,0,0
2043,61,M,desktop,akdeniz,evening,1,164.22,1,0,0,1,0
2044,70,F,desktop,marmara,evening,3,24.17,1,0,0,0,0
2045,41,F,desktop,karadeniz,afternoon,9,130.0,1,1,0,1,0
2046,20,M,desktop,marmara,afternoon,2,199.82,0,0,0,0,0
2047,37,M,mobile,ege,evening,2,88.21,0,0,0,0,0
2048,63,M,mobile,akdeniz,afternoon,11,123.88,0,0,0,0,0
2049,32,M,tablet,dogu_anadolu,afternoon,5,70.61,0,0,1,0,0
2050,42,F,desktop,ege,afternoon,8,144.99,0,0,0,0,0
2051,47,F,tablet,ege,night,11,500.0,0,1,1,0,0
2052,31,F,mobile,akdeniz,night,5,122.59,0,0,0,1,0
2053,24,F,tablet,ege,morning,8,180.31,0,0,0,0,0
2054,34,M,mobile,ic_anadolu,morning,14,111.85,0,0,1,1,0
2055,61,F,mobile,marmara,evening,7,259.77,0,0,1,0,0
2056,37,M,desktop,karadeniz,morning,6,210.92,0,0,1,1,0
2057,53,F,desktop,marmara,morning,6,269.24,1,1,0,0,0
2058,26,M,desktop,guneydogu_anadolu,morning,6,41.05,0,0,1,0,0
2059,55,M,tablet,ege,afternoon,2,133.34,1,0,0,1,0
2060,65,F,tablet,dogu_anadolu,afternoon,10,68.89,1,1,0,0,0
2061,39,F,mobile,ege,afternoon,11,353.51,0,1,1,0,0
2062,70,F,tablet,marmara,night,9,208.58,0,1,0,0,0
2063,70,M,tablet,marmara,afternoon,7,127.78,0,1,1,1,0
2064,19,F,mobile,dogu_anadolu,morning,3,206.3,0,0,0,0,0
2065,41,M,mobile,ege,afternoon,4,77.79,0,0,1,0,0
2066,25,M,mobile,ege,morning,5,106.26,0,0,0,0,0
2067,28,M,mobile,marmara,night,9,174.66,0,0,0,1,0
2068,30,F,desktop,guneydogu_anadolu,morning,9,176.42,0,0,0,0,1
2069,34,M,mobile,marmara,night,11,196.95,0,0,0,0,0
2070,25,F,mobile,marmara,afternoon,3,68.51,0,0,1,0,0
2071,38,F,mobile,guneydogu_anadolu,evening,15,277.21,1,1,0,0,1
2072,35,M,tablet,dogu_anadolu,evening,6,53.74,0,0,0,0,0
2073,47,M,desktop,marmara,night,8,155.86,0,0,0,0,0
2074,35,F,desktop,dogu_anadolu,evening,3,56.05,1,0,1,0,0
2075,63,F,mobile,marmara,evening,11,73.62,0,0,0,0,0
2076,64,F,mobile,marmara,evening,9,184.72,0,0,1,0,0
2077,48,M,desktop,karadeniz,evening,4,85.46,1,0,0,0,1
2078,55,F,mobile,karadeniz,night,7,168.45,0,1,0,0,0
2079,49,M,mobile,marmara,morning,14,254.68,1,0,1,0,0
2080,28,M,tablet,marmara,morning,12,110.84,1,0,1,0,0
2081,62,M,mobile,marmara,morning,9,212.49,0,0,0,0,0
2082,42,F,desktop,karadeniz,afternoon,14,163.8,1,0,1,0,0
2083,50,M,mobile,guneydogu_anadolu,evening,12,157.77,0,1,0,0,0
2084,55,M,tablet,marmara,morning,11,38.86,1,0,0,1,0
2085,58,M,mobile,karadeniz,afternoon,6,37.32,0,0,0,0,0
2086,25,F,mobile,marmara,evening,5,184.58,0,0,1,0,1
2087,28,F,desktop,ic_anadolu,evening,4,52.57,0,1,1,0,0
2088,39,F,tablet,marmara,evening,5,299.01,0,0,0,0,0
2089,68,M,mobile,ic_anadolu,morning,3,85.61,0,0,0,1,0
2090,41,M,mobile,marmara,night,9,150.96,0,0,0,0,0
2091,58,M,desktop,dogu_anadolu,morning,12,81.53,1,1,0,0,0
2092,34,F,tablet,marmara,evening,2,58.11,1,0,1,0,0
2093,29,F,mobile,ege,morning,12,75.15,0,0,1,0,0
2094,63,F,tablet,karadeniz,morning,7,376.7,1,0,0,1,0
2095,49,F,desktop,ege,night,4,368.69,0,0,0,0,0
2096,32,F,desktop,marmara,evening,8,51.29,1,0,1,0,0
2097,33,M,desktop,akdeniz,afternoon,7,312.55,0,0,1,0,0
2098,39,M,mobile,karadeniz,evening,9,119.61,0,0,1,0,0
2099,45,M,mobile,ege,afternoon,4,95.53,0,0,0,0,0
2100,37,F,mobile,marmara,morning,12,52.63,0,0,0,0,0
2101,50,F,mobile,ege,evening,2,492.25,0,0,1,0,1
2102,27,F,mobile,guneydogu_anadolu,evening,8,87.5,0,0,0,0,0
2103,57,M,desktop,marmara,night,12,106.66,0,1,0,0,0
2104,49,F,desktop,ege,afternoon,9,88.08,1,0,0,0,0
2105,67,M,tablet,ic_anadolu,evening,6,147.14,0,1,1,0,0
2106,50,F,mobile,marmara,afternoon,7,76.62,0,1,1,0,0
2107,19,M,mobile,ege,afternoon,6,272.68,0,0,1,0,1
2108,50,M,mobile,guneydogu_anadolu,afternoon,2,241.8,0,0,1,0,0
2109,50,F,mobile,marmara,night,14,167.35,0,1,0,1,1
2110,58,M,desktop,karadeniz,morning,9,154.03,1,1,0,0,0
2111,30,F,mobile,karadeniz,morning,6,125.59,0,1,1,0,0
2112,47,M,tablet,marmara,evening,12,99.64,0,1,0,0,0
2113,50,F,mobile,marmara,morning,15,68.73,0,0,0,1,0
2114,30,F,desktop,dogu_anadolu,night,3,191.39,0,0,1,0,0
2115,69,M,mobile,karadeniz,morning,4,204.27,1,0,1,1,0
2116,43,M,desktop,marmara,evening,4,350.81,0,1,0,0,0
2117,39,F,desktop,marmara,afternoon,13,133.76,0,0,1,0,0
2118,56,M,tablet,ic_anadolu,morning,12,93.04,0,1,0,0,0
2119,19,F,desktop,ege,evening,9,147.1,0,0,0,0,0
2120,55,F,tablet,akdeniz,evening,11,108.72,0,0,0,0,0
2121,56,M,mobile,guneydogu_anadolu,morning,7,139.57,1,0,0,0,0
2122,43,F,mobile,ege,morning,4,52.91,1,0,0,0,0
2123,63,F,mobile,dogu_anadolu,afternoon,6,136.01,1,1,1,0,0
2124,67,M,desktop,ic_anadolu,afternoon,12,36.82,0,0,0,0,0
2125,32,F,mobile,marmara,afternoon,15,304.01,1,1,0,1,1
2126,51,M,tablet,ic_anadolu,afternoon,7,89.82,0,0,0,1,0
2127,59,F,mobile,akdeniz,afternoon,8,172.63,0,0,0,0,0
2128,61,F,mobile,marmara,afternoon,6,197.75,0,0,1,1,0
2129,66,F,tablet,marmara,afternoon,8,66.64,0,0,0,0,0
2130,57,M,desktop,akdeniz,morning,8,34.84,1,0,1,0,0
2131,28,M,desktop,ic_anadolu,evening,14,326.1,0,0,0,0,0
2132,20,F,desktop,guneydogu_anadolu,evening,4,82.52,0,0,0,0,0
2133,23,F,mobile,dogu_anadolu,morning,9,127.37,0,1,0,1,0
2134,26,M,mobile,marmara,morning,13,80.1,0,0,0,0,0
2135,23,F,mobile,karadeniz,morning,14,85.66,0,1,1,0,0
2136,26,M,tablet,marmara,evening,9,93.15,0,1,1,1,0
2137,56,F,mobile,marmara,afternoon,12,183.73,0,0,1,0,0
2138,48,M,desktop,marmara,afternoon,4,100.73,1,0,0,0,0
2139,49,F,desktop,ic_anadolu,night,9,32.04,0,0,0,0,1
2140,58,M,tablet,marmara,afternoon,12,214.54,0,1,0,0,0
2141,67,M,desktop,ege,evening,4,92.59,0,0,0,0,0
2142,29,F,mobile,marmara,morning,2,108.19,0,0,1,1,0
2143,25,F,desktop,ege,afternoon,4,449.5,1,0,1,0,0
2144,25,M,desktop,guneydogu_anadolu,morning,2,123.76,0,0,1,0,0
2145,67,M,mobile,guneydogu_anadolu,afternoon,7,128.68,0,1,1,0,0
2146,45,F,desktop,ic_anadolu,afternoon,13,280.72,0,0,0,1,0
2147,37,F,tablet,akdeniz,evening,15,67.13,0,0,0,0,0
2148,64,M,mobile,ic_anadolu,evening,15,394.35,0,0,0,0,1
2149,24,F,mobile,karadeniz,morning,9,31.21,0,0,0,1,0
2150,28,M,mobile,ic_anadolu,evening,7,212.6,0,0,1,0,0
2151,37,F,mobile,marmara,morning,9,211.73,0,0,0,1,1
2152,33,M,tablet,ege,afternoon,6,96.54,1,0,0,0,1
2153,21,M,desktop,ege,evening,11,74.35,0,0,0,0,0
2154,23,M,desktop,ege,evening,7,114.68,1,0,1,0,1
2155,39,F,desktop,ege,afternoon,12,56.07,1,0,0,0,0
2156,43,M,tablet,karadeniz,morning,5,62.22,0,0,0,1,0
2157,20,F,tablet,ic_anadolu,afternoon,8,63.18,1,0,0,0,1
2158,58,M,desktop,marmara,morning,2,76.89,1,0,0,0,0
2159,59,M,mobile,marmara,night,3,93.57,1,0,1,0,1
2160,31,F,desktop,ic_anadolu,afternoon,11,218.31,0,1,0,0,0
2161,28,M,desktop,marmara,night,8,94.65,1,1,1,0,0
2162,35,F,mobile,marmara,night,8,258.15,0,1,0,0,0
2163,29,M,desktop,karadeniz,afternoon,2,139.34,0,0,0,0,0
2164,40,M,mobile,akdeniz,morning,6,116.47,1,0,1,0,0
2165,29,M,mobile,dogu_anadolu,evening,13,28.98,0,0,1,0,1
2166,30,F,mobile,karadeniz,morning,11,129.77,0,0,0,1,0
2167,42,F,mobile,dogu_anadolu,afternoon,9,66.5,1,1,0,1,1
2168,62,M,mobile,marmara,morning,6,105.13,1,0,0,1,0
2169,68,F,mobile,marmara,afternoon,11,200.86,0,0,0,1,0
2170,36,F,desktop,marmara,morning,6,84.82,0,0,0,0,0
2171,63,F,mobile,marmara,afternoon,14,170.55,0,0,0,0,1
2172,53,F,desktop,akdeniz,evening,3,142.53,0,0,1,0,0
2173,62,M,desktop,karadeniz,night,9,184.18,0,0,0,0,1
2174,25,F,mobile,guneydogu_anadolu,morning,10,57.36,0,0,1,0,0
2175,46,M,tablet,dogu_anadolu,afternoon,15,209.49,0,0,0,0,1
2176,70,F,desktop,akdeniz,afternoon,5,104.29,0,0,0,0,0
2177,49,F,desktop,ic_anadolu,morning,6,477.81,0,0,0,0,0
2178,68,F,desktop,marmara,evening,4,70.55,1,0,0,0,0
2179,61,F,desktop,ege,evening,3,54.8,0,0,0,0,1
2180,35,F,mobile,dogu_anadolu,morning,12,154.69,0,0,0,0,0
2181,23,M,desktop,marmara,evening,14,41.49,0,0,0,0,0
2182,35,F,mobile,akdeniz,evening,7,123.61,0,0,1,0,1
2183,36,F,mobile,dogu_anadolu,morning,14,229.3,1,1,0,0,1
2184,39,F,mobile,marmara,evening,5,160.56,0,0,0,1,0
2185,54,F,mobile,guneydogu_anadolu,afternoon,13,42.86,0,0,0,0,0
2186,49,M,desktop,marmara,evening,2,184.03,0,0,0,0,0
2187,58,M,desktop,dogu_anadolu,afternoon,15,124.5,0,0,0,0,0
2188,20,F,mobile,ege,morning,7,120.36,0,1,1,1,0
2189,45,F,desktop,marmara,evening,14,73.85,0,0,1,1,0
2190,27,M,mobile,marmara,afternoon,9,70.94,0,1,1,0,0
2191,68,F,desktop,ic_anadolu,evening,14,27.14,1,0,0,1,0
2192,52,M,desktop,dogu_anadolu,morning,3,120.08,1,0,0,0,0
2193,46,F,desktop,ic_anadolu,evening,6,58.56,1,0,0,1,0
2194,32,M,desktop,dogu_anadolu,afternoon,11,338.27,1,0,0,0,0
2195,50,M,tablet,karadeniz,evening,14,153.04,0,0,1,0,0
2196,24,M,desktop,marmara,evening,9,106.86,0,0,1,0,0
2197,29,F,tablet,ic_anadolu,afternoon,15,199.11,1,0,1,1,0
2198,66,F,mobile,ege,morning,15,94.69,0,0,0,0,0
2199,47,F,tablet,akdeniz,evening,1,99.59,0,0,0,1,1
2200,38,F,mobile,marmara,afternoon,4,72.84,0,0,0,0,0
2201,48,F,tablet,marmara,night,13,140.25,0,0,0,0,0
2202,41,F,desktop,ic_anadolu,afternoon,2,291.06,0,0,0,1,0
2203,37,M,mobile,marmara,evening,14,173.49,0,1,0,0,0
2204,54,M,desktop,ic_anadolu,evening,8,148.64,1,0,0,0,0
2205,21,F,mobile,dogu_anadolu,evening,10,500.0,0,0,0,0,1
2206,45,F,mobile,marmara,evening,12,64.29,0,1,1,0,1
2207,61,M,mobile,karadeniz,morning,8,97.5,0,1,0,0,1
2208,37,F,desktop,ic_anadolu,afternoon,3,104.95,0,0,1,0,0
2209,41,M,desktop,marmara,afternoon,10,124.44,0,0,0,0,0
2210,67,F,mobile,karadeniz,afternoon,9,312.46,0,0,0,1,1
2211,66,F,mobile,marmara,afternoon,11,205.46,0,0,0,1,0
2212,68,F,desktop,marmara,afternoon,15,152.93,1,0,0,0,0
2213,49,F,tablet,marmara,afternoon,7,30.01,1,0,0,1,0
2214,58,M,tablet,akdeniz,afternoon,14,313.22,0,1,0,1,0
2215,53,M,tablet,akdeniz,evening,2,46.39,0,0,0,1,0
2216,70,F,mobile,ege,morning,13,39.97,0,0,0,0,0
2217,51,M,desktop,marmara,afternoon,7,154.9,0,0,0,0,0
2218,53,F,tablet,karadeniz,evening,1,102.79,0,0,0,0,1
2219,19,M,mobile,dogu_anadolu,morning,9,267.35,0,0,0,0,0
2220,32,M,desktop,akdeniz,afternoon,12,77.92,1,0,0,0,0
2221,51,F,mobile,marmara,afternoon,5,33.37,0,1,0,0,0
2222,53,F,desktop,marmara,evening,9,68.26,0,1,0,0,0
2223,23,F,mobile,dogu_anadolu,afternoon,13,179.02,0,1,0,0,0
2224,56,M,desktop,marmara,morning,11,205.57,1,0,0,1,0
2225,59,M,mobile,marmara,afternoon,12,208.29,0,0,0,0,1
2226,68,M,mobile,akdeniz,morning,3,74.15,1,0,0,0,0
2227,68,M,mobile,ic_anadolu,evening,12,195.49,1,1,0,0,0
2228,29,F,desktop,akdeniz,evening,7,30.89,0,0,0,0,0
2229,20,F,mobile,marmara,evening,10,38.71,0,0,1,0,1
2230,62,M,mobile,ic_anadolu,afternoon,3,290.6,0,0,0,1,0
2231,35,F,desktop,ic_anadolu,evening,14,267.1,0,0,0,0,0
2232,57,M,tablet,ic_anadolu,afternoon,6,64.38,0,0,0,0,0
2233,38,F,mobile,marmara,morning,15,68.36,0,0,0,0,0
2234,32,F,tablet,karadeniz,morning,11,81.15,1,0,1,1,0
2235,50,F,desktop,akdeniz,evening,2,199.65,1,0,0,1,0
2236,52,M,desktop,akdeniz,night,8,59.95,0,0,0,0,0
2237,43,F,desktop,akdeniz,morning,6,258.38,0,0,0,0,0
2238,25,M,mobile,marmara,evening,13,497.82,0,0,1,1,1
2239,53,F,desktop,marmara,evening,15,56.8,0,0,0,0,0
2240,65,M,mobile,marmara,afternoon,11,107.0,0,0,0,1,1
2241,47,M,desktop,ege,evening,12,108.77,0,0,1,0,0
2242,40,F,desktop,akdeniz,morning,3,269.36,0,0,0,1,0
2243,59,M,mobile,ic_anadolu,evening,5,128.4,0,0,0,0,0
2244,61,F,tablet,marmara,evening,7,166.12,0,1,0,0,0
2245,31,F,desktop,dogu_anadolu,afternoon,9,88.16,1,0,0,0,0
2246,31,F,mobile,marmara,evening,11,78.84,0,0,1,0,1
2247,19,M,mobile,ege,morning,10,147.55,0,0,0,0,0
2248,54,M,mobile,marmara,evening,4,109.15,0,0,0,0,0
2249,22,M,tablet,ic_anadolu,morning,9,49.65,0,0,0,1,1
2250,55,M,tablet,ic_anadolu,evening,15,139.16,0,0,1,0,0
2251,62,M,desktop,dogu_anadolu,afternoon,6,96.38,0,0,1,0,0
2252,58,F,mobile,ege,evening,3,156.08,0,0,0,0,0
2253,64,M,mobile,marmara,afternoon,9,164.66,0,0,1,0,0
2254,31,F,mobile,ic_anadolu,evening,4,153.24,0,0,1,0,1
2255,56,M,desktop,ic_anadolu,afternoon,11,405.81,1,0,0,0,0
2256,42,M,tablet,guneydogu_anadolu,morning,13,83.86,1,1,0,0,0
2257,37,M,mobile,marmara,afternoon,15,126.48,0,0,0,1,0
2258,19,M,desktop,ic_anadolu,evening,8,186.48,0,0,0,0,0
2259,56,F,desktop,marmara,afternoon,11,140.75,1,0,0,0,0
2260,23,M,tablet,akdeniz,afternoon,7,266.42,0,0,1,1,0
2261,34,F,desktop,marmara,evening,7,130.2,1,0,1,0,0
2262,42,M,mobile,ic_anadolu,evening,12,264.93,0,0,1,0,0
2263,45,M,desktop,ic_anadolu,morning,13,207.92,1,0,0,1,0
2264,19,M,desktop,marmara,afternoon,14,113.48,0,0,1,0,0
2265,52,M,desktop,ege,morning,7,69.65,0,0,0,0,0
2266,54,F,desktop,ege,evening,2,115.34,1,1,0,1,0
2267,22,F,desktop,marmara,evening,8,72.22,0,0,0,0,0
2268,18,M,mobile,marmara,evening,4,63.07,0,0,1,0,0
2269,57,F,mobile,ege,evening,3,106.59,0,0,0,0,0
2270,29,F,desktop,karadeniz,afternoon,10,126.17,0,1,0,1,0
2271,53,M,mobile,ege,afternoon,8,90.07,0,0,0,0,0
2272,62,M,mobile,ege,afternoon,9,177.88,1,0,0,0,0
2273,40,M,mobile,guneydogu_anadolu,morning,13,122.79,1,0,0,0,0
2274,64,F,mobile,marmara,night,7,158.83,0,0,1,0,1
2275,48,M,mobile,karadeniz,afternoon,4,98.94,0,1,0,1,0
2276,28,F,tablet,akdeniz,night,5,35.8,0,0,1,0,0
2277,27,M,mobile,guneydogu_anadolu,evening,7,241.74,0,0,0,0,0
2278,20,F,desktop,ege,evening,8,245.87,0,0,1,0,1
2279,31,M,mobile,ic_anadolu,evening,4,100.09,0,0,1,0,0
2280,33,F,desktop,marmara,morning,6,94.29,0,0,0,0,0
2281,27,F,desktop,dogu_anadolu,afternoon,12,191.27,0,0,0,1,0
2282,46,M,mobile,ege,evening,11,88.07,0,0,1,1,0
2283,27,M,mobile,akdeniz,morning,10,146.14,0,0,1,0,0
2284,29,F,desktop,marmara,morning,14,500.0,1,1,1,0,0
2285,47,M,tablet,guneydogu_anadolu,evening,11,166.2,0,0,0,0,0
2286,58,F,desktop,ic_anadolu,night,12,114.52,0,0,0,0,0
2287,18,M,desktop,marmara,evening,5,276.13,0,0,0,0,0
2288,22,M,tablet,marmara,morning,4,50.25,0,0,1,0,0
2289,37,F,mobile,ege,night,11,108.39,0,0,0,0,0
2290,25,M,mobile,marmara,evening,4,403.24,0,0,1,0,0
2291,60,F,mobile,ege,evening,4,65.13,0,0,0,1,0
2292,29,F,tablet,guneydogu_anadolu,afternoon,13,175.36,0,0,1,0,0
2293,18,M,desktop,ic_anadolu,evening,7,61.34,0,0,1,1,0
2294,37,M,desktop,dogu_anadolu,evening,5,248.53,0,0,0,0,0
2295,45,F,mobile,ege,evening,3,59.47,0,0,0,0,0
2296,60,F,mobile,ic_anadolu,afternoon,10,66.62,0,0,1,0,0
2297,54,F,mobile,akdeniz,evening,13,134.55,0,0,0,0,0
2298,64,M,desktop,ege,night,1,60.37,1,0,0,0,0
2299,54,F,desktop,akdeniz,evening,9,84.07,0,0,1,0,0
2300,29,F,mobile,ege,morning,1,115.09,0,0,1,0,0
2301,54,F,desktop,guneydogu_anadolu,afternoon,4,121.58,0,0,0,0,0
2302,66,F,desktop,akdeniz,afternoon,10,105.65,1,0,1,0,0
2303,66,F,desktop,karadeniz,evening,4,53.8,1,0,0,0,0
2304,61,F,desktop,ic_anadolu,evening,11,265.9,0,1,0,0,0
2305,45,F,mobile,akdeniz,morning,15,264.18,1,1,0,0,0
2306,64,F,mobile,akdeniz,night,10,148.97,1,0,0,0,1
2307,32,M,desktop,ege,evening,1,94.37,0,0,0,0,0
2308,23,F,desktop,marmara,morning,10,71.9,1,0,0,0,0
2309,61,M,mobile,karadeniz,afternoon,14,84.71,0,1,0,0,1
2310,37,M,desktop,dogu_anadolu,morning,9,136.8,1,1,0,0,0
2311,67,M,mobile,marmara,evening,4,49.07,0,0,1,0,0
2312,31,M,mobile,dogu_anadolu,morning,7,253.88,0,0,0,0,0
2313,19,F,tablet,marmara,evening,9,87.74,0,0,1,1,1
2314,26,F,mobile,akdeniz,evening,11,152.53,0,0,1,0,1
2315,54,F,desktop,ege,afternoon,7,169.25,1,0,0,0,0
2316,37,F,mobile,marmara,morning,2,75.47,0,0,1,1,0
2317,43,M,desktop,marmara,evening,6,45.86,0,1,1,0,0
2318,46,M,desktop,ege,afternoon,13,343.89,0,0,0,0,0
2319,18,M,desktop,marmara,night,6,86.74,0,0,1,0,0
2320,52,F,mobile,marmara,afternoon,3,151.04,0,0,0,1,1
2321,23,M,desktop,marmara,morning,4,90.81,1,0,0,0,0
2322,54,F,desktop,marmara,evening,6,100.04,1,0,1,0,0
2323,70,F,mobile,marmara,evening,13,363.9,0,0,1,1,1
2324,22,F,tablet,akdeniz,morning,6,89.19,0,0,0,0,0
2325,50,M,desktop,karadeniz,afternoon,1,121.37,0,0,0,0,0
2326,66,F,mobile,marmara,evening,11,82.46,0,0,0,1,1
2327,68,M,desktop,marmara,morning,8,26.99,1,0,0,0,1
2328,31,M,tablet,ic_anadolu,morning,9,151.13,0,0,0,0,0
2329,29,M,desktop,marmara,evening,2,30.29,0,0,0,0,0
2330,59,F,tablet,ic_anadolu,evening,4,94.09,0,0,0,0,0
2331,37,M,desktop,marmara,evening,11,118.1,0,1,1,0,0
2332,70,M,mobile,marmara,afternoon,7,99.38,0,0,0,0,0
2333,67,F,desktop,marmara,afternoon,2,248.13,1,0,0,1,0
2334,41,F,desktop,marmara,afternoon,11,164.09,1,1,0,0,0
2335,60,F,desktop,karadeniz,evening,7,62.77,0,0,0,0,0
2336,51,F,desktop,marmara,evening,6,24.2,0,0,0,0,0
2337,42,M,mobile,guneydogu_anadolu,afternoon,10,121.09,1,0,0,1,0
2338,67,M,mobile,ege,afternoon,15,64.48,0,0,0,0,0
2339,46,F,mobile,dogu_anadolu,evening,9,53.9,1,0,1,0,0
2340,56,M,tablet,marmara,afternoon,10,137.73,0,0,1,0,0
2341,48,M,mobile,marmara,morning,2,178.57,0,0,1,0,0
2342,64,F,tablet,akdeniz,morning,10,57.29,1,1,0,0,1
2343,60,M,desktop,marmara,evening,10,41.44,0,1,0,0,0
2344,67,M,tablet,karadeniz,night,5,23.24,1,0,0,0,0
2345,40,M,desktop,ege,afternoon,6,45.97,0,0,1,0,0
2346,61,F,mobile,ic_anadolu,afternoon,15,24.76,0,1,0,0,0
2347,55,M,mobile,marmara,morning,9,73.53,0,0,0,0,0
2348,37,F,mobile,ic_anadolu,morning,5,307.11,0,1,0,0,0
2349,40,M,mobile,ic_anadolu,afternoon,15,71.58,1,0,0,0,0
2350,62,F,desktop,karadeniz,afternoon,9,234.92,0,0,0,0,0
2351,69,M,tablet,marmara,evening,1,102.27,0,0,0,0,0
2352,33,F,tablet,guneydogu_anadolu,afternoon,3,87.13,0,0,0,1,0
2353,67,F,tablet,guneydogu_anadolu,evening,10,45.31,1,0,0,0,0
2354,59,M,tablet,dogu_anadolu,evening,2,81.24,0,0,0,0,0
2355,25,F,mobile,akdeniz,morning,15,240.24,1,0,0,0,0
2356,67,M,tablet,ege,morning,2,82.23,0,0,1,0,0
2357,38,M,tablet,marmara,night,1,258.19,1,0,0,0,1
2358,18,M,mobile,guneydogu_anadolu,evening,14,179.16,0,0,1,0,1
2359,25,F,mobile,guneydogu_anadolu,afternoon,5,147.51,0,0,1,0,0
2360,46,M,tablet,marmara,morning,10,209.84,0,0,0,0,0
2361,49,M,mobile,ege,night,6,23.46,0,0,1,0,0
2362,55,M,mobile,dogu_anadolu,morning,8,84.79,0,0,0,0,0
2363,22,F,desktop,marmara,morning,8,116.33,0,1,0,0,0
2364,64,F,mobile,marmara,night,5,142.84,0,0,0,0,0
2365,39,M,tablet,guneydogu_anadolu,evening,1,353.58,0,1,1,1,0
2366,64,F,desktop,karadeniz,evening,12,21.71,0,0,0,0,0
2367,51,F,desktop,dogu_anadolu,morning,9,102.56,0,0,0,0,0
2368,18,F,desktop,marmara,afternoon,3,106.72,1,0,0,1,0
2369,43,M,mobile,marmara,evening,8,211.05,0,0,0,0,0
2370,60,M,desktop,ic_anadolu,evening,14,94.62,0,0,0,0,0
2371,27,M,mobile,akdeniz,afternoon,5,168.66,0,0,0,0,0
2372,47,F,tablet,marmara,night,11,98.02,0,0,0,1,0
2373,67,F,mobile,dogu_anadolu,morning,15,146.14,0,0,0,0,0
2374,35,M,desktop,dogu_anadolu,morning,15,94.21,0,1,0,1,0
2375,34,M,tablet,marmara,afternoon,3,118.52,0,1,0,0,1
2376,43,M,mobile,marmara,evening,4,82.11,1,1,0,0,0
2377,25,M,desktop,marmara,evening,4,58.84,0,0,0,0,1
2378,64,F,mobile,akdeniz,evening,6,335.54,1,0,1,0,0
2379,57,M,mobile,marmara,morning,12,137.77,1,0,0,0,0
2380,66,F,mobile,akdeniz,night,15,23.19,1,0,0,1,0
2381,29,F,tablet,akdeniz,afternoon,7,112.65,1,0,1,0,0
2382,44,M,desktop,dogu_anadolu,morning,2,223.7,1,1,0,1,0
2383,25,F,desktop,marmara,evening,8,117.02,1,0,0,1,0
2384,42,F,desktop,akdeniz,morning,11,30.35,1,1,0,0,0
2385,63,F,mobile,ic_anadolu,afternoon,14,46.22,0,0,0,0,0
2386,21,F,mobile,ic_anadolu,afternoon,4,70.17,0,1,1,0,0
2387,50,M,mobile,guneydogu_anadolu,morning,3,161.31,0,1,1,0,1
2388,18,F,desktop,ic_anadolu,afternoon,8,75.35,0,0,0,0,0
2389,36,F,tablet,dogu_anadolu,afternoon,15,89.83,1,1,1,0,0
2390,48,F,tablet,marmara,afternoon,4,103.45,0,1,0,0,0
2391,33,F,desktop,akdeniz,afternoon,6,87.88,1,0,1,0,0
2392,31,F,mobile,akdeniz,evening,14,217.16,1,1,0,0,0
2393,70,M,mobile,guneydogu_anadolu,morning,2,105.0,1,0,1,0,0
2394,65,F,desktop,marmara,evening,3,186.96,1,0,0,1,0
2395,22,M,desktop,marmara,evening,7,274.17,0,1,0,0,0
2396,58,M,desktop,ic_anadolu,evening,7,85.05,0,0,1,0,0
2397,43,M,desktop,marmara,evening,11,60.86,0,1,1,0,0
2398,45,F,mobile,ic_anadolu,morning,9,185.76,0,0,1,0,0
2399,19,F,desktop,guneydogu_anadolu,morning,14,57.0,0,0,0,0,0
2400,67,M,desktop,guneydogu_anadolu,evening,2,276.94,0,0,0,0,0
2401,23,M,mobile,marmara,evening,9,124.94,0,0,1,0,1
2402,26,M,desktop,marmara,morning,4,135.07,0,0,0,1,0
2403,50,M,mobile,akdeniz,afternoon,15,12.74,1,0,0,0,0
2404,58,M,mobile,ic_anadolu,evening,6,76.09,0,0,0,0,0
2405,42,M,mobile,ic_anadolu,evening,6,184.55,0,0,0,0,1
2406,65,M,tablet,ic_anadolu,evening,15,62.17,0,0,0,0,0
2407,30,F,desktop,ic_anadolu,morning,9,322.23,0,0,1,0,1
2408,26,M,mobile,marmara,morning,14,158.53,0,0,1,0,1
2409,70,M,desktop,karadeniz,afternoon,1,32.92,0,0,0,0,1
2410,30,F,tablet,marmara,morning,1,136.93,0,0,1,0,0
2411,48,M,mobile,marmara,night,5,88.22,1,0,1,0,0
2412,58,M,desktop,karadeniz,morning,5,22.67,1,0,0,0,0
2413,28,M,mobile,akdeniz,morning,12,151.77,0,0,0,0,0
2414,21,M,desktop,ic_anadolu,morning,8,36.2,0,0,0,0,0
2415,51,F,tablet,ege,evening,7,309.71,0,0,0,1,0
2416,55,M,desktop,marmara,afternoon,11,82.78,1,1,0,0,0
2417,63,M,mobile,ege,evening,5,500.0,0,0,1,1,1
2418,21,M,desktop,ic_anadolu,night,8,53.39,0,0,1,0,0
2419,55,F,mobile,marmara,afternoon,14,158.31,0,0,0,0,0
2420,36,F,tablet,ic_anadolu,morning,4,79.16,0,0,0,1,0
2421,23,M,tablet,karadeniz,evening,3,164.46,1,0,0,0,0
2422,51,F,desktop,akdeniz,evening,2,41.23,1,1,0,0,0
2423,35,F,mobile,dogu_anadolu,morning,11,319.81,0,0,1,0,0
2424,30,M,desktop,dogu_anadolu,morning,14,72.41,0,0,0,1,0
2425,58,F,mobile,dogu_anadolu,evening,13,162.36,0,1,0,0,0
2426,40,F,desktop,ic_anadolu,afternoon,7,93.26,0,0,0,1,0
2427,36,F,desktop,ege,afternoon,5,373.58,1,0,0,0,0
2428,62,F,mobile,akdeniz,evening,9,68.94,0,0,0,0,0
2429,28,M,desktop,ic_anadolu,morning,3,310.17,0,0,0,1,0
2430,18,F,mobile,marmara,evening,14,222.06,0,0,1,0,1
2431,41,F,desktop,ic_anadolu,morning,13,93.73,1,0,0,1,0
2432,24,M,desktop,akdeniz,morning,13,108.02,1,0,0,1,1
2433,42,M,mobile,marmara,evening,6,135.14,0,0,0,0,0
2434,38,M,desktop,akdeniz,morning,8,122.08,1,0,0,0,0
2435,32,F,desktop,marmara,evening,9,158.29,0,1,0,0,0
2436,18,F,mobile,marmara,morning,5,83.7,0,0,1,0,1
2437,29,M,mobile,dogu_anadolu,morning,3,146.26,0,0,0,0,0
2438,24,F,mobile,akdeniz,morning,9,171.02,0,0,0,0,0
2439,32,M,desktop,akdeniz,evening,10,142.85,0,0,0,1,0
2440,38,F,desktop,marmara,afternoon,3,221.53,1,0,0,0,0
2441,36,F,tablet,akdeniz,afternoon,6,80.16,0,0,0,0,0
2442,46,M,tablet,marmara,afternoon,4,144.62,0,1,0,1,0
2443,42,M,desktop,ic_anadolu,evening,6,143.66,0,0,0,1,0
2444,50,M,mobile,karadeniz,morning,14,126.58,1,0,0,0,0
2445,66,F,desktop,dogu_anadolu,night,3,120.66,0,0,0,1,0
2446,49,F,desktop,marmara,night,7,181.44,0,0,0,0,0
2447,66,M,desktop,akdeniz,afternoon,2,88.22,0,0,0,1,0
2448,52,M,mobile,karadeniz,afternoon,6,14.6,0,0,1,0,0
2449,61,F,desktop,marmara,evening,3,151.92,0,0,1,1,0
2450,55,F,tablet,marmara,afternoon,5,54.41,0,0,0,0,0
2451,43,F,mobile,karadeniz,evening,5,129.89,0,0,0,1,0
2452,28,M,desktop,karadeniz,morning,9,48.3,0,0,0,0,0
2453,52,M,mobile,ege,afternoon,8,72.0,0,0,0,0,1
2454,25,M,desktop,marmara,night,14,149.18,0,1,1,0,0
2455,63,F,mobile,akdeniz,morning,4,118.95,0,0,0,0,0
2456,31,M,desktop,ege,morning,8,130.3,1,0,1,0,0
2457,27,F,desktop,akdeniz,evening,14,163.96,1,0,1,1,0
2458,19,M,desktop,ege,night,8,26.18,0,1,1,1,0
2459,63,M,desktop,akdeniz,morning,10,122.38,0,0,0,0,0
2460,26,F,desktop,ic_anadolu,night,3,42.08,0,0,0,0,1
2461,20,F,desktop,karadeniz,evening,10,138.68,0,0,1,0,1
2462,38,F,tablet,ic_anadolu,night,5,76.59,0,1,0,0,0
2463,43,F,desktop,marmara,evening,2,95.35,0,0,0,0,0
2464,25,M,desktop,ege,evening,10,89.17,0,1,1,1,0
2465,65,M,tablet,marmara,evening,6,64.71,0,0,0,1,0
2466,19,M,mobile,akdeniz,morning,4,29.53,1,0,0,0,0
2467,23,M,mobile,guneydogu_anadolu,night,15,290.27,0,0,1,0,1
2468,45,M,desktop,ic_anadolu,morning,4,18.75,1,1,0,0,0
2469,70,F,mobile,marmara,morning,15,150.37,0,1,0,0,0
2470,46,F,desktop,marmara,evening,3,36.45,0,0,0,1,0
2471,43,M,mobile,marmara,morning,1,75.6,0,0,1,0,0
2472,42,F,tablet,marmara,evening,8,319.45,0,0,0,1,0
2473,29,M,mobile,akdeniz,evening,10,57.19,0,0,1,0,0
2474,22,F,desktop,ege,morning,1,95.27,1,0,0,1,0
2475,51,M,mobile,marmara,morning,13,366.46,0,0,0,1,0
2476,65,M,mobile,marmara,afternoon,8,281.69,1,0,1,0,0
2477,54,F,mobile,ic_anadolu,night,12,295.58,0,1,0,1,0
2478,32,F,mobile,akdeniz,evening,2,94.2,1,1,1,1,0
2479,61,M,mobile,karadeniz,morning,13,187.09,1,0,0,0,0
2480,53,F,mobile,marmara,night,11,42.33,1,0,1,0,0
2481,32,F,tablet,karadeniz,morning,1,89.68,1,0,1,0,0
2482,60,M,mobile,akdeniz,afternoon,15,163.19,0,1,1,1,0
2483,65,F,desktop,marmara,morning,3,276.57,1,0,0,1,0
2484,40,M,mobile,marmara,afternoon,11,64.29,0,0,0,0,0
2485,23,M,desktop,ege,evening,1,160.0,1,0,1,0,1
2486,63,F,mobile,akdeniz,afternoon,15,207.66,0,0,0,1,1
2487,67,M,desktop,marmara,evening,2,143.19,0,1,0,0,0
2488,61,M,mobile,karadeniz,evening,4,64.36,0,1,1,0,1
2489,60,F,mobile,marmara,morning,7,116.31,0,0,0,0,0
2490,62,F,desktop,akdeniz,afternoon,8,49.09,1,0,1,0,0
2491,38,F,mobile,ege,morning,2,143.42,0,0,0,0,0
2492,40,F,mobile,akdeniz,evening,2,150.93,0,0,0,0,1
2493,60,F,desktop,dogu_anadolu,afternoon,5,86.74,1,0,0,0,0
2494,33,F,mobile,guneydogu_anadolu,morning,10,233.45,0,0,0,0,0
2495,64,F,tablet,marmara,afternoon,15,155.02,1,1,0,0,0
2496,70,M,desktop,ege,night,1,303.62,0,1,0,0,0
2497,32,M,mobile,karadeniz,evening,3,238.39,0,0,1,1,0
2498,42,M,mobile,ege,night,6,95.27,1,1,1,0,0
2499,53,M,tablet,ic_anadolu,afternoon,13,147.43,0,1,0,0,0
2500,28,M,mobile,guneydogu_anadolu,night,1,100.03,0,0,1,0,1
2501,68,M,mobile,ic_anadolu,afternoon,14,184.38,1,0,0,0,0
2502,32,M,tablet,marmara,evening,3,244.2,0,1,0,0,1
2503,21,F,mobile,karadeniz,afternoon,13,273.21,0,1,0,0,1
2504,38,M,mobile,guneydogu_anadolu,morning,3,236.58,0,0,0,1,0
2505,30,F,desktop,ic_anadolu,evening,4,170.95,0,0,0,0,1
2506,39,F,desktop,ege,evening,9,153.18,0,0,1,1,1
2507,36,M,mobile,guneydogu_anadolu,evening,13,171.48,0,0,1,0,0
2508,51,F,mobile,guneydogu_anadolu,afternoon,6,46.08,0,1,0,0,0
2509,31,F,desktop,guneydogu_anadolu,evening,14,39.59,0,0,1,0,0
2510,21,M,desktop,ege,morning,3,182.65,0,0,0,0,0
2511,65,M,mobile,karadeniz,morning,10,68.38,0,1,0,0,0
2512,70,M,desktop,ic_anadolu,evening,7,218.59,0,0,0,0,0
2513,69,M,desktop,marmara,afternoon,14,278.21,1,0,0,1,0
2514,63,F,desktop,akdeniz,night,6,174.96,0,0,0,0,0
2515,44,F,mobile,ic_anadolu,afternoon,11,72.24,0,0,0,0,0
2516,46,M,mobile,dogu_anadolu,night,11,52.16,0,1,0,0,0
2517,64,F,desktop,dogu_anadolu,evening,4,84.95,0,0,0,0,0
2518,45,M,desktop,marmara,afternoon,4,117.85,0,1,0,0,0
2519,52,F,mobile,akdeniz,afternoon,10,77.5,0,0,0,0,1
2520,25,F,mobile,akdeniz,evening,4,101.76,0,0,1,0,1
2521,33,M,mobile,dogu_anadolu,evening,12,104.38,0,0,0,0,0
2522,59,M,desktop,marmara,afternoon,2,37.99,1,1,0,0,0
2523,53,M,mobile,ic_anadolu,evening,11,62.98,0,0,0,0,0
2524,47,F,tablet,ic_anadolu,afternoon,7,62.64,1,1,0,1,0
2525,35,F,desktop,dogu_anadolu,evening,5,132.86,0,1,0,0,0
2526,19,F,mobile,akdeniz,night,15,192.94,0,0,0,0,0
2527,66,F,desktop,ic_anadolu,morning,5,122.07,0,1,0,0,0
2528,30,F,desktop,guneydogu_anadolu,evening,9,133.1,0,0,1,1,1
2529,21,F,desktop,ic_anadolu,afternoon,13,110.59,1,0,0,0,1
2530,43,M,mobile,marmara,afternoon,15,181.54,0,0,1,0,0
2531,42,F,desktop,marmara,evening,10,114.26,0,1,0,1,1
2532,47,M,desktop,karadeniz,afternoon,5,122.24,0,0,0,0,0
2533,28,M,desktop,ege,morning,9,385.02,1,0,0,0,0
2534,24,F,desktop,ic_anadolu,evening,8,28.45,0,0,1,0,0
2535,48,F,mobile,ic_anadolu,afternoon,8,73.01,0,0,0,0,1
2536,61,F,desktop,guneydogu_anadolu,afternoon,5,131.28,1,1,0,0,0
2537,27,M,desktop,akdeniz,morning,13,103.12,1,0,0,0,0
2538,56,F,mobile,ic_anadolu,morning,5,33.99,1,0,0,0,0
2539,30,F,mobile,marmara,morning,7,135.51,0,0,0,1,1
2540,48,M,mobile,akdeniz,evening,15,88.77,1,0,0,1,1
2541,24,F,desktop,marmara,afternoon,1,110.52,0,1,0,0,1
2542,66,M,mobile,karadeniz,afternoon,13,69.5,1,0,0,0,0
2543,59,M,desktop,karadeniz,morning,5,89.61,1,0,0,0,0
2544,59,M,desktop,marmara,morning,3,173.65,0,1,1,0,1
2545,53,F,mobile,ege,morning,7,115.69,0,0,1,0,0
2546,37,M,tablet,ic_anadolu,evening,9,122.96,0,0,0,0,0
2547,21,M,mobile,ic_anadolu,morning,13,106.15,0,1,1,1,0
2548,24,F,desktop,ic_anadolu,night,15,147.77,0,0,0,0,0
2549,18,F,tablet,guneydogu_anadolu,afternoon,3,44.54,0,1,0,0,1
2550,61,F,desktop,dogu_anadolu,afternoon,1,97.3,1,0,0,0,0
2551,62,M,tablet,ege,afternoon,8,336.52,0,1,0,1,0
2552,59,M,desktop,ege,afternoon,12,36.97,0,1,0,0,0
2553,64,M,desktop,ic_anadolu,evening,13,66.98,1,0,1,0,0
2554,30,M,mobile,karadeniz,evening,15,168.34,0,0,1,0,1
2555,39,F,tablet,akdeniz,morning,14,392.71,1,0,0,1,0
2556,38,F,tablet,ic_anadolu,evening,9,195.45,1,0,0,0,1
2557,39,M,mobile,marmara,evening,11,158.01,0,0,1,0,0
2558,45,M,mobile,dogu_anadolu,night,5,138.79,0,1,1,0,0
2559,26,F,mobile,karadeniz,afternoon,10,186.49,0,0,1,0,1
2560,43,M,mobile,ege,morning,14,128.65,0,0,1,0,0
2561,26,M,mobile,ege,afternoon,15,128.98,0,0,0,0,0
2562,32,M,desktop,marmara,afternoon,13,102.96,1,1,0,0,0
2563,27,M,desktop,karadeniz,evening,5,125.6,0,0,0,0,0
2564,41,M,tablet,karadeniz,night,3,94.87,0,0,1,0,0
2565,59,F,tablet,ic_anadolu,morning,14,71.61,0,1,0,1,0
2566,25,M,desktop,marmara,evening,13,265.04,0,0,1,0,0
2567,41,F,desktop,marmara,night,8,96.14,0,1,1,0,0
2568,33,M,tablet,akdeniz,night,3,34.67,0,0,0,0,0
2569,66,F,mobile,marmara,evening,5,109.33,0,0,1,0,0
2570,43,M,mobile,ege,evening,11,63.91,0,0,1,0,0
2571,44,F,desktop,marmara,morning,12,30.46,0,1,0,0,0
2572,54,F,tablet,ege,night,7,82.63,0,0,0,0,1
2573,21,F,desktop,ic_anadolu,afternoon,2,66.41,1,1,0,0,0
2574,67,M,desktop,dogu_anadolu,morning,1,56.46,1,0,0,1,0
2575,41,M,desktop,ege,afternoon,4,33.73,0,1,0,0,0
2576,36,F,tablet,ic_anadolu,evening,8,279.39,0,0,0,0,0
2577,53,M,mobile,marmara,afternoon,15,67.41,0,0,1,0,0
2578,56,M,mobile,akdeniz,evening,1,114.12,0,0,0,0,0
2579,27,M,desktop,dogu_anadolu,afternoon,10,93.4,1,0,0,0,0
2580,42,F,tablet,marmara,afternoon,14,146.25,0,0,0,0,0
2581,35,M,mobile,marmara,morning,14,137.26,1,0,0,0,0
2582,36,M,mobile,marmara,afternoon,5,96.9,0,0,0,0,0
2583,53,M,tablet,akdeniz,morning,4,114.32,0,0,0,0,0
2584,27,M,desktop,ic_anadolu,afternoon,4,28.68,0,1,0,0,0
2585,50,M,mobile,marmara,morning,5,294.91,0,0,0,0,0
2586,67,M,tablet,marmara,evening,3,141.9,0,0,1,0,0
2587,22,F,mobile,dogu_anadolu,afternoon,14,253.22,0,0,1,0,0
2588,64,F,mobile,akdeniz,evening,8,105.32,0,0,0,0,1
2589,66,F,desktop,akdeniz,afternoon,8,102.09,0,0,0,0,0
2590,52,F,mobile,guneydogu_anadolu,morning,15,165.44,0,0,0,0,0
2591,61,M,mobile,ege,evening,13,60.01,1,0,0,0,0
2592,51,M,desktop,dogu_anadolu,evening,10,54.45,0,1,0,0,0
2593,50,M,tablet,guneydogu_anadolu,morning,14,93.37,0,0,0,0,0
2594,38,F,desktop,marmara,morning,4,167.87,0,0,1,0,0
2595,34,M,desktop,akdeniz,night,11,167.28,1,0,0,0,1
2596,39,F,mobile,akdeniz,afternoon,13,37.03,0,0,0,0,0
2597,65,F,mobile,dogu_anadolu,morning,15,340.45,0,1,0,1,0
2598,54,F,desktop,ege,morning,8,239.96,1,0,0,1,0
2599,32,M,desktop,karadeniz,evening,8,27.94,0,1,0,1,0
2600,52,F,desktop,guneydogu_anadolu,evening,6,241.72,0,0,0,1,0
2601,45,M,desktop,karadeniz,afternoon,1,88.9,0,0,0,0,0
2602,24,F,desktop,dogu_anadolu,morning,7,199.02,0,0,0,1,1
2603,49,M,desktop,ic_anadolu,afternoon,7,35.83,0,0,0,0,0
2604,28,M,desktop,dogu_anadolu,afternoon,5,215.5,0,0,0,0,0
2605,27,M,mobile,marmara,afternoon,8,139.2,0,1,1,0,0
2606,26,M,tablet,ic_anadolu,morning,14,43.67,1,0,0,0,1
2607,31,M,mobile,ic_anadolu,morning,11,117.88,0,0,0,0,0
2608,30,M,mobile,ege,evening,4,146.56,0,0,1,0,0
2609,42,M,desktop,marmara,evening,12,253.66,1,0,1,0,0
2610,19,F,mobile,ic_anadolu,evening,4,100.84,0,0,1,1,1
2611,52,F,mobile,marmara,afternoon,9,51.46,1,0,0,1,0
2612,24,F,mobile,ege,night,15,81.73,0,0,1,0,0
2613,38,M,desktop,ege,night,13,370.23,0,0,0,0,0
2614,35,M,desktop,guneydogu_anadolu,morning,10,203.95,0,0,0,0,0
2615,20,M,mobile,marmara,afternoon,15,151.29,0,1,1,0,0
2616,59,M,mobile,karadeniz,evening,13,126.03,0,0,0,0,0
2617,56,F,tablet,marmara,evening,2,178.8,0,0,0,1,0
2618,58,M,desktop,akdeniz,night,14,176.82,1,1,0,0,0
2619,66,M,desktop,akdeniz,evening,13,254.14,0,0,0,0,0
2620,28,F,mobile,ic_anadolu,afternoon,10,53.5,0,0,1,0,0
2621,56,M,tablet,karadeniz,afternoon,15,39.23,1,0,0,0,0
2622,41,F,desktop,karadeniz,afternoon,5,250.12,0,1,0,1,0
2623,63,M,mobile,karadeniz,evening,3,105.75,0,0,0,0,1
2624,36,F,desktop,ege,night,8,242.6,0,0,0,0,0
2625,21,M,mobile,ic_anadolu,morning,13,89.75,0,0,0,0,0
2626,43,M,mobile,akdeniz,evening,10,41.27,0,0,0,0,0
2627,55,F,tablet,marmara,afternoon,1,49.69,0,0,1,1,0
2628,59,F,desktop,dogu_anadolu,afternoon,5,315.61,1,0,0,0,0
2629,49,F,desktop,dogu_anadolu,evening,14,103.35,0,0,1,0,0
2630,56,M,mobile,ege,afternoon,11,96.04,0,0,0,0,1
2631,62,M,desktop,dogu_anadolu,afternoon,11,316.16,1,0,0,1,0
2632,63,F,mobile,karadeniz,afternoon,4,121.06,1,0,0,0,0
2633,53,F,mobile,ege,afternoon,14,175.12,0,0,1,1,0
2634,57,M,desktop,ege,afternoon,1,39.54,1,0,0,0,0
2635,54,M,mobile,guneydogu_anadolu,morning,10,113.02,0,0,1,0,1
2636,50,M,desktop,ic_anadolu,morning,15,107.48,0,1,0,0,0
2637,53,F,tablet,ege,evening,6,143.24,1,0,0,1,0
2638,20,M,mobile,ic_anadolu,evening,14,59.13,0,0,1,0,1
2639,26,M,mobile,akdeniz,evening,15,401.44,0,0,1,1,0
2640,25,M,desktop,akdeniz,evening,2,71.01,0,0,0,0,1
2641,50,M,tablet,ic_anadolu,night,3,151.41,0,0,1,0,0
2642,23,M,mobile,akdeniz,evening,5,220.97,0,0,1,0,0
2643,58,M,desktop,ic_anadolu,afternoon,1,181.89,0,0,0,0,0
2644,56,F,desktop,dogu_anadolu,morning,2,298.14,0,0,0,0,0
2645,21,M,desktop,guneydogu_anadolu,afternoon,11,125.62,0,0,0,0,0
2646,30,F,tablet,ic_anadolu,evening,12,101.93,0,0,1,0,0
2647,66,F,tablet,dogu_anadolu,evening,1,335.67,0,0,0,0,0
2648,19,F,tablet,dogu_anadolu,evening,14,45.22,0,1,0,0,1
2649,22,M,mobile,marmara,afternoon,15,147.95,0,0,0,0,0
2650,61,F,mobile,guneydogu_anadolu,evening,11,183.26,1,0,1,0,0
2651,44,F,desktop,marmara,afternoon,7,50.62,1,0,0,1,0
2652,49,F,desktop,ege,night,7,101.43,0,0,0,0,1
2653,38,F,desktop,ic_anadolu,evening,10,93.57,0,0,1,0,0
2654,25,F,mobile,akdeniz,evening,15,53.05,0,1,1,0,0
2655,55,M,tablet,akdeniz,afternoon,14,40.35,1,0,0,0,0
2656,25,M,tablet,karadeniz,afternoon,5,261.11,0,0,0,0,1
2657,67,F,desktop,marmara,morning,10,61.34,0,0,0,1,0
2658,20,M,mobile,guneydogu_anadolu,morning,7,119.13,1,0,0,0,1
2659,61,M,mobile,ege,morning,14,174.23,0,0,0,0,0
2660,20,F,mobile,guneydogu_anadolu,night,3,287.3,0,0,0,0,1
2661,39,M,mobile,ege,morning,11,172.73,0,0,1,0,0
2662,23,M,desktop,ic_anadolu,morning,2,68.11,1,0,0,1,0
2663,19,F,tablet,akdeniz,afternoon,10,87.41,0,0,1,1,0
2664,40,F,mobile,ic_anadolu,afternoon,15,120.22,1,0,0,0,1
2665,61,M,mobile,marmara,night,15,164.41,0,0,0,0,0
2666,19,M,desktop,ege,morning,9,218.3,1,0,0,0,0
2667,55,F,desktop,marmara,night,2,226.64,1,0,0,0,0
2668,34,M,desktop,ic_anadolu,morning,14,309.94,0,0,0,0,0
2669,52,M,mobile,guneydogu_anadolu,night,3,47.28,0,0,0,0,0
2670,51,M,tablet,marmara,afternoon,9,53.95,1,0,0,0,0
2671,40,M,mobile,ic_anadolu,evening,10,284.79,0,0,0,1,0
2672,47,F,mobile,karadeniz,afternoon,10,63.02,0,0,1,0,0
2673,69,M,mobile,marmara,evening,7,43.31,0,0,0,0,1
2674,25,M,desktop,marmara,evening,9,68.48,0,0,1,0,0
2675,39,F,mobile,marmara,morning,12,116.45,0,0,1,0,0
2676,61,M,mobile,marmara,morning,5,69.07,1,0,0,0,0
2677,53,M,desktop,marmara,night,8,188.18,1,0,0,0,0
2678,22,F,desktop,ege,afternoon,1,152.93,1,0,1,0,0
2679,30,M,mobile,ege,night,1,145.72,0,0,1,0,0
2680,46,F,desktop,karadeniz,evening,11,219.28,0,0,1,1,1
2681,48,F,tablet,karadeniz,afternoon,13,77.35,0,0,1,0,0
2682,64,F,mobile,karadeniz,morning,15,104.11,0,0,1,0,0
2683,33,F,desktop,akdeniz,night,15,106.69,0,1,1,0,0
2684,59,M,desktop,ege,evening,6,240.51,0,0,0,0,0
2685,47,F,tablet,ege,morning,15,59.92,0,1,0,0,0
2686,33,M,mobile,ege,evening,12,368.99,0,0,0,0,0
2687,29,F,mobile,ic_anadolu,morning,8,202.26,0,1,0,0,0
2688,34,M,desktop,guneydogu_anadolu,evening,8,188.61,0,0,0,0,0
2689,33,M,tablet,marmara,morning,10,89.65,1,0,1,0,0
2690,29,M,mobile,akdeniz,morning,3,59.65,0,0,1,0,0
2691,25,F,mobile,ic_anadolu,morning,11,43.82,0,0,1,0,0
2692,37,F,tablet,karadeniz,morning,15,32.87,0,1,0,1,0
2693,20,F,desktop,marmara,afternoon,1,205.89,0,0,0,1,0
2694,33,M,mobile,marmara,evening,10,354.08,0,0,0,1,1
2695,47,F,desktop,dogu_anadolu,evening,9,112.34,0,0,0,0,0
2696,62,M,mobile,marmara,evening,9,128.18,0,1,0,0,0
2697,40,M,desktop,ic_anadolu,afternoon,1,205.53,1,0,0,1,0
2698,45,F,tablet,dogu_anadolu,afternoon,13,87.01,0,0,0,0,0
2699,68,M,desktop,dogu_anadolu,night,10,178.76,0,0,0,0,0
2700,57,M,mobile,marmara,afternoon,3,91.51,0,0,0,0,0
2701,22,M,tablet,ege,morning,8,115.74,0,0,0,1,1
2702,37,F,tablet,marmara,afternoon,8,296.54,1,0,0,0,0
2703,57,F,mobile,akdeniz,afternoon,13,133.25,0,0,1,0,1
2704,61,F,mobile,ic_anadolu,morning,15,208.19,0,1,0,0,0
2705,18,M,desktop,guneydogu_anadolu,evening,5,56.31,1,0,0,0,0
2706,47,M,desktop,akdeniz,night,2,139.88,0,0,1,1,0
2707,38,F,mobile,akdeniz,afternoon,3,414.25,0,0,0,0,0
2708,37,M,desktop,ege,evening,5,65.98,0,0,1,0,0
2709,23,F,desktop,marmara,morning,3,134.94,1,0,0,1,0
2710,39,M,desktop,ege,afternoon,10,83.22,0,0,0,0,0
2711,35,M,mobile,marmara,evening,1,102.59,0,0,0,0,0
2712,25,M,mobile,karadeniz,afternoon,15,193.07,0,0,1,1,0
2713,56,M,desktop,akdeniz,morning,6,136.76,1,0,0,1,0
2714,49,F,desktop,marmara,evening,14,67.11,0,0,1,0,0
2715,50,F,mobile,akdeniz,evening,6,63.75,0,0,1,0,1
2716,70,M,mobile,marmara,evening,4,107.72,0,1,0,0,0
2717,33,F,mobile,marmara,morning,10,500.0,0,1,0,1,1
2718,29,F,mobile,dogu_anadolu,morning,10,169.45,0,0,1,0,0
2719,55,M,desktop,guneydogu_anadolu,afternoon,8,140.4,0,0,0,1,0
2720,69,F,desktop,marmara,morning,7,110.98,0,0,0,0,0
2721,51,M,desktop,karadeniz,evening,12,76.45,0,1,1,0,0
2722,31,M,mobile,akdeniz,evening,14,37.3,0,0,1,0,1
2723,53,M,mobile,ege,afternoon,15,74.25,0,0,1,0,0
2724,50,M,desktop,ic_anadolu,night,15,281.02,1,0,0,0,0
2725,40,M,mobile,marmara,morning,13,88.71,0,0,0,0,1
2726,67,M,mobile,marmara,evening,12,83.83,1,0,0,1,0
2727,62,M,tablet,marmara,morning,2,61.28,0,0,1,1,0
2728,19,F,mobile,marmara,morning,15,109.74,0,0,0,0,0
2729,58,M,mobile,marmara,morning,10,388.92,1,0,0,0,0
2730,38,M,mobile,ege,night,7,106.26,0,0,0,0,0
2731,19,F,tablet,akdeniz,afternoon,5,247.19,0,0,1,0,0
2732,44,F,tablet,ic_anadolu,morning,6,386.06,1,0,0,0,0
2733,26,M,mobile,ege,evening,7,125.59,1,0,1,0,1
2734,18,F,mobile,marmara,morning,4,154.16,0,0,0,1,1
2735,28,M,mobile,marmara,morning,11,226.36,1,0,1,1,0
2736,20,M,mobile,dogu_anadolu,evening,4,108.33,0,0,1,0,0
2737,69,F,mobile,marmara,morning,2,45.52,1,0,0,0,0
2738,40,M,desktop,dogu_anadolu,night,11,218.67,0,0,0,0,0
2739,43,F,tablet,ege,evening,1,87.86,1,1,0,0,0
2740,21,M,mobile,guneydogu_anadolu,morning,5,33.05,0,0,0,0,0
2741,35,F,mobile,ege,morning,14,114.66,0,0,0,0,0
2742,23,M,mobile,marmara,evening,5,87.23,0,0,1,0,0
2743,52,F,mobile,akdeniz,afternoon,15,16.69,0,0,1,1,0
2744,39,F,desktop,ic_anadolu,afternoon,7,299.9,1,1,0,0,0
2745,60,F,mobile,ic_anadolu,evening,9,261.76,0,0,0,0,0
2746,32,F,mobile,ege,evening,4,106.94,0,0,1,0,0
2747,39,M,desktop,marmara,evening,10,231.57,0,0,0,1,0
2748,54,F,tablet,ic_anadolu,night,14,50.81,0,0,1,0,1
2749,69,M,desktop,guneydogu_anadolu,morning,15,167.75,1,0,0,1,1
2750,59,M,mobile,guneydogu_anadolu,morning,15,167.16,1,0,0,1,0
2751,29,M,desktop,ic_anadolu,evening,13,172.51,0,0,1,0,0
2752,64,M,tablet,marmara,afternoon,2,89.25,0,0,0,0,0
2753,66,M,desktop,marmara,afternoon,10,375.98,0,0,0,0,0
2754,59,F,mobile,karadeniz,evening,6,167.08,0,0,1,0,1
2755,55,F,desktop,karadeniz,afternoon,8,144.15,1,0,0,0,0
2756,35,M,mobile,guneydogu_anadolu,morning,2,81.6,0,0,0,0,1
2757,62,M,tablet,akdeniz,evening,5,257.61,0,0,0,0,0
2758,52,M,desktop,dogu_anadolu,evening,13,51.87,0,0,0,0,0
2759,47,F,mobile,karadeniz,morning,9,92.18,0,0,0,0,0
2760,41,F,desktop,ic_anadolu,afternoon,10,89.49,1,0,1,1,0
2761,59,F,mobile,karadeniz,afternoon,7,104.15,1,0,1,0,0
2762,47,M,mobile,marmara,morning,13,274.82,0,0,0,0,0
2763,31,M,mobile,ic_anadolu,morning,15,162.51,0,0,0,0,1
2764,23,F,mobile,guneydogu_anadolu,morning,11,128.33,0,0,0,0,1
2765,20,F,mobile,marmara,evening,4,53.16,1,0,1,0,0
2766,33,M,desktop,ic_anadolu,afternoon,4,224.38,0,1,0,1,0
2767,24,M,mobile,ege,night,7,103.84,1,0,0,0,1
2768,69,F,desktop,karadeniz,morning,12,117.33,1,0,0,0,0
2769,31,M,mobile,ic_anadolu,night,10,133.6,0,0,1,0,0
2770,26,M,mobile,dogu_anadolu,afternoon,5,49.57,0,0,1,0,0
2771,32,M,desktop,ic_anadolu,morning,5,67.32,1,0,0,1,0
2772,38,M,desktop,ege,morning,4,56.41,0,1,0,0,0
2773,52,F,desktop,marmara,evening,9,52.82,0,0,1,0,0
2774,19,F,tablet,karadeniz,evening,12,149.79,0,0,0,0,0
2775,44,M,mobile,ege,evening,11,148.76,0,0,0,0,0
2776,19,F,desktop,ic_anadolu,evening,4,47.8,1,0,0,0,0
2777,52,M,mobile,marmara,morning,3,386.77,0,0,1,0,0
2778,35,M,desktop,dogu_anadolu,morning,9,58.26,0,0,0,1,0
2779,31,M,mobile,ege,morning,8,24.55,0,0,0,1,0
2780,37,F,mobile,dogu_anadolu,morning,10,183.23,1,0,0,0,0
2781,35,F,mobile,ic_anadolu,evening,4,133.6,0,0,0,1,1
2782,27,M,tablet,marmara,night,3,118.13,0,0,0,0,0
2783,42,F,mobile,akdeniz,morning,11,86.15,1,0,1,0,0
2784,19,M,desktop,dogu_anadolu,evening,8,140.65,0,0,1,0,0
2785,42,M,mobile,karadeniz,morning,5,200.44,0,1,1,0,0
2786,50,F,mobile,ege,morning,10,114.2,0,0,1,0,0
2787,53,M,tablet,guneydogu_anadolu,morning,3,125.83,0,1,0,1,0
2788,48,F,desktop,marmara,morning,15,144.41,1,1,0,0,0
2789,31,F,mobile,ege,morning,14,141.97,0,0,0,1,0
2790,18,M,mobile,ic_anadolu,afternoon,6,49.26,0,1,0,0,0
2791,63,M,mobile,marmara,afternoon,4,428.45,1,0,0,1,0
2792,33,M,desktop,akdeniz,afternoon,12,39.43,0,0,0,0,1
2793,63,M,tablet,ic_anadolu,afternoon,11,164.42,0,0,0,0,0
2794,69,M,desktop,ic_anadolu,afternoon,4,400.96,1,0,0,0,0
2795,20,F,desktop,marmara,night,7,124.15,0,0,1,0,0
2796,52,F,tablet,ic_anadolu,evening,15,236.9,1,1,0,0,0
2797,58,M,desktop,akdeniz,night,13,59.43,1,0,0,1,0
2798,23,F,desktop,akdeniz,afternoon,3,51.42,1,0,1,0,0
2799,42,M,mobile,karadeniz,evening,3,138.23,0,0,1,0,0
2800,30,M,desktop,marmara,morning,10,117.8,0,0,0,0,1
2801,70,M,tablet,karadeniz,evening,8,131.64,0,1,0,0,0
2802,51,F,mobile,karadeniz,morning,6,211.63,0,0,0,0,0
2803,25,F,mobile,ic_anadolu,morning,15,84.98,0,1,0,1,0
2804,38,F,desktop,akdeniz,morning,3,58.02,0,0,0,1,0
2805,51,M,desktop,ege,afternoon,8,20.54,1,0,0,0,0
2806,21,M,mobile,ege,afternoon,8,92.21,0,0,1,0,1
2807,42,M,mobile,ic_anadolu,night,3,92.3,0,0,0,0,1
2808,32,M,mobile,akdeniz,morning,10,79.59,0,0,0,1,0
2809,21,F,desktop,ege,evening,11,313.09,0,0,0,0,1
2810,62,M,mobile,ic_anadolu,afternoon,10,170.99,1,0,0,0,0
2811,29,M,desktop,karadeniz,evening,9,303.05,0,0,0,0,0
2812,49,F,mobile,marmara,evening,15,124.08,0,0,0,0,1
2813,49,F,mobile,guneydogu_anadolu,afternoon,13,33.17,0,0,0,0,0
2814,45,M,desktop,marmara,afternoon,12,147.09,0,1,0,1,0
2815,30,M,mobile,akdeniz,evening,7,318.54,0,1,0,0,0
2816,48,F,desktop,akdeniz,afternoon,6,201.45,1,0,0,0,1
2817,31,M,mobile,marmara,afternoon,14,318.0,0,1,0,0,0
2818,37,F,mobile,dogu_anadolu,evening,5,183.89,0,0,0,1,0
2819,35,F,desktop,akdeniz,morning,8,165.89,0,0,0,1,1
2820,46,M,tablet,marmara,afternoon,9,101.92,0,1,0,0,0
2821,23,M,mobile,ic_anadolu,morning,14,292.46,1,0,0,0,0
2822,49,M,tablet,ic_anadolu,evening,7,218.92,0,0,1,1,0
2823,46,F,desktop,guneydogu_anadolu,evening,7,131.33,0,1,0,0,0
2824,60,F,tablet,ege,morning,13,62.35,1,0,0,0,0
2825,19,F,desktop,marmara,afternoon,2,174.77,1,0,0,0,0
2826,40,F,mobile,marmara,afternoon,4,66.55,0,1,0,0,0
2827,36,F,tablet,ic_anadolu,afternoon,12,76.29,0,1,1,0,0
2828,48,F,desktop,ic_anadolu,evening,15,337.09,0,0,0,0,0
2829,68,F,desktop,guneydogu_anadolu,evening,10,49.49,0,0,0,0,0
2830,22,F,mobile,ic_anadolu,evening,12,40.91,0,0,0,0,0
2831,36,M,mobile,guneydogu_anadolu,night,4,104.41,1,0,0,0,0
2832,51,F,mobile,guneydogu_anadolu,evening,4,159.73,0,0,1,0,0
2833,27,F,desktop,ege,evening,9,140.56,0,0,0,0,0
2834,42,M,mobile,marmara,evening,6,79.02,0,0,0,0,0
2835,19,F,desktop,marmara,evening,2,76.22,0,0,0,0,0
2836,28,M,tablet,ege,evening,4,39.91,0,0,1,0,0
2837,67,F,mobile,akdeniz,evening,9,104.14,1,0,0,1,0
2838,48,F,mobile,marmara,morning,6,114.06,0,0,0,0,0
2839,32,F,desktop,ege,night,11,84.32,0,0,1,0,0
2840,26,F,tablet,ege,evening,8,130.54,0,0,0,0,0
2841,40,M,mobile,marmara,morning,1,85.18,0,0,0,1,0
2842,36,M,tablet,ege,evening,14,131.46,0,1,1,1,0
2843,26,F,desktop,marmara,afternoon,13,131.0,0,0,0,1,0
2844,52,F,mobile,ege,evening,14,133.32,1,0,1,0,1
2845,38,M,mobile,marmara,night,15,174.72,0,0,0,1,0
2846,26,F,desktop,karadeniz,morning,5,184.14,1,0,0,0,1
2847,45,M,mobile,marmara,evening,5,236.78,0,0,0,0,0
2848,63,F,desktop,dogu_anadolu,evening,3,146.95,0,0,0,0,0
2849,68,M,desktop,ic_anadolu,evening,7,24.42,1,1,0,0,0
2850,24,F,desktop,akdeniz,afternoon,10,79.91,0,1,0,0,0
2851,33,F,mobile,akdeniz,morning,13,119.67,0,0,0,0,1
2852,33,M,mobile,ege,afternoon,1,288.39,0,0,1,0,0
2853,50,M,mobile,marmara,morning,8,74.09,0,1,0,0,0
2854,21,M,desktop,karadeniz,afternoon,8,109.97,0,1,0,0,0
2855,21,M,mobile,dogu_anadolu,evening,3,133.03,0,1,0,0,1
2856,56,M,tablet,guneydogu_anadolu,night,6,109.62,0,0,0,0,0
2857,57,F,desktop,ic_anadolu,morning,11,231.99,0,1,0,1,0
2858,34,M,desktop,ege,morning,1,53.76,0,0,0,0,1
2859,54,F,mobile,akdeniz,evening,15,358.69,0,1,1,0,0
2860,56,M,mobile,ic_anadolu,afternoon,13,72.24,1,0,0,1,0
2861,69,M,mobile,karadeniz,night,8,162.05,0,0,1,0,0
2862,46,F,mobile,ege,evening,7,164.52,0,0,0,0,1
2863,69,F,desktop,dogu_anadolu,evening,5,166.83,0,0,0,0,0
2864,53,F,mobile,ege,morning,7,212.41,0,0,0,0,0
2865,55,F,mobile,akdeniz,morning,15,104.97,0,0,0,0,0
2866,56,M,desktop,guneydogu_anadolu,afternoon,5,251.16,1,0,0,0,0
2867,67,F,desktop,guneydogu_anadolu,morning,15,123.56,1,0,0,0,0
2868,54,F,mobile,ic_anadolu,evening,15,76.39,1,0,1,0,1
2869,69,M,mobile,ege,afternoon,8,133.27,0,0,1,0,0
2870,52,M,mobile,marmara,afternoon,2,219.06,0,0,0,1,0
2871,24,M,tablet,marmara,evening,6,76.9,0,0,1,1,0
2872,44,M,desktop,ic_anadolu,afternoon,5,500.0,0,0,0,0,0
2873,45,M,tablet,akdeniz,afternoon,10,33.06,0,1,1,1,0
2874,39,M,mobile,akdeniz,evening,4,201.65,0,0,1,1,0
2875,31,M,mobile,akdeniz,afternoon,11,57.68,0,1,1,0,1
2876,24,M,tablet,akdeniz,morning,13,34.19,0,0,0,1,0
2877,54,F,mobile,akdeniz,afternoon,9,46.61,0,0,0,1,0
2878,39,F,desktop,dogu_anadolu,afternoon,4,92.06,1,0,0,0,0
2879,22,M,tablet,marmara,afternoon,6,97.2,0,0,1,1,0
2880,19,M,mobile,karadeniz,morning,6,43.44,0,0,1,0,0
2881,44,M,mobile,ege,morning,6,127.29,0,0,1,0,0
2882,38,M,tablet,ic_anadolu,afternoon,13,120.94,0,0,0,0,0
2883,55,M,mobile,guneydogu_anadolu,morning,4,122.49,0,0,0,0,0
2884,32,M,mobile,ege,evening,14,164.16,0,1,1,1,0
2885,38,M,mobile,marmara,evening,13,56.17,0,1,1,0,0
2886,27,M,mobile,marmara,evening,8,185.19,0,0,1,0,0
2887,40,F,desktop,marmara,morning,5,79.01,1,0,0,1,0
2888,56,F,mobile,ic_anadolu,morning,15,143.37,0,0,0,0,0
2889,22,M,desktop,marmara,evening,3,74.64,0,1,0,0,1
2890,18,F,mobile,marmara,evening,6,41.9,0,0,0,0,0
2891,30,M,tablet,ic_anadolu,evening,8,385.1,0,0,0,0,0
2892,38,F,desktop,akdeniz,afternoon,11,172.05,0,0,0,0,0
2893,43,M,desktop,ege,afternoon,10,43.53,1,0,0,0,0
2894,67,M,desktop,akdeniz,evening,10,119.43,0,1,0,0,0
2895,62,M,mobile,ic_anadolu,night,13,81.79,0,0,0,0,0
2896,38,F,tablet,marmara,night,2,53.41,0,0,0,0,0
2897,70,M,mobile,akdeniz,night,11,78.08,0,0,1,1,0
2898,35,M,desktop,karadeniz,night,10,117.33,1,1,0,1,1
2899,54,F,mobile,ege,evening,13,136.56,0,0,1,0,0
2900,62,M,mobile,karadeniz,morning,5,173.8,0,1,0,0,0
2901,49,F,desktop,karadeniz,evening,3,70.56,0,0,0,0,0
2902,53,F,mobile,karadeniz,morning,8,71.55,0,0,1,0,0
2903,34,F,desktop,ic_anadolu,morning,10,156.42,1,0,0,0,0
2904,52,M,mobile,ic_anadolu,evening,8,161.27,1,0,0,0,1
2905,66,M,desktop,karadeniz,evening,8,139.08,1,0,1,0,0
2906,28,M,desktop,ic_anadolu,evening,14,78.3,1,0,0,0,0
2907,38,F,tablet,akdeniz,afternoon,4,72.46,0,0,1,1,0
2908,69,F,mobile,marmara,afternoon,15,91.14,0,0,0,0,0
2909,70,M,desktop,ege,night,15,102.2,1,0,0,0,1
2910,43,M,tablet,marmara,evening,10,94.18,0,1,0,0,0
2911,21,M,mobile,ege,afternoon,3,121.06,0,0,1,0,0
2912,51,F,desktop,akdeniz,evening,6,122.97,1,0,0,0,1
2913,69,F,mobile,guneydogu_anadolu,night,15,161.1,0,0,0,1,0
2914,65,M,tablet,guneydogu_anadolu,afternoon,3,266.97,1,0,1,0,0
2915,35,M,mobile,karadeniz,morning,9,138.61,0,0,0,0,1
2916,57,F,desktop,guneydogu_anadolu,afternoon,3,200.87,1,0,0,1,0
2917,52,F,mobile,guneydogu_anadolu,afternoon,4,243.39,1,0,1,0,0
2918,58,M,mobile,dogu_anadolu,morning,14,279.24,0,0,0,0,0
2919,46,F,mobile,marmara,afternoon,14,130.52,0,0,0,0,0
2920,69,M,desktop,ege,afternoon,9,54.94,1,0,0,1,0
2921,46,F,mobile,akdeniz,morning,10,38.75,0,0,1,0,1
2922,55,F,desktop,marmara,morning,9,215.68,1,0,1,1,0
2923,59,M,mobile,karadeniz,night,4,183.06,0,0,1,0,0
2924,38,F,tablet,marmara,evening,2,500.0,0,1,0,0,0
2925,59,M,desktop,ege,afternoon,14,212.75,0,1,0,0,0
2926,30,M,desktop,marmara,afternoon,14,108.56,1,1,1,0,0
2927,66,F,mobile,akdeniz,afternoon,5,116.53,0,1,0,1,0
2928,58,F,mobile,ic_anadolu,evening,2,282.14,1,0,0,0,1
2929,34,M,desktop,ic_anadolu,evening,8,25.56,0,0,0,1,0
2930,26,F,mobile,ege,night,10,315.1,0,0,1,0,0
2931,58,F,tablet,ic_anadolu,evening,1,141.65,0,0,1,0,0
2932,18,F,mobile,ic_anadolu,night,2,388.07,0,0,0,0,0
2933,19,M,mobile,karadeniz,morning,8,41.13,0,0,1,0,0
2934,65,M,desktop,ege,night,9,323.42,0,0,0,0,0
2935,46,M,tablet,marmara,evening,10,70.38,0,1,1,1,0
2936,50,F,desktop,marmara,morning,12,88.62,0,0,0,0,0
2937,27,M,desktop,karadeniz,morning,5,283.74,0,0,0,1,0
2938,67,M,desktop,ege,afternoon,5,76.4,0,1,0,0,0
2939,57,M,mobile,marmara,morning,3,26.29,0,1,1,0,0
2940,38,M,tablet,marmara,evening,8,168.52,0,0,1,0,0
2941,45,M,desktop,karadeniz,evening,12,128.03,0,0,0,0,0
2942,28,M,mobile,ic_anadolu,afternoon,6,96.28,0,0,1,0,0
2943,51,M,mobile,akdeniz,morning,10,160.15,0,0,1,0,0
2944,25,F,mobile,ic_anadolu,night,13,77.5,0,0,1,0,0
2945,39,F,mobile,marmara,morning,2,194.8,1,0,0,0,0
2946,25,F,desktop,ege,morning,12,121.91,0,0,0,1,0
2947,66,F,desktop,ege,afternoon,12,126.02,1,1,1,1,0
2948,32,F,tablet,ege,night,5,217.19,0,0,0,0,0
2949,34,M,mobile,dogu_anadolu,evening,4,71.34,0,0,1,0,0
2950,40,F,desktop,ic_anadolu,afternoon,11,46.13,0,0,1,0,0
2951,41,M,mobile,ic_anadolu,afternoon,11,76.59,0,1,0,0,1
2952,62,M,tablet,marmara,afternoon,9,122.09,0,1,1,0,0
2953,36,F,mobile,marmara,morning,5,110.08,0,0,1,0,0
2954,22,M,desktop,marmara,evening,8,103.02,1,0,1,0,0
2955,49,M,mobile,ic_anadolu,morning,3,122.67,1,0,0,0,0
2956,61,F,mobile,ege,afternoon,5,107.24,0,1,0,0,0
2957,18,F,desktop,ege,afternoon,9,97.48,0,0,0,0,1
2958,40,F,desktop,ic_anadolu,morning,3,189.11,1,0,0,0,0
2959,54,M,mobile,guneydogu_anadolu,night,13,369.51,1,1,0,1,0
2960,25,F,mobile,marmara,afternoon,13,48.74,0,0,0,0,0
2961,30,M,desktop,marmara,morning,6,285.72,0,0,1,1,0
2962,25,M,desktop,marmara,evening,11,53.24,0,0,0,0,0
2963,40,F,desktop,ic_anadolu,morning,10,317.86,1,0,0,0,0
2964,60,M,desktop,marmara,morning,6,460.08,0,0,0,1,0
2965,18,F,desktop,ic_anadolu,afternoon,11,49.43,0,1,1,0,0
2966,62,M,mobile,ic_anadolu,morning,8,138.49,1,0,0,1,0
2967,68,F,mobile,marmara,night,6,133.33,0,0,0,0,0
2968,41,M,mobile,marmara,morning,8,73.22,1,0,0,1,0
2969,52,F,mobile,ege,morning,4,114.45,1,0,1,0,1
2970,41,M,desktop,marmara,evening,6,409.31,0,0,0,0,0
2971,34,M,mobile,marmara,morning,10,98.17,0,0,1,1,0
2972,22,F,desktop,akdeniz,night,5,119.18,0,1,0,0,1
2973,37,M,desktop,ic_anadolu,afternoon,3,120.98,0,0,0,0,0
2974,38,F,desktop,marmara,morning,2,59.92,0,0,0,1,0
2975,57,M,tablet,akdeniz,morning,12,99.12,0,0,0,0,0
2976,48,M,desktop,marmara,afternoon,15,147.97,0,0,0,0,0
2977,63,F,tablet,ic_anadolu,afternoon,1,176.36,1,0,0,1,0
2978,53,F,desktop,karadeniz,morning,8,171.41,1,0,0,0,0
2979,28,F,mobile,karadeniz,evening,2,133.97,0,1,1,0,0
2980,69,M,mobile,ege,afternoon,7,71.04,0,0,0,0,0
2981,32,F,desktop,akdeniz,afternoon,5,83.19,0,0,0,1,0
2982,36,F,desktop,karadeniz,morning,1,183.36,0,0,0,0,0
2983,24,F,tablet,marmara,afternoon,9,268.95,0,0,0,0,0
2984,68,F,mobile,ic_anadolu,morning,7,86.82,0,0,0,0,1
2985,45,M,desktop,karadeniz,morning,9,143.44,0,0,0,0,0
2986,68,F,desktop,ege,night,11,151.94,0,1,0,0,0
2987,60,M,tablet,akdeniz,afternoon,6,118.55,1,0,0,0,0
2988,22,M,tablet,ic_anadolu,morning,7,40.2,0,0,0,1,0
2989,22,M,mobile,marmara,morning,8,97.67,0,0,1,1,0
2990,47,F,desktop,ege,afternoon,2,64.01,0,1,1,0,0
2991,49,M,mobile,marmara,evening,15,112.25,0,0,1,0,0
2992,25,M,desktop,marmara,morning,5,112.36,0,1,0,0,0
2993,27,F,mobile,marmara,afternoon,4,85.16,1,0,1,0,1
2994,55,F,mobile,ege,afternoon,6,193.06,1,0,0,0,0
2995,64,F,desktop,marmara,night,12,32.49,1,1,0,0,1
2996,49,F,mobile,ic_anadolu,morning,5,90.99,0,0,0,0,0
2997,65,F,tablet,ege,evening,12,85.25,1,1,0,0,0
2998,45,M,mobile,marmara,morning,14,128.63,0,0,0,1,0
2999,34,F,desktop,marmara,afternoon,11,49.03,0,0,0,0,0
3000,48,M,desktop,marmara,afternoon,6,134.8,0,0,1,0,0
3001,25,M,desktop,ege,morning,11,119.71,1,0,0,0,0
3002,57,F,desktop,marmara,afternoon,15,139.76,0,0,0,0,0
3003,42,M,mobile,ic_anadolu,afternoon,5,178.27,0,1,1,0,0
3004,26,F,mobile,ege,afternoon,3,24.03,0,1,0,0,1
3005,19,M,desktop,ege,morning,15,76.74,0,0,0,1,0
3006,32,F,desktop,ic_anadolu,morning,2,373.73,0,0,0,0,0
3007,67,M,desktop,akdeniz,morning,13,98.06,1,0,0,1,0
3008,20,M,mobile,akdeniz,morning,8,406.95,0,0,1,0,1
3009,66,F,mobile,karadeniz,evening,9,52.62,1,0,0,0,1
3010,53,F,mobile,marmara,afternoon,1,90.46,1,0,0,1,0
3011,21,M,mobile,guneydogu_anadolu,morning,5,252.61,0,0,1,0,0
3012,31,F,mobile,dogu_anadolu,evening,15,82.23,0,0,0,1,0
3013,58,M,mobile,marmara,afternoon,15,66.47,0,0,0,0,0
3014,58,M,desktop,dogu_anadolu,night,15,259.04,1,1,1,0,0
3015,42,F,mobile,karadeniz,evening,11,54.05,0,0,0,0,0
3016,67,F,desktop,guneydogu_anadolu,evening,3,57.89,0,0,0,1,0
3017,27,F,desktop,ic_anadolu,morning,12,201.31,1,0,0,0,0
3018,38,F,tablet,ic_anadolu,evening,12,180.02,0,0,0,0,0
3019,53,M,desktop,marmara,evening,11,190.21,1,1,0,1,0
3020,29,M,mobile,akdeniz,evening,14,65.58,0,0,0,0,1
3021,44,F,mobile,marmara,morning,5,128.52,0,0,1,0,1
3022,57,F,desktop,ege,evening,5,182.09,1,0,0,0,0
3023,19,F,desktop,guneydogu_anadolu,evening,13,148.47,0,1,0,1,0
3024,30,F,mobile,marmara,afternoon,14,158.72,0,1,0,0,0
3025,70,M,desktop,ic_anadolu,evening,10,330.36,0,0,0,0,0
3026,49,F,desktop,marmara,morning,10,98.69,0,0,0,0,0
3027,48,M,tablet,marmara,evening,11,202.53,0,1,0,0,1
3028,33,M,mobile,akdeniz,evening,4,121.57,0,0,0,0,0
3029,49,M,desktop,marmara,morning,5,79.55,0,0,1,1,0
3030,49,F,desktop,guneydogu_anadolu,evening,4,156.33,0,0,0,0,0
3031,51,M,mobile,marmara,evening,14,66.58,0,1,1,0,0
3032,28,M,desktop,marmara,morning,1,155.31,0,0,0,0,0
3033,27,M,desktop,marmara,morning,12,25.97,1,0,0,0,0
3034,32,F,mobile,ege,evening,2,62.07,0,0,0,0,1
3035,34,F,desktop,marmara,afternoon,1,459.85,0,0,1,1,0
3036,57,M,mobile,akdeniz,afternoon,9,258.07,0,0,0,0,0
3037,35,F,mobile,akdeniz,evening,15,382.33,0,0,1,0,0
3038,26,F,desktop,marmara,night,3,197.15,0,0,0,1,0
3039,42,M,desktop,marmara,afternoon,9,286.34,1,0,1,0,0
3040,57,F,mobile,karadeniz,morning,15,82.73,0,0,0,1,0
3041,31,F,mobile,akdeniz,evening,11,217.05,0,1,1,0,0
3042,42,F,desktop,ege,evening,2,99.27,0,1,1,0,0
3043,67,M,desktop,ic_anadolu,evening,9,104.62,0,0,0,0,0
3044,39,F,tablet,ic_anadolu,morning,11,47.99,0,1,0,1,0
3045,69,M,desktop,karadeniz,afternoon,9,160.88,1,0,0,1,0
3046,47,F,tablet,karadeniz,afternoon,15,86.27,0,0,0,0,0
3047,37,F,desktop,marmara,evening,4,43.45,1,0,1,0,0
3048,38,M,desktop,marmara,morning,4,154.98,0,0,1,0,0
3049,61,F,mobile,ege,night,5,125.97,0,0,0,0,0
3050,49,M,desktop,dogu_anadolu,afternoon,12,320.11,0,0,0,0,1
3051,68,F,desktop,marmara,evening,1,95.54,0,1,0,0,0
3052,63,F,desktop,akdeniz,afternoon,5,95.57,1,0,0,0,0
3053,66,F,tablet,ic_anadolu,evening,13,242.19,0,0,1,0,0
3054,38,F,desktop,akdeniz,night,6,133.29,0,1,0,1,1
3055,52,M,mobile,marmara,night,4,108.12,0,0,0,0,0
3056,49,M,mobile,ege,night,8,117.73,0,0,1,0,0
3057,47,F,mobile,marmara,morning,15,245.58,1,1,0,0,0
3058,56,M,mobile,marmara,afternoon,15,182.65,1,1,0,0,0
3059,66,M,desktop,marmara,morning,14,33.5,1,0,0,0,0
3060,29,F,desktop,ic_anadolu,afternoon,14,221.2,0,1,0,0,0
3061,58,F,desktop,dogu_anadolu,morning,3,175.1,1,1,0,0,1
3062,64,M,desktop,ic_anadolu,evening,11,149.52,0,0,0,1,0
3063,35,M,desktop,ic_anadolu,evening,9,90.77,0,0,0,0,0
3064,38,M,desktop,akdeniz,afternoon,13,327.58,1,0,0,0,0
3065,30,M,tablet,marmara,evening,7,166.84,1,0,1,0,0
3066,38,M,tablet,marmara,morning,8,193.45,0,0,0,1,0
3067,25,F,desktop,ege,evening,7,79.99,0,0,0,0,0
3068,63,F,desktop,karadeniz,morning,9,49.77,1,0,0,0,0
3069,57,F,desktop,guneydogu_anadolu,afternoon,2,105.49,0,0,0,0,0
3070,63,M,desktop,ege,afternoon,15,44.11,1,0,0,1,0
3071,24,M,desktop,ege,evening,15,159.56,0,0,1,0,0
3072,40,M,tablet,ege,night,4,97.52,0,0,0,1,0
3073,61,M,desktop,ege,morning,2,142.08,0,0,0,0,0
3074,49,M,desktop,ic_anadolu,morning,8,325.49,0,0,0,0,0
3075,28,M,desktop,ic_anadolu,evening,2,70.01,1,0,1,0,0
3076,39,F,tablet,karadeniz,afternoon,8,167.62,0,0,0,0,0
3077,39,M,tablet,ic_anadolu,afternoon,6,248.44,1,1,1,0,0
3078,60,M,mobile,ege,morning,8,124.29,0,0,0,0,1
3079,42,F,mobile,guneydogu_anadolu,evening,11,103.56,0,1,0,0,0
3080,39,M,desktop,ic_anadolu,morning,15,108.78,0,0,0,0,0
3081,45,M,desktop,ege,afternoon,13,250.2,0,1,0,1,0
3082,46,F,mobile,ege,morning,8,212.22,0,0,0,0,0
3083,30,F,mobile,karadeniz,night,15,120.09,0,0,1,0,0
3084,35,M,desktop,ege,morning,12,110.85,1,0,0,0,0
3085,19,M,desktop,akdeniz,evening,9,286.04,1,0,0,0,0
3086,46,M,mobile,marmara,morning,4,183.63,0,1,1,0,0
3087,38,F,desktop,karadeniz,afternoon,1,72.87,0,0,1,0,0
3088,32,F,mobile,akdeniz,night,11,84.23,0,0,0,0,0
3089,69,F,desktop,akdeniz,morning,13,70.49,1,0,0,0,0
3090,44,F,desktop,dogu_anadolu,night,10,34.74,0,0,1,1,0
3091,67,F,mobile,dogu_anadolu,night,9,116.88,1,0,1,0,0
3092,48,M,tablet,karadeniz,evening,1,226.57,0,0,0,1,0
3093,32,F,desktop,marmara,morning,13,145.47,0,0,1,1,0
3094,68,F,desktop,ege,evening,10,279.43,1,0,1,0,0
3095,40,F,desktop,ege,night,6,136.12,0,1,1,0,0
3096,41,F,mobile,marmara,night,14,238.74,0,0,1,0,0
3097,61,M,mobile,dogu_anadolu,evening,12,270.43,0,0,1,1,1
3098,30,M,desktop,dogu_anadolu,afternoon,12,332.87,0,0,0,0,0
3099,39,M,desktop,akdeniz,evening,12,146.09,1,0,0,1,0
3100,60,F,tablet,marmara,afternoon,15,151.53,0,1,0,1,0
3101,54,F,mobile,marmara,afternoon,5,175.18,1,0,1,0,0
3102,50,F,mobile,ege,evening,15,146.88,0,1,1,0,1
3103,20,F,desktop,marmara,evening,15,154.87,0,0,1,0,0
3104,36,M,desktop,ic_anadolu,evening,11,122.8,0,0,0,1,0
3105,40,F,mobile,ic_anadolu,evening,2,41.48,0,1,1,0,0
3106,46,M,mobile,dogu_anadolu,morning,4,205.43,0,1,0,0,0
3107,47,F,mobile,marmara,afternoon,12,47.32,0,0,1,0,1
3108,56,M,desktop,ege,afternoon,13,42.86,0,0,1,1,0
3109,61,M,mobile,dogu_anadolu,morning,13,92.45,0,0,0,1,1
3110,64,M,mobile,akdeniz,afternoon,11,54.37,1,1,0,0,1
3111,42,M,tablet,marmara,night,5,222.13,0,1,0,1,0
3112,54,M,desktop,marmara,afternoon,7,59.13,0,1,0,0,0
3113,64,M,mobile,karadeniz,afternoon,15,77.34,0,0,0,0,0
3114,25,F,mobile,ic_anadolu,afternoon,14,64.56,0,0,1,0,0
3115,59,F,tablet,dogu_anadolu,evening,15,235.66,0,0,0,0,0
3116,33,M,mobile,marmara,afternoon,3,20.21,0,1,0,0,0
3117,25,M,tablet,karadeniz,afternoon,8,69.75,0,0,0,0,0
3118,18,F,tablet,ic_anadolu,morning,3,351.06,1,0,0,0,0
3119,61,F,desktop,marmara,afternoon,1,78.64,1,1,1,0,0
3120,22,M,mobile,guneydogu_anadolu,evening,14,101.7,0,0,1,0,1
3121,20,F,mobile,akdeniz,evening,9,166.81,0,0,1,0,0
3122,18,F,desktop,dogu_anadolu,morning,11,170.08,1,0,0,0,0
3123,21,F,desktop,dogu_anadolu,night,11,50.01,0,0,0,0,0
3124,57,M,desktop,ege,morning,9,50.87,1,0,0,0,0
3125,52,F,mobile,akdeniz,morning,10,117.31,0,0,1,0,0
3126,49,M,desktop,ege,evening,1,132.26,0,0,1,1,0
3127,59,F,tablet,ic_anadolu,evening,12,152.41,0,0,0,1,0
3128,51,M,mobile,ic_anadolu,morning,9,75.28,1,0,0,0,0
3129,60,M,mobile,karadeniz,evening,9,275.6,0,0,0,0,0
3130,42,F,desktop,marmara,morning,4,103.57,1,0,0,0,0
3131,27,M,mobile,ic_anadolu,night,15,123.38,0,0,1,0,0
3132,38,F,mobile,ege,evening,13,319.32,0,0,0,0,1
3133,63,F,desktop,marmara,morning,13,263.59,1,1,0,0,0
3134,56,M,mobile,karadeniz,morning,12,91.08,0,0,0,1,0
3135,44,F,mobile,marmara,afternoon,9,242.2,0,0,0,1,0
3136,44,M,desktop,marmara,evening,5,108.06,0,0,0,0,0
3137,19,F,mobile,marmara,evening,15,101.56,0,0,1,0,1
3138,58,F,desktop,ege,night,12,346.92,1,0,0,0,0
3139,65,F,mobile,ege,afternoon,4,192.29,0,0,1,0,0
3140,30,M,mobile,ic_anadolu,evening,15,232.14,0,0,1,0,0
3141,26,F,desktop,ic_anadolu,afternoon,5,83.49,0,1,0,0,0
3142,69,M,mobile,ege,afternoon,11,236.84,0,1,0,0,0
3143,53,F,mobile,ege,evening,4,367.26,1,0,0,0,1
3144,39,F,mobile,marmara,morning,6,24.42,0,0,0,1,0
3145,59,M,desktop,ic_anadolu,morning,10,16.95,1,0,0,0,0
3146,43,M,desktop,ege,evening,8,33.16,0,0,0,0,1
3147,29,F,desktop,marmara,afternoon,7,138.81,0,0,0,0,0
3148,34,M,tablet,marmara,night,12,110.46,0,1,0,1,0
3149,31,F,desktop,ege,morning,8,240.46,1,0,0,1,0
3150,31,M,mobile,ic_anadolu,afternoon,14,18.74,0,0,0,1,0
3151,51,M,tablet,marmara,afternoon,7,90.38,1,0,0,0,0
3152,70,M,mobile,marmara,afternoon,8,283.47,0,0,0,0,0
3153,37,M,mobile,marmara,night,12,192.1,0,0,0,1,0
3154,28,F,tablet,guneydogu_anadolu,afternoon,7,163.87,0,0,0,0,0
3155,33,M,desktop,ic_anadolu,afternoon,2,28.38,1,0,1,0,0
3156,68,M,desktop,marmara,afternoon,3,232.27,1,0,0,0,0
3157,48,F,desktop,marmara,evening,1,203.28,0,0,0,0,0
3158,23,F,desktop,dogu_anadolu,afternoon,15,96.0,0,0,0,0,0
3159,36,M,mobile,marmara,evening,4,115.75,0,1,1,1,1
3160,54,M,desktop,guneydogu_anadolu,evening,10,126.63,1,0,1,0,0
3161,21,F,mobile,marmara,morning,6,154.61,1,0,0,0,0
3162,64,M,desktop,marmara,night,2,95.26,0,1,1,0,0
3163,21,M,desktop,ic_anadolu,evening,1,72.11,0,0,0,0,0
3164,37,F,mobile,ic_anadolu,afternoon,15,49.63,0,0,0,0,0
3165,27,F,desktop,guneydogu_anadolu,evening,8,88.84,0,0,0,1,0
3166,41,M,mobile,karadeniz,evening,9,103.93,0,0,1,0,0
3167,52,F,tablet,ege,evening,7,96.89,1,1,0,0,0
3168,43,F,mobile,ic_anadolu,morning,5,66.72,1,0,0,0,0
3169,54,M,desktop,karadeniz,evening,1,81.68,1,0,0,0,0
3170,55,M,tablet,akdeniz,morning,4,35.06,1,0,0,1,0
3171,38,M,desktop,marmara,morning,13,136.48,0,0,0,1,1
3172,57,M,mobile,marmara,evening,12,163.21,0,0,1,0,0
3173,56,F,desktop,marmara,evening,15,93.35,0,0,0,0,1
3174,38,F,desktop,karadeniz,evening,11,110.4,0,0,1,1,0
3175,27,M,tablet,ege,evening,3,310.23,0,1,1,1,0
3176,55,F,desktop,marmara,evening,15,150.66,0,0,0,0,0
3177,63,M,mobile,karadeniz,night,11,69.7,1,0,1,0,0
3178,21,F,desktop,marmara,afternoon,3,44.2,1,0,1,0,0
3179,62,F,mobile,ic_anadolu,morning,3,65.75,0,1,0,0,1
3180,37,F,tablet,dogu_anadolu,evening,11,20.82,0,0,0,0,1
3181,34,M,mobile,ege,afternoon,12,193.82,0,1,0,0,1
3182,24,F,mobile,marmara,morning,3,202.57,0,0,1,0,0
3183,21,F,mobile,akdeniz,evening,12,192.88,0,0,1,0,1
3184,46,F,tablet,ic_anadolu,afternoon,5,59.61,0,0,0,0,0
3185,31,M,desktop,akdeniz,afternoon,15,98.99,1,0,1,0,0
3186,20,F,mobile,marmara,evening,5,107.72,0,0,1,0,1
3187,41,F,desktop,marmara,morning,1,33.18,1,0,0,0,0
3188,54,F,desktop,ic_anadolu,morning,1,256.3,1,0,0,1,0
3189,33,M,desktop,ege,afternoon,1,234.99,0,0,0,1,0
3190,69,F,mobile,karadeniz,morning,12,77.03,0,0,0,0,1
3191,21,F,tablet,ic_anadolu,afternoon,10,243.52,0,0,0,1,1
3192,41,F,desktop,ic_anadolu,afternoon,9,99.84,0,0,0,0,1
3193,51,M,mobile,dogu_anadolu,evening,11,322.38,1,0,0,0,1
3194,47,M,mobile,marmara,evening,9,109.16,0,1,1,1,0
3195,35,M,mobile,marmara,afternoon,15,112.33,1,1,1,0,0
3196,36,M,tablet,ic_anadolu,morning,10,334.03,1,1,0,1,1
3197,48,M,desktop,marmara,afternoon,4,114.64,0,1,1,1,0
3198,36,F,desktop,ic_anadolu,evening,4,47.78,1,0,0,0,0
3199,66,M,desktop,guneydogu_anadolu,morning,14,171.13,1,1,0,0,0
3200,63,M,tablet,dogu_anadolu,evening,14,35.69,1,0,1,0,0
3201,36,M,tablet,ic_anadolu,afternoon,10,246.53,1,0,0,0,0
3202,39,F,desktop,dogu_anadolu,night,7,104.22,0,0,1,0,0
3203,41,M,desktop,marmara,afternoon,13,284.77,1,1,0,0,1
3204,62,F,mobile,akdeniz,evening,3,184.08,0,0,0,0,1
3205,29,M,mobile,ege,evening,11,227.81,0,0,0,1,0
3206,47,F,mobile,ege,afternoon,5,140.13,1,0,0,0,0
3207,55,F,tablet,marmara,evening,4,245.66,0,1,0,1,0
3208,70,F,mobile,dogu_anadolu,evening,11,45.21,0,1,0,0,0
3209,48,F,tablet,karadeniz,evening,6,133.42,0,0,0,0,0
3210,53,M,mobile,ic_anadolu,evening,3,106.64,0,1,0,0,1
3211,36,F,desktop,marmara,morning,11,173.96,0,0,0,1,0
3212,65,F,mobile,ege,morning,15,188.92,0,0,0,1,0
3213,62,M,mobile,dogu_anadolu,morning,5,114.42,0,0,0,1,0
3214,53,F,desktop,ic_anadolu,evening,12,48.68,1,0,0,0,0
3215,47,M,desktop,ic_anadolu,morning,15,290.66,1,0,0,1,0
3216,66,F,mobile,dogu_anadolu,evening,15,89.23,1,0,1,0,1
3217,50,F,mobile,akdeniz,afternoon,6,61.04,0,1,0,0,0
3218,35,M,mobile,ic_anadolu,morning,12,62.41,0,0,0,0,0
3219,69,M,desktop,ege,afternoon,15,191.97,0,1,0,1,0
3220,66,F,mobile,ege,afternoon,6,143.63,0,0,0,0,0
3221,45,M,desktop,ic_anadolu,evening,8,139.37,0,0,0,0,0
3222,64,M,mobile,ege,afternoon,9,119.71,0,1,0,0,0
3223,28,M,mobile,akdeniz,afternoon,8,268.35,0,0,0,0,0
3224,62,F,mobile,marmara,evening,12,99.91,0,0,1,0,0
3225,50,F,mobile,marmara,afternoon,13,93.31,0,0,0,0,0
3226,34,M,mobile,akdeniz,afternoon,10,94.01,1,0,0,0,0
3227,23,M,mobile,marmara,evening,14,65.24,0,1,1,0,1
3228,21,F,mobile,dogu_anadolu,morning,15,293.51,0,0,1,0,0
3229,37,M,desktop,ege,afternoon,14,476.33,1,0,0,1,0
3230,65,F,mobile,ic_anadolu,afternoon,15,189.84,0,0,0,0,1
3231,64,F,mobile,marmara,afternoon,9,102.7,1,1,1,0,1
3232,44,F,mobile,marmara,morning,10,219.64,0,1,0,0,0
3233,32,M,desktop,ege,morning,13,162.14,1,1,0,0,0
3234,23,F,tablet,dogu_anadolu,afternoon,1,12.54,0,0,1,0,0
3235,64,M,desktop,ege,morning,7,83.63,1,0,0,1,0
3236,31,M,desktop,karadeniz,morning,14,117.7,0,0,0,0,0
3237,28,M,tablet,marmara,morning,9,114.89,0,0,1,0,0
3238,56,M,mobile,marmara,afternoon,2,105.76,0,1,0,0,0
3239,26,M,desktop,karadeniz,morning,10,50.58,0,0,0,0,0
3240,43,M,tablet,akdeniz,evening,1,118.04,0,1,0,0,0
3241,33,F,desktop,akdeniz,evening,10,68.38,1,0,1,0,0
3242,22,F,mobile,marmara,evening,13,202.56,0,0,1,0,1
3243,69,F,mobile,marmara,evening,4,40.38,0,0,0,0,0
3244,27,F,mobile,akdeniz,evening,15,180.08,0,0,1,1,0
3245,67,M,mobile,dogu_anadolu,afternoon,5,127.38,0,0,0,0,0
3246,20,F,desktop,marmara,morning,13,139.44,1,1,0,0,1
3247,30,M,desktop,dogu_anadolu,morning,12,259.39,0,0,0,1,0
3248,60,M,mobile,marmara,afternoon,9,65.16,1,1,1,0,0
3249,66,M,desktop,akdeniz,morning,13,149.3,0,0,0,1,0
3250,47,F,tablet,marmara,night,8,151.03,0,0,0,0,0
3251,62,M,mobile,ege,night,12,108.04,1,0,0,0,0
3252,23,F,desktop,marmara,morning,4,137.27,0,0,1,1,0
3253,34,F,mobile,marmara,afternoon,8,131.26,0,0,0,0,1
3254,62,M,desktop,guneydogu_anadolu,afternoon,7,21.71,1,0,1,0,0
3255,68,M,desktop,ic_anadolu,evening,9,96.78,0,0,0,1,0
3256,70,F,mobile,ic_anadolu,evening,15,271.48,1,0,0,0,0
3257,36,M,tablet,marmara,morning,9,206.5,0,0,0,1,0
3258,59,F,mobile,dogu_anadolu,evening,4,104.31,1,1,1,0,0
3259,52,F,desktop,akdeniz,evening,13,103.13,0,0,0,1,0
3260,63,F,mobile,dogu_anadolu,afternoon,15,59.89,0,0,0,1,0
3261,43,M,desktop,marmara,afternoon,11,402.48,1,0,0,0,0
3262,68,M,desktop,marmara,night,8,195.63,1,1,0,0,0
3263,22,F,mobile,guneydogu_anadolu,evening,6,36.64,0,0,0,0,1
3264,46,F,tablet,ege,evening,15,154.41,0,0,0,0,0
3265,54,M,desktop,dogu_anadolu,morning,5,65.11,1,1,0,1,0
3266,37,F,mobile,ege,afternoon,8,135.11,0,1,0,0,0
3267,66,F,tablet,akdeniz,evening,15,38.73,1,1,0,0,0
3268,38,M,desktop,dogu_anadolu,morning,6,76.67,1,0,0,0,0
3269,27,F,desktop,ic_anadolu,afternoon,10,152.56,1,0,0,0,0
3270,22,M,tablet,ic_anadolu,morning,10,182.3,1,0,0,1,0
3271,53,F,mobile,marmara,afternoon,3,121.12,1,1,0,0,0
3272,23,M,desktop,marmara,morning,4,208.78,0,1,1,0,0
3273,43,F,desktop,marmara,morning,9,424.52,1,0,0,0,0
3274,21,M,desktop,akdeniz,afternoon,5,242.85,0,0,0,0,0
3275,56,F,mobile,karadeniz,night,15,41.11,0,0,0,0,0
3276,56,M,mobile,ege,afternoon,6,67.66,0,1,0,0,0
3277,67,M,mobile,akdeniz,afternoon,12,153.56,0,1,0,0,0
3278,52,F,mobile,karadeniz,evening,13,324.96,0,0,1,0,0
3279,18,F,desktop,marmara,morning,10,211.61,1,1,1,1,0
3280,41,M,desktop,dogu_anadolu,morning,1,241.98,1,0,0,1,0
3281,53,M,desktop,guneydogu_anadolu,morning,9,60.07,0,0,0,0,0
3282,23,F,mobile,marmara,evening,10,148.36,1,0,1,0,1
3283,58,F,mobile,marmara,evening,3,165.07,0,1,0,0,0
3284,63,M,desktop,marmara,morning,9,35.06,0,0,0,0,0
3285,61,F,mobile,karadeniz,evening,1,82.67,1,0,1,0,1
3286,48,M,mobile,marmara,night,15,132.48,0,1,0,0,0
3287,37,M,mobile,ic_anadolu,morning,6,111.36,0,0,0,1,0
3288,41,M,desktop,ege,evening,5,96.07,0,1,0,0,1
3289,42,F,desktop,karadeniz,afternoon,4,42.14,0,0,0,0,0
3290,53,F,desktop,karadeniz,afternoon,4,153.24,0,0,1,1,0
3291,38,M,mobile,guneydogu_anadolu,afternoon,10,267.4,0,0,1,0,1
3292,47,M,mobile,marmara,evening,15,98.5,0,0,1,0,1
3293,41,M,mobile,marmara,afternoon,6,87.48,0,0,0,0,1
3294,61,F,tablet,marmara,evening,1,68.15,1,1,0,1,0
3295,59,F,tablet,ege,afternoon,14,70.42,0,1,0,0,0
3296,47,F,desktop,akdeniz,morning,7,135.11,0,0,0,0,0
3297,39,M,desktop,guneydogu_anadolu,evening,6,112.18,0,0,0,0,0
3298,45,F,mobile,karadeniz,morning,15,104.94,0,1,1,0,0
3299,24,F,desktop,marmara,afternoon,9,148.94,0,0,0,0,0
3300,52,F,mobile,karadeniz,morning,4,119.81,1,0,0,0,0
3301,45,F,tablet,marmara,afternoon,14,232.29,0,1,0,0,0
3302,31,M,mobile,marmara,afternoon,10,200.24,0,1,1,0,0
3303,27,M,desktop,karadeniz,evening,6,81.51,1,1,1,0,0
3304,33,F,desktop,guneydogu_anadolu,morning,10,255.87,1,1,0,1,0
3305,33,F,desktop,marmara,afternoon,7,138.15,1,1,0,1,0
3306,48,F,mobile,karadeniz,afternoon,6,92.78,0,0,0,0,0
3307,59,F,desktop,dogu_anadolu,evening,12,62.83,0,1,0,1,0
3308,42,F,desktop,marmara,afternoon,9,241.74,0,0,0,0,0
3309,30,M,desktop,marmara,evening,13,99.37,1,0,0,0,0
3310,23,F,tablet,ic_anadolu,morning,14,92.17,0,1,1,0,1
3311,61,F,mobile,karadeniz,evening,2,51.42,0,1,1,0,0
3312,26,F,tablet,ege,morning,1,121.76,1,0,0,0,1
3313,62,M,mobile,marmara,evening,5,124.25,0,0,1,0,0
3314,53,M,mobile,ic_anadolu,morning,11,63.94,1,0,0,0,0
3315,60,M,desktop,ic_anadolu,afternoon,5,44.85,0,0,0,0,0
3316,37,M,desktop,akdeniz,afternoon,1,12.14,0,0,0,1,0
3317,35,M,mobile,marmara,evening,12,177.43,0,0,1,0,0
3318,60,F,tablet,karadeniz,morning,5,75.54,0,0,0,0,0
3319,38,M,desktop,ic_anadolu,evening,6,63.68,0,0,0,0,0
3320,21,F,desktop,dogu_anadolu,night,4,70.63,0,0,0,1,1
3321,67,F,mobile,guneydogu_anadolu,morning,9,332.28,0,0,0,0,0
3322,50,M,desktop,karadeniz,night,11,113.17,0,0,0,0,0
3323,44,F,mobile,guneydogu_anadolu,morning,3,68.78,0,0,0,0,1
3324,24,M,desktop,guneydogu_anadolu,evening,5,220.63,0,0,1,0,0
3325,23,F,desktop,ic_anadolu,night,6,167.92,1,0,0,0,1
3326,32,M,desktop,ic_anadolu,night,7,133.63,0,0,0,0,0
3327,35,M,mobile,ic_anadolu,afternoon,11,46.67,0,0,1,0,1
3328,49,M,mobile,ic_anadolu,evening,15,131.99,0,1,0,0,1
3329,28,M,desktop,marmara,morning,2,146.67,1,1,0,1,0
3330,37,M,tablet,ege,afternoon,5,159.0,1,1,0,0,0
3331,41,M,desktop,marmara,afternoon,13,141.56,1,1,1,1,0
3332,32,F,desktop,ege,afternoon,7,91.43,0,0,0,0,0
3333,65,F,mobile,marmara,evening,8,158.44,1,0,1,0,1
3334,24,M,desktop,dogu_anadolu,morning,12,230.85,1,0,1,0,1
3335,38,M,mobile,akdeniz,night,4,72.32,0,0,0,0,0
3336,59,M,tablet,marmara,evening,8,65.33,1,0,0,0,0
3337,43,M,mobile,ic_anadolu,evening,15,113.34,0,0,0,0,0
3338,61,M,mobile,marmara,evening,3,107.36,0,0,1,0,0
3339,31,F,mobile,karadeniz,evening,6,211.84,0,0,1,0,1
3340,54,F,desktop,ege,morning,3,68.54,1,0,0,0,0
3341,38,F,mobile,ege,afternoon,5,131.51,0,0,1,0,0
3342,35,F,desktop,dogu_anadolu,afternoon,11,217.15,0,0,0,1,0
3343,22,M,tablet,akdeniz,morning,9,145.27,0,0,0,0,0
3344,20,M,desktop,dogu_anadolu,afternoon,11,418.72,0,0,1,0,0
3345,40,M,mobile,ege,evening,14,234.47,0,0,1,0,1
3346,43,F,tablet,ege,morning,15,63.62,0,0,1,0,0
3347,54,F,mobile,akdeniz,afternoon,10,107.2,0,0,1,1,0
3348,41,F,tablet,marmara,afternoon,11,207.57,0,0,0,0,0
3349,66,M,mobile,marmara,morning,6,78.11,0,0,1,0,0
3350,36,F,desktop,marmara,evening,13,187.46,1,0,0,1,0
3351,68,F,mobile,karadeniz,evening,8,41.59,0,0,1,0,0
3352,42,F,desktop,ic_anadolu,night,1,59.91,0,0,0,0,0
3353,38,F,desktop,marmara,afternoon,12,59.42,0,1,0,0,0
3354,29,M,mobile,marmara,afternoon,10,121.59,0,0,1,0,0
3355,58,F,mobile,guneydogu_anadolu,afternoon,11,146.84,0,0,1,0,0
3356,50,F,tablet,marmara,night,2,157.49,0,0,1,0,0
3357,67,F,tablet,akdeniz,afternoon,6,118.77,1,0,0,0,0
3358,70,F,tablet,akdeniz,afternoon,6,190.61,1,0,0,1,0
3359,21,M,desktop,ic_anadolu,morning,3,87.88,0,0,0,0,0
3360,59,M,mobile,marmara,morning,14,172.01,0,0,1,0,0
3361,24,F,mobile,guneydogu_anadolu,morning,6,256.13,0,0,1,0,0
3362,39,M,tablet,ege,evening,2,138.59,0,0,0,0,0
3363,50,F,desktop,marmara,evening,11,311.43,0,0,0,1,0
3364,34,M,desktop,ege,afternoon,8,100.29,0,0,1,0,0
3365,41,F,tablet,ege,afternoon,8,164.83,0,0,0,0,0
3366,51,F,desktop,marmara,afternoon,13,214.79,0,0,0,0,0
3367,45,M,mobile,dogu_anadolu,evening,5,146.5,0,0,1,0,0
3368,60,M,desktop,marmara,evening,7,176.59,1,0,0,0,0
3369,58,M,mobile,dogu_anadolu,night,10,174.11,0,0,0,0,0
3370,56,F,mobile,ege,morning,12,96.66,1,0,0,0,0
3371,39,F,desktop,marmara,evening,4,103.81,0,0,1,0,0
3372,66,M,mobile,marmara,night,4,218.02,0,0,0,0,0
3373,34,F,desktop,akdeniz,evening,14,199.56,1,0,0,1,0
3374,51,F,desktop,ic_anadolu,afternoon,15,88.78,1,0,0,0,0
3375,23,F,desktop,dogu_anadolu,evening,5,137.21,0,0,0,0,1
3376,63,F,mobile,ic_anadolu,evening,8,79.32,0,1,0,0,1
3377,23,F,desktop,akdeniz,afternoon,15,225.91,0,0,1,0,0
3378,51,F,mobile,marmara,morning,14,60.87,0,0,0,1,0
3379,18,F,mobile,dogu_anadolu,evening,6,102.35,0,1,0,0,1
3380,27,M,mobile,dogu_anadolu,evening,4,220.91,0,1,1,0,1
3381,38,F,mobile,ege,night,6,136.07,0,1,0,0,1
3382,22,F,mobile,marmara,morning,10,186.11,0,0,1,0,0
3383,19,M,desktop,ic_anadolu,evening,9,288.54,1,0,1,0,0
3384,39,M,mobile,karadeniz,morning,15,124.8,0,1,1,1,1
3385,65,F,desktop,akdeniz,night,11,42.72,1,1,0,0,0
3386,19,M,tablet,ege,morning,10,45.07,0,1,0,0,0
3387,27,F,mobile,dogu_anadolu,afternoon,8,47.75,0,1,1,0,0
3388,51,M,desktop,marmara,morning,11,261.76,0,1,0,1,0
3389,33,F,mobile,ege,evening,8,115.8,0,0,0,0,1
3390,65,F,tablet,marmara,afternoon,7,87.22,1,0,0,0,0
3391,68,M,desktop,marmara,evening,1,265.37,0,1,0,0,0
3392,56,M,mobile,guneydogu_anadolu,afternoon,9,79.52,1,0,0,0,1
3393,39,F,desktop,akdeniz,afternoon,11,500.0,0,0,0,1,0
3394,29,F,mobile,karadeniz,afternoon,12,282.93,0,0,0,1,0
3395,41,F,tablet,akdeniz,morning,4,76.27,1,0,0,0,0
3396,64,M,mobile,karadeniz,morning,13,70.54,0,1,0,0,0
3397,57,F,mobile,akdeniz,evening,1,199.55,0,1,0,0,0
3398,55,F,tablet,marmara,afternoon,1,116.41,0,1,1,0,1
3399,27,F,mobile,dogu_anadolu,morning,5,192.86,0,0,1,0,0
3400,52,M,mobile,marmara,afternoon,13,50.51,0,0,1,0,0
3401,68,M,mobile,akdeniz,morning,3,132.07,1,0,0,0,0
3402,66,M,mobile,akdeniz,afternoon,10,323.58,1,0,0,1,0
3403,49,F,mobile,marmara,night,1,102.74,0,0,0,0,0
3404,24,M,tablet,marmara,afternoon,8,170.36,0,0,0,0,0
3405,38,M,mobile,karadeniz,evening,6,234.67,0,0,1,1,1
3406,37,M,mobile,ege,evening,12,86.12,0,0,1,0,1
3407,43,F,desktop,ege,afternoon,4,156.3,0,0,1,0,1
3408,21,F,mobile,akdeniz,evening,15,32.2,0,0,0,1,0
3409,63,M,mobile,ege,afternoon,8,35.17,0,0,1,0,0
3410,69,F,mobile,karadeniz,afternoon,11,158.57,0,0,0,0,0
3411,39,M,desktop,dogu_anadolu,evening,9,145.26,0,0,1,0,0
3412,32,M,tablet,marmara,evening,12,147.67,0,0,1,0,0
3413,57,M,desktop,ic_anadolu,night,8,27.32,0,0,0,0,0
3414,38,M,desktop,ege,evening,15,92.94,0,0,1,0,0
3415,32,M,mobile,ic_anadolu,afternoon,2,94.76,0,0,0,0,1
3416,39,F,mobile,akdeniz,evening,12,176.2,0,0,0,0,0
3417,69,F,desktop,ege,evening,10,168.96,1,0,0,1,0
3418,45,F,mobile,marmara,evening,11,113.6,0,0,1,0,0
3419,31,M,desktop,akdeniz,evening,2,59.65,0,1,0,0,0
3420,44,F,desktop,marmara,night,3,203.92,0,0,0,0,0
3421,58,F,desktop,marmara,morning,11,171.15,0,0,0,0,0
3422,57,M,tablet,guneydogu_anadolu,afternoon,5,60.01,0,1,0,0,0
3423,45,M,desktop,ege,evening,5,155.99,0,0,0,0,0
3424,43,M,desktop,ic_anadolu,afternoon,13,212.53,1,0,0,0,0
3425,66,M,mobile,marmara,evening,12,126.15,0,0,1,0,0
3426,19,M,mobile,dogu_anadolu,afternoon,9,101.75,0,0,0,0,0
3427,42,M,mobile,marmara,afternoon,4,128.14,1,0,0,0,0
3428,20,M,tablet,ege,morning,2,129.93,0,0,0,0,0
3429,25,M,mobile,ic_anadolu,evening,9,244.91,0,0,0,0,1
3430,61,M,desktop,dogu_anadolu,morning,1,353.66,1,0,0,1,0
3431,50,M,mobile,karadeniz,evening,10,490.03,0,0,1,0,0
3432,59,M,mobile,marmara,night,4,272.99,1,0,0,1,0
3433,69,F,desktop,karadeniz,morning,12,14.72,1,0,0,0,0
3434,52,F,desktop,ic_anadolu,morning,5,323.28,1,0,0,1,0
3435,23,F,mobile,guneydogu_anadolu,morning,4,98.26,1,0,1,0,0
3436,56,F,desktop,guneydogu_anadolu,afternoon,5,343.58,1,0,0,0,0
3437,69,F,tablet,akdeniz,morning,12,50.22,0,0,0,0,0
3438,40,F,mobile,ic_anadolu,afternoon,8,22.29,0,1,0,0,0
3439,42,F,desktop,akdeniz,afternoon,8,138.09,1,0,1,1,0
3440,67,M,desktop,ic_anadolu,afternoon,6,36.31,1,0,0,0,0
3441,60,M,tablet,marmara,evening,9,93.04,1,0,1,0,0
3442,36,F,desktop,marmara,night,7,217.24,1,1,1,1,0
3443,22,M,mobile,marmara,morning,4,39.84,0,0,1,0,0
3444,68,M,mobile,guneydogu_anadolu,evening,3,55.45,1,0,1,0,0
3445,28,M,tablet,marmara,morning,8,253.92,0,0,1,0,0
3446,29,M,mobile,marmara,morning,1,142.09,0,0,0,0,0
3447,27,F,desktop,ege,afternoon,8,55.08,1,0,1,0,0
3448,25,F,desktop,ic_anadolu,afternoon,12,257.79,1,0,0,0,0
3449,41,F,mobile,guneydogu_anadolu,morning,10,124.37,0,0,0,0,0
3450,45,F,tablet,ic_anadolu,afternoon,1,224.5,1,0,0,1,0
3451,58,M,desktop,marmara,night,7,34.53,1,0,0,1,0
3452,53,F,mobile,guneydogu_anadolu,morning,7,293.03,0,0,0,0,0
3453,54,F,desktop,marmara,evening,13,332.88,1,1,0,0,0
3454,38,F,tablet,guneydogu_anadolu,evening,14,80.23,0,0,1,1,0
3455,25,F,mobile,marmara,morning,9,253.55,0,0,1,0,0
3456,26,M,desktop,karadeniz,afternoon,4,82.1,0,0,1,0,0
3457,64,M,desktop,marmara,morning,15,35.49,1,1,0,0,0
3458,32,F,desktop,guneydogu_anadolu,morning,2,34.53,1,0,0,1,0
3459,65,F,mobile,marmara,morning,7,195.18,0,0,0,1,1
3460,63,F,mobile,marmara,morning,14,500.0,0,1,0,0,0
3461,57,F,desktop,dogu_anadolu,morning,7,147.39,1,0,0,1,0
3462,35,M,tablet,marmara,morning,8,151.69,0,0,1,1,0
3463,59,F,mobile,karadeniz,afternoon,14,40.36,0,0,1,0,0
3464,37,M,mobile,ic_anadolu,afternoon,11,119.2,0,1,0,0,0
3465,23,M,desktop,ic_anadolu,night,14,41.41,0,0,0,0,0
3466,29,F,desktop,ege,morning,6,176.1,1,1,0,0,0
3467,19,F,mobile,dogu_anadolu,evening,3,132.33,0,0,0,0,0
3468,24,M,mobile,dogu_anadolu,night,7,149.2,0,1,0,0,1
3469,33,M,mobile,ege,morning,14,119.55,1,0,0,0,0
3470,20,F,tablet,marmara,afternoon,14,79.81,0,0,0,0,0
3471,62,M,mobile,marmara,afternoon,3,170.53,0,0,0,0,1
3472,20,M,desktop,marmara,night,10,168.01,0,1,0,0,0
3473,44,F,tablet,akdeniz,evening,9,107.03,0,0,0,0,0
3474,67,M,mobile,dogu_anadolu,afternoon,7,166.82,1,1,0,1,0
3475,60,F,desktop,karadeniz,evening,7,156.93,0,0,0,0,0
3476,57,M,desktop,karadeniz,evening,10,287.1,0,0,0,1,0
3477,55,M,mobile,ege,afternoon,9,152.93,0,0,1,0,0
3478,50,M,mobile,ege,evening,8,141.17,0,1,1,0,1
3479,45,F,desktop,karadeniz,evening,12,212.84,0,0,0,0,0
3480,18,F,desktop,karadeniz,morning,10,22.98,0,0,0,1,0
3481,25,M,mobile,ic_anadolu,evening,4,49.36,0,0,1,0,0
3482,54,M,tablet,marmara,afternoon,4,26.52,0,0,1,0,0
3483,49,M,desktop,ic_anadolu,evening,13,151.8,0,0,0,0,0
3484,65,M,tablet,ege,afternoon,3,165.89,0,0,1,1,0
3485,60,M,desktop,marmara,night,4,95.02,0,1,0,1,0
3486,54,F,desktop,ic_anadolu,evening,9,31.63,0,0,0,0,0
3487,21,F,desktop,marmara,afternoon,5,180.41,0,0,1,0,0
3488,47,F,desktop,dogu_anadolu,night,14,45.23,1,0,0,0,1
3489,23,M,desktop,marmara,afternoon,6,107.54,1,0,0,1,1
3490,63,M,tablet,akdeniz,morning,4,78.51,0,0,0,0,0
3491,36,M,desktop,karadeniz,afternoon,13,91.26,1,1,0,1,0
3492,49,F,desktop,ege,afternoon,1,257.17,0,0,0,0,0
3493,26,F,desktop,karadeniz,afternoon,13,194.19,0,0,1,0,0
3494,29,F,mobile,ic_anadolu,evening,9,381.99,1,0,0,0,1
3495,28,M,tablet,dogu_anadolu,evening,13,122.97,0,0,0,1,0
3496,63,F,desktop,ege,afternoon,7,98.93,0,0,0,0,0
3497,33,F,mobile,marmara,evening,8,219.75,0,0,1,1,1
3498,18,F,desktop,ege,evening,4,113.99,0,0,0,0,0
3499,62,M,mobile,karadeniz,night,12,251.48,0,0,1,1,0
3500,70,F,desktop,akdeniz,night,13,109.61,0,1,0,0,0
3501,38,M,mobile,marmara,morning,8,175.46,0,0,0,0,0
3502,47,M,mobile,marmara,evening,14,119.8,0,1,1,0,1
3503,30,M,mobile,ege,afternoon,14,145.59,0,0,0,0,0
3504,51,M,desktop,ic_anadolu,evening,8,47.63,1,0,1,0,0
3505,21,F,desktop,marmara,evening,1,326.67,0,1,1,0,0
3506,45,F,mobile,ege,morning,15,147.54,0,0,1,0,0
3507,55,M,mobile,marmara,night,11,55.96,0,0,0,0,1
3508,48,M,desktop,ic_anadolu,evening,8,500.0,1,0,0,1,0
3509,44,M,mobile,dogu_anadolu,night,2,150.03,0,0,0,0,0
3510,22,M,mobile,akdeniz,morning,11,42.78,0,0,0,1,0
3511,42,F,desktop,marmara,evening,4,124.35,0,0,0,0,0
3512,20,F,desktop,marmara,evening,10,168.06,1,0,1,1,0
3513,50,M,tablet,ege,afternoon,15,86.76,0,0,0,1,1
3514,21,F,desktop,ic_anadolu,evening,14,78.17,0,0,0,0,0
3515,42,F,tablet,akdeniz,evening,12,273.19,0,0,1,1,0
3516,37,M,mobile,dogu_anadolu,evening,8,86.65,0,1,0,0,1
3517,51,F,desktop,guneydogu_anadolu,morning,14,139.78,0,0,0,0,1
3518,43,F,mobile,marmara,evening,4,56.02,0,0,0,0,0
3519,22,M,desktop,marmara,evening,10,352.54,1,0,1,1,0
3520,52,M,desktop,ege,evening,4,83.76,1,1,0,0,1
3521,45,F,desktop,ege,afternoon,2,261.04,1,0,0,0,0
3522,46,M,tablet,ic_anadolu,afternoon,12,87.47,0,0,0,1,0
3523,26,M,mobile,karadeniz,morning,10,99.48,0,0,1,0,0
3524,69,F,desktop,marmara,evening,15,39.61,0,1,1,1,0
3525,55,F,desktop,karadeniz,afternoon,9,72.36,1,1,0,0,0
3526,67,F,mobile,ic_anadolu,afternoon,15,153.3,0,0,0,0,1
3527,23,M,desktop,guneydogu_anadolu,evening,5,76.48,0,0,1,0,0
3528,36,F,desktop,ic_anadolu,morning,3,115.64,1,0,0,0,0
3529,61,M,desktop,ic_anadolu,night,3,230.99,0,0,0,0,0
3530,28,M,mobile,marmara,afternoon,3,151.89,0,0,1,0,0
3531,19,M,desktop,karadeniz,night,13,58.18,0,0,1,1,1
3532,64,M,mobile,marmara,morning,10,189.16,1,0,0,0,0
3533,61,M,mobile,ic_anadolu,afternoon,4,165.1,1,0,0,0,0
3534,61,F,tablet,marmara,afternoon,12,268.25,0,1,0,1,0
3535,26,F,mobile,marmara,evening,5,73.85,0,0,1,0,1
3536,38,M,mobile,marmara,morning,2,99.39,0,0,0,0,0
3537,41,F,mobile,marmara,afternoon,10,64.2,0,0,0,0,0
3538,51,F,tablet,ege,night,3,181.21,0,0,0,0,0
3539,39,M,mobile,guneydogu_anadolu,morning,15,178.13,0,1,0,0,0
3540,20,M,mobile,ege,evening,14,192.48,0,0,0,0,0
3541,29,F,desktop,karadeniz,evening,11,91.71,0,0,0,0,0
3542,45,M,tablet,marmara,morning,2,92.26,0,1,1,1,0
3543,47,F,desktop,akdeniz,evening,1,203.72,0,1,1,0,0
3544,43,M,desktop,marmara,afternoon,13,272.17,0,0,0,0,0
3545,65,F,mobile,marmara,afternoon,15,123.11,1,0,0,0,0
3546,38,M,mobile,marmara,afternoon,11,192.03,0,1,0,1,1
3547,45,F,mobile,ege,evening,3,114.81,0,1,0,0,1
3548,43,M,mobile,marmara,morning,2,205.89,0,0,0,0,0
3549,50,F,mobile,dogu_anadolu,afternoon,14,113.24,0,0,1,0,0
3550,38,F,mobile,ege,evening,6,145.7,0,0,0,0,1
3551,52,F,mobile,karadeniz,morning,11,139.85,1,0,0,0,0
3552,69,F,mobile,guneydogu_anadolu,night,2,110.42,0,0,0,0,0
3553,51,F,tablet,ic_anadolu,morning,15,260.71,0,0,0,1,0
3554,58,F,mobile,dogu_anadolu,afternoon,1,159.43,0,0,1,0,0
3555,68,M,tablet,marmara,evening,6,140.83,0,0,0,0,0
3556,64,M,desktop,karadeniz,morning,5,85.94,1,0,0,0,0
3557,35,F,desktop,marmara,evening,1,333.06,0,1,0,1,0
3558,28,M,desktop,akdeniz,night,6,77.65,0,0,1,1,0
3559,40,F,mobile,ic_anadolu,morning,14,56.94,0,0,0,0,0
3560,65,M,tablet,dogu_anadolu,afternoon,8,97.87,0,1,0,0,0
3561,39,F,desktop,dogu_anadolu,morning,13,215.93,0,0,0,0,0
3562,34,M,desktop,marmara,evening,5,190.64,1,0,0,0,0
3563,22,F,desktop,ege,morning,3,56.89,0,0,0,0,0
3564,61,M,mobile,karadeniz,afternoon,4,126.88,0,0,1,1,0
3565,28,F,desktop,ic_anadolu,evening,13,85.46,1,0,0,0,0
3566,47,F,desktop,marmara,afternoon,11,172.25,1,0,0,0,0
3567,32,F,mobile,ege,morning,14,197.66,0,0,1,0,0
3568,44,M,desktop,karadeniz,night,2,181.06,0,1,1,0,0
3569,52,M,mobile,ic_anadolu,afternoon,9,221.92,0,0,1,1,0
3570,50,M,mobile,ege,afternoon,10,144.0,0,1,0,1,0
3571,37,M,mobile,ic_anadolu,morning,7,236.18,0,0,0,1,0
3572,33,M,desktop,akdeniz,evening,1,66.53,1,0,1,0,0
3573,51,M,tablet,dogu_anadolu,afternoon,1,192.72,1,1,0,0,0
3574,19,F,mobile,ic_anadolu,morning,6,70.12,1,0,0,0,0
3575,52,M,desktop,ege,afternoon,12,323.5,1,0,0,0,0
3576,57,F,desktop,dogu_anadolu,night,2,174.63,0,0,0,1,0
3577,45,M,desktop,marmara,morning,13,171.32,1,0,0,0,0
3578,64,M,mobile,dogu_anadolu,morning,4,59.83,0,0,0,0,0
3579,56,M,mobile,ic_anadolu,afternoon,2,34.08,0,1,0,0,0
3580,23,M,desktop,guneydogu_anadolu,afternoon,15,106.58,1,0,0,0,0
3581,26,M,desktop,marmara,evening,1,234.36,0,0,1,0,0
3582,37,M,tablet,ic_anadolu,evening,3,154.16,0,0,0,0,0
3583,18,F,tablet,karadeniz,morning,7,177.66,0,0,1,0,0
3584,25,F,mobile,ic_anadolu,afternoon,12,103.29,0,1,0,0,0
3585,40,M,mobile,marmara,morning,11,131.83,0,0,0,0,0
3586,20,M,mobile,marmara,afternoon,11,306.29,1,0,1,1,0
3587,21,F,mobile,akdeniz,evening,10,175.65,0,0,1,0,0
3588,42,F,mobile,ege,afternoon,10,303.19,0,0,0,0,1
3589,64,F,desktop,ic_anadolu,morning,6,114.37,1,0,0,0,0
3590,55,F,mobile,ege,morning,3,77.56,1,0,1,0,0
3591,32,M,desktop,dogu_anadolu,evening,8,87.92,1,0,0,0,0
3592,38,M,desktop,ege,night,8,355.12,0,0,0,1,0
3593,52,M,mobile,marmara,afternoon,15,254.03,1,0,1,0,0
3594,70,M,mobile,marmara,morning,13,201.57,0,1,0,0,0
3595,70,M,tablet,ic_anadolu,night,9,56.27,0,0,0,1,0
3596,63,F,mobile,akdeniz,afternoon,12,307.66,0,0,0,1,1
3597,69,F,tablet,akdeniz,afternoon,11,163.75,0,1,0,0,0
3598,31,F,desktop,karadeniz,evening,12,182.92,1,0,1,0,0
3599,53,F,mobile,ege,morning,7,287.22,0,0,0,0,0
3600,29,F,desktop,guneydogu_anadolu,afternoon,3,49.69,1,1,0,1,0
3601,34,F,desktop,guneydogu_anadolu,night,6,157.58,1,0,0,0,1
3602,56,F,desktop,marmara,morning,8,111.42,0,1,0,0,0
3603,26,F,mobile,dogu_anadolu,evening,7,144.12,0,0,1,0,1
3604,52,M,desktop,ic_anadolu,afternoon,13,92.61,1,0,0,0,0
3605,30,F,mobile,akdeniz,night,10,203.76,0,0,1,0,1
3606,32,M,desktop,ic_anadolu,morning,3,58.44,1,0,0,0,0
3607,35,F,desktop,karadeniz,evening,8,121.06,0,0,1,0,0
3608,68,M,mobile,guneydogu_anadolu,afternoon,7,65.63,0,0,0,0,0
3609,50,M,tablet,akdeniz,afternoon,7,83.16,0,1,0,0,0
3610,23,M,desktop,marmara,morning,13,186.59,0,0,1,0,0
3611,44,M,mobile,ic_anadolu,evening,6,337.8,0,0,1,0,1
3612,40,F,tablet,marmara,morning,3,93.62,0,0,1,1,0
3613,44,F,mobile,ic_anadolu,evening,6,200.33,0,0,0,1,0
3614,51,F,mobile,karadeniz,afternoon,11,93.66,0,1,0,0,0
3615,63,F,desktop,ege,evening,4,217.2,1,0,0,0,0
3616,55,F,mobile,marmara,morning,14,112.66,0,0,0,0,0
3617,31,M,desktop,ic_anadolu,morning,9,183.95,0,0,0,0,0
3618,53,M,mobile,ege,afternoon,4,140.44,0,0,0,0,0
3619,70,M,mobile,marmara,afternoon,8,203.21,0,0,0,0,1
3620,25,M,mobile,ic_anadolu,afternoon,12,141.31,0,0,1,1,0
3621,52,M,desktop,guneydogu_anadolu,evening,5,170.04,1,0,0,1,1
3622,36,M,tablet,ic_anadolu,morning,9,86.71,0,1,0,1,1
3623,47,M,mobile,akdeniz,evening,6,47.12,0,0,1,1,0
3624,31,F,tablet,ic_anadolu,morning,2,46.01,1,0,0,1,0
3625,37,F,mobile,marmara,morning,6,198.17,0,1,1,1,1
3626,66,M,desktop,karadeniz,night,14,81.43,1,0,0,0,0
3627,42,M,mobile,ic_anadolu,afternoon,5,87.09,0,0,0,0,0
3628,57,M,mobile,guneydogu_anadolu,evening,12,77.4,0,1,0,0,0
3629,41,F,desktop,guneydogu_anadolu,morning,11,85.37,1,1,1,0,0
3630,31,M,mobile,ege,morning,9,73.23,0,0,0,0,0
3631,43,F,mobile,guneydogu_anadolu,afternoon,13,138.75,0,0,0,0,0
3632,55,F,mobile,guneydogu_anadolu,afternoon,3,58.39,0,0,1,0,1
3633,40,F,desktop,ic_anadolu,morning,12,151.0,0,0,0,1,0
3634,39,F,mobile,ege,morning,11,115.91,0,0,0,1,0
3635,65,F,desktop,karadeniz,morning,10,150.54,1,0,0,0,0
3636,36,F,mobile,marmara,afternoon,3,126.68,0,0,0,0,0
3637,63,F,desktop,ic_anadolu,evening,1,52.57,0,1,0,0,0
3638,68,F,desktop,marmara,afternoon,4,59.18,0,0,0,1,0
3639,20,M,desktop,ic_anadolu,evening,13,117.43,1,0,1,0,1
3640,59,M,desktop,guneydogu_anadolu,morning,6,215.98,1,0,0,0,0
3641,36,F,mobile,marmara,evening,14,87.84,0,1,0,1,0
3642,26,F,tablet,karadeniz,morning,2,59.56,1,0,0,0,0
3643,45,M,mobile,marmara,afternoon,1,153.67,0,0,1,0,0
3644,37,M,mobile,ic_anadolu,morning,14,208.77,0,1,1,1,0
3645,62,F,tablet,ic_anadolu,afternoon,4,261.83,1,0,0,1,0
3646,24,M,tablet,marmara,evening,8,122.33,0,1,1,0,0
3647,31,M,tablet,ic_anadolu,afternoon,6,116.43,0,0,1,1,0
3648,26,F,desktop,dogu_anadolu,night,12,78.28,0,0,0,0,0
3649,36,F,mobile,ege,evening,6,85.31,0,0,1,0,0
3650,64,F,mobile,ic_anadolu,morning,1,118.88,1,1,0,0,0
3651,69,M,mobile,ic_anadolu,afternoon,3,73.66,0,0,1,0,0
3652,31,F,mobile,marmara,night,15,35.82,0,0,0,0,0
3653,55,F,desktop,dogu_anadolu,morning,7,167.94,0,1,0,1,1
3654,70,F,tablet,akdeniz,evening,15,166.64,0,0,0,1,0
3655,53,M,mobile,ege,night,14,32.06,0,0,0,1,0
3656,57,M,desktop,marmara,evening,10,155.04,0,0,0,0,0
3657,34,M,desktop,akdeniz,evening,3,212.91,0,0,0,0,0
3658,47,M,mobile,ic_anadolu,evening,6,185.96,0,0,1,0,0
3659,26,F,desktop,ic_anadolu,evening,15,157.65,0,1,1,0,0
3660,50,M,desktop,ic_anadolu,afternoon,6,244.64,0,1,1,1,0
3661,69,M,tablet,karadeniz,morning,9,179.49,0,1,0,0,0
3662,42,F,desktop,ege,evening,11,249.98,0,1,0,0,0
3663,31,M,mobile,akdeniz,night,3,224.49,0,0,0,0,0
3664,28,M,mobile,guneydogu_anadolu,afternoon,15,28.7,0,0,0,0,1
3665,70,M,mobile,guneydogu_anadolu,afternoon,7,36.7,0,0,0,0,0
3666,52,F,desktop,ege,afternoon,11,103.6,1,0,0,0,0
3667,58,M,mobile,ic_anadolu,evening,3,248.55,1,0,1,0,0
3668,31,M,desktop,marmara,morning,9,126.49,0,0,0,0,0
3669,47,F,desktop,marmara,evening,12,134.22,0,1,0,0,0
3670,58,F,mobile,karadeniz,night,10,132.62,0,1,0,0,0
3671,21,F,tablet,ege,morning,7,91.84,0,0,0,0,0
3672,21,M,mobile,marmara,night,15,111.8,0,1,0,0,0
3673,45,M,desktop,karadeniz,night,11,50.63,0,0,1,0,1
3674,25,F,mobile,dogu_anadolu,night,10,210.77,1,0,1,0,1
3675,19,F,desktop,guneydogu_anadolu,afternoon,4,69.26,0,0,0,0,0
3676,58,F,mobile,ic_anadolu,afternoon,10,42.95,0,0,1,1,0
3677,63,M,desktop,akdeniz,evening,1,92.52,0,0,0,0,0
3678,39,F,tablet,marmara,afternoon,1,38.56,0,0,0,0,0
3679,58,M,desktop,karadeniz,morning,2,60.98,0,0,0,0,0
3680,33,M,desktop,guneydogu_anadolu,night,10,293.46,0,0,0,0,0
3681,46,M,mobile,dogu_anadolu,evening,15,161.38,0,0,1,0,0
3682,66,F,desktop,karadeniz,morning,11,500.0,1,0,0,1,0
3683,65,F,mobile,marmara,morning,4,75.03,1,0,0,0,0
3684,47,F,tablet,ege,evening,14,224.31,0,0,1,0,0
3685,29,F,desktop,ege,evening,2,152.54,1,0,0,1,0
3686,52,F,desktop,dogu_anadolu,afternoon,4,270.01,0,0,0,0,0
3687,28,M,tablet,marmara,morning,8,320.52,0,0,0,1,0
3688,63,F,mobile,akdeniz,evening,5,155.06,0,0,1,0,0
3689,67,F,tablet,marmara,afternoon,4,181.13,0,0,0,0,0
3690,38,F,desktop,ic_anadolu,morning,2,107.84,0,0,0,0,0
3691,38,F,desktop,karadeniz,afternoon,1,51.76,0,0,0,0,0
3692,22,M,desktop,ic_anadolu,afternoon,14,61.65,1,0,1,0,0
3693,65,F,desktop,karadeniz,afternoon,8,53.55,1,1,1,0,0
3694,37,F,mobile,ic_anadolu,evening,8,190.7,0,0,1,0,1
3695,54,M,desktop,marmara,afternoon,10,105.91,0,0,1,0,0
3696,20,F,mobile,ege,night,2,135.31,0,0,1,0,0
3697,61,F,desktop,guneydogu_anadolu,evening,8,23.17,0,0,1,0,0
3698,50,F,mobile,marmara,evening,14,93.18,0,0,1,1,0
3699,70,F,desktop,marmara,morning,10,140.44,1,1,1,0,0
3700,26,F,desktop,ege,evening,3,195.82,0,0,0,1,0
3701,26,F,mobile,ege,night,8,64.58,0,0,1,0,1
3702,21,M,desktop,akdeniz,afternoon,1,134.58,0,0,1,1,0
3703,52,F,mobile,akdeniz,afternoon,13,69.34,0,0,0,0,0
3704,34,M,mobile,guneydogu_anadolu,afternoon,15,180.06,0,1,1,0,0
3705,51,M,tablet,karadeniz,morning,15,115.24,1,1,0,0,1
3706,41,M,mobile,marmara,afternoon,15,300.38,0,1,1,0,0
3707,49,F,mobile,ic_anadolu,morning,4,124.61,0,0,0,0,0
3708,18,F,tablet,karadeniz,morning,9,382.87,1,0,1,1,0
3709,25,M,tablet,dogu_anadolu,afternoon,15,158.45,0,1,1,0,0
3710,62,M,mobile,ege,evening,5,173.9,0,0,0,0,0
3711,40,M,mobile,ege,evening,1,162.98,0,0,0,1,1
3712,64,F,mobile,karadeniz,night,13,169.43,0,0,0,0,1
3713,57,M,desktop,karadeniz,afternoon,14,458.88,0,0,0,0,0
3714,29,F,tablet,akdeniz,afternoon,6,175.21,0,0,1,0,1
3715,29,F,mobile,marmara,evening,2,134.53,0,1,0,0,0
3716,63,F,desktop,ic_anadolu,evening,10,129.1,0,0,0,0,0
3717,64,F,desktop,marmara,morning,1,222.19,1,0,1,1,0
3718,32,F,desktop,marmara,afternoon,2,137.05,1,0,0,0,1
3719,58,M,desktop,ege,night,15,63.89,1,0,0,0,0
3720,36,M,desktop,ege,morning,14,108.77,1,1,0,0,1
3721,43,M,mobile,akdeniz,morning,4,239.2,1,0,0,0,1
3722,69,F,desktop,ege,afternoon,13,218.11,1,0,0,0,1
3723,46,M,mobile,marmara,night,4,81.5,0,1,0,0,0
3724,39,F,desktop,marmara,morning,8,36.64,0,0,0,0,0
3725,57,F,desktop,marmara,evening,6,188.67,0,0,0,0,0
3726,38,F,mobile,ege,morning,15,280.49,0,0,1,0,0
3727,68,F,tablet,marmara,afternoon,1,57.41,1,0,1,0,0
3728,55,F,mobile,marmara,afternoon,7,120.22,0,0,0,1,0
3729,37,F,mobile,akdeniz,morning,1,158.09,0,0,0,1,0
3730,46,M,mobile,marmara,night,10,157.56,0,0,1,0,1
3731,68,M,desktop,marmara,evening,14,132.78,1,0,0,0,0
3732,21,F,desktop,karadeniz,afternoon,3,88.99,1,0,0,0,0
3733,24,M,desktop,akdeniz,morning,12,51.89,0,0,0,1,0
3734,45,M,mobile,dogu_anadolu,afternoon,3,117.99,0,0,1,1,0
3735,45,M,mobile,akdeniz,night,2,79.68,0,0,0,0,1
3736,21,M,mobile,dogu_anadolu,morning,3,91.04,0,1,0,0,0
3737,39,F,desktop,marmara,afternoon,13,173.95,0,0,0,0,0
3738,29,M,mobile,ic_anadolu,afternoon,8,62.0,1,0,0,0,0
3739,62,M,desktop,akdeniz,morning,1,202.83,1,0,0,0,0
3740,20,M,desktop,dogu_anadolu,morning,7,106.98,1,1,0,1,0
3741,39,M,desktop,ege,evening,11,60.73,1,0,1,0,1
3742,61,M,mobile,dogu_anadolu,afternoon,13,181.14,0,0,0,0,1
3743,19,M,desktop,akdeniz,evening,4,80.95,1,0,0,0,0
3744,41,F,mobile,ic_anadolu,night,8,76.69,0,1,1,0,0
3745,51,F,tablet,dogu_anadolu,afternoon,4,419.54,1,0,0,1,0
3746,44,F,desktop,guneydogu_anadolu,afternoon,11,86.86,0,0,1,0,0
3747,58,F,mobile,ic_anadolu,evening,4,119.12,0,0,0,0,0
3748,18,F,desktop,ege,evening,14,173.21,0,0,0,1,0
3749,25,M,desktop,marmara,morning,4,26.54,0,0,0,0,0
3750,40,M,desktop,ege,morning,10,38.39,1,0,1,1,1
3751,55,M,tablet,marmara,evening,12,66.99,1,1,0,1,0
3752,23,M,mobile,marmara,morning,10,78.45,0,0,0,0,0
3753,39,M,mobile,ic_anadolu,evening,10,173.71,0,0,1,1,0
3754,42,M,desktop,karadeniz,evening,2,106.63,0,0,0,0,0
3755,35,M,mobile,marmara,morning,9,24.54,0,0,1,0,0
3756,34,M,tablet,akdeniz,evening,10,215.31,0,0,0,0,0
3757,29,F,mobile,ege,evening,13,148.03,0,0,1,0,1
3758,23,F,tablet,dogu_anadolu,afternoon,1,28.85,1,1,0,0,0
3759,43,F,desktop,marmara,evening,13,96.95,0,0,1,0,0
3760,44,M,mobile,akdeniz,morning,8,135.81,0,1,0,0,0
3761,25,M,mobile,guneydogu_anadolu,evening,7,270.09,0,0,1,0,0
3762,36,F,mobile,ege,evening,7,79.47,0,0,1,0,0
3763,59,F,tablet,ic_anadolu,evening,14,67.61,1,0,0,0,0
3764,18,M,desktop,dogu_anadolu,morning,4,137.27,1,1,0,1,0
3765,46,M,desktop,marmara,afternoon,5,19.06,0,0,0,1,0
3766,62,F,desktop,guneydogu_anadolu,night,1,50.44,1,0,0,0,0
3767,66,M,tablet,karadeniz,afternoon,2,164.74,1,0,0,0,0
3768,52,M,tablet,marmara,evening,10,217.15,0,0,0,0,0
3769,57,M,mobile,ege,night,8,59.58,0,1,0,0,0
3770,31,F,mobile,ic_anadolu,afternoon,2,84.02,0,1,0,0,0
3771,52,F,mobile,dogu_anadolu,afternoon,8,107.76,1,1,0,1,0
3772,65,F,mobile,marmara,night,9,103.8,0,0,0,0,0
3773,62,F,desktop,ic_anadolu,night,10,123.55,0,1,0,1,0
3774,37,M,mobile,marmara,afternoon,9,197.5,1,0,0,0,0
3775,66,F,mobile,karadeniz,evening,5,191.89,0,1,1,0,0
3776,30,M,mobile,ic_anadolu,night,2,208.17,0,0,0,0,0
3777,55,F,desktop,akdeniz,morning,7,370.46,1,0,0,0,0
3778,66,M,mobile,ic_anadolu,morning,1,139.92,0,1,0,1,0
3779,63,F,mobile,dogu_anadolu,afternoon,15,106.03,0,1,0,0,0
3780,66,M,mobile,ege,afternoon,7,58.15,0,0,0,0,0
3781,25,M,mobile,karadeniz,evening,11,78.04,0,1,1,0,1
3782,60,M,mobile,marmara,evening,6,178.56,1,0,0,0,0
3783,37,F,mobile,ic_anadolu,morning,15,142.12,0,0,0,0,0
3784,50,F,desktop,karadeniz,night,15,36.01,0,1,0,0,0
3785,43,M,mobile,ege,morning,2,138.25,0,1,0,0,0
3786,56,F,mobile,karadeniz,afternoon,11,94.31,0,0,1,0,0
3787,38,F,mobile,akdeniz,afternoon,15,159.55,0,0,0,0,0
3788,70,F,mobile,guneydogu_anadolu,evening,1,500.0,0,1,0,0,0
3789,66,M,mobile,marmara,morning,10,239.48,1,1,0,0,0
3790,59,M,mobile,marmara,morning,13,149.58,0,1,0,0,0
3791,60,F,mobile,karadeniz,night,5,328.43,0,0,0,0,0
3792,58,F,mobile,karadeniz,night,8,45.49,1,0,1,0,0
3793,26,F,mobile,akdeniz,morning,4,372.19,0,0,1,0,0
3794,41,M,tablet,guneydogu_anadolu,morning,13,169.35,1,0,0,1,0
3795,54,F,mobile,ic_anadolu,evening,15,222.07,0,0,0,1,0
3796,66,F,desktop,guneydogu_anadolu,evening,3,158.8,0,0,0,0,0
3797,58,M,mobile,akdeniz,night,3,126.33,0,1,0,0,0
3798,34,M,mobile,marmara,afternoon,4,104.87,0,1,1,0,0
3799,41,M,tablet,ege,morning,9,418.1,0,0,1,1,0
3800,38,M,mobile,guneydogu_anadolu,evening,11,345.09,1,0,0,0,1
3801,68,F,desktop,ege,afternoon,5,167.26,1,0,0,1,1
3802,56,M,desktop,guneydogu_anadolu,evening,7,153.44,0,0,0,0,1
3803,58,F,mobile,karadeniz,night,15,134.93,0,1,0,0,0
3804,56,M,mobile,ege,afternoon,15,52.99,0,0,1,0,0
3805,30,F,mobile,akdeniz,morning,15,368.61,0,1,1,0,0
3806,28,M,desktop,ic_anadolu,evening,9,127.32,0,0,0,0,0
3807,63,M,mobile,ic_anadolu,afternoon,1,331.38,0,1,0,0,0
3808,36,F,mobile,marmara,afternoon,14,171.69,1,1,0,1,0
3809,28,M,desktop,guneydogu_anadolu,night,2,23.85,1,0,0,1,0
3810,30,F,desktop,ic_anadolu,afternoon,14,470.75,1,0,0,0,0
3811,63,F,desktop,guneydogu_anadolu,morning,6,111.31,1,0,0,1,0
3812,62,F,desktop,ic_anadolu,afternoon,3,56.94,0,0,0,0,0
3813,18,F,desktop,ege,morning,11,63.97,0,0,0,0,0
3814,57,F,desktop,akdeniz,morning,12,131.13,1,1,0,1,0
3815,61,M,tablet,karadeniz,evening,11,108.31,0,0,0,0,0
3816,36,F,desktop,ege,evening,14,123.32,0,0,1,0,0
3817,29,F,desktop,guneydogu_anadolu,afternoon,7,58.31,0,0,1,0,0
3818,25,F,desktop,akdeniz,afternoon,5,186.29,0,0,0,1,0
3819,25,M,mobile,guneydogu_anadolu,afternoon,12,44.44,1,0,0,0,1
3820,70,M,mobile,dogu_anadolu,morning,10,115.11,0,0,0,0,0
3821,62,M,desktop,karadeniz,afternoon,13,264.95,0,0,0,0,1
3822,29,M,mobile,akdeniz,evening,1,45.66,0,0,0,1,1
3823,65,M,mobile,ic_anadolu,evening,15,83.8,0,0,0,0,0
3824,50,M,desktop,karadeniz,night,9,70.0,1,0,1,1,1
3825,62,M,mobile,akdeniz,evening,15,25.1,0,1,0,0,1
3826,43,F,mobile,ic_anadolu,afternoon,13,159.01,0,0,0,0,0
3827,56,M,desktop,karadeniz,afternoon,10,154.18,0,0,0,1,0
3828,45,M,mobile,akdeniz,morning,7,131.22,0,0,0,0,0
3829,22,M,mobile,akdeniz,evening,14,416.24,0,0,1,1,0
3830,25,M,mobile,marmara,afternoon,6,153.14,0,0,1,0,0
3831,42,M,desktop,marmara,evening,8,93.61,0,1,0,0,0
3832,44,M,tablet,dogu_anadolu,afternoon,12,83.39,0,1,0,0,0
3833,63,F,mobile,karadeniz,night,12,13.12,1,0,0,0,0
3834,40,F,desktop,marmara,afternoon,4,108.39,0,0,0,1,0
3835,47,F,mobile,dogu_anadolu,afternoon,14,167.43,0,0,0,1,1
3836,62,M,mobile,marmara,evening,14,96.86,0,1,0,1,0
3837,64,M,mobile,akdeniz,afternoon,10,166.11,0,0,1,0,0
3838,40,M,desktop,marmara,evening,5,109.5,1,0,0,0,0
3839,66,M,desktop,guneydogu_anadolu,morning,1,195.9,1,0,0,0,0
3840,64,M,mobile,guneydogu_anadolu,evening,9,321.98,0,0,0,0,1
3841,37,M,tablet,ic_anadolu,morning,9,487.45,0,0,0,1,0
3842,35,M,desktop,ege,morning,5,61.43,0,0,0,1,0
3843,35,M,mobile,akdeniz,evening,13,117.41,0,0,1,1,0
3844,19,M,mobile,karadeniz,afternoon,7,68.81,0,0,0,0,0
3845,21,F,mobile,marmara,morning,8,53.28,0,1,0,0,0
3846,47,M,mobile,ege,evening,9,148.19,0,0,0,0,1
3847,50,F,desktop,ic_anadolu,night,5,53.28,1,0,1,1,0
3848,53,F,mobile,ege,morning,3,133.47,0,0,0,0,0
3849,35,M,tablet,marmara,afternoon,3,152.32,0,1,0,0,0
3850,54,M,desktop,akdeniz,evening,11,74.71,1,0,0,0,0
3851,36,M,mobile,ic_anadolu,evening,10,121.47,0,1,0,0,1
3852,64,F,desktop,guneydogu_anadolu,night,3,91.91,1,0,0,1,0
3853,45,F,desktop,marmara,morning,9,86.25,0,0,0,1,0
3854,57,F,mobile,akdeniz,afternoon,10,77.8,0,0,0,0,0
3855,37,F,desktop,ege,morning,13,124.12,0,1,1,0,0
3856,66,F,mobile,marmara,afternoon,13,136.01,1,1,0,0,0
3857,50,F,mobile,ic_anadolu,morning,15,129.33,0,0,0,0,0
3858,29,F,tablet,marmara,morning,6,128.63,0,1,0,1,0
3859,68,F,desktop,marmara,afternoon,5,313.11,1,1,1,0,0
3860,32,F,desktop,karadeniz,morning,10,193.77,0,0,0,0,0
3861,58,M,desktop,akdeniz,night,2,48.25,0,0,0,0,0
3862,56,F,mobile,guneydogu_anadolu,evening,11,161.42,1,0,0,0,0
3863,19,M,mobile,ege,morning,11,119.21,0,0,0,0,1
3864,46,M,desktop,akdeniz,evening,8,280.98,0,0,1,0,1
3865,58,F,tablet,ege,night,14,86.17,0,0,0,0,0
3866,27,M,tablet,marmara,afternoon,5,21.97,0,0,0,0,0
3867,19,M,mobile,dogu_anadolu,afternoon,6,140.89,0,1,0,1,0
3868,68,M,desktop,ic_anadolu,morning,15,101.75,1,0,0,0,0
3869,28,F,desktop,ege,morning,9,187.89,1,0,0,0,0
3870,30,M,mobile,ic_anadolu,afternoon,3,248.12,0,0,0,0,0
3871,27,M,mobile,guneydogu_anadolu,morning,14,203.98,1,0,0,0,0
3872,31,F,desktop,marmara,afternoon,4,82.88,0,0,0,1,0
3873,35,F,desktop,marmara,morning,5,124.36,0,1,0,0,0
3874,68,F,tablet,marmara,afternoon,9,78.58,0,1,0,0,0
3875,26,M,desktop,dogu_anadolu,afternoon,12,158.19,0,0,1,0,0
3876,56,F,mobile,marmara,afternoon,5,180.49,0,1,0,0,0
3877,45,M,mobile,ege,afternoon,7,95.93,0,0,1,0,0
3878,20,F,mobile,akdeniz,afternoon,14,133.59,0,0,0,0,1
3879,37,M,mobile,ic_anadolu,evening,12,13.91,0,0,0,0,0
3880,23,F,mobile,karadeniz,evening,5,58.93,0,0,0,0,0
3881,44,F,desktop,ege,afternoon,8,25.44,0,1,0,1,0
3882,70,M,mobile,akdeniz,night,14,127.69,1,1,0,1,0
3883,19,F,desktop,guneydogu_anadolu,evening,7,232.2,1,0,1,0,0
3884,46,F,mobile,marmara,morning,8,165.45,0,0,1,0,0
3885,55,F,mobile,marmara,morning,5,348.54,1,0,0,1,1
3886,20,M,mobile,ic_anadolu,morning,10,157.23,0,0,0,1,0
3887,33,M,desktop,karadeniz,afternoon,10,358.76,0,1,0,1,0
3888,47,M,desktop,ege,afternoon,4,59.98,0,1,0,1,1
3889,57,F,mobile,marmara,afternoon,2,112.01,1,0,1,0,0
3890,19,F,desktop,karadeniz,evening,15,134.33,0,0,0,0,0
3891,34,M,tablet,ic_anadolu,morning,4,61.39,0,0,0,0,0
3892,58,M,tablet,dogu_anadolu,afternoon,5,72.01,0,0,0,0,0
3893,29,F,desktop,karadeniz,afternoon,10,127.46,0,0,1,0,0
3894,52,F,desktop,marmara,night,15,72.92,0,1,0,0,1
3895,60,F,mobile,karadeniz,morning,10,84.27,1,0,0,0,0
3896,18,M,tablet,marmara,morning,15,280.46,0,0,0,0,1
3897,62,F,mobile,dogu_anadolu,morning,14,165.96,1,0,0,0,0
3898,32,M,desktop,karadeniz,afternoon,10,202.29,0,1,0,0,0
3899,43,F,mobile,akdeniz,afternoon,7,121.02,0,1,1,0,0
3900,54,F,desktop,ic_anadolu,evening,15,145.98,0,1,0,0,0
3901,38,F,desktop,marmara,afternoon,15,38.86,0,0,1,0,0
3902,66,F,desktop,marmara,morning,11,57.78,1,1,0,0,1
3903,48,F,mobile,ege,afternoon,11,84.27,0,1,0,1,0
3904,42,F,desktop,karadeniz,night,5,139.19,0,0,0,0,0
3905,40,F,mobile,akdeniz,afternoon,4,23.14,0,0,0,1,0
3906,41,F,tablet,marmara,evening,4,74.59,0,1,0,1,1
3907,55,F,mobile,karadeniz,afternoon,6,97.61,1,0,1,1,0
3908,45,M,mobile,marmara,afternoon,15,102.74,0,0,0,0,0
3909,38,M,desktop,karadeniz,evening,6,95.07,0,0,0,0,0
3910,60,M,mobile,akdeniz,morning,15,110.87,0,0,0,0,1
3911,35,F,desktop,akdeniz,morning,6,116.89,0,0,0,0,0
3912,53,F,mobile,marmara,morning,2,83.91,0,0,0,1,0
3913,52,F,desktop,dogu_anadolu,morning,11,54.26,0,0,0,0,0
3914,62,M,desktop,marmara,afternoon,12,171.43,0,0,0,0,0
3915,26,F,desktop,marmara,afternoon,14,342.4,0,1,0,0,0
3916,70,F,desktop,ic_anadolu,afternoon,8,245.44,0,0,0,0,0
3917,55,M,mobile,dogu_anadolu,afternoon,10,124.5,0,1,1,1,0
3918,47,F,mobile,marmara,afternoon,7,181.36,0,0,1,0,0
3919,61,F,desktop,ic_anadolu,morning,14,133.25,1,0,0,0,0
3920,51,F,mobile,ic_anadolu,evening,14,79.64,1,0,1,0,0
3921,49,M,mobile,ic_anadolu,afternoon,4,99.17,0,1,0,0,0
3922,20,M,mobile,akdeniz,evening,4,224.73,0,0,0,0,1
3923,20,F,mobile,ege,afternoon,7,117.73,0,1,0,0,0
3924,45,F,desktop,ege,afternoon,6,60.51,0,0,0,1,0
3925,61,M,desktop,ic_anadolu,evening,10,299.67,0,0,1,0,0
3926,32,F,mobile,marmara,afternoon,4,231.21,0,0,1,0,1
3927,58,M,tablet,ic_anadolu,afternoon,2,54.38,1,0,0,0,0
3928,40,M,mobile,marmara,evening,6,500.0,0,0,1,1,0
3929,57,F,mobile,akdeniz,afternoon,9,195.68,0,0,1,0,0
3930,28,F,mobile,akdeniz,afternoon,6,276.24,0,1,0,0,1
3931,65,M,mobile,dogu_anadolu,morning,15,103.16,0,1,0,0,0
3932,49,F,mobile,akdeniz,afternoon,3,60.79,0,0,1,0,0
3933,53,F,mobile,marmara,evening,13,212.35,0,0,0,0,1
3934,50,M,mobile,marmara,morning,15,136.64,0,0,0,1,0
3935,41,F,mobile,ic_anadolu,morning,15,140.45,0,0,1,0,1
3936,56,F,mobile,akdeniz,night,13,79.81,1,0,0,0,0
3937,51,F,mobile,ic_anadolu,morning,7,196.52,0,0,0,0,0
3938,45,M,desktop,akdeniz,afternoon,9,97.91,0,0,0,0,0
3939,54,F,mobile,karadeniz,evening,11,342.4,1,0,0,0,0
3940,24,M,mobile,dogu_anadolu,morning,10,116.72,0,0,0,0,0
3941,21,M,tablet,marmara,night,12,153.66,0,0,0,1,0
3942,54,F,mobile,ic_anadolu,morning,11,95.94,0,0,0,0,0
3943,18,F,desktop,marmara,morning,7,175.32,0,1,1,0,0
3944,18,F,desktop,ege,morning,4,41.8,1,0,0,1,0
3945,64,M,mobile,akdeniz,afternoon,2,38.85,0,0,0,1,0
3946,37,M,desktop,ic_anadolu,night,12,46.74,1,0,0,0,0
3947,36,M,tablet,ege,evening,9,169.51,1,0,1,0,0
3948,46,F,desktop,karadeniz,evening,3,75.04,1,0,1,0,0
3949,27,M,tablet,ege,morning,6,111.01,0,0,0,0,0
3950,35,F,mobile,ege,evening,14,63.75,0,1,0,0,1
3951,45,M,tablet,marmara,evening,13,99.75,0,0,1,0,0
3952,52,M,desktop,ic_anadolu,morning,7,151.25,1,0,0,0,0
3953,60,F,mobile,marmara,evening,12,198.0,0,1,1,0,0
3954,64,F,desktop,ege,evening,3,149.88,0,0,0,0,0
3955,48,M,desktop,marmara,evening,3,196.6,0,0,0,0,0
3956,44,M,desktop,marmara,morning,3,81.99,0,1,0,1,0
3957,28,F,mobile,marmara,night,4,62.0,1,0,1,0,0
3958,66,F,desktop,marmara,morning,3,112.2,1,0,0,1,0
3959,66,M,tablet,ege,evening,7,231.6,0,0,0,0,0
3960,55,F,desktop,akdeniz,morning,13,117.94,1,1,0,1,0
3961,22,F,desktop,marmara,night,14,96.94,0,0,1,0,0
3962,25,F,desktop,ic_anadolu,afternoon,5,202.06,1,0,0,0,0
3963,51,F,mobile,ege,afternoon,4,61.37,1,0,0,0,0
3964,65,M,desktop,ege,morning,6,212.3,1,0,0,1,0
3965,69,M,tablet,karadeniz,afternoon,14,64.9,0,1,1,0,1
3966,29,M,mobile,akdeniz,night,10,134.29,0,0,1,0,0
3967,55,F,tablet,guneydogu_anadolu,night,2,132.2,1,0,1,1,0
3968,18,M,desktop,ege,morning,12,203.6,0,0,0,0,0
3969,48,F,mobile,karadeniz,afternoon,15,183.47,0,0,1,0,0
3970,21,F,mobile,ic_anadolu,morning,4,99.18,0,0,0,1,1
3971,66,M,mobile,dogu_anadolu,afternoon,4,138.18,0,0,1,0,0
3972,62,F,mobile,guneydogu_anadolu,evening,14,211.05,1,0,1,0,1
3973,67,M,tablet,marmara,evening,15,354.58,1,0,1,1,0
3974,22,F,desktop,marmara,afternoon,7,173.73,0,0,0,0,1
3975,47,M,mobile,ic_anadolu,afternoon,14,351.47,0,0,0,1,0
3976,41,F,desktop,ege,evening,2,76.81,1,0,0,0,0
3977,20,F,desktop,karadeniz,morning,14,127.03,0,0,1,0,0
3978,28,F,desktop,marmara,morning,5,129.3,0,0,0,0,0
3979,62,M,tablet,karadeniz,morning,11,73.26,0,0,0,0,0
3980,21,M,tablet,marmara,morning,15,147.57,1,0,0,0,0
3981,43,M,desktop,marmara,afternoon,10,267.46,0,0,0,0,0
3982,44,M,tablet,guneydogu_anadolu,night,9,125.52,0,1,0,0,0
3983,63,M,mobile,marmara,morning,9,197.37,0,0,0,0,0
3984,60,F,mobile,ege,evening,9,90.63,0,0,1,0,0
3985,44,F,desktop,marmara,afternoon,3,113.62,1,0,0,0,0
3986,59,M,mobile,dogu_anadolu,evening,13,51.11,0,0,0,0,0
3987,68,M,desktop,ic_anadolu,morning,13,24.79,1,0,0,0,0
3988,67,M,desktop,karadeniz,morning,12,87.51,0,0,0,0,0
3989,23,F,mobile,akdeniz,morning,15,146.12,0,0,0,0,0
3990,32,F,mobile,ege,evening,15,206.79,0,1,0,0,0
3991,70,M,mobile,marmara,evening,3,233.41,0,0,0,0,0
3992,47,M,tablet,marmara,night,2,68.67,0,1,0,0,0
3993,59,F,mobile,akdeniz,afternoon,8,194.24,1,0,0,0,0
3994,54,M,desktop,ic_anadolu,afternoon,4,260.28,1,1,0,0,0
3995,54,M,desktop,marmara,afternoon,13,409.04,0,0,0,0,0
3996,59,F,mobile,marmara,morning,12,107.12,0,0,0,0,0
3997,54,M,tablet,marmara,afternoon,5,129.82,1,0,0,0,0
3998,52,M,tablet,ege,evening,13,217.73,0,1,0,0,0
3999,40,M,mobile,marmara,afternoon,2,50.73,0,0,0,1,0
4000,23,M,mobile,marmara,evening,12,127.55,0,0,1,0,1
4001,21,M,mobile,marmara,afternoon,3,52.53,0,1,1,1,1
4002,35,F,desktop,dogu_anadolu,afternoon,9,244.74,0,1,0,0,0
4003,26,F,desktop,marmara,afternoon,6,163.99,0,0,0,0,1
4004,66,F,mobile,karadeniz,morning,7,161.65,0,0,1,0,0
4005,46,F,tablet,ege,night,13,90.39,0,0,1,0,1
4006,30,F,tablet,ic_anadolu,evening,5,281.34,0,0,1,0,0
4007,64,F,desktop,marmara,evening,9,29.67,0,0,1,0,0
4008,69,F,mobile,ic_anadolu,night,14,81.81,0,0,0,0,0
4009,34,F,tablet,marmara,morning,10,115.59,0,0,0,1,1
4010,62,M,mobile,marmara,afternoon,5,143.31,1,0,0,0,0
4011,49,F,desktop,dogu_anadolu,evening,6,184.9,0,0,0,0,0
4012,65,M,mobile,ic_anadolu,afternoon,11,132.65,1,1,0,0,0
4013,39,M,mobile,marmara,morning,9,127.89,0,0,1,0,0
4014,21,F,mobile,ege,morning,5,81.5,1,0,1,0,0
4015,22,M,mobile,ege,afternoon,5,78.68,0,0,0,0,0
4016,54,M,mobile,ic_anadolu,evening,12,106.85,0,0,0,0,0
4017,58,F,desktop,ic_anadolu,morning,5,39.27,1,1,0,0,0
4018,66,F,desktop,marmara,afternoon,11,128.23,0,0,0,0,0
4019,30,F,mobile,marmara,morning,15,248.25,0,1,1,1,0
4020,51,F,desktop,akdeniz,afternoon,5,281.63,0,1,0,0,0
4021,62,F,tablet,ege,night,5,147.0,0,0,0,0,0
4022,39,M,desktop,akdeniz,evening,1,346.71,0,1,0,0,0
4023,70,M,mobile,ic_anadolu,afternoon,5,241.73,0,0,0,0,1
4024,40,M,tablet,ic_anadolu,morning,5,158.63,0,0,0,1,0
4025,68,F,desktop,ege,morning,1,163.57,0,0,0,1,0
4026,20,F,mobile,dogu_anadolu,morning,13,38.62,0,0,0,0,0
4027,59,F,mobile,marmara,evening,5,101.01,0,0,1,0,0
4028,51,F,desktop,ic_anadolu,morning,8,100.92,1,0,0,1,0
4029,49,F,tablet,guneydogu_anadolu,afternoon,4,220.41,0,0,0,0,0
4030,62,M,desktop,akdeniz,evening,7,90.57,0,0,0,0,0
4031,68,F,mobile,akdeniz,evening,7,84.54,0,0,1,0,0
4032,66,M,desktop,marmara,afternoon,15,273.85,1,0,0,1,0
4033,38,F,desktop,karadeniz,afternoon,15,195.83,1,0,0,0,0
4034,63,M,tablet,ege,morning,5,289.59,0,1,0,0,0
4035,61,M,mobile,ic_anadolu,morning,10,128.81,0,0,0,0,0
4036,38,M,desktop,marmara,afternoon,13,44.2,0,1,0,1,0
4037,61,F,mobile,marmara,afternoon,10,50.49,0,0,0,1,0
4038,28,M,mobile,ege,morning,7,100.11,0,0,0,0,0
4039,56,M,tablet,marmara,evening,14,189.39,0,0,0,0,0
4040,21,M,mobile,dogu_anadolu,evening,10,307.06,0,0,0,0,0
4041,68,M,tablet,dogu_anadolu,afternoon,7,49.12,1,1,0,1,0
4042,18,M,mobile,akdeniz,morning,15,80.54,0,0,0,0,0
4043,45,F,mobile,marmara,evening,12,87.56,0,1,0,1,0
4044,41,M,tablet,marmara,afternoon,9,200.92,0,0,0,1,0
4045,52,M,desktop,ic_anadolu,morning,7,78.28,1,0,1,0,0
4046,30,F,desktop,marmara,evening,3,100.63,0,0,1,1,0
4047,64,F,desktop,ic_anadolu,afternoon,10,182.64,1,0,0,1,0
4048,51,F,desktop,marmara,morning,11,162.09,0,0,0,1,0
4049,28,M,desktop,ic_anadolu,afternoon,5,48.77,0,0,0,0,0
4050,53,F,mobile,karadeniz,evening,12,285.54,1,0,0,0,0
4051,68,F,mobile,akdeniz,evening,9,37.11,0,0,0,0,0
4052,34,F,desktop,karadeniz,evening,9,156.27,0,0,0,0,0
4053,52,M,desktop,karadeniz,afternoon,8,52.12,0,0,1,1,0
4054,35,F,desktop,ic_anadolu,evening,13,70.66,0,0,0,1,0
4055,57,M,mobile,ege,evening,7,137.06,0,0,1,0,0
4056,39,F,mobile,marmara,afternoon,15,58.12,0,0,0,0,0
4057,41,M,desktop,dogu_anadolu,afternoon,7,11.01,0,0,0,1,0
4058,36,M,tablet,ic_anadolu,evening,7,89.88,1,0,0,0,0
4059,54,F,mobile,karadeniz,night,11,67.85,0,0,0,0,0
4060,56,F,tablet,akdeniz,night,1,88.96,0,0,0,1,0
4061,38,M,desktop,marmara,afternoon,8,68.01,0,0,0,1,0
4062,25,F,mobile,guneydogu_anadolu,night,7,45.49,0,0,0,0,0
4063,45,F,mobile,marmara,afternoon,7,248.96,1,1,0,1,0
4064,22,M,mobile,dogu_anadolu,afternoon,15,184.65,0,0,0,0,1
4065,34,M,mobile,marmara,night,10,87.6,0,0,0,0,0
4066,54,M,tablet,ege,evening,15,88.29,0,0,0,0,0
4067,53,F,mobile,ege,evening,11,193.4,0,0,0,0,0
4068,36,F,mobile,dogu_anadolu,night,11,176.09,0,0,1,1,0
4069,44,F,tablet,dogu_anadolu,evening,2,78.85,0,0,0,1,0
4070,70,M,mobile,karadeniz,afternoon,9,193.63,0,0,1,1,0
4071,51,M,mobile,ege,night,9,184.03,0,1,1,0,0
4072,28,M,desktop,marmara,night,12,151.77,1,0,0,0,0
4073,62,F,tablet,ic_anadolu,afternoon,5,320.08,1,0,0,0,0
4074,64,M,mobile,ege,afternoon,15,108.44,1,0,0,1,1
4075,29,F,mobile,karadeniz,afternoon,2,204.73,0,1,1,1,0
4076,38,F,desktop,karadeniz,evening,6,220.11,0,0,0,1,0
4077,28,M,mobile,ege,evening,13,110.05,0,0,1,0,0
4078,56,F,mobile,ic_anadolu,night,3,175.14,1,0,0,1,0
4079,45,M,mobile,karadeniz,afternoon,7,66.79,1,0,0,0,0
4080,22,M,mobile,dogu_anadolu,evening,9,261.85,0,0,1,0,0
4081,34,M,desktop,ic_anadolu,evening,7,58.26,1,0,0,0,0
4082,37,M,desktop,karadeniz,morning,8,253.88,0,0,0,1,0
4083,58,M,mobile,akdeniz,evening,8,63.51,1,0,1,0,0
4084,63,M,desktop,marmara,afternoon,9,54.66,0,0,0,1,0
4085,29,F,mobile,marmara,evening,5,85.91,0,0,1,1,0
4086,23,F,mobile,marmara,evening,3,63.85,0,0,0,0,0
4087,34,M,tablet,marmara,evening,10,72.04,0,0,1,0,1
4088,68,M,desktop,marmara,afternoon,14,114.56,0,1,0,1,0
4089,36,M,desktop,dogu_anadolu,morning,14,71.29,1,0,0,0,1
4090,43,F,mobile,akdeniz,evening,14,80.97,0,0,0,0,1
4091,65,F,mobile,ege,afternoon,13,85.86,0,1,0,0,0
4092,61,F,desktop,ege,afternoon,12,126.71,0,1,0,1,0
4093,61,M,mobile,akdeniz,afternoon,14,82.22,1,0,1,0,0
4094,69,M,mobile,marmara,morning,12,288.48,1,1,0,0,0
4095,49,M,desktop,marmara,evening,4,120.53,0,0,0,0,0
4096,23,F,desktop,dogu_anadolu,evening,8,67.41,0,0,0,0,0
4097,53,F,tablet,ic_anadolu,afternoon,6,35.65,0,0,0,0,1
4098,55,M,desktop,akdeniz,evening,7,150.1,1,0,0,0,0
4099,28,M,desktop,akdeniz,afternoon,14,198.86,0,0,0,0,0
4100,50,F,desktop,marmara,afternoon,13,126.94,0,0,0,1,0
4101,41,M,mobile,akdeniz,evening,10,437.88,0,0,1,0,0
4102,40,F,mobile,ic_anadolu,afternoon,3,205.5,0,0,1,0,0
4103,32,M,desktop,ic_anadolu,morning,7,178.14,0,0,0,1,0
4104,44,M,desktop,marmara,evening,12,101.89,0,1,0,0,0
4105,28,M,desktop,karadeniz,afternoon,4,346.4,0,0,0,0,0
4106,68,M,mobile,ege,morning,7,89.44,0,0,0,0,0
4107,67,F,desktop,akdeniz,morning,8,202.43,0,0,0,0,0
4108,34,M,tablet,ic_anadolu,night,12,211.51,0,0,0,0,0
4109,68,M,desktop,akdeniz,afternoon,2,124.42,1,0,0,0,0
4110,70,M,desktop,akdeniz,morning,13,375.56,1,0,0,1,0
4111,31,M,desktop,marmara,evening,15,112.53,0,0,1,0,0
4112,44,F,mobile,ege,night,8,49.56,0,0,1,1,0
4113,35,M,mobile,marmara,afternoon,10,142.67,0,0,0,0,1
4114,45,M,tablet,marmara,morning,12,211.67,1,0,0,0,0
4115,68,F,desktop,marmara,afternoon,1,70.5,1,0,0,0,0
4116,64,M,desktop,ic_anadolu,morning,11,369.75,0,0,0,0,0
4117,64,F,mobile,marmara,evening,10,122.91,0,0,1,0,0
4118,21,F,mobile,marmara,afternoon,5,196.79,0,0,1,0,0
4119,24,F,mobile,akdeniz,afternoon,14,62.79,0,0,1,1,0
4120,62,M,desktop,dogu_anadolu,evening,9,291.05,0,0,1,1,0
4121,52,M,desktop,karadeniz,evening,2,86.4,1,0,1,0,0
4122,65,M,desktop,dogu_anadolu,night,6,247.53,0,0,0,1,0
4123,26,M,mobile,ic_anadolu,evening,4,180.27,0,0,0,0,1
4124,25,F,mobile,ege,afternoon,5,104.41,0,0,0,0,0
4125,69,F,mobile,ic_anadolu,evening,12,214.0,1,0,1,0,0
4126,62,F,desktop,marmara,morning,14,87.23,1,1,0,1,0
4127,34,M,mobile,marmara,morning,7,379.68,0,0,0,1,0
4128,34,M,mobile,ege,evening,5,67.0,0,0,1,0,1
4129,66,F,desktop,marmara,afternoon,4,107.99,0,0,0,0,0
4130,50,M,tablet,ic_anadolu,afternoon,7,214.82,0,0,0,0,0
4131,49,M,mobile,akdeniz,night,15,131.92,0,0,0,1,0
4132,25,F,mobile,marmara,evening,5,50.06,0,0,0,0,1
4133,36,M,mobile,dogu_anadolu,evening,13,56.2,0,0,1,0,0
4134,55,M,desktop,ic_anadolu,evening,10,15.61,0,0,0,0,0
4135,20,M,mobile,akdeniz,morning,9,29.52,0,1,1,0,0
4136,22,F,tablet,guneydogu_anadolu,evening,12,122.61,0,0,1,0,0
4137,30,M,desktop,marmara,night,9,177.7,0,0,0,0,0
4138,64,M,mobile,karadeniz,afternoon,3,182.0,1,0,1,0,0
4139,63,F,mobile,ege,evening,15,308.02,0,0,0,0,1
4140,48,M,desktop,ic_anadolu,afternoon,5,60.63,0,0,0,0,0
4141,33,F,desktop,guneydogu_anadolu,morning,1,53.7,0,0,0,0,0
4142,67,M,desktop,akdeniz,morning,7,82.71,0,1,0,1,0
4143,49,M,mobile,marmara,afternoon,3,34.58,0,0,0,0,1
4144,39,M,mobile,marmara,afternoon,12,82.61,0,1,1,0,0
4145,46,F,mobile,ege,afternoon,7,419.37,1,0,0,0,0
4146,39,F,desktop,karadeniz,night,1,200.2,0,0,0,0,0
4147,60,F,mobile,marmara,morning,15,158.87,1,0,0,0,0
4148,20,F,mobile,ege,afternoon,11,349.67,1,1,1,0,1
4149,27,F,desktop,karadeniz,afternoon,14,112.21,0,1,0,0,0
4150,59,M,mobile,marmara,night,15,189.12,0,0,1,0,0
4151,38,F,mobile,karadeniz,afternoon,2,161.95,0,0,1,0,1
4152,33,M,desktop,marmara,evening,4,193.65,0,0,0,1,0
4153,29,F,desktop,marmara,evening,7,161.97,0,0,0,0,0
4154,19,M,mobile,marmara,afternoon,7,91.34,0,0,0,0,0
4155,58,M,mobile,guneydogu_anadolu,morning,8,221.76,0,0,0,1,1
4156,41,M,tablet,akdeniz,morning,12,29.26,1,0,1,0,1
4157,52,M,mobile,marmara,morning,15,47.46,0,1,0,1,0
4158,47,F,desktop,akdeniz,morning,9,227.26,0,0,0,0,0
4159,47,F,desktop,ic_anadolu,afternoon,15,98.19,0,0,1,0,0
4160,64,F,mobile,ege,evening,6,95.85,0,0,0,0,0
4161,52,F,desktop,ic_anadolu,morning,2,65.19,1,0,0,0,0
4162,36,M,mobile,marmara,morning,12,160.12,1,0,0,1,0
4163,67,F,desktop,marmara,evening,12,94.22,1,1,0,0,0
4164,25,M,desktop,akdeniz,morning,15,104.72,0,1,0,0,1
4165,43,F,desktop,marmara,morning,14,49.17,0,0,0,1,0
4166,66,M,desktop,guneydogu_anadolu,night,14,131.09,0,1,0,0,0
4167,57,M,mobile,marmara,morning,13,97.16,0,0,0,0,0
4168,24,F,desktop,karadeniz,afternoon,13,269.06,1,1,1,0,0
4169,47,F,tablet,marmara,morning,14,131.32,0,1,0,0,0
4170,24,M,mobile,karadeniz,evening,13,51.5,1,0,1,0,0
4171,20,M,mobile,marmara,evening,11,160.96,0,0,1,0,0
4172,18,F,mobile,guneydogu_anadolu,morning,4,292.89,0,0,0,0,0
4173,53,F,mobile,marmara,evening,10,178.03,0,0,1,0,0
4174,42,M,desktop,karadeniz,morning,11,89.42,0,0,0,0,0
4175,54,M,tablet,akdeniz,afternoon,13,143.69,0,0,0,1,0
4176,18,F,mobile,ege,evening,8,76.37,0,0,1,0,1
4177,32,M,desktop,marmara,morning,6,242.97,1,1,0,0,0
4178,54,M,mobile,karadeniz,afternoon,12,149.11,1,0,0,0,0
4179,30,M,mobile,marmara,afternoon,15,86.04,0,1,1,0,0
4180,57,M,desktop,ic_anadolu,night,15,106.81,1,0,0,0,0
4181,25,M,tablet,ege,night,3,52.69,0,0,0,0,0
4182,22,F,desktop,guneydogu_anadolu,evening,10,198.49,0,0,1,0,0
4183,26,M,mobile,ic_anadolu,evening,8,73.65,0,0,0,0,1
4184,18,F,tablet,marmara,evening,13,337.83,0,0,0,0,0
4185,53,M,desktop,ege,evening,2,197.46,0,0,1,0,0
4186,52,F,desktop,marmara,afternoon,11,122.12,1,0,0,0,0
4187,19,M,desktop,marmara,evening,4,138.4,0,0,0,0,0
4188,57,F,desktop,ege,evening,4,228.11,1,0,0,0,0
4189,40,M,desktop,dogu_anadolu,night,9,26.27,0,0,0,1,0
4190,26,F,mobile,karadeniz,morning,10,154.73,0,0,1,0,1
4191,51,M,mobile,marmara,morning,8,21.61,1,0,0,0,0
4192,63,M,mobile,akdeniz,night,4,72.17,0,0,0,0,0
4193,31,M,desktop,marmara,afternoon,7,144.05,0,1,0,0,0
4194,21,M,mobile,ege,night,1,125.12,0,1,1,0,0
4195,47,F,mobile,marmara,evening,13,154.56,0,0,1,0,0
4196,48,M,desktop,ic_anadolu,evening,8,44.44,1,0,0,0,0
4197,55,M,mobile,guneydogu_anadolu,afternoon,10,143.94,1,0,0,0,0
4198,28,M,desktop,marmara,morning,9,77.1,0,0,0,0,0
4199,52,M,tablet,ege,evening,9,228.41,1,0,0,0,0
4200,25,M,mobile,marmara,evening,3,156.17,0,0,0,0,0
4201,20,F,mobile,guneydogu_anadolu,evening,15,73.12,0,0,1,0,0
4202,31,M,mobile,marmara,afternoon,10,288.72,0,0,0,0,0
4203,30,M,mobile,ic_anadolu,evening,8,187.8,0,1,0,0,0
4204,62,M,desktop,dogu_anadolu,evening,15,171.75,1,1,0,0,0
4205,49,M,mobile,marmara,night,2,175.77,0,1,1,0,0
4206,51,F,mobile,ic_anadolu,morning,6,113.45,1,0,0,1,0
4207,62,F,desktop,marmara,morning,5,71.81,0,0,0,1,0
4208,36,F,tablet,karadeniz,afternoon,11,44.02,0,0,0,0,0
4209,55,F,mobile,marmara,afternoon,3,71.64,0,0,0,0,0
4210,33,M,desktop,guneydogu_anadolu,night,13,85.71,0,0,0,0,0
4211,19,M,mobile,dogu_anadolu,morning,3,70.0,1,0,0,0,0
4212,57,F,mobile,ic_anadolu,night,15,37.8,0,0,0,1,0
4213,34,F,mobile,akdeniz,night,10,234.23,0,0,0,1,1
4214,51,M,mobile,karadeniz,morning,2,384.08,0,0,1,0,0
4215,59,M,mobile,marmara,night,15,202.27,0,0,0,0,1
4216,33,M,mobile,ege,afternoon,13,282.27,0,0,0,0,0
4217,55,M,desktop,marmara,evening,4,198.7,1,0,1,0,0
4218,19,M,desktop,ic_anadolu,morning,3,89.96,1,0,0,0,0
4219,19,F,desktop,karadeniz,night,12,189.03,1,0,0,0,0
4220,43,F,desktop,guneydogu_anadolu,evening,7,123.02,1,0,1,0,1
4221,30,F,desktop,ic_anadolu,night,8,116.65,0,0,0,0,0
4222,64,F,mobile,ic_anadolu,evening,4,36.68,0,0,1,0,0
4223,48,M,mobile,dogu_anadolu,afternoon,8,60.72,0,1,0,1,0
4224,51,M,desktop,guneydogu_anadolu,morning,3,344.23,1,0,0,1,0
4225,56,F,desktop,akdeniz,morning,7,63.92,1,1,1,0,0
4226,20,F,desktop,marmara,afternoon,8,56.33,0,1,0,0,0
4227,25,F,desktop,akdeniz,evening,7,32.98,0,0,0,1,0
4228,40,M,desktop,akdeniz,morning,4,87.22,0,0,0,0,0
4229,31,M,mobile,ic_anadolu,night,15,98.09,0,0,0,0,0
4230,44,F,desktop,guneydogu_anadolu,evening,10,99.07,0,0,0,1,0
4231,46,F,mobile,dogu_anadolu,afternoon,12,93.05,0,0,1,0,0
4232,56,M,mobile,ege,morning,10,78.73,0,0,0,0,0
4233,70,M,desktop,marmara,night,10,37.55,1,0,0,0,0
4234,56,F,desktop,marmara,morning,15,28.71,1,1,0,0,0
4235,18,M,desktop,marmara,afternoon,8,130.35,0,0,0,0,0
4236,34,M,desktop,ege,morning,6,99.48,0,0,0,0,0
4237,58,F,desktop,dogu_anadolu,night,2,187.18,0,0,0,0,0
4238,47,F,mobile,ege,evening,12,113.67,0,0,1,0,0
4239,70,F,desktop,akdeniz,afternoon,7,129.61,0,0,0,0,0
4240,30,M,tablet,marmara,morning,9,24.29,1,1,0,1,0
4241,38,M,desktop,akdeniz,afternoon,9,136.13,0,1,0,0,0
4242,36,M,mobile,dogu_anadolu,morning,9,29.58,0,0,0,0,0
4243,70,M,mobile,karadeniz,night,11,57.4,1,0,0,1,0
4244,36,M,desktop,marmara,afternoon,6,314.44,1,1,0,0,0
4245,42,M,desktop,dogu_anadolu,evening,1,55.48,0,0,0,0,0
4246,39,M,mobile,marmara,morning,14,302.83,0,0,0,0,0
4247,48,F,tablet,ic_anadolu,afternoon,6,114.9,0,0,0,0,0
4248,34,M,desktop,marmara,morning,5,243.55,0,0,0,1,0
4249,40,M,desktop,ic_anadolu,evening,7,102.47,1,0,1,0,0
4250,49,M,desktop,marmara,evening,13,31.32,1,0,0,0,0
4251,27,F,desktop,ic_anadolu,morning,8,226.47,1,1,1,0,0
4252,27,M,tablet,ic_anadolu,morning,1,87.88,0,1,0,1,1
4253,53,M,mobile,marmara,evening,15,48.37,0,1,0,0,0
4254,25,F,desktop,guneydogu_anadolu,morning,10,149.94,0,0,1,0,0
4255,69,M,desktop,marmara,afternoon,4,164.85,1,0,0,1,0
4256,37,F,desktop,dogu_anadolu,afternoon,4,116.16,1,1,0,0,0
4257,49,M,mobile,ege,morning,13,96.29,0,0,1,0,0
4258,67,M,tablet,ic_anadolu,evening,1,176.28,1,0,0,0,0
4259,31,M,desktop,ic_anadolu,afternoon,11,127.03,0,1,0,0,0
4260,67,F,mobile,marmara,afternoon,4,78.57,0,0,0,0,0
4261,45,F,tablet,ege,afternoon,7,150.48,1,0,0,1,0
4262,63,M,desktop,akdeniz,evening,15,369.75,0,0,0,1,0
4263,69,F,desktop,karadeniz,morning,14,118.5,1,0,0,1,0
4264,70,M,desktop,guneydogu_anadolu,afternoon,15,136.29,0,1,0,0,1
4265,41,F,desktop,marmara,morning,6,84.43,0,0,0,0,0
4266,32,M,desktop,ege,evening,4,129.73,0,0,1,1,1
4267,39,M,tablet,ic_anadolu,morning,2,122.3,0,1,1,0,0
4268,47,F,mobile,akdeniz,evening,12,146.94,0,0,0,0,0
4269,21,M,desktop,guneydogu_anadolu,evening,13,300.22,0,0,0,0,0
4270,30,M,desktop,marmara,evening,7,125.7,0,0,1,0,0
4271,40,M,mobile,ege,evening,8,71.87,0,0,0,0,0
4272,25,F,desktop,ic_anadolu,afternoon,9,53.35,1,1,0,0,0
4273,35,M,desktop,marmara,evening,9,71.54,0,0,1,0,0
4274,29,F,desktop,ic_anadolu,afternoon,14,289.49,0,0,1,0,1
4275,48,F,mobile,marmara,evening,4,232.65,0,0,1,0,1
4276,31,F,desktop,akdeniz,morning,3,27.83,0,0,0,1,0
4277,51,M,desktop,ic_anadolu,afternoon,5,100.41,1,0,0,0,0
4278,35,F,mobile,marmara,evening,7,218.3,0,1,1,0,1
4279,51,M,desktop,marmara,evening,12,90.38,1,0,0,0,0
4280,28,F,tablet,guneydogu_anadolu,evening,13,99.99,0,0,0,0,1
4281,58,F,mobile,dogu_anadolu,evening,10,172.18,0,0,0,0,0
4282,29,F,desktop,dogu_anadolu,night,3,135.05,1,0,0,0,1
4283,66,F,desktop,guneydogu_anadolu,morning,14,104.04,1,0,0,0,1
4284,32,M,mobile,marmara,morning,15,35.88,1,0,0,0,1
4285,48,F,desktop,marmara,morning,13,93.55,1,0,0,1,0
4286,66,F,mobile,marmara,night,7,58.97,0,0,0,0,0
4287,46,F,mobile,dogu_anadolu,afternoon,6,55.81,0,0,0,0,0
4288,43,F,mobile,karadeniz,evening,13,67.19,0,0,1,0,1
4289,35,F,tablet,ic_anadolu,morning,7,61.36,0,0,0,0,0
4290,49,M,desktop,dogu_anadolu,afternoon,14,92.78,1,0,0,0,0
4291,39,M,mobile,akdeniz,evening,10,79.86,0,1,1,0,1
4292,55,M,mobile,marmara,afternoon,7,170.81,1,0,0,0,0
4293,34,M,mobile,marmara,morning,13,283.59,0,0,0,0,1
4294,40,M,mobile,marmara,afternoon,6,40.16,0,0,0,1,0
4295,41,M,mobile,ege,morning,9,49.41,0,0,1,0,0
4296,67,F,desktop,ege,afternoon,10,384.66,1,0,0,0,0
4297,25,F,mobile,karadeniz,morning,4,94.05,1,0,0,0,0
4298,58,F,desktop,marmara,evening,14,131.21,0,1,1,1,0
4299,23,F,mobile,ic_anadolu,morning,3,212.49,1,0,1,1,0
4300,22,F,desktop,akdeniz,afternoon,8,144.9,1,0,0,0,0
4301,61,M,desktop,guneydogu_anadolu,morning,6,184.15,0,0,0,0,0
4302,46,F,tablet,karadeniz,afternoon,6,57.85,0,0,1,0,0
4303,45,M,desktop,guneydogu_anadolu,afternoon,14,100.73,0,1,0,0,0
4304,28,F,desktop,ege,evening,15,189.59,0,0,0,0,1
4305,18,F,desktop,marmara,evening,5,134.72,0,1,0,0,0
4306,60,M,desktop,akdeniz,night,10,43.09,0,1,0,1,0
4307,36,M,mobile,marmara,night,11,144.02,0,1,0,0,0
4308,26,F,desktop,akdeniz,evening,3,72.96,0,0,1,0,0
4309,44,M,desktop,marmara,evening,6,363.82,1,0,0,0,0
4310,51,M,desktop,akdeniz,evening,1,57.32,0,0,1,0,0
4311,61,F,desktop,guneydogu_anadolu,evening,7,170.34,0,0,0,0,1
4312,21,F,desktop,marmara,evening,6,193.41,1,0,0,1,1
4313,53,M,mobile,guneydogu_anadolu,afternoon,6,107.26,0,0,0,1,0
4314,35,M,desktop,marmara,afternoon,13,25.9,0,0,0,0,0
4315,32,F,desktop,marmara,afternoon,14,205.23,0,0,1,0,0
4316,68,M,tablet,akdeniz,evening,3,125.45,1,0,0,1,0
4317,30,F,tablet,karadeniz,afternoon,8,89.49,0,0,1,1,0
4318,36,M,desktop,ic_anadolu,morning,13,24.19,1,0,0,0,0
4319,66,F,desktop,ic_anadolu,afternoon,4,67.77,0,0,0,1,0
4320,23,M,mobile,marmara,night,9,126.26,0,0,1,0,0
4321,65,M,mobile,marmara,morning,10,206.91,1,0,0,0,1
4322,29,F,tablet,marmara,evening,5,79.94,0,0,0,1,0
4323,68,F,desktop,ege,night,11,160.73,0,0,0,0,0
4324,54,M,mobile,guneydogu_anadolu,afternoon,7,329.9,0,0,0,0,0
4325,34,M,tablet,dogu_anadolu,night,6,253.91,0,0,0,1,0
4326,40,F,mobile,marmara,evening,13,65.29,0,1,0,1,1
4327,43,F,desktop,ic_anadolu,afternoon,12,180.69,1,0,0,0,0
4328,46,M,desktop,akdeniz,morning,6,80.5,1,1,0,1,0
4329,50,M,desktop,marmara,morning,15,120.97,1,1,1,0,0
4330,44,F,desktop,ege,afternoon,4,44.18,1,0,0,0,1
4331,42,M,mobile,akdeniz,night,12,170.27,0,0,0,0,0
4332,27,M,desktop,ic_anadolu,morning,13,205.9,1,0,0,1,0
4333,64,F,desktop,marmara,night,12,50.99,0,1,1,0,0
4334,40,F,tablet,guneydogu_anadolu,morning,15,72.25,0,1,1,0,0
4335,38,F,mobile,akdeniz,night,8,273.73,0,0,1,0,0
4336,38,M,desktop,marmara,afternoon,13,182.41,1,0,0,0,0
4337,60,M,desktop,ege,evening,11,85.85,1,0,0,0,0
4338,30,M,desktop,karadeniz,morning,11,60.24,0,0,0,1,0
4339,54,F,desktop,ic_anadolu,afternoon,14,113.07,0,0,0,0,0
4340,50,F,mobile,ic_anadolu,morning,13,137.6,1,0,0,0,0
4341,41,M,desktop,marmara,morning,10,134.53,1,0,0,0,0
4342,61,F,mobile,ege,morning,5,134.7,0,0,1,0,0
4343,28,M,desktop,ege,evening,5,89.69,1,1,0,1,0
4344,34,M,tablet,marmara,afternoon,1,69.72,0,0,0,0,0
4345,21,F,mobile,ic_anadolu,evening,2,141.06,0,0,1,0,1
4346,64,F,tablet,ege,evening,13,234.81,0,0,0,0,0
4347,42,F,desktop,ege,evening,9,46.93,0,0,0,0,1
4348,47,F,mobile,marmara,evening,4,151.49,0,1,1,0,0
4349,26,M,tablet,akdeniz,evening,9,220.51,0,0,1,0,1
4350,38,F,mobile,karadeniz,afternoon,7,19.6,0,1,0,0,0
4351,37,F,desktop,karadeniz,afternoon,10,500.0,0,0,0,0,0
4352,36,M,desktop,karadeniz,afternoon,8,112.87,0,0,0,1,0
4353,36,F,desktop,ic_anadolu,afternoon,11,73.44,0,0,0,1,0
4354,29,M,desktop,marmara,afternoon,9,239.49,1,0,1,0,0
4355,54,F,mobile,ic_anadolu,afternoon,2,119.29,0,0,0,0,0
4356,59,F,mobile,marmara,morning,9,50.33,0,0,0,1,0
4357,34,F,mobile,karadeniz,morning,10,114.84,0,0,1,0,0
4358,54,F,desktop,karadeniz,evening,14,100.51,0,0,0,0,1
4359,65,M,desktop,ic_anadolu,morning,2,105.86,0,0,0,0,0
4360,56,M,desktop,marmara,morning,14,165.77,1,1,0,1,0
4361,45,F,mobile,guneydogu_anadolu,afternoon,10,67.6,0,0,0,0,1
4362,58,F,mobile,karadeniz,afternoon,10,429.25,1,0,0,1,0
4363,52,F,desktop,ic_anadolu,afternoon,12,133.64,1,0,0,0,0
4364,64,F,mobile,marmara,afternoon,1,157.63,1,1,0,0,0
4365,65,F,mobile,ege,morning,13,210.01,1,0,0,0,0
4366,35,M,tablet,marmara,morning,14,286.94,1,0,0,0,0
4367,31,M,desktop,ege,morning,15,75.88,0,0,0,0,0
4368,52,F,mobile,akdeniz,afternoon,4,61.38,0,0,0,0,0
4369,61,M,desktop,dogu_anadolu,afternoon,13,57.51,0,1,0,0,0
4370,58,M,desktop,marmara,evening,11,41.26,1,0,0,0,0
4371,24,F,mobile,ic_anadolu,afternoon,9,309.18,1,0,0,1,0
4372,58,M,mobile,marmara,afternoon,1,127.57,0,1,0,1,0
4373,30,M,desktop,ege,afternoon,4,78.14,1,1,0,0,1
4374,35,F,desktop,guneydogu_anadolu,afternoon,10,133.46,0,0,0,0,0
4375,54,M,mobile,ic_anadolu,night,7,98.64,1,0,1,0,0
4376,30,F,desktop,akdeniz,morning,6,200.16,1,0,0,1,0
4377,53,F,mobile,marmara,morning,15,80.2,0,0,0,0,0
4378,48,M,mobile,ege,afternoon,4,273.32,0,0,0,0,0
4379,19,F,mobile,marmara,night,11,99.4,0,0,1,0,0
4380,33,F,mobile,ege,night,12,151.05,0,1,0,1,0
4381,26,F,mobile,marmara,evening,15,93.43,0,0,1,0,0
4382,26,M,mobile,karadeniz,afternoon,11,339.41,0,0,0,0,0
4383,55,M,mobile,marmara,night,10,72.5,1,0,0,0,0
4384,28,M,desktop,marmara,morning,1,132.28,1,1,0,0,0
4385,39,M,desktop,ic_anadolu,evening,5,123.18,1,0,1,0,0
4386,50,F,tablet,dogu_anadolu,night,14,64.23,0,0,1,0,0
4387,53,F,desktop,guneydogu_anadolu,evening,5,124.28,1,1,0,0,0
4388,62,M,mobile,karadeniz,morning,3,27.27,0,0,1,0,0
4389,40,M,mobile,marmara,evening,11,175.11,0,1,0,0,1
4390,62,F,mobile,marmara,afternoon,5,181.6,0,0,1,0,1
4391,62,F,desktop,dogu_anadolu,morning,4,104.14,1,1,0,0,0
4392,51,M,desktop,dogu_anadolu,evening,3,33.56,1,0,0,1,1
4393,26,M,desktop,ic_anadolu,morning,14,59.96,1,0,1,0,0
4394,41,M,desktop,ege,morning,15,48.14,0,1,0,1,0
4395,25,F,tablet,marmara,afternoon,3,177.44,0,1,0,0,0
4396,24,M,mobile,dogu_anadolu,evening,5,176.38,0,0,1,0,1
4397,53,M,mobile,marmara,morning,7,17.21,0,1,0,1,1
4398,35,M,mobile,ic_anadolu,morning,9,58.04,1,0,0,0,0
4399,20,M,desktop,guneydogu_anadolu,night,11,100.9,0,0,0,0,0
4400,45,M,desktop,ic_anadolu,morning,15,125.64,1,0,0,1,0
4401,23,M,desktop,marmara,evening,13,204.47,0,0,1,0,0
4402,61,M,mobile,marmara,night,3,205.25,0,1,0,0,1
4403,61,M,mobile,marmara,afternoon,9,197.66,0,0,1,1,0
4404,38,M,mobile,ic_anadolu,morning,11,65.09,0,0,1,1,0
4405,45,F,mobile,akdeniz,afternoon,12,60.41,0,0,1,1,0
4406,57,M,tablet,marmara,evening,1,181.09,0,0,0,0,0
4407,18,M,desktop,marmara,evening,9,230.16,0,0,1,0,1
4408,53,M,mobile,marmara,evening,14,53.21,0,1,0,0,0
4409,38,F,desktop,guneydogu_anadolu,morning,8,171.59,1,1,0,0,0
4410,60,M,mobile,karadeniz,morning,15,193.68,0,0,0,0,0
4411,52,F,desktop,ege,afternoon,6,88.12,1,0,0,1,0
4412,30,M,mobile,guneydogu_anadolu,evening,7,259.03,0,0,1,0,0
4413,66,M,desktop,ic_anadolu,evening,11,81.73,0,0,0,1,0
4414,27,F,desktop,karadeniz,morning,10,235.2,0,1,0,0,0
4415,70,M,mobile,ic_anadolu,evening,9,121.71,0,0,1,0,0
4416,61,F,desktop,karadeniz,evening,8,281.24,0,0,1,0,0
4417,64,F,desktop,marmara,night,13,361.85,0,1,0,0,0
4418,70,M,mobile,akdeniz,afternoon,8,120.25,0,0,0,0,0
4419,27,F,mobile,karadeniz,afternoon,15,124.26,1,1,1,1,0
4420,63,F,mobile,marmara,afternoon,15,140.98,0,1,0,0,0
4421,30,F,mobile,marmara,evening,1,83.59,0,0,0,0,0
4422,54,F,desktop,marmara,evening,10,107.58,1,0,0,0,0
4423,55,M,desktop,marmara,evening,15,248.55,0,0,0,0,1
4424,41,F,mobile,marmara,afternoon,15,144.93,0,1,0,0,0
4425,19,M,desktop,ic_anadolu,evening,14,298.23,0,0,0,0,1
4426,39,F,tablet,marmara,afternoon,4,172.02,0,0,0,0,0
4427,34,F,desktop,marmara,evening,15,309.28,0,0,1,1,0
4428,53,F,mobile,dogu_anadolu,morning,6,126.93,1,0,1,0,1
4429,31,M,tablet,ic_anadolu,morning,13,212.29,1,1,0,1,0
4430,27,M,mobile,marmara,morning,10,86.45,1,0,0,0,1
4431,52,M,mobile,ege,morning,15,192.97,0,0,0,0,0
4432,42,M,mobile,ic_anadolu,morning,13,138.52,0,0,1,0,0
4433,20,F,mobile,karadeniz,morning,9,51.77,1,0,1,0,0
4434,64,M,mobile,marmara,afternoon,5,130.12,0,1,0,0,0
4435,55,M,desktop,guneydogu_anadolu,morning,11,151.82,1,0,0,0,0
4436,34,F,mobile,karadeniz,evening,15,329.33,0,0,1,1,1
4437,29,F,desktop,dogu_anadolu,morning,9,386.05,1,0,0,0,0
4438,69,M,desktop,marmara,night,5,35.11,0,0,0,1,0
4439,41,F,mobile,marmara,evening,11,128.97,0,0,0,0,1
4440,46,M,desktop,ege,morning,6,77.2,1,0,0,0,0
4441,60,F,mobile,marmara,morning,15,351.11,1,0,0,1,0
4442,42,F,tablet,marmara,morning,7,172.31,0,0,0,1,0
4443,53,M,tablet,marmara,afternoon,3,269.5,0,0,1,0,0
4444,43,M,mobile,ic_anadolu,evening,14,154.62,0,1,0,0,0
4445,55,F,mobile,marmara,afternoon,6,62.69,0,0,0,1,0
4446,18,M,desktop,marmara,afternoon,5,113.0,1,0,1,0,0
4447,37,F,mobile,guneydogu_anadolu,afternoon,1,142.24,0,0,0,0,1
4448,45,F,desktop,marmara,afternoon,8,171.2,0,0,1,0,0
4449,33,M,desktop,akdeniz,night,11,276.09,1,0,0,1,0
4450,64,M,mobile,ic_anadolu,afternoon,8,144.14,0,0,0,0,0
4451,34,F,desktop,guneydogu_anadolu,morning,13,122.63,0,1,0,0,0
4452,57,F,desktop,dogu_anadolu,morning,11,128.42,1,0,0,1,0
4453,45,M,mobile,ege,evening,13,49.98,0,1,1,0,1
4454,29,F,desktop,guneydogu_anadolu,afternoon,13,142.18,0,0,0,1,0
4455,44,M,desktop,ege,morning,2,126.3,0,0,0,1,0
4456,70,M,desktop,ic_anadolu,morning,7,162.6,1,0,0,0,0
4457,59,F,mobile,marmara,afternoon,13,37.42,0,0,0,0,0
4458,64,M,mobile,ic_anadolu,evening,9,111.72,0,0,0,1,1
4459,47,M,mobile,akdeniz,morning,5,116.78,0,0,1,1,0
4460,58,F,desktop,ic_anadolu,evening,14,114.9,1,0,0,0,0
4461,51,F,mobile,ic_anadolu,afternoon,12,140.4,1,1,1,0,0
4462,54,F,mobile,marmara,afternoon,7,90.57,0,1,0,1,1
4463,23,M,desktop,ege,evening,5,214.88,0,0,1,1,0
4464,24,M,mobile,ic_anadolu,afternoon,2,186.6,1,0,0,0,0
4465,49,F,mobile,marmara,evening,8,165.62,0,0,1,0,1
4466,49,F,mobile,ege,afternoon,15,126.46,0,0,0,0,1
4467,70,F,mobile,ic_anadolu,night,15,128.42,0,0,1,0,0
4468,42,M,desktop,guneydogu_anadolu,afternoon,7,28.98,1,0,0,0,0
4469,50,F,mobile,marmara,afternoon,5,28.29,0,0,1,1,0
4470,24,M,mobile,akdeniz,afternoon,3,152.61,0,0,1,0,0
4471,69,F,mobile,marmara,morning,15,75.36,0,0,0,0,0
4472,29,M,mobile,ege,evening,8,55.64,0,0,1,0,1
4473,33,M,tablet,marmara,morning,12,302.04,0,0,0,1,0
4474,33,M,mobile,ic_anadolu,night,12,165.97,0,0,0,0,0
4475,60,F,mobile,karadeniz,morning,11,75.18,1,0,0,1,0
4476,70,M,mobile,marmara,afternoon,8,107.59,0,0,1,0,0
4477,53,F,desktop,ic_anadolu,evening,10,172.88,0,1,0,0,0
4478,30,F,mobile,ege,evening,11,108.75,0,0,1,0,0
4479,24,M,mobile,marmara,morning,14,191.75,0,0,0,0,0
4480,53,M,desktop,akdeniz,night,14,377.24,0,0,0,0,1
4481,64,F,desktop,ege,night,9,106.17,1,0,0,0,0
4482,68,F,desktop,marmara,night,13,91.78,0,0,0,1,0
4483,26,M,desktop,karadeniz,evening,7,73.35,0,1,1,0,0
4484,49,M,desktop,karadeniz,evening,3,151.44,1,0,0,0,0
4485,28,F,desktop,karadeniz,evening,1,200.98,1,0,0,0,1
4486,25,M,mobile,ege,evening,15,80.78,0,0,1,0,0
4487,50,F,desktop,marmara,afternoon,14,245.53,0,1,0,1,0
4488,40,M,desktop,karadeniz,afternoon,13,51.99,0,0,0,0,0
4489,42,M,mobile,ege,afternoon,8,77.15,0,0,0,0,0
4490,25,F,desktop,ic_anadolu,night,12,23.45,0,0,1,0,0
4491,62,M,mobile,karadeniz,morning,9,307.83,0,0,1,0,0
4492,39,F,mobile,karadeniz,evening,15,133.92,0,1,1,1,1
4493,21,M,desktop,ege,morning,11,43.79,0,0,0,1,1
4494,57,M,desktop,guneydogu_anadolu,afternoon,1,128.38,1,0,0,1,0
4495,20,M,desktop,ic_anadolu,morning,5,164.24,1,0,0,0,0
4496,46,F,desktop,akdeniz,afternoon,12,82.57,0,0,0,1,0
4497,58,F,desktop,ic_anadolu,night,12,145.82,0,0,1,0,0
4498,46,F,desktop,marmara,afternoon,13,74.35,1,0,0,1,0
4499,51,M,desktop,ege,evening,8,229.19,0,0,0,1,1
4500,51,M,mobile,dogu_anadolu,morning,11,139.82,1,0,0,0,0
4501,45,M,desktop,marmara,night,7,203.76,1,0,1,1,1
4502,30,F,mobile,ege,evening,15,284.39,0,1,1,0,1
4503,32,M,desktop,ege,afternoon,2,44.38,0,0,0,0,0
4504,40,M,mobile,ege,afternoon,14,172.73,0,1,0,0,0
4505,61,M,desktop,akdeniz,afternoon,13,97.51,1,0,0,0,0
4506,43,F,mobile,guneydogu_anadolu,afternoon,15,81.49,0,0,1,0,0
4507,21,F,desktop,marmara,morning,4,70.5,1,0,0,0,0
4508,43,M,mobile,ic_anadolu,night,6,61.99,0,0,0,0,0
4509,57,M,desktop,karadeniz,evening,7,164.85,1,0,0,0,1
4510,26,F,mobile,ic_anadolu,morning,15,135.03,0,0,1,0,0
4511,22,M,desktop,marmara,night,7,269.44,0,0,1,0,0
4512,49,F,mobile,akdeniz,morning,5,141.47,0,0,0,0,1
4513,37,M,desktop,guneydogu_anadolu,afternoon,12,94.63,1,0,1,0,0
4514,67,M,mobile,ege,afternoon,8,91.47,0,0,1,0,1
4515,28,F,desktop,ic_anadolu,morning,7,280.84,0,0,0,1,0
4516,32,M,desktop,guneydogu_anadolu,morning,4,98.65,0,0,0,0,0
4517,49,F,mobile,karadeniz,morning,11,185.47,0,0,1,0,0
4518,45,F,tablet,ic_anadolu,evening,13,95.53,1,0,0,1,0
4519,39,M,mobile,guneydogu_anadolu,night,4,192.95,0,0,0,0,0
4520,58,F,mobile,marmara,evening,6,227.2,0,0,0,1,0
4521,34,F,mobile,karadeniz,afternoon,5,52.7,1,1,0,1,0
4522,43,F,mobile,ege,afternoon,14,98.05,0,0,0,0,0
4523,61,F,desktop,ege,afternoon,11,50.78,0,1,0,0,1
4524,24,F,desktop,akdeniz,evening,2,153.71,0,0,0,0,0
4525,59,F,tablet,marmara,afternoon,9,130.35,0,1,0,0,0
4526,43,M,mobile,ege,morning,6,100.6,0,0,0,0,0
4527,42,F,mobile,marmara,morning,13,122.22,1,1,0,0,0
4528,27,M,mobile,marmara,night,10,171.61,0,1,0,0,1
4529,62,F,desktop,ege,morning,11,262.45,1,1,0,0,0
4530,36,F,desktop,karadeniz,night,1,169.85,0,0,0,1,0
4531,28,F,mobile,marmara,morning,15,208.14,0,0,1,1,0
4532,30,M,desktop,akdeniz,evening,6,50.31,1,0,1,0,0
4533,70,M,desktop,ic_anadolu,afternoon,15,222.67,1,1,0,0,0
4534,25,M,mobile,marmara,evening,8,202.34,0,0,1,0,0
4535,57,F,tablet,dogu_anadolu,afternoon,8,71.51,1,1,0,0,0
4536,21,M,desktop,dogu_anadolu,morning,13,162.82,1,1,0,0,0
4537,64,F,mobile,marmara,morning,1,100.76,0,0,1,0,0
4538,48,F,desktop,guneydogu_anadolu,afternoon,5,131.42,0,0,1,1,0
4539,45,M,desktop,ic_anadolu,night,15,184.51,1,0,0,0,0
4540,28,F,tablet,marmara,evening,14,110.54,0,0,0,0,0
4541,60,M,mobile,ic_anadolu,evening,14,433.35,1,0,0,1,0
4542,18,F,desktop,ic_anadolu,morning,14,333.34,1,0,1,0,0
4543,66,M,mobile,ic_anadolu,afternoon,5,79.18,0,0,0,0,0
4544,64,M,desktop,ic_anadolu,night,6,452.27,1,0,1,0,0
4545,69,M,mobile,marmara,evening,11,215.62,1,0,0,1,0
4546,55,F,desktop,guneydogu_anadolu,morning,10,127.89,1,0,0,1,0
4547,41,F,mobile,dogu_anadolu,evening,3,272.31,0,0,1,0,0
4548,64,M,mobile,ic_anadolu,evening,10,295.29,1,1,0,0,0
4549,48,F,desktop,marmara,afternoon,12,269.64,0,0,1,1,0
4550,58,M,tablet,ic_anadolu,morning,9,266.42,0,1,0,1,0
4551,63,M,tablet,ic_anadolu,morning,15,109.99,0,0,0,0,0
4552,67,F,desktop,dogu_anadolu,night,1,121.01,0,0,0,1,0
4553,43,M,mobile,guneydogu_anadolu,morning,2,80.38,0,1,0,0,0
4554,66,M,mobile,dogu_anadolu,afternoon,13,267.81,0,1,0,0,0
4555,67,F,mobile,ege,evening,4,236.5,0,0,1,0,1
4556,22,F,tablet,dogu_anadolu,evening,14,98.37,0,0,0,0,0
4557,37,F,mobile,marmara,night,13,148.86,0,1,0,0,0
4558,69,F,mobile,ege,morning,11,137.8,0,0,0,0,0
4559,58,M,mobile,marmara,evening,12,131.74,1,0,0,0,1
4560,28,F,mobile,dogu_anadolu,morning,9,294.17,0,0,0,0,0
4561,50,M,mobile,dogu_anadolu,morning,12,196.46,0,0,0,0,0
4562,67,F,desktop,marmara,morning,2,217.26,0,0,0,0,0
4563,55,M,mobile,ege,evening,7,500.0,0,0,0,0,0
4564,44,M,mobile,guneydogu_anadolu,evening,5,162.09,0,0,1,0,0
4565,51,F,mobile,akdeniz,afternoon,12,70.57,1,0,1,0,0
4566,32,F,mobile,akdeniz,morning,15,158.26,0,0,0,1,0
4567,49,M,desktop,akdeniz,evening,7,144.98,0,0,0,0,0
4568,38,M,desktop,ic_anadolu,morning,14,92.7,1,0,0,1,0
4569,63,F,mobile,guneydogu_anadolu,morning,12,119.71,0,0,0,0,0
4570,22,F,mobile,ege,afternoon,9,239.26,1,0,1,0,0
4571,23,F,mobile,marmara,afternoon,9,126.09,0,0,1,0,0
4572,55,F,mobile,marmara,afternoon,4,93.1,0,0,0,0,0
4573,39,M,tablet,marmara,evening,3,92.99,0,1,1,0,0
4574,35,M,desktop,akdeniz,morning,13,136.51,1,0,0,1,0
4575,31,F,tablet,dogu_anadolu,night,7,143.82,0,0,0,0,0
4576,27,M,desktop,ic_anadolu,afternoon,5,184.54,0,0,0,0,0
4577,63,F,mobile,guneydogu_anadolu,morning,5,247.57,0,0,0,0,0
4578,30,M,mobile,dogu_anadolu,evening,6,276.16,0,1,1,0,1
4579,48,F,desktop,akdeniz,afternoon,9,163.44,0,0,1,1,0
4580,47,F,desktop,akdeniz,evening,15,262.96,0,0,0,0,1
4581,20,F,desktop,ic_anadolu,evening,4,156.42,0,0,1,0,0
4582,47,F,mobile,marmara,night,6,136.25,0,0,1,0,0
4583,23,M,desktop,ic_anadolu,night,6,178.59,1,1,0,0,1
4584,46,M,tablet,akdeniz,afternoon,13,245.11,1,1,0,0,0
4585,25,F,desktop,ic_anadolu,afternoon,7,105.2,0,0,0,0,1
4586,61,M,tablet,akdeniz,morning,2,259.1,0,0,0,0,0
4587,62,F,desktop,ege,evening,6,161.5,1,0,0,0,0
4588,60,M,desktop,ic_anadolu,morning,13,44.67,0,1,0,0,0
4589,61,F,desktop,ege,evening,9,196.64,1,0,0,0,0
4590,50,F,tablet,marmara,morning,3,140.13,0,1,1,0,0
4591,34,F,mobile,ic_anadolu,afternoon,3,168.77,0,0,0,0,0
4592,65,M,desktop,ege,morning,13,277.98,1,0,0,1,0
4593,28,M,desktop,dogu_anadolu,morning,8,89.06,0,0,0,0,1
4594,30,F,desktop,marmara,morning,1,224.59,1,0,0,1,0
4595,67,F,mobile,ic_anadolu,afternoon,13,76.78,1,1,1,0,1
4596,28,F,desktop,akdeniz,afternoon,8,75.77,1,0,0,1,0
4597,48,M,mobile,marmara,afternoon,7,240.82,0,1,1,0,0
4598,45,M,mobile,ege,afternoon,11,227.0,1,1,0,1,0
4599,61,F,tablet,ic_anadolu,afternoon,9,223.07,0,0,0,0,0
4600,23,F,mobile,ege,evening,5,302.47,0,1,1,0,1
4601,58,M,desktop,marmara,evening,1,114.57,1,0,1,0,0
4602,33,F,tablet,ic_anadolu,morning,5,79.29,0,0,0,1,0
4603,21,F,desktop,marmara,morning,7,49.66,0,1,1,0,1
4604,52,F,mobile,ic_anadolu,afternoon,11,64.01,1,0,0,0,0
4605,65,F,mobile,karadeniz,night,12,196.31,0,0,1,1,1
4606,43,M,desktop,marmara,morning,9,91.8,1,0,1,1,0
4607,29,M,desktop,ege,evening,9,268.39,1,0,1,0,0
4608,28,F,desktop,ege,morning,6,33.95,0,0,0,0,0
4609,54,M,desktop,ic_anadolu,afternoon,2,137.37,1,0,1,0,1
4610,42,F,desktop,ege,evening,5,186.08,0,1,1,1,0
4611,35,M,desktop,ege,afternoon,3,120.07,0,0,0,0,0
4612,36,M,desktop,marmara,afternoon,12,88.29,0,0,0,0,0
4613,40,M,mobile,marmara,night,8,313.95,0,1,0,0,1
4614,55,F,mobile,akdeniz,morning,13,140.08,0,1,0,0,0
4615,35,F,mobile,marmara,afternoon,7,116.15,0,0,1,0,0
4616,43,F,mobile,marmara,afternoon,14,57.81,0,0,0,0,0
4617,23,M,mobile,ege,night,14,119.62,0,0,0,0,0
4618,21,F,tablet,marmara,evening,10,131.35,0,1,0,1,0
4619,61,M,mobile,marmara,morning,13,139.27,0,0,1,0,0
4620,68,M,mobile,marmara,night,1,66.47,0,0,0,0,0
4621,46,M,desktop,marmara,morning,10,93.44,0,0,0,0,0
4622,51,M,mobile,karadeniz,morning,11,259.87,1,0,0,0,0
4623,34,F,mobile,marmara,afternoon,14,106.25,0,1,0,0,0
4624,60,F,mobile,ic_anadolu,evening,3,50.61,0,0,1,0,0
4625,60,F,mobile,ege,evening,11,88.13,0,0,1,0,1
4626,70,M,desktop,ic_anadolu,afternoon,5,201.85,1,0,0,1,0
4627,33,F,desktop,marmara,afternoon,14,154.13,1,1,0,0,0
4628,19,M,tablet,dogu_anadolu,night,12,43.43,0,0,0,0,0
4629,51,F,mobile,karadeniz,evening,7,90.06,0,0,0,0,0
4630,25,F,desktop,marmara,evening,14,133.65,0,0,1,0,1
4631,30,M,desktop,marmara,morning,1,128.47,0,0,0,0,0
4632,59,F,mobile,ic_anadolu,evening,8,179.14,0,0,0,0,0
4633,25,F,mobile,dogu_anadolu,evening,4,157.68,0,0,1,0,0
4634,47,M,mobile,ege,night,3,185.99,1,0,1,0,0
4635,49,F,desktop,akdeniz,morning,7,101.59,1,0,0,1,0
4636,53,F,desktop,marmara,evening,7,107.0,1,0,0,0,0
4637,64,F,desktop,ege,night,10,94.08,1,0,0,0,0
4638,47,F,mobile,marmara,afternoon,4,105.23,0,1,0,0,0
4639,18,M,desktop,ege,evening,6,59.27,0,0,0,0,0
4640,60,M,desktop,marmara,night,15,294.21,0,1,0,0,0
4641,56,F,mobile,marmara,afternoon,4,88.18,1,0,0,0,0
4642,34,F,mobile,ic_anadolu,evening,14,147.23,0,1,1,0,0
4643,37,F,desktop,ic_anadolu,morning,4,108.97,0,0,0,0,0
4644,41,M,mobile,ege,afternoon,11,108.41,1,0,0,0,0
4645,67,F,tablet,dogu_anadolu,morning,13,78.99,1,0,0,0,0
4646,39,F,tablet,marmara,morning,7,76.17,0,0,0,1,1
4647,46,M,mobile,ege,evening,6,198.64,0,0,1,0,0
4648,39,M,mobile,ic_anadolu,morning,12,110.12,0,1,0,0,1
4649,61,F,desktop,ic_anadolu,night,9,66.03,1,1,0,0,0
4650,26,F,mobile,dogu_anadolu,afternoon,14,91.59,0,1,0,0,0
4651,54,F,mobile,marmara,evening,4,209.54,0,0,0,1,0
4652,27,F,mobile,marmara,morning,14,84.81,0,0,1,0,0
4653,53,M,mobile,ic_anadolu,morning,4,72.62,0,0,0,1,0
4654,54,M,mobile,ege,morning,15,110.99,0,0,1,0,0
4655,45,M,tablet,marmara,morning,14,208.9,0,0,0,1,0
4656,45,F,desktop,ic_anadolu,evening,9,68.41,0,0,0,0,0
4657,59,F,desktop,ege,evening,4,167.72,1,1,1,0,0
4658,60,F,mobile,ege,evening,7,149.55,0,0,0,0,0
4659,38,F,desktop,marmara,evening,9,295.07,1,1,0,1,1
4660,41,M,mobile,marmara,evening,6,149.58,0,0,0,1,0
4661,59,F,desktop,marmara,afternoon,9,80.54,0,0,0,0,0
4662,57,F,mobile,akdeniz,morning,15,89.08,0,0,0,0,0
4663,19,F,mobile,marmara,evening,7,81.82,0,0,0,0,1
4664,25,F,desktop,dogu_anadolu,morning,4,160.32,0,0,0,1,0
4665,65,F,desktop,marmara,afternoon,3,126.88,1,1,0,0,0
4666,44,M,desktop,dogu_anadolu,morning,6,94.59,0,0,0,0,1
4667,39,F,desktop,ege,afternoon,3,194.98,0,0,1,0,0
4668,54,M,mobile,marmara,afternoon,9,165.16,1,0,0,1,0
4669,44,F,mobile,ege,morning,1,466.67,1,0,1,0,1
4670,46,F,desktop,ege,afternoon,7,61.21,0,0,0,0,0
4671,20,M,mobile,akdeniz,morning,4,282.18,0,0,0,0,1
4672,61,F,desktop,ege,morning,9,49.63,1,0,1,0,0
4673,30,M,mobile,ic_anadolu,afternoon,7,206.09,0,1,0,0,1
4674,62,F,desktop,ege,afternoon,7,47.16,0,1,0,1,1
4675,27,M,mobile,ic_anadolu,evening,9,39.81,0,1,0,0,0
4676,53,M,mobile,ic_anadolu,afternoon,8,161.88,0,0,0,0,0
4677,26,M,mobile,marmara,evening,11,87.67,1,1,0,0,0
4678,44,M,mobile,karadeniz,morning,13,94.14,0,0,0,1,1
4679,51,M,tablet,karadeniz,afternoon,2,431.82,1,1,0,0,0
4680,68,F,tablet,guneydogu_anadolu,afternoon,15,69.33,1,0,0,0,0
4681,18,M,mobile,marmara,morning,7,133.41,0,0,0,0,0
4682,49,M,desktop,karadeniz,morning,6,148.28,0,0,0,0,0
4683,42,F,tablet,dogu_anadolu,evening,2,102.5,0,0,0,0,0
4684,46,F,desktop,ic_anadolu,evening,7,143.32,0,0,0,0,0
4685,24,M,mobile,akdeniz,morning,14,191.93,0,0,1,0,0
4686,66,F,mobile,guneydogu_anadolu,morning,12,189.79,0,0,0,0,1
4687,20,F,tablet,guneydogu_anadolu,evening,9,130.95,0,0,1,0,1
4688,37,M,tablet,ic_anadolu,morning,13,41.73,1,1,0,1,0
4689,37,F,desktop,ege,night,10,50.37,0,0,0,0,0
4690,70,F,mobile,karadeniz,night,6,88.68,0,0,0,0,0
4691,47,M,desktop,marmara,evening,11,170.51,0,1,0,0,0
4692,52,F,desktop,marmara,morning,5,162.0,0,0,0,0,0
4693,52,M,mobile,guneydogu_anadolu,morning,7,128.68,0,0,0,0,0
4694,66,F,desktop,karadeniz,night,1,33.37,1,0,0,0,0
4695,56,F,mobile,guneydogu_anadolu,afternoon,10,215.77,0,0,1,0,0
4696,44,F,tablet,ic_anadolu,afternoon,12,86.44,1,0,0,0,1
4697,43,M,mobile,ege,morning,15,36.56,1,0,0,0,0
4698,31,F,desktop,guneydogu_anadolu,morning,9,310.24,1,0,0,1,0
4699,34,F,mobile,ege,evening,3,173.71,0,0,1,0,0
4700,35,F,tablet,karadeniz,night,13,316.19,0,1,0,1,1
4701,62,F,mobile,akdeniz,evening,6,177.85,0,1,0,0,1
4702,69,F,mobile,marmara,evening,8,127.25,0,0,1,1,0
4703,46,F,tablet,marmara,afternoon,13,136.91,0,1,0,1,0
4704,37,M,desktop,ege,afternoon,10,139.8,0,1,0,0,1
4705,70,F,tablet,akdeniz,morning,1,63.82,0,1,0,0,0
4706,44,M,tablet,marmara,morning,3,105.94,0,1,1,0,0
4707,35,M,tablet,ege,morning,14,46.2,1,0,0,1,0
4708,21,F,desktop,ic_anadolu,evening,7,74.55,0,0,0,0,0
4709,18,F,tablet,ic_anadolu,morning,15,52.19,0,1,0,1,0
4710,67,M,mobile,marmara,night,8,296.92,0,0,0,0,0
4711,18,M,mobile,ic_anadolu,night,15,117.91,0,0,1,0,0
4712,43,F,mobile,marmara,morning,9,81.93,0,0,0,1,0
4713,62,M,desktop,marmara,afternoon,5,52.68,0,0,0,1,0
4714,37,F,desktop,marmara,evening,1,215.26,0,0,0,0,0
4715,69,F,mobile,ic_anadolu,night,2,454.37,1,0,0,0,0
4716,40,F,mobile,marmara,night,9,27.2,0,1,0,0,1
4717,27,M,mobile,marmara,morning,7,135.2,0,1,0,0,1
4718,28,M,desktop,marmara,morning,15,37.72,1,0,1,0,0
4719,58,M,mobile,guneydogu_anadolu,afternoon,12,378.93,0,0,0,0,1
4720,58,F,desktop,dogu_anadolu,afternoon,9,94.95,0,0,0,0,0
4721,22,F,mobile,marmara,afternoon,1,434.5,0,0,0,0,0
4722,18,F,desktop,ege,evening,2,60.48,0,0,0,0,0
4723,34,M,mobile,guneydogu_anadolu,morning,5,274.81,0,0,0,1,0
4724,39,F,mobile,marmara,evening,10,166.36,0,0,1,0,0
4725,51,F,tablet,marmara,morning,11,238.94,0,1,0,0,1
4726,62,F,mobile,marmara,afternoon,9,152.01,1,0,0,0,0
4727,58,M,mobile,guneydogu_anadolu,afternoon,6,149.0,0,0,1,0,0
4728,46,F,desktop,ic_anadolu,afternoon,8,209.34,1,0,0,1,0
4729,21,F,mobile,marmara,evening,8,92.24,0,0,0,0,0
4730,22,F,mobile,marmara,afternoon,6,57.07,0,0,1,0,0
4731,28,M,desktop,guneydogu_anadolu,night,7,87.15,1,0,1,0,0
4732,68,M,mobile,ege,night,9,38.88,0,0,1,1,1
4733,38,M,mobile,ic_anadolu,evening,4,251.7,0,0,0,0,0
4734,52,F,desktop,marmara,afternoon,3,81.24,1,0,0,0,0
4735,29,F,desktop,karadeniz,afternoon,2,19.23,0,1,0,0,0
4736,43,M,mobile,marmara,morning,6,227.14,0,0,1,0,0
4737,68,F,mobile,karadeniz,evening,12,58.76,0,0,0,0,1
4738,36,F,desktop,marmara,night,4,50.56,0,0,0,1,0
4739,62,F,tablet,marmara,morning,15,91.7,0,0,0,0,0
4740,24,M,tablet,akdeniz,evening,14,78.45,0,0,0,0,0
4741,64,F,desktop,karadeniz,evening,15,88.99,0,0,0,0,1
4742,24,M,desktop,ege,night,13,198.13,0,0,0,0,0
4743,43,M,mobile,marmara,afternoon,6,278.61,0,1,1,0,0
4744,57,F,tablet,akdeniz,afternoon,2,95.21,1,0,0,1,0
4745,22,F,mobile,ic_anadolu,morning,9,145.59,0,1,1,0,0
4746,38,M,mobile,ic_anadolu,evening,10,168.25,0,0,1,0,1
4747,31,M,desktop,ege,morning,3,205.91,1,0,0,0,0
4748,21,M,mobile,marmara,morning,14,86.98,0,0,0,1,0
4749,40,M,mobile,ic_anadolu,afternoon,15,234.65,0,0,1,0,0
4750,59,F,desktop,ege,afternoon,10,133.78,0,0,0,0,0
4751,37,M,mobile,guneydogu_anadolu,afternoon,2,221.15,0,1,0,0,0
4752,32,F,desktop,akdeniz,afternoon,2,24.39,0,0,1,0,0
4753,67,M,mobile,akdeniz,night,6,181.33,0,1,0,0,0
4754,69,M,desktop,ege,morning,9,52.45,1,0,0,0,0
4755,62,M,desktop,ege,evening,4,67.34,0,0,0,0,0
4756,46,M,tablet,akdeniz,evening,6,167.52,0,0,0,0,0
4757,25,M,desktop,ege,morning,3,500.0,1,0,0,1,0
4758,58,F,mobile,dogu_anadolu,evening,10,122.97,0,0,1,0,0
4759,65,M,desktop,ege,morning,2,123.58,1,0,1,1,1
4760,36,F,desktop,marmara,evening,8,43.15,0,0,0,0,0
4761,65,M,desktop,marmara,evening,15,88.76,1,0,0,0,0
4762,56,F,desktop,ic_anadolu,evening,15,291.9,0,0,0,1,1
4763,63,F,desktop,marmara,morning,11,54.85,0,0,0,0,0
4764,45,M,tablet,ege,afternoon,14,227.23,0,1,1,0,0
4765,63,M,desktop,akdeniz,evening,14,68.97,1,0,0,1,0
4766,44,F,desktop,ege,evening,3,96.04,0,1,0,1,0
4767,21,M,mobile,ic_anadolu,evening,9,126.09,0,0,1,0,1
4768,32,M,desktop,ic_anadolu,evening,3,68.61,1,0,1,0,0
4769,52,M,mobile,guneydogu_anadolu,morning,11,101.28,1,0,1,0,0
4770,54,F,desktop,akdeniz,morning,12,159.99,1,0,0,1,1
4771,18,M,desktop,akdeniz,evening,12,189.69,0,0,0,1,0
4772,20,M,mobile,marmara,evening,5,120.89,0,0,1,0,1
4773,64,F,tablet,ege,morning,15,67.13,0,0,0,1,0
4774,41,M,desktop,marmara,morning,8,92.96,1,0,0,0,0
4775,44,M,mobile,ic_anadolu,morning,12,131.91,0,0,0,0,0
4776,57,M,desktop,ege,afternoon,4,194.53,1,0,0,0,0
4777,53,F,desktop,akdeniz,afternoon,11,218.48,1,0,0,0,0
4778,51,F,tablet,marmara,afternoon,9,124.31,0,0,0,0,0
4779,46,M,desktop,ic_anadolu,afternoon,9,88.65,0,0,0,0,1
4780,41,F,tablet,ege,afternoon,6,170.89,0,0,0,1,1
4781,41,M,desktop,akdeniz,evening,1,55.47,0,1,1,0,0
4782,59,F,tablet,guneydogu_anadolu,morning,9,51.16,1,0,0,1,1
4783,21,F,mobile,ic_anadolu,morning,9,325.4,0,0,1,1,0
4784,20,F,tablet,marmara,evening,14,91.84,0,0,0,0,0
4785,51,M,desktop,akdeniz,evening,13,270.16,1,0,0,0,0
4786,66,F,mobile,akdeniz,afternoon,7,209.32,1,0,1,0,0
4787,40,M,mobile,karadeniz,night,11,187.99,0,0,0,0,1
4788,70,M,mobile,karadeniz,morning,10,360.39,0,0,0,0,0
4789,69,M,mobile,marmara,morning,9,166.9,0,0,0,1,0
4790,40,M,mobile,karadeniz,afternoon,11,197.71,0,1,0,0,0
4791,62,F,tablet,marmara,evening,7,89.44,0,0,1,0,0
4792,22,F,desktop,karadeniz,afternoon,6,170.13,0,0,1,0,0
4793,48,F,mobile,marmara,afternoon,3,175.93,0,0,0,0,0
4794,70,M,tablet,marmara,morning,13,379.12,0,1,0,1,0
4795,58,M,desktop,dogu_anadolu,afternoon,7,125.43,1,0,0,0,0
4796,23,F,mobile,ege,morning,1,348.18,0,0,1,0,1
4797,54,F,tablet,guneydogu_anadolu,afternoon,6,167.36,1,1,1,0,1
4798,27,M,mobile,marmara,afternoon,7,172.11,1,0,0,0,0
4799,57,F,desktop,akdeniz,evening,12,83.47,0,0,0,0,0
4800,24,M,desktop,ic_anadolu,afternoon,15,131.93,1,0,0,0,0
4801,56,F,tablet,marmara,evening,7,64.31,1,0,0,0,0
4802,55,M,tablet,marmara,afternoon,2,178.48,0,0,0,1,0
4803,38,F,tablet,marmara,night,14,298.45,0,1,1,0,0
4804,37,F,mobile,guneydogu_anadolu,evening,15,187.93,0,0,0,0,1
4805,20,F,mobile,karadeniz,evening,14,240.08,0,0,1,0,1
4806,68,F,desktop,ege,evening,12,54.37,0,1,0,0,0
4807,39,F,desktop,marmara,afternoon,4,258.84,0,0,1,0,0
4808,64,F,desktop,marmara,afternoon,2,308.9,0,0,0,0,0
4809,21,M,desktop,akdeniz,evening,14,321.41,0,1,1,0,1
4810,45,F,tablet,guneydogu_anadolu,morning,4,90.64,1,0,0,0,0
4811,29,M,mobile,ic_anadolu,morning,3,29.5,0,0,1,0,1
4812,55,F,mobile,ege,evening,3,98.76,0,0,0,0,0
4813,68,M,tablet,akdeniz,morning,2,99.41,0,0,0,0,1
4814,53,M,tablet,guneydogu_anadolu,night,3,159.99,0,0,0,1,0
4815,64,F,mobile,akdeniz,evening,12,61.53,0,0,1,0,0
4816,58,F,mobile,guneydogu_anadolu,evening,12,32.2,0,0,1,0,1
4817,22,F,desktop,marmara,afternoon,4,42.79,0,1,0,0,0
4818,30,F,mobile,ic_anadolu,evening,9,201.27,0,0,1,0,0
4819,40,M,desktop,ic_anadolu,afternoon,4,263.14,1,1,0,1,0
4820,67,M,desktop,ic_anadolu,afternoon,11,167.98,1,0,0,1,0
4821,47,M,tablet,akdeniz,night,7,97.78,0,0,0,1,0
4822,54,M,desktop,marmara,morning,4,71.26,1,1,0,0,0
4823,42,M,desktop,marmara,evening,3,62.06,0,0,0,0,0
4824,65,M,mobile,dogu_anadolu,evening,9,29.32,0,0,0,0,0
4825,44,M,mobile,marmara,night,3,99.11,0,0,0,0,0
4826,68,F,desktop,guneydogu_anadolu,afternoon,11,153.03,1,0,0,0,0
4827,31,F,desktop,ic_anadolu,afternoon,15,90.75,1,0,0,1,0
4828,65,F,tablet,ege,night,8,68.85,0,0,0,0,0
4829,64,M,desktop,dogu_anadolu,evening,2,145.53,1,1,0,0,0
4830,53,F,mobile,karadeniz,evening,14,153.42,0,1,1,1,1
4831,56,F,mobile,ege,evening,15,115.79,0,0,0,1,1
4832,33,F,mobile,marmara,afternoon,5,173.15,0,0,0,0,0
4833,39,F,desktop,dogu_anadolu,morning,4,45.26,1,1,1,0,0
4834,38,M,mobile,karadeniz,morning,3,240.38,0,0,0,0,0
4835,38,F,tablet,karadeniz,evening,6,385.62,0,0,1,0,0
4836,25,M,desktop,ic_anadolu,afternoon,9,115.06,0,0,0,1,1
4837,66,M,desktop,marmara,evening,10,38.65,0,0,0,0,0
4838,33,F,desktop,dogu_anadolu,afternoon,8,32.58,0,1,0,1,0
4839,48,M,mobile,marmara,afternoon,4,176.66,1,1,0,0,0
4840,59,M,mobile,marmara,morning,2,241.32,1,0,0,0,0
4841,27,F,desktop,marmara,evening,10,68.19,0,0,0,1,0
4842,49,F,desktop,marmara,night,1,63.75,0,0,1,0,0
4843,51,F,mobile,akdeniz,evening,13,110.39,0,0,0,0,0
4844,26,M,tablet,marmara,morning,4,141.84,0,0,0,1,0
4845,34,M,mobile,marmara,afternoon,6,201.52,0,0,0,0,1
4846,28,F,desktop,marmara,evening,2,105.94,0,0,0,0,0
4847,49,F,desktop,ic_anadolu,evening,14,134.29,0,0,1,1,0
4848,27,F,mobile,akdeniz,afternoon,14,75.31,0,1,0,1,0
4849,39,M,desktop,akdeniz,afternoon,13,242.97,0,0,1,0,0
4850,34,F,mobile,karadeniz,afternoon,15,24.49,0,1,0,0,0
4851,21,M,mobile,akdeniz,morning,4,157.56,0,0,0,0,0
4852,65,F,desktop,ege,morning,13,205.05,1,0,0,0,0
4853,69,M,mobile,guneydogu_anadolu,evening,5,332.21,0,0,0,0,1
4854,64,M,mobile,marmara,afternoon,4,191.76,0,1,0,0,0
4855,42,M,mobile,ege,evening,9,42.54,0,0,0,0,0
4856,38,F,mobile,ic_anadolu,afternoon,14,235.61,0,0,0,0,0
4857,54,M,mobile,karadeniz,afternoon,15,146.03,0,1,1,0,1
4858,55,F,mobile,karadeniz,evening,12,225.26,0,0,0,1,0
4859,66,F,mobile,marmara,night,14,134.17,0,0,0,0,0
4860,18,M,desktop,ic_anadolu,afternoon,2,37.54,0,0,0,0,0
4861,42,M,desktop,ic_anadolu,afternoon,9,113.76,0,0,0,1,0
4862,68,M,tablet,marmara,afternoon,11,89.32,1,1,1,0,0
4863,53,F,tablet,marmara,evening,6,42.75,1,1,0,0,0
4864,34,M,mobile,ic_anadolu,night,3,73.98,0,0,1,0,0
4865,58,M,mobile,marmara,afternoon,15,45.76,1,1,0,0,0
4866,41,M,desktop,marmara,evening,8,37.19,0,0,0,1,0
4867,19,M,mobile,marmara,afternoon,11,81.21,0,0,0,0,0
4868,57,M,tablet,marmara,morning,6,118.22,0,0,0,1,0
4869,32,F,tablet,marmara,night,4,139.05,1,0,0,0,0
4870,49,M,desktop,ege,afternoon,6,500.0,1,0,0,1,0
4871,56,M,desktop,marmara,morning,2,319.24,1,0,0,0,0
4872,23,M,mobile,dogu_anadolu,night,1,77.31,0,0,1,0,0
4873,18,F,mobile,marmara,afternoon,14,60.01,0,0,0,0,1
4874,64,F,desktop,akdeniz,morning,6,125.46,1,0,0,0,0
4875,40,F,mobile,guneydogu_anadolu,afternoon,8,126.08,0,1,0,1,1
4876,56,M,desktop,dogu_anadolu,afternoon,13,145.09,0,0,0,1,0
4877,34,M,mobile,ege,morning,7,217.84,0,1,1,0,0
4878,51,F,mobile,ege,afternoon,10,216.34,0,1,0,0,0
4879,58,M,mobile,ic_anadolu,evening,3,237.4,0,1,0,0,0
4880,46,M,mobile,dogu_anadolu,night,13,87.92,0,1,0,0,1
4881,26,M,mobile,marmara,afternoon,8,69.68,0,0,1,0,0
4882,30,F,mobile,ege,afternoon,1,76.5,0,0,1,0,0
4883,23,M,mobile,karadeniz,evening,15,80.5,0,0,1,0,0
4884,23,F,tablet,ege,morning,3,67.47,0,0,0,0,1
4885,37,M,desktop,ic_anadolu,afternoon,4,103.35,1,0,1,0,0
4886,69,F,tablet,ic_anadolu,evening,5,172.53,0,0,0,0,0
4887,70,F,desktop,marmara,evening,3,120.02,1,0,0,0,0
4888,20,M,desktop,ege,afternoon,8,100.45,0,0,0,0,0
4889,34,F,mobile,akdeniz,morning,5,51.57,0,0,0,0,0
4890,66,F,mobile,ic_anadolu,morning,7,45.47,1,0,0,0,0
4891,29,M,desktop,karadeniz,afternoon,5,115.47,0,0,0,0,0
4892,65,M,mobile,karadeniz,afternoon,15,148.9,0,0,0,0,0
4893,64,M,mobile,marmara,afternoon,10,188.88,0,0,0,0,0
4894,62,F,desktop,ic_anadolu,evening,1,106.16,1,0,0,0,0
4895,18,F,mobile,akdeniz,night,4,160.3,0,0,1,0,0
4896,34,F,desktop,akdeniz,night,3,138.05,1,0,1,0,0
4897,20,F,mobile,ege,evening,12,103.1,1,0,1,0,0
4898,43,M,mobile,ic_anadolu,afternoon,12,59.42,0,0,0,0,0
4899,32,F,desktop,ic_anadolu,morning,3,168.29,0,0,1,0,0
4900,53,F,tablet,akdeniz,afternoon,6,72.5,0,0,1,0,0
4901,49,F,mobile,dogu_anadolu,afternoon,10,82.34,0,0,0,0,0
4902,49,F,mobile,marmara,night,15,438.79,0,0,0,1,0
4903,21,M,mobile,ege,morning,12,206.88,0,0,1,1,1
4904,35,M,tablet,akdeniz,evening,6,232.72,0,0,1,1,0
4905,66,F,desktop,guneydogu_anadolu,night,5,71.53,0,1,0,0,0
4906,36,F,desktop,marmara,evening,12,104.3,0,0,0,0,0
4907,60,F,mobile,ege,evening,1,136.22,0,0,1,0,0
4908,69,M,tablet,dogu_anadolu,morning,2,135.35,1,0,0,0,0
4909,52,M,desktop,dogu_anadolu,morning,11,107.26,1,0,0,0,0
4910,57,F,tablet,dogu_anadolu,morning,1,64.99,1,1,0,1,0
4911,31,F,desktop,ege,evening,12,88.46,1,0,1,0,0
4912,50,M,desktop,karadeniz,morning,6,87.29,0,0,0,0,0
4913,31,M,desktop,akdeniz,afternoon,3,131.13,1,0,0,0,0
4914,51,M,mobile,ic_anadolu,afternoon,12,205.6,0,0,1,0,0
4915,21,F,tablet,marmara,afternoon,13,207.92,0,1,1,0,0
4916,41,F,desktop,ic_anadolu,afternoon,5,65.53,0,0,0,0,0
4917,46,F,mobile,ege,night,8,54.22,0,1,1,0,0
4918,36,M,desktop,ege,morning,5,211.08,1,0,0,0,0
4919,23,M,mobile,ic_anadolu,afternoon,5,51.55,0,0,0,0,1
4920,50,F,desktop,marmara,afternoon,2,41.1,0,0,0,0,0
4921,66,F,mobile,marmara,afternoon,2,86.14,0,0,1,0,0
4922,57,F,mobile,ege,afternoon,14,292.97,0,0,1,0,1
4923,36,F,mobile,karadeniz,evening,4,186.11,0,0,0,0,0
4924,70,F,desktop,marmara,evening,10,51.95,1,0,0,0,0
4925,18,M,desktop,karadeniz,morning,4,118.09,0,0,0,0,0
4926,22,F,mobile,ic_anadolu,evening,5,117.28,0,0,1,0,0
4927,44,F,mobile,ic_anadolu,night,13,112.86,0,0,1,0,0
4928,33,M,tablet,akdeniz,morning,3,198.34,0,0,0,0,0
4929,23,F,mobile,ic_anadolu,afternoon,9,203.08,0,0,0,0,0
4930,57,F,tablet,marmara,afternoon,15,166.32,0,0,1,1,1
4931,30,F,mobile,ege,morning,4,177.86,1,0,0,0,1
4932,65,M,desktop,ic_anadolu,afternoon,8,32.5,1,0,0,1,0
4933,52,M,desktop,guneydogu_anadolu,morning,11,257.76,1,0,0,0,0
4934,36,F,mobile,marmara,night,3,64.81,0,0,0,1,0
4935,29,M,mobile,akdeniz,afternoon,12,33.55,0,0,0,1,0
4936,33,F,mobile,dogu_anadolu,night,15,120.5,0,1,0,1,0
4937,60,M,desktop,dogu_anadolu,morning,12,84.26,0,0,0,0,0
4938,27,M,mobile,marmara,morning,2,295.24,0,0,0,0,0
4939,42,M,mobile,akdeniz,afternoon,15,106.8,0,1,0,0,0
4940,37,F,mobile,marmara,evening,10,265.69,0,1,0,0,0
4941,48,M,desktop,karadeniz,afternoon,6,137.28,1,1,0,0,0
4942,21,M,mobile,ege,evening,15,303.27,0,0,1,0,0
4943,61,M,desktop,karadeniz,afternoon,2,190.98,0,0,0,0,0
4944,40,M,tablet,guneydogu_anadolu,morning,7,48.93,0,0,0,1,1
4945,19,F,tablet,guneydogu_anadolu,evening,12,98.41,0,0,0,0,0
4946,39,F,desktop,dogu_anadolu,evening,10,29.82,1,0,0,1,0
4947,68,F,desktop,marmara,morning,7,55.33,1,0,0,0,0
4948,54,F,mobile,marmara,morning,6,24.82,0,1,0,0,0
4949,25,M,mobile,ic_anadolu,afternoon,10,155.55,0,0,1,0,0
4950,24,M,desktop,akdeniz,afternoon,15,29.96,0,0,1,1,0
4951,31,M,tablet,marmara,evening,3,122.92,0,1,1,0,0
4952,20,F,mobile,ege,afternoon,14,139.89,0,0,1,0,0
4953,67,F,desktop,dogu_anadolu,evening,9,122.54,1,0,0,0,0
4954,33,M,mobile,dogu_anadolu,evening,15,87.72,1,0,1,0,0
4955,36,F,desktop,marmara,evening,14,92.97,1,0,0,0,0
4956,68,F,desktop,ege,evening,15,153.95,1,0,0,0,1
4957,35,M,mobile,akdeniz,evening,12,81.92,0,0,1,0,0
4958,69,M,desktop,dogu_anadolu,evening,11,63.57,1,1,0,0,0
4959,33,F,mobile,akdeniz,evening,7,47.54,0,0,1,0,1
4960,25,M,tablet,guneydogu_anadolu,evening,3,130.25,0,0,0,0,0
4961,50,M,tablet,karadeniz,morning,9,214.49,0,1,0,1,1
4962,66,M,desktop,guneydogu_anadolu,afternoon,14,155.53,1,0,0,1,0
4963,29,M,desktop,ic_anadolu,afternoon,2,345.67,1,0,0,1,0
4964,70,F,mobile,dogu_anadolu,morning,4,54.25,1,0,0,0,1
4965,28,M,mobile,karadeniz,evening,3,101.09,0,0,1,0,0
4966,22,F,tablet,marmara,evening,9,44.19,0,0,1,0,0
4967,44,F,mobile,marmara,evening,11,58.89,0,1,0,1,1
4968,29,M,desktop,dogu_anadolu,afternoon,10,195.05,1,0,1,0,1
4969,34,M,mobile,marmara,afternoon,4,130.33,0,0,1,0,0
4970,23,M,mobile,ege,morning,5,104.23,1,0,1,0,0
4971,50,M,tablet,karadeniz,morning,9,136.57,0,0,0,0,0
4972,22,M,desktop,karadeniz,evening,10,59.28,0,0,0,0,0
4973,45,M,mobile,marmara,morning,7,20.91,0,0,1,0,0
4974,31,F,desktop,akdeniz,morning,6,47.52,0,0,1,1,0
4975,22,F,mobile,akdeniz,afternoon,11,122.63,0,0,0,1,0
4976,50,F,desktop,ege,morning,1,74.09,1,0,0,0,0
4977,67,F,tablet,dogu_anadolu,morning,11,256.65,1,0,0,1,0
4978,65,F,mobile,ic_anadolu,afternoon,4,195.45,0,0,0,1,0
4979,58,M,tablet,guneydogu_anadolu,morning,9,98.76,0,0,0,0,0
4980,36,M,tablet,marmara,morning,8,93.85,0,0,0,0,1
4981,39,M,desktop,ege,evening,2,138.13,1,0,0,0,0
4982,22,M,mobile,karadeniz,afternoon,7,59.85,0,0,1,0,0
4983,19,M,tablet,ege,afternoon,5,143.6,0,0,0,0,0
4984,47,F,mobile,marmara,afternoon,8,222.77,0,0,1,0,0
4985,64,F,mobile,guneydogu_anadolu,night,4,455.77,1,0,0,0,1
4986,56,F,mobile,dogu_anadolu,evening,9,161.69,1,1,1,1,0
4987,21,M,mobile,akdeniz,afternoon,6,29.83,0,0,0,1,0
4988,50,F,desktop,akdeniz,morning,4,51.0,0,0,0,0,0
4989,30,M,mobile,marmara,morning,14,76.02,0,0,1,0,0
4990,37,M,desktop,guneydogu_anadolu,evening,9,111.96,1,0,1,0,0
4991,24,F,desktop,karadeniz,afternoon,2,165.73,0,0,0,0,0
4992,32,F,desktop,marmara,morning,11,40.15,1,0,0,0,0
4993,40,F,desktop,marmara,night,11,107.23,1,1,0,0,0
4994,31,F,mobile,karadeniz,afternoon,4,116.33,0,0,0,0,0
4995,40,M,desktop,marmara,afternoon,13,70.32,0,0,0,0,0
4996,36,M,desktop,guneydogu_anadolu,evening,3,218.48,0,0,0,1,0
4997,46,M,mobile,guneydogu_anadolu,evening,10,117.1,0,0,1,0,0
4998,37,M,mobile,dogu_anadolu,evening,5,129.12,0,0,0,0,0
4999,46,M,mobile,ic_anadolu,night,14,58.29,0,1,0,0,0
5000,41,M,tablet,akdeniz,night,10,286.1,0,1,0,1,0
5001,35,F,desktop,marmara,night,9,161.35,0,0,0,0,0
5002,27,M,desktop,ic_anadolu,afternoon,13,27.59,0,0,0,0,0
5003,58,F,desktop,ege,afternoon,5,162.26,1,1,0,0,0
5004,25,F,tablet,akdeniz,morning,2,106.97,0,0,0,0,0
5005,43,F,mobile,marmara,evening,4,161.83,0,0,1,1,0
5006,46,M,desktop,marmara,morning,8,89.1,1,0,0,1,0
5007,27,F,desktop,ege,afternoon,6,159.6,0,0,1,0,0
5008,34,F,mobile,karadeniz,morning,13,87.48,0,1,0,1,0
5009,19,M,desktop,ege,evening,5,230.18,0,0,0,0,0
5010,23,M,mobile,ege,evening,5,32.32,0,0,0,0,1
5011,22,M,tablet,ege,morning,4,71.96,1,0,1,1,0
5012,45,M,mobile,marmara,evening,9,62.91,0,0,1,0,1
5013,58,M,tablet,dogu_anadolu,afternoon,12,285.86,0,0,0,1,0
5014,22,M,desktop,akdeniz,afternoon,6,57.66,1,0,0,0,0
5015,35,F,mobile,marmara,night,7,90.68,0,0,0,0,0
5016,43,M,tablet,marmara,evening,5,152.49,0,0,0,0,0
5017,37,M,mobile,guneydogu_anadolu,morning,6,70.62,1,0,0,1,1
5018,58,F,mobile,ic_anadolu,night,15,179.38,1,0,1,0,0
5019,66,F,mobile,marmara,afternoon,13,364.97,0,0,0,0,0
5020,44,F,tablet,ege,evening,11,265.36,1,0,0,0,0
5021,66,M,desktop,marmara,evening,11,117.79,0,0,0,0,0
5022,29,F,desktop,marmara,afternoon,3,24.16,0,0,0,0,0
5023,24,M,desktop,karadeniz,afternoon,7,120.65,0,1,1,1,0
5024,20,M,tablet,marmara,morning,1,114.17,1,0,0,0,0
5025,27,M,tablet,karadeniz,afternoon,5,87.33,1,1,1,0,0
5026,51,M,desktop,akdeniz,afternoon,6,56.56,0,1,0,0,0
5027,42,F,desktop,marmara,afternoon,13,78.87,0,1,0,0,0
5028,52,F,tablet,karadeniz,evening,14,57.72,0,1,0,0,1
5029,33,F,desktop,ege,evening,15,87.58,0,1,0,0,0
5030,19,M,desktop,ic_anadolu,evening,2,145.21,0,0,0,0,1
5031,41,F,desktop,karadeniz,morning,2,218.78,1,0,0,0,0
5032,27,F,desktop,guneydogu_anadolu,morning,9,121.72,0,0,0,0,1
5033,55,F,mobile,marmara,morning,4,168.88,0,1,0,0,0
5034,39,M,mobile,marmara,night,5,65.39,0,1,0,0,0
5035,43,F,mobile,akdeniz,evening,3,249.6,0,0,1,1,1
5036,60,M,tablet,marmara,night,9,46.6,1,1,1,0,0
5037,56,F,desktop,akdeniz,morning,1,59.46,1,1,0,0,0
5038,44,M,desktop,marmara,afternoon,4,199.01,0,0,1,1,0
5039,46,F,tablet,akdeniz,afternoon,7,84.25,0,1,0,0,0
5040,64,M,mobile,marmara,afternoon,4,74.3,1,0,0,0,0
5041,55,M,desktop,karadeniz,evening,8,97.02,1,0,0,0,0
5042,37,F,desktop,karadeniz,afternoon,13,141.85,0,0,0,0,0
5043,44,M,desktop,marmara,evening,8,89.96,0,0,1,0,0
5044,58,M,mobile,karadeniz,evening,12,24.27,1,1,1,0,0
5045,37,M,desktop,ege,afternoon,14,116.21,0,0,0,0,0
5046,61,M,mobile,ege,night,3,46.46,0,0,0,0,0
5047,36,F,desktop,marmara,afternoon,4,101.84,1,1,1,0,0
5048,37,M,mobile,karadeniz,evening,11,154.98,0,0,0,0,1
5049,52,M,desktop,ege,evening,7,76.29,0,0,0,0,0
5050,64,M,mobile,marmara,afternoon,5,31.96,0,0,1,0,1
5051,19,M,desktop,guneydogu_anadolu,afternoon,5,138.3,0,0,1,0,0
5052,47,F,desktop,marmara,evening,2,208.11,0,0,0,1,0
5053,70,M,mobile,guneydogu_anadolu,morning,7,140.28,0,0,1,0,0
5054,51,M,mobile,ege,night,4,100.37,0,0,0,0,0
5055,39,F,mobile,karadeniz,morning,5,164.23,0,0,1,0,0
5056,20,M,mobile,ic_anadolu,morning,15,190.22,0,0,0,1,0
5057,23,M,desktop,dogu_anadolu,night,11,103.38,0,0,1,0,0
5058,32,F,mobile,guneydogu_anadolu,morning,5,122.19,0,1,0,1,1
5059,44,F,desktop,dogu_anadolu,morning,2,313.57,0,0,0,1,0
5060,27,M,desktop,ege,evening,8,18.56,0,0,0,0,0
5061,26,F,mobile,karadeniz,morning,11,58.33,1,0,1,0,0
5062,50,F,tablet,ic_anadolu,morning,1,120.26,1,0,0,0,0
5063,49,F,mobile,marmara,morning,15,187.8,0,0,0,1,1
5064,65,F,mobile,dogu_anadolu,night,3,106.18,0,0,0,0,0
5065,23,M,tablet,akdeniz,afternoon,7,83.82,0,1,0,0,0
5066,58,F,desktop,marmara,evening,15,205.15,0,1,0,0,0
5067,53,M,tablet,ege,afternoon,15,205.96,1,0,0,0,0
5068,19,M,mobile,ic_anadolu,morning,9,25.59,0,1,0,0,1
5069,46,M,mobile,akdeniz,morning,3,70.27,0,0,0,0,0
5070,21,F,mobile,akdeniz,night,3,159.39,0,0,1,0,0
5071,18,M,mobile,marmara,afternoon,14,123.15,0,0,0,0,0
5072,36,F,mobile,ic_anadolu,morning,15,244.85,0,0,0,0,0
5073,43,F,desktop,dogu_anadolu,morning,13,202.36,1,0,0,1,0
5074,42,M,tablet,ege,afternoon,10,274.09,1,0,0,0,1
5075,27,M,desktop,ic_anadolu,afternoon,1,231.0,0,0,1,0,0
5076,70,M,desktop,marmara,morning,14,135.86,1,0,0,0,0
5077,32,M,desktop,marmara,morning,1,116.3,1,0,0,1,0
5078,39,M,desktop,ic_anadolu,evening,6,120.43,1,0,0,0,1
5079,68,M,desktop,marmara,afternoon,10,122.58,1,1,0,0,0
5080,65,M,desktop,ic_anadolu,morning,12,160.18,1,0,0,0,0
5081,38,F,mobile,ic_anadolu,morning,9,148.02,0,0,1,1,0
5082,39,F,mobile,ege,afternoon,3,81.46,0,1,0,1,0
5083,53,M,desktop,ege,morning,15,313.81,1,1,0,1,0
5084,51,M,desktop,dogu_anadolu,morning,6,70.5,1,0,0,1,0
5085,47,F,tablet,marmara,evening,4,89.97,0,0,0,0,0
5086,42,F,desktop,akdeniz,afternoon,13,35.57,1,0,0,0,0
5087,62,F,desktop,dogu_anadolu,afternoon,9,295.36,1,0,1,0,0
5088,45,M,desktop,dogu_anadolu,evening,11,112.08,0,0,1,0,0
5089,18,M,desktop,ic_anadolu,evening,8,133.71,0,0,0,1,0
5090,66,M,mobile,ege,morning,9,110.73,1,0,1,1,0
5091,62,M,desktop,marmara,morning,2,84.05,1,0,0,0,0
5092,21,M,mobile,marmara,morning,12,177.26,0,0,1,0,0
5093,24,F,desktop,ic_anadolu,night,5,114.76,1,0,0,0,0
5094,66,F,mobile,marmara,afternoon,4,172.9,0,0,0,0,0
5095,26,F,mobile,dogu_anadolu,morning,4,25.35,0,0,1,0,0
5096,53,M,desktop,ic_anadolu,morning,8,117.69,1,0,0,0,0
5097,36,F,desktop,marmara,evening,5,55.04,0,0,0,0,0
5098,18,M,desktop,marmara,morning,4,144.98,0,0,0,1,0
5099,27,M,mobile,ic_anadolu,evening,6,58.05,0,0,0,0,0
5100,53,F,desktop,marmara,night,8,113.16,1,1,0,0,0
5101,26,M,mobile,karadeniz,morning,11,154.3,0,0,0,0,0
5102,62,M,desktop,dogu_anadolu,morning,14,63.17,1,1,0,0,1
5103,63,F,desktop,guneydogu_anadolu,morning,14,38.88,1,0,0,0,1
5104,59,F,desktop,ic_anadolu,morning,7,370.6,0,0,0,1,0
5105,49,M,desktop,dogu_anadolu,evening,15,97.39,0,0,1,0,0
5106,49,F,desktop,ic_anadolu,morning,6,171.78,1,0,1,0,1
5107,23,F,desktop,akdeniz,afternoon,2,215.22,0,0,0,0,0
5108,65,M,mobile,ic_anadolu,afternoon,12,107.92,0,0,0,0,0
5109,55,M,desktop,marmara,night,5,66.12,0,0,0,0,0
5110,34,F,mobile,marmara,afternoon,11,215.8,0,0,1,0,0
5111,27,M,mobile,karadeniz,morning,15,52.6,0,0,1,0,1
5112,67,M,mobile,guneydogu_anadolu,afternoon,15,302.78,1,0,0,1,1
5113,44,F,tablet,akdeniz,evening,14,64.71,0,0,1,0,0
5114,67,M,desktop,akdeniz,morning,15,187.38,0,0,0,0,0
5115,52,F,desktop,akdeniz,morning,9,114.63,1,1,0,1,1
5116,69,F,mobile,akdeniz,night,11,177.79,0,0,1,0,0
5117,38,M,mobile,ege,morning,15,144.82,0,1,0,1,0
5118,42,M,mobile,guneydogu_anadolu,morning,15,193.06,0,1,0,0,0
5119,45,F,desktop,akdeniz,evening,9,82.2,0,0,0,0,0
5120,64,M,mobile,marmara,morning,4,135.69,0,0,0,1,0
5121,32,M,tablet,karadeniz,morning,9,361.74,1,1,0,1,0
5122,21,M,desktop,ege,morning,9,41.09,0,0,1,0,1
5123,46,F,tablet,ic_anadolu,evening,5,186.18,0,0,1,1,0
5124,26,M,desktop,akdeniz,night,13,500.0,0,0,0,1,1
5125,44,F,desktop,ic_anadolu,evening,6,362.96,1,0,0,0,0
5126,43,F,desktop,marmara,morning,7,158.17,0,0,1,1,0
5127,36,M,mobile,marmara,morning,10,213.2,0,1,0,0,0
5128,45,M,mobile,ege,afternoon,10,393.18,0,1,1,0,0
5129,34,M,mobile,ic_anadolu,evening,12,233.65,0,1,1,0,0
5130,60,F,mobile,marmara,evening,7,114.9,0,0,1,0,1
5131,58,F,desktop,ege,afternoon,5,111.19,0,0,0,0,0
5132,59,M,desktop,guneydogu_anadolu,night,13,56.79,0,0,0,0,0
5133,67,F,desktop,marmara,morning,1,222.15,0,0,0,0,0
5134,37,M,tablet,karadeniz,morning,4,478.97,0,0,0,1,0
5135,62,F,desktop,karadeniz,evening,13,154.52,1,1,0,1,0
5136,57,M,tablet,dogu_anadolu,afternoon,14,100.4,0,1,0,0,0
5137,56,M,desktop,dogu_anadolu,afternoon,8,131.79,1,0,0,0,0
5138,66,M,desktop,akdeniz,afternoon,8,95.68,0,0,0,0,0
5139,70,M,desktop,ic_anadolu,afternoon,12,47.66,0,0,0,0,1
5140,40,M,desktop,ic_anadolu,afternoon,13,51.17,1,0,0,0,0
5141,64,F,tablet,ege,night,6,66.22,0,0,0,0,0
5142,49,F,mobile,marmara,morning,13,89.15,1,1,0,0,0
5143,69,M,tablet,ege,afternoon,3,212.65,0,0,0,1,0
5144,64,F,mobile,marmara,morning,12,123.39,0,0,0,0,0
5145,50,M,mobile,karadeniz,evening,15,28.87,1,1,1,0,0
5146,63,F,mobile,guneydogu_anadolu,morning,9,219.14,1,0,0,0,0
5147,22,F,mobile,dogu_anadolu,evening,7,94.8,0,0,1,0,0
5148,60,M,mobile,marmara,morning,11,170.5,1,0,0,0,1
5149,65,M,desktop,marmara,afternoon,9,310.86,0,0,0,0,0
5150,51,M,mobile,karadeniz,evening,5,114.72,0,0,0,0,0
5151,57,M,mobile,ege,morning,11,247.55,0,0,0,1,1
5152,28,M,desktop,karadeniz,afternoon,6,212.06,0,0,0,0,0
5153,67,F,mobile,karadeniz,evening,15,129.1,0,0,0,0,0
5154,20,F,tablet,ic_anadolu,morning,1,106.86,0,0,1,0,0
5155,50,M,mobile,marmara,night,13,61.53,0,0,0,0,1
5156,28,M,mobile,marmara,morning,8,141.05,1,0,0,0,0
5157,33,M,desktop,marmara,evening,2,245.63,0,1,0,0,0
5158,35,M,mobile,akdeniz,evening,6,89.08,0,0,0,1,0
5159,47,F,desktop,guneydogu_anadolu,afternoon,6,232.62,0,0,0,0,0
5160,65,F,tablet,marmara,morning,4,203.9,0,0,0,0,0
5161,27,M,tablet,marmara,morning,9,82.42,0,1,0,0,0
5162,35,F,tablet,ic_anadolu,night,3,70.65,0,0,1,0,0
5163,55,F,desktop,ege,evening,2,261.45,1,0,0,0,0
5164,36,F,desktop,dogu_anadolu,afternoon,3,222.27,1,0,0,0,0
5165,53,F,tablet,marmara,morning,5,183.8,1,0,0,0,0
5166,30,M,mobile,guneydogu_anadolu,morning,1,23.79,0,0,1,0,0
5167,63,M,tablet,dogu_anadolu,evening,10,81.6,0,1,0,0,0
5168,20,M,mobile,dogu_anadolu,night,14,140.9,0,0,0,0,1
5169,27,M,mobile,marmara,morning,4,60.04,0,0,0,0,0
5170,55,F,desktop,ege,evening,1,50.69,0,0,0,0,1
5171,18,M,mobile,karadeniz,morning,10,153.71,0,0,1,0,0
5172,44,F,mobile,karadeniz,evening,15,168.45,0,0,0,1,1
5173,63,F,desktop,ic_anadolu,afternoon,3,162.08,1,0,1,1,0
5174,25,F,desktop,ege,evening,2,79.58,0,0,0,0,0
5175,68,M,mobile,ege,night,6,199.35,1,1,1,0,0
5176,63,M,mobile,guneydogu_anadolu,evening,3,73.73,1,0,0,0,0
5177,59,M,desktop,marmara,night,10,109.91,1,0,0,1,0
5178,34,M,desktop,marmara,morning,14,226.97,1,1,0,1,0
5179,26,F,desktop,marmara,night,7,138.31,0,0,0,0,0
5180,23,M,desktop,karadeniz,evening,9,97.07,1,0,0,0,0
5181,60,M,tablet,marmara,morning,1,81.64,0,1,0,0,0
5182,42,F,mobile,akdeniz,afternoon,13,114.88,0,0,0,0,1
5183,56,F,mobile,ege,night,8,113.04,0,1,0,0,1
5184,66,M,mobile,marmara,morning,10,78.29,0,0,0,1,0
5185,45,M,desktop,ic_anadolu,afternoon,7,105.78,0,1,0,0,0
5186,50,M,mobile,marmara,evening,11,83.26,0,0,1,0,1
5187,54,M,tablet,ege,morning,4,280.99,1,0,0,1,0
5188,26,M,mobile,akdeniz,evening,15,40.79,0,0,0,0,0
5189,35,F,mobile,ege,afternoon,12,45.72,0,1,0,0,0
5190,38,F,mobile,marmara,morning,15,75.62,0,0,0,1,0
5191,19,F,tablet,dogu_anadolu,afternoon,14,98.33,0,0,1,0,0
5192,60,F,desktop,guneydogu_anadolu,afternoon,7,81.86,0,0,0,0,0
5193,55,M,desktop,ege,evening,2,500.0,1,0,1,0,1
5194,57,M,tablet,ege,evening,6,129.3,1,0,0,0,0
5195,53,M,tablet,ege,afternoon,14,133.66,1,1,0,0,0
5196,67,F,mobile,dogu_anadolu,evening,14,85.18,0,0,0,0,0
5197,60,M,desktop,akdeniz,evening,15,77.55,0,0,0,0,0
5198,54,F,desktop,marmara,night,11,95.52,1,0,1,0,1
5199,32,F,mobile,dogu_anadolu,evening,15,101.55,0,0,0,0,0
5200,45,M,tablet,akdeniz,afternoon,5,133.96,0,0,1,0,0
5201,35,M,desktop,ege,afternoon,5,111.29,0,0,0,0,0
5202,51,F,mobile,ege,night,12,66.19,1,0,0,0,0
5203,39,F,tablet,marmara,evening,8,239.46,1,1,0,0,0
5204,28,M,desktop,guneydogu_anadolu,morning,1,226.54,1,0,0,0,0
5205,30,F,mobile,ic_anadolu,evening,9,239.24,0,0,1,0,1
5206,21,F,desktop,marmara,afternoon,4,303.23,1,1,0,1,0
5207,39,M,mobile,akdeniz,morning,14,214.69,0,0,1,1,1
5208,24,F,tablet,akdeniz,afternoon,10,430.44,1,0,1,0,1
5209,60,F,desktop,marmara,morning,6,35.7,0,1,0,0,1
5210,41,F,mobile,ege,evening,7,49.21,0,0,1,0,1
5211,21,M,tablet,ic_anadolu,morning,1,74.01,1,0,0,1,0
5212,45,M,tablet,marmara,morning,8,25.33,1,0,1,0,0
5213,32,F,mobile,ege,morning,14,282.93,0,1,0,0,0
5214,18,F,mobile,marmara,afternoon,15,58.43,0,1,0,0,1
5215,20,F,desktop,ege,morning,4,182.44,0,0,1,0,1
5216,31,F,desktop,ic_anadolu,evening,13,75.49,1,0,0,0,0
5217,55,M,mobile,marmara,morning,13,64.32,1,0,0,0,0
5218,67,M,desktop,ic_anadolu,evening,9,123.3,0,0,0,1,0
5219,18,F,mobile,ege,afternoon,15,145.16,0,1,0,0,1
5220,55,F,mobile,ic_anadolu,night,7,190.27,0,0,1,1,0
5221,55,F,tablet,ege,morning,15,30.52,0,0,0,0,0
5222,38,F,mobile,akdeniz,morning,14,120.15,0,0,1,1,1
5223,65,F,desktop,ic_anadolu,evening,11,133.81,1,0,0,0,0
5224,46,M,mobile,ic_anadolu,evening,15,139.91,1,0,1,0,0
5225,22,M,mobile,karadeniz,afternoon,5,436.52,0,0,0,0,0
5226,66,M,desktop,marmara,morning,12,78.32,0,0,0,0,0
5227,27,F,desktop,guneydogu_anadolu,afternoon,1,239.46,0,0,0,0,0
5228,45,M,tablet,karadeniz,morning,9,195.29,0,1,0,0,0
5229,38,F,desktop,akdeniz,afternoon,10,64.82,0,0,0,0,0
5230,67,F,tablet,dogu_anadolu,afternoon,6,107.48,0,0,0,0,1
5231,24,M,tablet,ege,evening,6,142.21,1,0,0,0,1
5232,20,F,mobile,marmara,night,1,248.57,0,0,1,0,0
5233,62,M,mobile,ic_anadolu,morning,6,312.17,0,0,0,0,0
5234,64,M,desktop,guneydogu_anadolu,evening,4,116.45,1,0,0,1,0
5235,37,M,tablet,marmara,morning,15,256.55,0,0,0,0,0
5236,36,M,mobile,ic_anadolu,morning,12,69.66,0,0,1,1,0
5237,52,F,desktop,karadeniz,evening,1,169.55,0,0,0,0,0
5238,21,M,mobile,dogu_anadolu,evening,8,163.39,0,1,0,0,0
5239,22,M,mobile,marmara,night,4,77.02,0,0,1,0,0
5240,18,M,desktop,marmara,evening,3,47.93,0,1,0,0,0
5241,21,F,tablet,marmara,morning,2,206.11,0,0,1,0,0
5242,29,M,mobile,akdeniz,morning,10,108.82,0,0,0,0,0
5243,44,F,mobile,dogu_anadolu,evening,7,35.4,0,0,1,0,0
5244,59,M,desktop,ic_anadolu,afternoon,10,97.26,0,0,0,0,0
5245,40,F,mobile,dogu_anadolu,afternoon,9,36.9,0,0,0,1,1
5246,42,M,mobile,karadeniz,afternoon,7,123.36,0,0,1,0,0
5247,38,F,mobile,ic_anadolu,night,12,135.55,0,0,1,0,0
5248,69,F,mobile,marmara,evening,12,125.85,1,0,1,0,0
5249,41,F,mobile,ege,afternoon,1,137.28,0,0,0,0,0
5250,42,F,desktop,marmara,night,14,52.26,0,0,0,0,0
5251,62,F,mobile,ege,evening,11,148.63,0,0,1,0,0
5252,63,F,desktop,marmara,morning,5,72.58,0,0,0,1,0
5253,49,M,desktop,marmara,morning,5,248.89,0,0,0,1,0
5254,49,M,desktop,ege,afternoon,8,357.8,0,1,0,0,0
5255,22,M,tablet,akdeniz,afternoon,6,257.33,0,0,0,1,0
5256,53,F,tablet,marmara,evening,15,155.64,1,0,0,1,0
5257,63,F,desktop,ic_anadolu,night,11,56.65,1,0,0,0,0
5258,59,F,desktop,ic_anadolu,morning,5,212.41,0,0,0,0,0
5259,66,M,desktop,ic_anadolu,evening,13,208.41,0,0,0,0,0
5260,59,M,mobile,ic_anadolu,afternoon,8,60.3,0,0,0,0,0
5261,56,F,mobile,ic_anadolu,afternoon,15,76.83,0,0,0,0,0
5262,33,F,mobile,guneydogu_anadolu,evening,3,358.35,0,0,1,1,1
5263,50,M,mobile,marmara,afternoon,5,259.3,0,1,0,0,1
5264,66,M,mobile,marmara,evening,5,95.72,0,1,0,1,1
5265,38,M,desktop,marmara,morning,5,184.86,1,0,1,0,0
5266,26,M,desktop,ic_anadolu,evening,3,102.89,1,0,0,0,0
5267,23,F,desktop,ege,afternoon,15,283.9,0,0,1,1,0
5268,68,F,mobile,akdeniz,afternoon,6,70.97,1,0,0,1,0
5269,62,F,tablet,marmara,morning,11,200.95,1,0,1,0,0
5270,52,F,desktop,ic_anadolu,evening,9,24.28,1,0,0,0,0
5271,56,F,desktop,ic_anadolu,morning,2,211.2,1,0,0,0,0
5272,39,M,tablet,marmara,morning,14,77.54,1,0,1,0,0
5273,58,F,desktop,akdeniz,morning,10,235.43,1,0,0,0,0
5274,22,F,desktop,dogu_anadolu,evening,12,74.09,0,1,1,0,0
5275,59,F,tablet,karadeniz,morning,1,38.46,1,0,1,1,0
5276,40,F,mobile,marmara,evening,14,337.45,0,0,1,0,1
5277,34,F,mobile,dogu_anadolu,morning,6,93.52,1,0,0,0,1
5278,29,M,mobile,marmara,evening,8,90.56,0,0,1,0,1
5279,40,M,mobile,ege,evening,15,84.36,0,0,1,0,1
5280,33,F,desktop,marmara,morning,5,166.47,0,0,0,1,0
5281,20,M,mobile,dogu_anadolu,morning,9,100.15,0,0,1,0,1
5282,47,F,mobile,marmara,afternoon,12,148.6,0,0,0,0,0
5283,39,M,tablet,marmara,evening,3,37.84,0,0,1,1,0
5284,26,F,tablet,dogu_anadolu,morning,13,237.47,1,0,0,0,0
5285,46,F,desktop,ic_anadolu,afternoon,9,173.19,0,0,0,1,0
5286,64,M,mobile,karadeniz,morning,2,143.34,0,0,0,0,1
5287,54,F,desktop,marmara,afternoon,15,103.18,0,1,0,0,0
5288,40,F,desktop,ege,evening,2,118.76,0,0,1,0,0
5289,30,F,mobile,guneydogu_anadolu,morning,9,500.0,0,1,0,0,0
5290,49,F,mobile,akdeniz,evening,15,87.45,0,0,1,0,1
5291,63,F,mobile,karadeniz,night,10,75.4,1,1,0,0,0
5292,69,M,mobile,guneydogu_anadolu,morning,10,200.14,1,0,0,0,0
5293,64,M,mobile,ic_anadolu,evening,7,76.06,0,0,1,0,1
5294,65,M,mobile,ege,afternoon,11,110.87,0,0,0,0,0
5295,40,F,mobile,ege,evening,14,136.05,0,0,1,0,0
5296,62,F,desktop,marmara,afternoon,13,98.35,0,0,0,0,0
5297,34,F,mobile,ege,evening,5,334.86,0,0,0,1,0
5298,57,F,tablet,dogu_anadolu,afternoon,9,47.61,0,0,0,0,1
5299,38,M,desktop,akdeniz,evening,12,375.43,1,0,0,1,0
5300,19,F,mobile,dogu_anadolu,evening,12,216.46,0,0,0,0,0
5301,54,M,tablet,karadeniz,morning,2,74.06,0,0,0,0,0
5302,23,F,mobile,guneydogu_anadolu,morning,15,121.61,0,0,0,0,0
5303,61,F,mobile,guneydogu_anadolu,evening,4,112.52,0,0,0,0,0
5304,35,F,desktop,ic_anadolu,afternoon,15,57.75,0,0,1,0,0
5305,47,F,mobile,dogu_anadolu,night,15,281.25,0,0,1,0,1
5306,39,F,mobile,ic_anadolu,night,15,113.25,0,0,0,0,0
5307,50,F,desktop,ic_anadolu,evening,15,142.99,0,0,1,0,0
5308,47,F,mobile,ic_anadolu,afternoon,10,45.7,1,0,1,0,0
5309,34,M,desktop,ic_anadolu,morning,1,64.42,1,0,0,0,0
5310,60,M,mobile,ege,night,3,90.82,0,0,0,0,0
5311,49,F,tablet,ege,morning,5,23.05,0,0,1,1,0
5312,59,F,mobile,marmara,afternoon,15,180.74,0,0,0,1,0
5313,68,M,mobile,marmara,afternoon,15,365.93,1,0,0,0,1
5314,31,M,mobile,akdeniz,night,8,67.25,0,0,0,0,0
5315,27,M,desktop,dogu_anadolu,morning,10,128.91,0,1,0,0,1
5316,64,F,tablet,ic_anadolu,night,13,78.53,0,0,0,1,1
5317,68,M,desktop,marmara,afternoon,9,142.31,1,0,0,0,0
5318,53,M,desktop,karadeniz,morning,14,74.7,1,1,0,0,0
5319,51,F,mobile,guneydogu_anadolu,evening,3,31.94,0,0,0,0,0
5320,26,M,mobile,karadeniz,morning,13,241.81,0,0,0,0,0
5321,59,F,desktop,ic_anadolu,morning,4,215.11,1,0,0,0,0
5322,45,M,desktop,marmara,evening,10,272.67,1,0,0,0,0
5323,28,M,mobile,ege,morning,2,191.67,0,0,1,0,0
5324,31,M,desktop,akdeniz,afternoon,12,174.67,0,1,0,1,0
5325,56,M,desktop,marmara,afternoon,1,110.05,0,1,0,0,0
5326,64,F,desktop,marmara,evening,1,271.05,0,1,0,0,0
5327,36,M,desktop,guneydogu_anadolu,evening,4,316.62,0,0,1,1,0
5328,32,M,mobile,ic_anadolu,morning,9,58.76,0,0,0,1,1
5329,45,M,mobile,marmara,morning,8,99.88,0,1,0,1,0
5330,41,M,mobile,ege,morning,4,103.13,1,0,1,0,0
5331,25,M,desktop,ege,afternoon,8,223.11,1,0,1,1,0
5332,60,M,desktop,marmara,afternoon,15,50.69,1,0,0,0,0
5333,26,M,desktop,ic_anadolu,morning,7,45.81,1,0,1,0,0
5334,64,M,desktop,marmara,evening,6,215.19,1,0,0,1,0
5335,50,F,desktop,karadeniz,night,10,188.76,0,1,0,0,0
5336,50,M,desktop,karadeniz,evening,12,21.41,0,0,0,0,0
5337,36,F,desktop,ic_anadolu,morning,2,131.27,0,0,0,0,0
5338,20,F,mobile,karadeniz,afternoon,15,263.6,0,0,1,0,0
5339,27,F,desktop,marmara,evening,3,15.07,1,0,0,0,0
5340,57,M,desktop,akdeniz,afternoon,4,78.59,0,0,0,1,0
5341,64,M,desktop,ic_anadolu,night,7,500.0,1,1,0,0,0
5342,59,M,desktop,ic_anadolu,night,8,295.79,1,0,0,1,1
5343,18,F,mobile,marmara,morning,15,53.19,1,0,0,0,0
5344,46,M,desktop,ege,afternoon,11,123.4,1,1,1,1,0
5345,67,M,desktop,ege,morning,8,82.35,0,0,0,0,0
5346,51,F,desktop,akdeniz,afternoon,4,189.8,1,1,0,0,0
5347,68,F,desktop,karadeniz,evening,9,214.93,0,0,0,1,0
5348,30,F,mobile,akdeniz,night,10,89.83,0,0,1,1,0
5349,18,M,tablet,karadeniz,night,11,294.46,0,0,1,0,0
5350,51,M,desktop,marmara,morning,13,207.88,0,0,0,1,0
5351,46,F,mobile,dogu_anadolu,night,6,278.89,0,0,1,1,0
5352,65,M,desktop,akdeniz,evening,13,77.13,1,0,1,0,1
5353,64,F,desktop,marmara,evening,3,163.54,1,0,1,0,0
5354,30,F,desktop,ic_anadolu,night,2,108.43,0,0,0,0,0
5355,65,F,tablet,akdeniz,afternoon,12,83.51,1,0,0,0,0
5356,66,F,desktop,marmara,morning,9,165.51,0,0,0,0,0
5357,70,F,tablet,karadeniz,morning,1,165.74,0,1,0,1,0
5358,46,F,mobile,guneydogu_anadolu,morning,8,130.67,0,0,0,0,0
5359,56,M,desktop,ege,evening,11,101.9,1,0,0,0,0
5360,41,F,mobile,akdeniz,afternoon,14,311.36,0,0,0,1,0
5361,43,M,tablet,marmara,afternoon,14,57.95,0,1,0,1,0
5362,34,M,mobile,dogu_anadolu,morning,8,48.99,0,1,0,1,1
5363,24,F,mobile,ege,night,2,68.03,0,0,1,0,0
5364,30,M,desktop,marmara,morning,14,164.43,1,1,0,0,0
5365,22,F,desktop,akdeniz,afternoon,7,83.4,0,1,0,0,0
5366,43,M,desktop,marmara,afternoon,14,35.43,1,0,0,0,0
5367,66,M,mobile,marmara,morning,1,31.84,0,1,0,0,0
5368,20,F,tablet,marmara,evening,2,122.45,0,0,0,0,0
5369,24,M,mobile,marmara,afternoon,9,251.88,0,0,1,0,0
5370,66,M,mobile,marmara,afternoon,15,189.44,0,0,0,1,0
5371,56,M,desktop,dogu_anadolu,evening,8,103.96,1,0,1,0,0
5372,70,M,mobile,guneydogu_anadolu,morning,9,145.97,1,1,0,0,1
5373,18,F,tablet,akdeniz,evening,12,96.42,0,0,0,1,0
5374,66,M,mobile,ic_anadolu,evening,11,378.48,1,0,0,0,0
5375,34,F,mobile,ic_anadolu,evening,4,86.66,0,0,0,0,0
5376,60,F,mobile,ege,afternoon,15,90.06,0,0,0,0,1
5377,42,F,mobile,ege,morning,7,142.63,0,0,0,1,0
5378,20,F,tablet,ic_anadolu,afternoon,10,197.61,0,0,0,0,0
5379,32,M,mobile,ege,morning,9,189.2,1,0,0,0,0
5380,46,M,desktop,ic_anadolu,morning,6,151.31,0,0,0,1,0
5381,70,M,mobile,akdeniz,morning,15,113.03,0,1,0,0,0
5382,60,F,desktop,akdeniz,afternoon,9,78.96,0,0,0,0,0
5383,49,M,mobile,karadeniz,morning,4,88.09,0,0,1,0,0
5384,43,M,desktop,ic_anadolu,night,15,274.92,0,1,0,1,0
5385,33,F,tablet,guneydogu_anadolu,evening,8,299.53,0,1,0,0,0
5386,42,F,tablet,karadeniz,morning,14,171.29,1,1,0,1,0
5387,45,M,desktop,marmara,evening,15,144.28,0,1,0,0,0
5388,26,M,desktop,ic_anadolu,night,15,334.61,1,1,0,0,0
5389,18,M,mobile,ic_anadolu,morning,2,320.73,0,1,0,1,0
5390,46,M,mobile,ic_anadolu,morning,15,94.32,0,1,1,0,0
5391,39,F,desktop,akdeniz,afternoon,14,22.9,1,0,0,1,0
5392,33,F,desktop,marmara,evening,2,35.73,1,0,0,1,0
5393,58,M,mobile,guneydogu_anadolu,morning,4,136.23,0,1,0,0,0
5394,68,F,mobile,dogu_anadolu,evening,5,153.66,0,0,0,0,1
5395,61,M,desktop,akdeniz,evening,6,75.59,1,0,0,0,0
5396,68,M,mobile,marmara,evening,15,71.39,1,1,0,0,0
5397,58,M,tablet,karadeniz,afternoon,6,163.29,1,0,0,0,0
5398,24,M,desktop,ege,afternoon,14,238.51,1,0,0,0,0
5399,31,F,mobile,ege,morning,2,52.3,0,0,0,0,0
5400,46,M,desktop,ic_anadolu,afternoon,6,51.23,1,1,0,0,0
5401,36,M,desktop,karadeniz,evening,8,118.77,1,0,1,0,0
5402,36,M,desktop,marmara,night,5,72.66,1,0,1,0,0
5403,19,M,mobile,karadeniz,evening,3,87.04,0,0,0,0,0
5404,58,F,mobile,ic_anadolu,morning,15,278.47,1,0,0,1,0
5405,62,M,mobile,ic_anadolu,morning,8,45.48,1,0,0,0,0
5406,32,M,desktop,ege,evening,6,500.0,1,0,0,0,1
5407,20,F,desktop,marmara,night,2,347.29,0,1,1,1,0
5408,28,M,mobile,marmara,morning,9,277.74,1,0,0,0,0
5409,70,M,desktop,marmara,evening,14,54.69,0,0,0,1,0
5410,63,M,desktop,marmara,afternoon,8,37.68,1,0,0,0,0
5411,47,F,mobile,ege,afternoon,4,170.15,0,0,0,1,0
5412,57,M,tablet,marmara,evening,14,114.55,0,1,0,0,0
5413,35,M,desktop,ege,evening,1,34.66,1,0,0,1,0
5414,68,M,mobile,ege,morning,7,40.68,0,0,0,0,0
5415,65,F,desktop,ege,evening,13,120.54,1,0,0,0,0
5416,19,F,mobile,ic_anadolu,evening,8,199.32,0,0,0,0,1
5417,49,M,mobile,akdeniz,afternoon,9,250.61,0,0,0,0,0
5418,25,M,mobile,marmara,evening,14,96.12,0,0,1,0,0
5419,39,F,mobile,marmara,morning,15,159.32,1,0,1,0,0
5420,23,F,desktop,ic_anadolu,morning,7,153.32,0,0,0,0,0
5421,29,F,desktop,ege,afternoon,8,130.28,0,0,0,1,0
5422,64,M,desktop,dogu_anadolu,afternoon,10,155.8,1,0,0,0,0
5423,57,F,mobile,ic_anadolu,morning,12,69.32,1,0,0,0,1
5424,53,F,tablet,marmara,afternoon,14,166.01,0,0,0,0,1
5425,32,F,mobile,akdeniz,evening,5,175.17,0,0,0,0,0
5426,45,M,mobile,ic_anadolu,afternoon,2,94.67,0,1,1,1,0
5427,69,F,desktop,marmara,afternoon,15,142.79,1,1,0,0,0
5428,66,F,mobile,marmara,evening,7,138.46,0,0,1,1,0
5429,62,M,desktop,akdeniz,morning,2,69.01,1,0,0,1,0
5430,35,F,desktop,dogu_anadolu,afternoon,9,136.16,0,0,1,1,0
5431,19,F,mobile,ege,morning,7,188.4,0,0,0,0,1
5432,30,M,mobile,ege,afternoon,3,60.0,0,1,0,0,0
5433,62,F,desktop,marmara,evening,9,111.2,1,1,0,1,0
5434,32,M,mobile,ic_anadolu,morning,12,117.36,0,0,1,1,0
5435,37,F,mobile,ic_anadolu,morning,15,51.96,0,1,0,0,0
5436,46,M,desktop,ege,morning,5,139.65,1,0,0,1,0
5437,59,F,mobile,karadeniz,evening,13,105.73,0,0,0,0,0
5438,46,M,desktop,ege,morning,1,145.1,0,0,0,0,0
5439,20,F,desktop,ic_anadolu,morning,15,52.96,1,0,0,0,0
5440,36,F,desktop,marmara,evening,9,31.64,0,0,0,1,0
5441,20,M,desktop,karadeniz,morning,9,94.35,1,1,1,0,0
5442,31,M,mobile,karadeniz,afternoon,10,16.71,0,1,0,0,0
5443,57,F,tablet,karadeniz,night,10,63.79,0,1,0,0,0
5444,21,M,desktop,marmara,evening,9,184.63,0,0,1,0,0
5445,69,F,desktop,ic_anadolu,morning,15,174.11,1,0,0,0,0
5446,28,M,desktop,akdeniz,evening,6,69.57,0,0,0,0,0
5447,48,F,mobile,guneydogu_anadolu,evening,12,219.68,0,0,0,0,0
5448,60,M,desktop,ege,night,10,272.66,0,0,0,0,0
5449,49,F,mobile,karadeniz,afternoon,2,77.09,1,0,0,0,0
5450,44,F,mobile,ege,afternoon,13,36.67,1,0,0,0,0
5451,47,F,mobile,ege,night,14,117.08,0,0,0,0,1
5452,60,F,tablet,marmara,morning,7,345.33,0,1,0,0,1
5453,19,M,desktop,marmara,evening,2,136.36,0,0,0,0,1
5454,66,M,tablet,marmara,afternoon,4,500.0,0,0,0,0,1
5455,26,M,desktop,marmara,night,4,220.49,0,0,0,0,0
5456,45,F,desktop,marmara,night,10,51.77,1,0,0,0,0
5457,48,F,mobile,karadeniz,morning,7,113.43,0,1,1,0,0
5458,51,M,mobile,akdeniz,afternoon,6,148.41,0,1,0,0,0
5459,32,M,mobile,karadeniz,morning,12,39.4,1,0,0,0,0
5460,65,F,desktop,ic_anadolu,morning,11,76.79,1,0,0,0,0
5461,42,M,tablet,karadeniz,afternoon,12,317.59,0,0,0,0,0
5462,53,M,desktop,akdeniz,afternoon,13,181.17,1,0,0,1,0
5463,25,M,desktop,marmara,afternoon,12,27.34,0,1,0,0,0
5464,26,F,desktop,ic_anadolu,evening,10,235.54,0,0,1,0,0
5465,54,F,mobile,ic_anadolu,morning,8,116.23,0,0,0,1,1
5466,65,F,mobile,ic_anadolu,evening,7,173.64,0,0,1,0,0
5467,62,M,mobile,karadeniz,night,1,192.55,0,0,1,0,0
5468,56,F,desktop,ic_anadolu,afternoon,15,157.8,1,1,1,0,0
5469,49,F,desktop,ege,morning,15,76.19,0,1,0,0,1
5470,69,M,desktop,karadeniz,morning,11,107.0,1,0,0,0,0
5471,34,F,mobile,ic_anadolu,afternoon,5,126.55,0,0,1,0,0
5472,52,F,mobile,marmara,evening,15,74.45,0,1,0,0,0
5473,54,M,mobile,akdeniz,morning,3,123.65,1,0,0,1,0
5474,36,M,tablet,ic_anadolu,evening,15,91.16,1,0,0,1,0
5475,61,M,desktop,akdeniz,evening,7,68.04,0,0,0,0,0
5476,46,F,desktop,guneydogu_anadolu,afternoon,13,154.8,0,0,0,0,0
5477,24,M,mobile,marmara,afternoon,8,321.27,0,0,0,0,1
5478,45,M,mobile,ic_anadolu,evening,14,103.12,0,0,1,0,0
5479,26,F,mobile,karadeniz,evening,12,91.14,0,0,1,0,1
5480,45,M,tablet,ic_anadolu,morning,11,185.04,1,0,0,0,0
5481,23,F,mobile,ege,night,4,115.69,0,1,0,1,0
5482,46,F,desktop,ege,evening,7,96.16,1,1,1,0,0
5483,34,F,desktop,ic_anadolu,afternoon,4,157.15,1,1,0,0,0
5484,33,F,mobile,ege,afternoon,10,205.04,0,1,0,0,0
5485,40,F,mobile,dogu_anadolu,afternoon,4,148.3,1,0,0,0,0
5486,48,M,desktop,marmara,afternoon,10,204.93,0,0,1,0,0
5487,20,F,desktop,ic_anadolu,evening,15,101.23,1,0,0,0,0
5488,38,M,mobile,marmara,morning,3,417.64,1,1,0,1,0
5489,43,M,mobile,akdeniz,morning,7,177.04,1,0,0,1,1
5490,53,F,desktop,ic_anadolu,morning,9,124.57,0,0,0,0,0
5491,59,F,mobile,marmara,afternoon,12,100.34,0,1,0,0,0
5492,54,M,desktop,ic_anadolu,afternoon,3,106.42,0,1,0,0,0
5493,70,M,tablet,marmara,evening,1,155.17,1,0,0,1,0
5494,39,F,desktop,ic_anadolu,morning,9,27.38,0,0,0,0,1
5495,59,F,mobile,akdeniz,morning,7,68.82,0,0,1,0,0
5496,29,M,mobile,marmara,morning,2,128.44,0,0,0,0,0
5497,59,F,desktop,marmara,morning,6,114.15,0,1,0,1,0
5498,30,M,mobile,ic_anadolu,morning,3,40.32,0,0,0,0,0
5499,28,M,desktop,ege,evening,14,32.62,0,0,1,0,0
5500,33,F,mobile,marmara,evening,10,166.2,0,1,1,0,0
5501,25,F,mobile,karadeniz,night,3,202.81,0,0,1,0,0
5502,57,F,desktop,marmara,morning,2,118.47,0,0,0,0,0
5503,57,M,desktop,ic_anadolu,evening,3,113.4,0,0,0,1,0
5504,62,F,mobile,akdeniz,evening,6,233.95,0,0,0,0,0
5505,19,F,desktop,marmara,evening,3,144.31,0,0,1,0,0
5506,47,M,mobile,marmara,afternoon,11,36.26,0,1,0,0,0
5507,47,F,desktop,ic_anadolu,afternoon,9,181.38,0,0,0,0,0
5508,29,F,tablet,marmara,evening,9,43.48,0,1,0,0,0
5509,27,M,mobile,marmara,evening,3,285.99,0,0,0,0,1
5510,61,F,mobile,ic_anadolu,evening,15,104.21,0,0,0,0,0
5511,28,M,desktop,akdeniz,morning,7,336.01,1,0,1,0,0
5512,32,M,desktop,ege,morning,15,57.3,1,1,0,0,0
5513,33,F,desktop,akdeniz,night,12,82.18,1,0,0,0,0
5514,34,F,desktop,ic_anadolu,afternoon,2,101.5,1,0,0,0,0
5515,43,F,mobile,akdeniz,evening,2,47.48,0,0,0,0,1
5516,19,M,mobile,ic_anadolu,afternoon,5,308.77,0,0,0,0,0
5517,67,F,desktop,guneydogu_anadolu,evening,11,43.79,0,1,0,1,0
5518,29,M,mobile,ege,morning,13,68.87,0,0,0,0,0
5519,68,M,desktop,ege,morning,8,100.01,1,0,0,1,0
5520,43,F,desktop,marmara,afternoon,14,135.5,1,1,0,0,0
5521,40,M,tablet,marmara,evening,3,190.88,0,0,0,1,0
5522,35,F,mobile,marmara,afternoon,8,195.66,0,0,0,0,0
5523,49,M,mobile,ege,evening,8,267.52,0,0,0,0,0
5524,66,M,desktop,ic_anadolu,afternoon,11,362.45,0,0,0,1,0
5525,55,F,desktop,marmara,night,13,191.94,1,0,0,0,0
5526,64,F,desktop,ic_anadolu,morning,14,66.0,1,0,0,1,0
5527,20,M,tablet,ege,morning,1,57.23,0,0,1,0,1
5528,55,M,mobile,guneydogu_anadolu,night,14,244.59,0,0,0,0,0
5529,20,M,desktop,akdeniz,evening,7,205.73,0,0,0,1,0
5530,47,F,mobile,karadeniz,evening,5,50.93,0,1,1,1,0
5531,18,F,mobile,dogu_anadolu,morning,14,128.11,0,0,1,0,0
5532,47,F,mobile,dogu_anadolu,night,4,69.36,0,0,0,1,0
5533,62,M,desktop,akdeniz,evening,14,74.72,1,0,0,0,0
5534,49,F,desktop,ege,evening,10,178.72,1,0,1,0,1
5535,45,F,desktop,akdeniz,night,2,52.92,0,0,0,1,0
5536,38,M,desktop,ege,afternoon,15,116.35,1,0,0,1,1
5537,63,M,mobile,marmara,afternoon,12,385.57,1,1,0,0,0
5538,30,F,mobile,ege,afternoon,1,247.7,0,0,0,1,0
5539,44,F,mobile,marmara,evening,6,208.81,0,1,1,0,0
5540,53,M,tablet,marmara,evening,6,223.34,1,0,0,1,0
5541,24,F,desktop,marmara,evening,11,379.65,0,0,1,0,1
5542,39,F,tablet,ege,morning,2,163.57,0,0,0,0,0
5543,27,F,tablet,marmara,evening,10,119.28,0,0,0,1,0
5544,56,M,mobile,ege,evening,6,85.79,0,0,1,0,1
5545,70,M,desktop,karadeniz,morning,6,249.69,1,0,0,1,0
5546,32,F,mobile,ege,afternoon,8,85.03,0,1,1,0,1
5547,32,F,desktop,guneydogu_anadolu,night,8,174.54,0,0,0,1,0
5548,21,M,mobile,marmara,afternoon,8,175.96,0,1,1,0,0
5549,49,M,desktop,dogu_anadolu,morning,7,96.3,0,0,0,1,0
5550,40,M,mobile,marmara,morning,6,102.62,0,0,0,0,0
5551,23,M,mobile,guneydogu_anadolu,morning,5,155.12,0,1,0,0,0
5552,41,M,desktop,marmara,morning,6,22.21,1,1,0,0,0
5553,37,M,desktop,ic_anadolu,evening,15,187.21,0,0,0,0,0
5554,54,F,desktop,marmara,morning,6,60.46,1,0,0,1,1
5555,37,F,mobile,ic_anadolu,evening,4,77.1,0,0,1,0,0
5556,29,F,mobile,marmara,morning,11,188.33,0,0,0,0,0
5557,50,M,desktop,ic_anadolu,night,4,110.28,1,0,1,0,0
5558,45,M,mobile,ic_anadolu,morning,9,150.15,1,1,0,0,0
5559,25,M,desktop,dogu_anadolu,evening,13,322.82,0,0,0,0,0
5560,18,F,mobile,ic_anadolu,morning,5,276.1,1,0,0,1,0
5561,54,F,tablet,ege,afternoon,15,137.6,0,0,0,1,0
5562,39,F,desktop,marmara,morning,6,159.29,0,0,0,0,0
5563,23,F,tablet,ic_anadolu,afternoon,1,219.73,0,0,1,0,0
5564,38,M,mobile,marmara,afternoon,15,60.32,1,0,0,0,0
5565,49,M,desktop,karadeniz,evening,2,336.3,1,0,1,0,1
5566,52,F,tablet,marmara,morning,15,152.25,0,0,0,0,0
5567,32,F,desktop,akdeniz,morning,6,67.52,1,0,0,0,0
5568,22,M,desktop,ic_anadolu,morning,3,190.14,1,0,0,0,0
5569,63,F,mobile,ege,afternoon,11,17.09,0,0,1,0,1
5570,67,M,mobile,ic_anadolu,morning,7,294.86,0,0,0,1,0
5571,65,F,mobile,marmara,morning,1,135.94,0,0,0,0,0
5572,23,F,desktop,marmara,evening,14,186.29,0,0,1,0,0
5573,42,F,tablet,guneydogu_anadolu,morning,3,255.83,0,0,0,1,0
5574,63,F,mobile,ege,evening,4,91.5,0,0,1,0,1
5575,57,M,tablet,ic_anadolu,morning,14,196.96,1,0,0,1,0
5576,46,F,desktop,akdeniz,evening,12,93.11,0,1,1,1,0
5577,24,F,mobile,ic_anadolu,night,3,146.83,1,0,0,1,0
5578,57,F,tablet,marmara,morning,15,163.28,0,1,0,0,0
5579,30,F,desktop,akdeniz,morning,4,120.05,1,0,0,0,0
5580,55,F,tablet,ege,night,8,42.58,1,0,0,0,0
5581,35,M,desktop,akdeniz,evening,11,73.74,0,1,0,0,0
5582,19,M,desktop,guneydogu_anadolu,afternoon,7,219.63,0,0,0,0,0
5583,25,M,tablet,marmara,afternoon,7,77.35,1,0,0,0,0
5584,28,F,tablet,karadeniz,afternoon,14,166.83,0,0,0,0,0
5585,50,F,desktop,ege,evening,15,214.21,0,1,0,1,0
5586,55,F,desktop,marmara,evening,5,75.49,1,0,0,0,0
5587,65,F,mobile,marmara,evening,15,397.99,0,0,0,0,0
5588,44,M,tablet,ege,night,13,202.74,0,1,0,0,0
5589,37,M,mobile,ege,afternoon,4,94.56,0,1,0,0,1
5590,29,M,mobile,marmara,afternoon,11,161.38,0,1,0,0,0
5591,60,F,mobile,ic_anadolu,night,7,55.27,1,0,0,0,1
5592,48,F,desktop,marmara,morning,2,226.44,0,0,0,1,0
5593,44,M,tablet,ege,morning,1,28.48,0,0,0,0,1
5594,49,F,desktop,marmara,morning,13,148.71,0,0,0,0,0
5595,27,F,mobile,karadeniz,night,9,89.65,1,0,1,0,1
5596,20,M,mobile,marmara,evening,13,70.21,0,1,0,0,0
5597,62,M,mobile,guneydogu_anadolu,afternoon,6,278.32,0,0,1,0,1
5598,44,M,mobile,marmara,morning,9,85.41,0,0,1,0,0
5599,52,F,tablet,ege,morning,6,59.15,0,0,1,0,0
5600,48,F,mobile,marmara,morning,13,146.66,0,0,1,0,0
5601,32,F,mobile,marmara,night,9,115.68,0,0,0,0,0
5602,33,M,desktop,karadeniz,evening,12,171.98,0,0,1,0,0
5603,30,F,mobile,akdeniz,night,10,76.58,0,0,1,0,0
5604,66,M,desktop,marmara,afternoon,6,81.44,1,0,0,0,0
5605,52,M,desktop,marmara,evening,3,116.2,1,0,0,1,0
5606,69,M,desktop,marmara,afternoon,7,80.16,1,0,1,0,0
5607,28,F,mobile,guneydogu_anadolu,night,9,120.49,0,0,0,0,0
5608,38,F,tablet,karadeniz,night,14,37.57,1,1,0,0,0
5609,68,M,mobile,ege,night,13,262.4,0,1,1,0,1
5610,28,M,desktop,akdeniz,evening,10,96.6,0,0,0,0,1
5611,47,M,desktop,dogu_anadolu,morning,12,59.12,0,0,0,0,0
5612,65,F,mobile,ic_anadolu,evening,13,189.57,1,0,0,0,0
5613,70,M,desktop,dogu_anadolu,morning,13,80.81,0,0,0,1,0
5614,52,M,desktop,akdeniz,morning,6,89.05,1,0,0,1,0
5615,39,F,mobile,marmara,morning,7,180.38,0,0,0,1,0
5616,55,M,tablet,ic_anadolu,afternoon,8,149.92,0,0,0,0,0
5617,48,M,mobile,akdeniz,evening,6,332.22,0,0,0,0,1
5618,31,F,desktop,ic_anadolu,afternoon,5,218.46,0,0,0,0,0
5619,41,F,mobile,marmara,afternoon,4,282.12,1,0,0,0,0
5620,67,M,mobile,ic_anadolu,morning,1,30.07,0,0,0,0,0
5621,66,F,tablet,ege,evening,6,133.02,1,0,0,0,0
5622,49,M,desktop,ege,evening,7,74.85,0,0,0,1,0
5623,53,M,mobile,ic_anadolu,morning,4,221.14,0,0,0,0,0
5624,49,M,tablet,ic_anadolu,evening,6,187.45,0,0,0,0,0
5625,32,M,desktop,ic_anadolu,evening,14,341.19,0,1,0,0,0
5626,60,F,mobile,guneydogu_anadolu,afternoon,13,103.3,1,0,1,0,0
5627,52,F,desktop,ic_anadolu,afternoon,2,357.29,1,0,0,1,0
5628,20,M,mobile,ic_anadolu,afternoon,12,52.32,0,0,0,0,0
5629,33,F,mobile,ic_anadolu,morning,15,116.01,0,0,0,0,0
5630,22,M,mobile,ege,evening,5,62.64,0,1,0,0,0
5631,38,M,mobile,karadeniz,afternoon,2,54.64,0,0,1,0,0
5632,27,F,mobile,ege,morning,4,120.1,0,0,0,0,0
5633,36,F,tablet,ic_anadolu,evening,4,309.6,0,0,0,1,0
5634,42,M,mobile,marmara,evening,5,201.74,0,1,0,0,1
5635,21,M,desktop,marmara,morning,2,86.4,0,0,1,1,0
5636,46,F,mobile,marmara,evening,8,109.22,0,0,1,0,1
5637,36,M,mobile,ic_anadolu,afternoon,8,25.59,0,0,0,0,0
5638,60,M,mobile,ege,morning,9,208.92,1,0,0,0,0
5639,19,M,mobile,marmara,evening,7,42.45,0,0,1,0,0
5640,27,F,mobile,ic_anadolu,evening,5,206.17,0,0,1,0,0
5641,60,F,mobile,marmara,morning,14,77.42,0,0,0,0,0
5642,42,M,mobile,marmara,evening,4,240.39,0,0,1,0,0
5643,37,M,mobile,ege,evening,11,95.81,0,0,1,0,1
5644,65,F,mobile,ic_anadolu,evening,5,12.77,0,0,1,0,0
5645,36,M,mobile,akdeniz,afternoon,8,174.68,0,1,0,0,0
5646,40,M,desktop,dogu_anadolu,evening,10,84.99,0,1,0,0,0
5647,41,F,desktop,ege,evening,2,240.2,0,0,1,0,0
5648,28,M,tablet,marmara,night,7,64.51,0,0,0,1,0
5649,63,M,desktop,marmara,night,14,46.71,0,0,0,0,1
5650,51,F,mobile,guneydogu_anadolu,afternoon,3,154.56,1,0,0,0,0
5651,45,F,tablet,akdeniz,morning,9,200.53,0,0,0,0,0
5652,22,M,desktop,akdeniz,afternoon,1,500.0,1,0,0,0,0
5653,22,F,mobile,dogu_anadolu,afternoon,10,387.84,0,0,1,0,1
5654,68,F,mobile,marmara,evening,13,70.5,0,0,0,0,0
5655,38,M,tablet,ege,evening,1,279.69,0,0,1,0,1
5656,29,M,desktop,ic_anadolu,evening,1,109.54,0,0,0,1,1
5657,67,M,desktop,karadeniz,afternoon,8,210.51,1,1,0,1,0
5658,21,M,tablet,ic_anadolu,morning,1,154.63,1,0,1,1,0
5659,66,F,desktop,karadeniz,morning,15,108.22,1,0,0,1,0
5660,59,F,mobile,akdeniz,evening,8,200.88,0,0,0,0,1
5661,37,F,mobile,dogu_anadolu,evening,5,59.57,0,0,1,0,0
5662,55,F,desktop,akdeniz,night,4,75.86,0,1,0,0,0
5663,42,M,tablet,marmara,afternoon,2,154.61,1,0,0,0,0
5664,31,M,mobile,akdeniz,night,14,79.33,0,0,0,0,0
5665,28,F,desktop,ic_anadolu,morning,6,203.43,1,0,0,1,0
5666,49,F,desktop,ic_anadolu,afternoon,7,89.52,0,0,0,0,0
5667,28,F,desktop,marmara,morning,10,117.64,0,0,0,1,0
5668,35,M,desktop,marmara,morning,3,115.48,1,0,0,1,0
5669,44,F,mobile,marmara,night,15,223.59,0,0,1,0,0
5670,35,F,desktop,guneydogu_anadolu,evening,9,164.36,0,0,0,0,0
5671,40,M,desktop,marmara,morning,3,98.65,0,0,0,0,0
5672,28,F,tablet,akdeniz,morning,7,63.53,0,1,1,1,1
5673,38,F,mobile,ic_anadolu,morning,15,149.57,0,0,1,0,1
5674,61,M,desktop,dogu_anadolu,morning,4,81.15,1,0,0,1,0
5675,22,F,tablet,karadeniz,evening,5,70.95,0,0,1,0,0
5676,40,M,desktop,dogu_anadolu,afternoon,12,114.58,1,1,0,0,0
5677,58,F,tablet,ic_anadolu,afternoon,9,430.52,0,0,0,0,0
5678,42,F,mobile,dogu_anadolu,morning,3,134.88,0,1,0,0,0
5679,58,F,mobile,marmara,morning,5,280.85,0,0,0,0,0
5680,27,M,mobile,ege,afternoon,10,24.4,0,0,1,0,0
5681,39,M,mobile,karadeniz,evening,9,41.14,0,0,0,0,0
5682,36,M,mobile,ege,night,15,160.43,0,0,0,1,1
5683,18,M,mobile,dogu_anadolu,morning,6,126.75,0,0,1,1,0
5684,24,M,desktop,ege,afternoon,1,17.96,0,1,0,0,0
5685,21,F,mobile,ege,afternoon,1,309.59,0,0,0,0,0
5686,18,F,tablet,ege,morning,12,94.58,0,0,0,1,0
5687,32,F,mobile,akdeniz,morning,11,79.16,0,0,0,0,0
5688,57,F,tablet,marmara,night,6,130.14,1,0,0,0,0
5689,29,F,mobile,marmara,evening,7,58.2,0,0,1,0,0
5690,39,F,mobile,dogu_anadolu,morning,13,114.53,1,1,0,0,0
5691,39,F,desktop,dogu_anadolu,afternoon,15,126.99,0,0,0,1,1
5692,67,F,desktop,marmara,afternoon,12,182.84,0,1,1,0,0
5693,64,F,mobile,akdeniz,morning,15,183.95,1,0,0,0,0
5694,34,M,mobile,akdeniz,evening,12,99.44,0,0,1,0,1
5695,46,M,mobile,ege,afternoon,15,52.36,0,0,0,1,0
5696,63,F,mobile,akdeniz,afternoon,3,85.19,0,0,0,0,0
5697,31,F,mobile,akdeniz,evening,4,148.11,0,0,1,0,0
5698,67,F,mobile,akdeniz,evening,3,155.15,0,1,0,0,1
5699,37,M,desktop,karadeniz,morning,13,149.18,0,0,0,0,0
5700,67,F,mobile,akdeniz,afternoon,8,255.88,1,1,1,1,0
5701,65,M,desktop,ege,morning,9,61.98,1,0,0,0,0
5702,50,F,mobile,ic_anadolu,evening,6,74.46,0,0,0,0,0
5703,60,F,desktop,ic_anadolu,evening,10,303.57,1,0,0,0,0
5704,32,F,desktop,ic_anadolu,evening,1,75.29,0,0,1,0,0
5705,29,F,desktop,ic_anadolu,evening,6,80.96,0,0,0,0,0
5706,57,M,desktop,ic_anadolu,evening,11,143.92,1,0,0,0,1
5707,37,F,mobile,ege,afternoon,9,118.03,1,1,0,0,1
5708,47,M,tablet,ege,evening,8,114.96,0,0,0,0,0
5709,55,M,desktop,ic_anadolu,evening,14,122.76,0,0,1,0,0
5710,20,M,mobile,karadeniz,morning,11,442.31,0,0,1,1,0
5711,45,F,mobile,ege,afternoon,14,312.72,0,0,0,1,0
5712,43,F,desktop,ege,morning,3,59.7,0,1,0,1,0
5713,47,F,desktop,ic_anadolu,afternoon,13,176.92,0,0,0,1,0
5714,30,F,desktop,marmara,evening,1,62.94,0,0,0,0,1
5715,30,M,mobile,marmara,morning,6,49.37,0,0,1,1,0
5716,19,F,desktop,akdeniz,evening,6,143.52,0,0,1,1,0
5717,54,M,desktop,marmara,afternoon,10,370.21,0,1,0,0,0
5718,66,F,desktop,ege,night,9,76.33,0,0,0,0,0
5719,55,M,mobile,marmara,evening,2,174.67,0,1,0,0,0
5720,19,F,mobile,karadeniz,night,15,163.43,0,0,1,0,0
5721,53,F,desktop,ege,morning,1,228.66,0,0,0,0,0
5722,43,M,mobile,ic_anadolu,night,15,199.25,0,1,0,0,0
5723,28,F,mobile,ic_anadolu,afternoon,9,171.75,0,0,1,0,0
5724,25,M,desktop,akdeniz,evening,2,64.86,0,0,0,0,0
5725,61,F,desktop,marmara,morning,11,196.19,0,0,0,1,0
5726,57,F,mobile,ic_anadolu,evening,15,128.87,0,0,1,0,1
5727,60,M,mobile,marmara,night,2,162.14,0,0,0,0,1
5728,39,M,mobile,marmara,evening,3,221.48,0,0,0,1,0
5729,37,F,mobile,marmara,evening,15,174.49,0,0,0,0,0
5730,25,M,desktop,marmara,afternoon,4,167.05,0,0,0,1,0
5731,46,M,desktop,karadeniz,afternoon,13,163.32,0,0,1,0,0
5732,57,M,mobile,ic_anadolu,afternoon,9,66.92,1,0,0,0,0
5733,43,F,mobile,ege,afternoon,3,322.06,0,0,1,0,0
5734,47,F,desktop,guneydogu_anadolu,evening,13,129.07,0,0,0,0,0
5735,34,M,tablet,marmara,night,6,56.15,0,0,1,1,0
5736,37,M,mobile,ic_anadolu,night,13,215.99,1,1,1,0,0
5737,69,F,desktop,karadeniz,afternoon,7,107.64,1,0,0,0,0
5738,33,F,mobile,karadeniz,afternoon,4,194.5,0,0,1,0,0
5739,63,F,desktop,marmara,afternoon,3,151.99,0,1,0,0,0
5740,60,M,mobile,ic_anadolu,evening,3,58.03,1,0,0,0,1
5741,24,F,mobile,marmara,morning,5,29.62,0,0,1,0,0
5742,33,F,desktop,ege,evening,7,87.7,0,1,1,0,1
5743,62,F,mobile,akdeniz,morning,13,115.22,0,0,0,0,1
5744,64,M,mobile,karadeniz,afternoon,13,119.77,0,0,1,0,0
5745,65,F,desktop,marmara,evening,14,68.59,0,0,1,0,0
5746,44,F,desktop,marmara,night,3,143.85,1,0,1,1,0
5747,70,M,desktop,marmara,evening,7,90.28,1,1,0,0,0
5748,40,M,mobile,marmara,morning,8,173.43,0,1,0,1,0
5749,41,F,desktop,marmara,afternoon,13,248.32,1,1,0,0,0
5750,26,F,mobile,dogu_anadolu,morning,3,71.13,0,0,1,1,0
5751,52,M,desktop,ege,night,11,60.01,1,0,0,0,0
5752,68,M,desktop,marmara,morning,1,89.84,0,1,0,0,0
5753,37,M,mobile,ic_anadolu,night,3,74.56,1,0,0,0,1
5754,54,M,mobile,karadeniz,night,15,133.45,0,1,0,1,0
5755,59,M,mobile,karadeniz,evening,6,63.78,0,0,1,0,1
5756,34,M,mobile,ic_anadolu,morning,1,370.92,1,0,1,0,0
5757,64,F,mobile,marmara,morning,10,89.12,0,1,0,1,0
5758,48,F,desktop,karadeniz,evening,3,304.98,1,0,0,0,0
5759,25,F,desktop,akdeniz,evening,3,107.65,1,0,1,0,0
5760,32,F,desktop,ic_anadolu,night,12,114.11,0,0,0,0,0
5761,48,M,mobile,guneydogu_anadolu,morning,9,122.05,0,1,0,0,0
5762,70,F,tablet,karadeniz,evening,7,106.53,0,0,0,1,0
5763,47,M,desktop,karadeniz,afternoon,13,118.86,0,0,0,0,0
5764,63,F,desktop,marmara,afternoon,6,109.85,0,1,0,0,0
5765,37,F,desktop,akdeniz,evening,7,46.52,0,0,1,1,0
5766,56,M,mobile,guneydogu_anadolu,afternoon,5,108.77,0,0,0,0,0
5767,70,F,mobile,ic_anadolu,afternoon,9,227.39,1,0,0,0,0
5768,29,F,desktop,marmara,morning,10,103.15,0,0,0,0,0
5769,66,F,mobile,ic_anadolu,afternoon,15,187.78,0,0,0,0,1
5770,34,M,mobile,marmara,afternoon,3,195.22,0,0,0,0,0
5771,59,F,desktop,ic_anadolu,afternoon,5,106.28,1,0,0,0,0
5772,47,M,mobile,dogu_anadolu,morning,11,161.87,0,0,0,0,0
5773,46,F,mobile,ege,night,11,77.08,0,0,1,0,0
5774,36,M,desktop,ege,evening,4,67.26,1,0,0,0,0
5775,63,F,mobile,ege,evening,9,160.86,1,0,1,0,0
5776,28,M,desktop,dogu_anadolu,morning,3,177.56,1,0,0,0,0
5777,51,M,mobile,akdeniz,morning,6,260.44,1,0,0,0,0
5778,67,M,mobile,akdeniz,evening,9,126.48,0,0,1,0,1
5779,24,M,mobile,ic_anadolu,morning,14,98.96,0,0,1,0,1
5780,61,M,desktop,ege,afternoon,9,44.52,1,0,0,0,0
5781,51,M,desktop,ege,morning,14,220.47,0,1,0,0,0
5782,37,F,mobile,ic_anadolu,afternoon,13,68.62,0,0,1,0,1
5783,67,M,desktop,guneydogu_anadolu,evening,7,146.33,1,0,0,0,0
5784,55,F,mobile,marmara,night,6,217.86,1,0,0,0,0
5785,41,F,desktop,marmara,night,11,239.95,0,0,0,0,0
5786,27,F,mobile,ege,night,8,140.13,0,0,0,0,0
5787,49,F,tablet,ic_anadolu,evening,12,187.21,0,0,0,0,0
5788,69,F,tablet,ege,afternoon,15,59.13,1,0,1,0,0
5789,32,M,desktop,guneydogu_anadolu,morning,6,44.74,0,0,0,0,0
5790,54,F,mobile,marmara,evening,15,292.17,0,1,0,1,0
5791,37,F,desktop,marmara,morning,10,33.85,1,0,0,0,0
5792,20,M,mobile,marmara,evening,10,81.37,0,0,1,0,0
5793,54,F,desktop,dogu_anadolu,afternoon,3,68.27,1,1,0,0,0
5794,57,M,mobile,marmara,evening,4,124.02,0,0,1,0,0
5795,25,M,mobile,akdeniz,evening,4,115.52,0,0,1,0,0
5796,57,M,tablet,ege,afternoon,13,223.4,0,0,0,0,0
5797,61,M,mobile,ic_anadolu,evening,9,74.94,0,0,1,0,0
5798,40,F,desktop,marmara,evening,13,139.84,0,0,1,0,0
5799,57,F,tablet,ic_anadolu,evening,14,188.01,1,0,0,0,0
5800,28,F,desktop,ege,evening,5,97.45,1,0,0,1,0
5801,63,M,tablet,dogu_anadolu,afternoon,14,115.25,1,1,0,1,0
5802,25,F,mobile,karadeniz,night,10,372.14,0,0,1,0,1
5803,46,F,tablet,ege,afternoon,13,276.77,0,1,0,1,0
5804,47,F,desktop,guneydogu_anadolu,night,8,25.95,0,1,0,0,0
5805,27,M,desktop,marmara,evening,12,164.16,1,0,0,1,1
5806,56,F,mobile,karadeniz,morning,9,65.73,1,0,0,0,0
5807,45,M,tablet,ege,night,9,106.18,0,0,0,1,0
5808,66,F,desktop,ege,night,10,67.59,1,0,0,1,0
5809,53,F,desktop,marmara,evening,7,44.43,1,1,0,0,0
5810,30,F,desktop,akdeniz,evening,3,102.55,0,0,0,1,0
5811,49,M,tablet,marmara,night,5,48.51,0,0,0,0,0
5812,53,M,mobile,ic_anadolu,morning,3,88.2,1,0,0,0,0
5813,54,F,desktop,marmara,night,2,69.94,0,0,0,0,0
5814,43,F,desktop,ic_anadolu,evening,3,157.68,1,0,0,1,0
5815,39,M,mobile,ic_anadolu,evening,14,130.18,0,0,1,0,0
5816,21,F,desktop,ic_anadolu,afternoon,10,260.13,0,0,0,0,0
5817,48,F,mobile,ic_anadolu,afternoon,10,119.28,0,0,0,0,0
5818,35,F,mobile,marmara,night,9,38.69,0,0,1,1,0
5819,55,F,mobile,marmara,afternoon,9,78.81,0,0,0,1,0
5820,41,F,tablet,ege,afternoon,7,100.18,1,0,0,1,0
5821,40,F,mobile,dogu_anadolu,evening,2,171.47,0,0,1,1,0
5822,39,F,desktop,akdeniz,afternoon,9,168.45,0,0,0,0,0
5823,19,M,mobile,ic_anadolu,afternoon,11,76.67,0,0,1,0,1
5824,48,F,desktop,dogu_anadolu,morning,2,134.36,1,1,0,0,0
5825,28,M,tablet,dogu_anadolu,afternoon,6,93.96,0,0,0,0,0
5826,45,F,desktop,akdeniz,afternoon,10,76.22,0,0,1,0,1
5827,63,M,mobile,akdeniz,afternoon,6,61.74,0,0,0,0,0
5828,49,F,desktop,dogu_anadolu,evening,6,123.85,0,0,0,0,0
5829,22,M,desktop,karadeniz,evening,8,55.84,0,0,0,0,0
5830,55,F,desktop,ic_anadolu,morning,8,120.32,1,0,0,1,0
5831,27,M,tablet,ic_anadolu,morning,10,59.49,0,0,0,0,0
5832,57,F,tablet,ic_anadolu,evening,2,84.81,0,0,0,0,0
5833,63,F,desktop,ege,afternoon,7,114.64,1,0,0,0,0
5834,41,M,desktop,karadeniz,afternoon,2,172.8,0,1,1,0,0
5835,52,M,desktop,ic_anadolu,morning,1,44.77,1,1,0,1,0
5836,61,F,desktop,marmara,afternoon,12,53.01,0,1,0,0,0
5837,65,M,mobile,marmara,evening,10,108.82,0,0,1,0,0
5838,40,F,mobile,dogu_anadolu,evening,11,46.01,0,1,1,0,1
5839,34,F,mobile,ic_anadolu,morning,14,116.14,1,1,0,1,0
5840,18,M,mobile,ege,afternoon,8,197.85,0,1,0,0,0
5841,48,F,mobile,marmara,night,6,228.7,0,0,0,0,1
5842,48,M,mobile,ic_anadolu,afternoon,8,44.93,0,0,0,0,0
5843,59,F,desktop,marmara,afternoon,4,130.68,0,0,0,0,0
5844,59,M,desktop,akdeniz,night,7,232.49,1,0,0,0,0
5845,70,M,mobile,ic_anadolu,afternoon,5,148.28,0,0,0,0,0
5846,51,M,desktop,akdeniz,evening,15,184.67,0,0,0,0,0
5847,26,M,desktop,dogu_anadolu,morning,14,138.79,1,0,0,1,0
5848,39,F,tablet,marmara,morning,14,257.02,0,1,0,0,0
5849,30,M,mobile,marmara,afternoon,11,136.86,0,0,1,0,0
5850,42,F,mobile,marmara,morning,5,52.95,0,1,1,0,0
5851,65,M,mobile,marmara,morning,9,81.67,0,0,0,0,0
5852,35,M,desktop,marmara,night,11,160.76,0,1,0,0,0
5853,68,F,tablet,ic_anadolu,morning,8,199.94,0,0,0,1,0
5854,29,M,desktop,ege,evening,5,56.69,0,0,0,0,0
5855,57,F,mobile,dogu_anadolu,afternoon,1,263.31,0,0,0,1,0
5856,34,F,mobile,marmara,night,5,241.36,0,0,1,0,0
5857,32,F,mobile,ic_anadolu,night,4,146.69,0,0,1,0,1
5858,59,M,mobile,guneydogu_anadolu,afternoon,13,190.83,0,0,0,0,0
5859,32,F,tablet,marmara,evening,7,79.74,0,0,0,0,0
5860,32,M,mobile,ege,evening,6,137.59,1,0,1,0,0
5861,56,F,desktop,ic_anadolu,morning,15,77.17,1,1,0,0,0
5862,30,M,mobile,ic_anadolu,evening,7,271.57,0,0,1,1,0
5863,34,F,tablet,akdeniz,night,2,140.15,0,0,1,1,0
5864,49,M,mobile,ege,morning,7,184.59,1,1,0,0,0
5865,26,F,mobile,ic_anadolu,evening,8,189.78,1,0,1,0,1
5866,57,M,mobile,ic_anadolu,morning,5,90.57,0,1,0,0,0
5867,37,F,desktop,marmara,afternoon,9,61.49,0,0,0,0,0
5868,43,M,desktop,guneydogu_anadolu,afternoon,11,196.93,1,0,0,0,0
5869,44,F,tablet,akdeniz,afternoon,2,152.06,0,1,0,0,0
5870,38,M,mobile,akdeniz,afternoon,9,123.38,0,0,0,1,0
5871,35,F,desktop,karadeniz,morning,6,59.91,1,0,0,0,0
5872,30,M,tablet,ic_anadolu,evening,14,58.88,0,0,0,0,1
5873,33,F,mobile,marmara,morning,15,104.32,0,0,0,0,1
5874,26,F,mobile,akdeniz,afternoon,11,59.52,0,0,0,1,0
5875,29,F,desktop,karadeniz,morning,11,66.33,1,1,1,0,0
5876,61,F,tablet,ic_anadolu,morning,15,192.84,1,1,0,0,0
5877,55,F,mobile,guneydogu_anadolu,evening,13,88.59,0,0,1,1,0
5878,36,M,mobile,marmara,morning,7,161.3,1,0,0,0,0
5879,24,M,desktop,marmara,evening,4,56.36,0,0,0,0,0
5880,52,M,desktop,akdeniz,afternoon,14,132.32,0,0,0,0,0
5881,65,F,desktop,ic_anadolu,evening,13,88.16,0,0,1,1,1
5882,35,F,tablet,marmara,morning,10,158.24,1,1,0,0,0
5883,33,M,desktop,karadeniz,evening,9,116.61,0,0,0,0,0
5884,56,F,mobile,marmara,afternoon,6,233.58,0,0,1,0,0
5885,21,M,desktop,marmara,morning,13,121.82,1,0,0,1,1
5886,42,F,desktop,guneydogu_anadolu,evening,12,172.69,0,1,0,0,0
5887,49,M,desktop,ege,evening,8,34.88,0,1,1,0,0
5888,57,F,mobile,guneydogu_anadolu,morning,8,129.3,0,0,1,0,0
5889,30,M,mobile,marmara,night,6,129.72,1,0,0,0,1
5890,62,F,tablet,marmara,evening,5,54.49,0,0,1,0,0
5891,34,M,tablet,karadeniz,afternoon,2,131.98,0,1,1,1,0
5892,66,F,desktop,karadeniz,morning,4,171.72,1,0,0,0,0
5893,54,M,mobile,akdeniz,afternoon,14,119.45,1,0,0,1,0
5894,23,M,mobile,marmara,afternoon,6,228.06,0,0,1,0,0
5895,36,F,tablet,ic_anadolu,morning,14,97.95,1,1,0,0,1
5896,30,F,desktop,marmara,afternoon,15,351.35,1,0,1,0,0
5897,43,F,mobile,karadeniz,morning,3,290.47,1,0,0,0,0
5898,31,F,desktop,marmara,afternoon,2,121.31,0,0,0,1,0
5899,48,F,desktop,karadeniz,morning,10,105.95,1,0,0,0,0
5900,21,F,desktop,ege,morning,7,145.9,0,0,0,0,0
5901,56,F,desktop,ic_anadolu,morning,10,166.72,1,0,0,1,0
5902,25,M,mobile,karadeniz,evening,6,99.23,0,0,1,0,0
5903,42,M,mobile,marmara,afternoon,15,49.0,0,0,0,0,0
5904,30,F,mobile,karadeniz,evening,3,321.27,0,0,0,0,0
5905,49,M,desktop,marmara,night,15,195.26,0,1,1,0,0
5906,55,M,desktop,ege,morning,3,102.04,0,0,0,0,0
5907,55,M,desktop,akdeniz,morning,7,128.04,0,0,0,0,0
5908,45,F,tablet,dogu_anadolu,evening,3,164.2,0,0,0,0,0
5909,70,F,desktop,marmara,morning,12,42.29,0,0,0,0,0
5910,47,M,mobile,akdeniz,morning,10,381.7,1,0,0,0,1
5911,20,M,desktop,ic_anadolu,morning,5,395.6,1,0,0,1,0
5912,45,F,mobile,ege,afternoon,14,38.98,0,0,0,0,0
5913,20,M,desktop,marmara,afternoon,2,222.87,0,0,0,1,0
5914,62,F,desktop,akdeniz,night,3,93.02,0,0,0,0,0
5915,51,F,desktop,marmara,afternoon,14,108.75,1,0,0,0,0
5916,33,M,desktop,akdeniz,evening,15,100.95,0,0,1,1,0
5917,39,M,desktop,karadeniz,afternoon,4,63.3,0,0,1,1,0
5918,49,F,mobile,karadeniz,morning,13,286.09,0,0,0,0,1
5919,55,M,desktop,ege,morning,1,27.05,0,0,1,1,0
5920,25,M,desktop,ic_anadolu,evening,4,56.8,0,0,0,0,0
5921,25,M,desktop,marmara,morning,4,149.61,0,0,0,1,0
5922,23,M,tablet,akdeniz,morning,3,100.05,1,1,1,1,0
5923,31,F,mobile,guneydogu_anadolu,morning,10,138.47,0,0,0,0,0
5924,49,F,mobile,ege,morning,15,24.6,1,0,1,0,0
5925,52,F,desktop,ic_anadolu,morning,15,192.71,1,0,0,0,0
5926,27,M,desktop,karadeniz,evening,9,456.93,1,0,0,0,0
5927,20,M,desktop,ic_anadolu,morning,3,89.21,0,0,0,0,0
5928,29,F,mobile,ege,afternoon,2,202.72,0,0,0,0,1
5929,66,F,mobile,marmara,evening,8,63.08,1,0,0,1,0
5930,48,F,tablet,akdeniz,evening,9,177.62,0,0,0,0,1
5931,46,F,tablet,marmara,afternoon,6,227.17,1,0,0,1,0
5932,22,M,mobile,ic_anadolu,evening,15,283.3,0,0,0,0,0
5933,69,M,mobile,ege,morning,6,69.51,0,0,0,0,0
5934,42,F,desktop,karadeniz,evening,1,62.52,1,1,0,0,0
5935,58,M,desktop,marmara,afternoon,3,93.51,1,0,0,0,0
5936,48,M,tablet,ege,afternoon,9,234.78,0,1,1,1,0
5937,38,M,desktop,akdeniz,evening,8,199.93,0,0,0,0,0
5938,37,F,tablet,marmara,afternoon,9,147.4,0,0,0,1,1
5939,56,F,mobile,ic_anadolu,afternoon,10,147.73,1,0,0,0,0
5940,39,F,mobile,marmara,afternoon,1,186.26,0,0,0,0,0
5941,21,M,desktop,marmara,afternoon,8,57.51,0,0,0,0,1
5942,30,M,mobile,marmara,evening,8,124.69,0,0,0,0,0
5943,62,M,mobile,ege,afternoon,7,61.51,0,0,1,0,1
5944,59,F,desktop,dogu_anadolu,morning,14,21.69,1,0,0,1,1
5945,67,F,desktop,marmara,evening,6,148.82,0,0,0,0,0
5946,66,F,desktop,dogu_anadolu,night,2,63.91,0,1,0,1,0
5947,37,M,mobile,ege,morning,3,30.28,0,0,0,0,0
5948,69,F,desktop,akdeniz,evening,8,209.91,0,0,0,0,0
5949,30,F,mobile,akdeniz,afternoon,7,42.42,0,1,1,0,0
5950,34,M,mobile,dogu_anadolu,evening,4,53.46,0,0,1,0,0
5951,53,M,desktop,karadeniz,night,15,101.27,0,1,0,0,0
5952,50,M,mobile,guneydogu_anadolu,evening,12,26.12,0,0,0,1,0
5953,18,F,desktop,karadeniz,night,12,93.59,0,0,0,0,0
5954,32,M,mobile,marmara,morning,8,123.39,0,0,1,0,1
5955,30,F,desktop,guneydogu_anadolu,morning,2,59.8,0,0,0,1,1
5956,34,M,desktop,guneydogu_anadolu,afternoon,11,42.51,1,0,0,1,0
5957,41,F,desktop,marmara,evening,2,210.95,0,0,0,0,0
5958,25,F,mobile,dogu_anadolu,evening,7,59.21,0,1,1,0,0
5959,67,M,desktop,ic_anadolu,morning,3,165.96,1,0,0,0,0
5960,44,M,desktop,dogu_anadolu,morning,6,261.4,0,0,0,0,0
5961,62,M,desktop,dogu_anadolu,evening,14,139.81,0,0,1,0,0
5962,40,F,desktop,dogu_anadolu,afternoon,12,183.14,1,0,0,0,0
5963,63,F,mobile,dogu_anadolu,evening,12,79.62,0,0,0,1,0
5964,25,M,mobile,marmara,evening,15,132.07,0,1,0,0,0
5965,25,M,tablet,marmara,morning,13,169.22,0,0,0,0,0
5966,43,M,desktop,marmara,morning,7,139.17,1,0,0,1,0
5967,64,M,desktop,marmara,evening,7,154.12,1,0,0,0,1
5968,30,F,mobile,ege,morning,15,68.72,0,0,0,0,0
5969,56,M,mobile,ic_anadolu,morning,10,64.28,0,0,0,0,1
5970,54,F,desktop,ege,morning,4,181.72,1,0,0,1,0
5971,66,F,mobile,ic_anadolu,afternoon,4,112.91,0,0,0,0,0
5972,45,F,mobile,karadeniz,morning,3,107.48,0,0,1,1,0
5973,42,F,desktop,ic_anadolu,evening,7,38.14,1,0,0,0,1
5974,33,M,mobile,akdeniz,night,11,73.82,0,0,1,0,0
5975,19,M,desktop,marmara,morning,1,255.98,1,0,0,1,0
5976,35,M,tablet,marmara,evening,5,172.72,0,1,0,1,0
5977,34,F,mobile,akdeniz,morning,15,199.46,0,0,0,1,1
5978,47,F,desktop,ic_anadolu,morning,4,149.02,1,1,0,1,0
5979,56,F,mobile,akdeniz,afternoon,12,248.22,0,0,0,1,0
5980,30,M,tablet,ic_anadolu,night,2,44.44,0,0,0,0,0
5981,49,F,mobile,ege,night,9,329.34,0,0,0,0,0
5982,67,M,desktop,marmara,morning,7,119.34,1,1,0,0,0
5983,46,F,mobile,karadeniz,morning,15,128.45,0,0,0,0,1
5984,63,F,mobile,marmara,night,8,203.02,0,0,1,0,0
5985,47,M,desktop,ic_anadolu,morning,3,40.32,0,0,1,1,0
5986,35,M,desktop,karadeniz,evening,6,66.34,0,0,0,0,0
5987,30,F,mobile,marmara,morning,15,130.9,0,0,0,0,0
5988,60,M,mobile,ic_anadolu,evening,4,192.34,1,0,0,0,0
5989,38,M,desktop,ic_anadolu,afternoon,12,113.24,0,0,0,0,0
5990,47,M,mobile,ic_anadolu,afternoon,11,25.22,0,0,0,0,1
5991,38,M,mobile,marmara,evening,3,150.72,0,0,0,0,0
5992,65,M,desktop,karadeniz,morning,4,100.4,1,0,0,1,0
5993,34,F,desktop,marmara,afternoon,12,53.28,0,0,0,0,0
5994,57,M,mobile,akdeniz,afternoon,3,78.57,0,0,0,0,0
5995,36,F,mobile,ege,morning,7,500.0,1,0,1,0,0
5996,69,M,mobile,marmara,morning,9,132.62,0,1,0,0,0
5997,32,F,desktop,ege,morning,7,206.04,1,1,0,0,0
5998,26,F,mobile,marmara,morning,3,244.38,0,0,0,0,0
5999,69,M,tablet,ege,night,1,89.69,1,1,0,1,0
6000,27,F,desktop,marmara,afternoon,9,46.23,1,0,0,1,1
6001,61,F,desktop,dogu_anadolu,afternoon,2,182.83,1,0,0,0,0
6002,48,M,mobile,marmara,evening,6,66.31,0,1,0,0,1
6003,70,M,desktop,dogu_anadolu,evening,14,490.72,0,1,0,1,0
6004,40,M,desktop,dogu_anadolu,afternoon,5,156.97,0,1,1,1,0
6005,69,F,desktop,akdeniz,afternoon,13,116.19,1,1,0,0,0
6006,47,M,desktop,akdeniz,afternoon,13,238.56,0,0,0,1,0
6007,50,F,mobile,ege,morning,13,57.66,0,0,1,1,1
6008,69,F,desktop,guneydogu_anadolu,night,8,196.88,1,0,0,0,0
6009,26,M,tablet,ic_anadolu,evening,1,100.7,0,0,0,1,0
6010,64,M,mobile,guneydogu_anadolu,evening,12,192.8,1,0,1,0,1
6011,18,F,mobile,ege,afternoon,8,42.61,0,0,0,0,0
6012,61,M,desktop,dogu_anadolu,evening,3,247.53,1,0,0,0,1
6013,52,F,mobile,ege,afternoon,4,85.12,0,0,0,0,0
6014,28,F,mobile,dogu_anadolu,morning,6,172.86,0,1,0,0,0
6015,51,F,mobile,marmara,afternoon,4,20.35,0,1,1,1,0
6016,33,M,mobile,ic_anadolu,evening,13,46.43,1,1,0,0,0
6017,26,M,mobile,ic_anadolu,evening,10,273.84,1,0,1,0,1
6018,49,M,mobile,ic_anadolu,morning,12,142.03,0,0,0,1,0
6019,32,M,mobile,ege,afternoon,3,79.37,0,0,1,1,1
6020,29,M,mobile,ic_anadolu,afternoon,13,211.12,0,0,0,0,0
6021,50,F,desktop,marmara,evening,3,139.63,0,0,0,0,0
6022,62,F,desktop,ic_anadolu,evening,3,273.45,0,0,0,1,0
6023,31,F,tablet,akdeniz,afternoon,4,42.5,0,0,0,0,0
6024,25,M,desktop,ege,night,7,236.67,0,1,0,0,1
6025,25,M,mobile,karadeniz,evening,5,58.99,0,0,1,0,1
6026,44,F,desktop,marmara,evening,11,40.91,1,0,1,1,0
6027,29,F,mobile,marmara,afternoon,10,212.99,0,1,0,0,0
6028,18,F,mobile,akdeniz,afternoon,15,143.35,0,0,1,0,0
6029,60,M,desktop,dogu_anadolu,afternoon,6,62.31,0,0,1,0,0
6030,57,F,mobile,akdeniz,afternoon,4,181.55,0,0,1,0,0
6031,59,F,mobile,karadeniz,night,7,115.24,0,0,1,0,0
6032,68,M,mobile,akdeniz,morning,13,218.4,0,0,0,0,0
6033,28,M,mobile,karadeniz,evening,15,30.77,0,0,0,0,1
6034,56,F,desktop,ege,afternoon,15,233.69,0,0,0,0,0
6035,60,F,mobile,karadeniz,morning,13,243.69,1,1,0,0,0
6036,48,M,desktop,ege,afternoon,11,188.56,0,0,0,0,1
6037,34,F,desktop,akdeniz,morning,2,71.38,1,0,0,1,0
6038,50,M,tablet,marmara,morning,4,144.59,1,0,0,0,0
6039,49,M,mobile,dogu_anadolu,evening,12,55.39,0,0,0,1,0
6040,46,F,mobile,ic_anadolu,evening,3,206.52,0,1,0,0,0
6041,38,F,mobile,dogu_anadolu,morning,5,73.99,0,0,0,0,0
6042,38,F,desktop,marmara,night,12,31.18,0,1,0,0,1
6043,57,F,mobile,marmara,morning,6,127.65,1,1,0,0,0
6044,40,M,mobile,ege,afternoon,9,63.94,0,0,0,0,1
6045,23,M,desktop,akdeniz,morning,12,211.75,1,0,0,0,0
6046,39,F,mobile,karadeniz,morning,10,284.43,1,0,0,0,0
6047,67,F,mobile,ege,morning,2,20.33,0,0,1,1,0
6048,55,F,desktop,marmara,evening,12,126.7,0,0,1,0,0
6049,54,F,mobile,ege,night,7,100.33,1,0,0,0,1
6050,62,M,desktop,ic_anadolu,evening,14,465.94,1,1,0,0,0
6051,68,F,desktop,ege,evening,2,89.13,0,0,0,0,0
6052,25,M,mobile,guneydogu_anadolu,evening,11,99.57,0,1,0,0,1
6053,58,F,tablet,marmara,afternoon,6,177.63,0,0,0,0,0
6054,66,M,mobile,karadeniz,afternoon,5,47.13,0,0,0,0,0
6055,52,M,mobile,ic_anadolu,evening,15,18.58,1,0,1,0,1
6056,68,F,tablet,marmara,night,12,93.35,0,0,0,0,0
6057,28,F,tablet,karadeniz,morning,10,108.0,0,0,0,0,0
6058,41,F,desktop,ege,afternoon,10,22.81,0,1,0,1,0
6059,66,F,mobile,ic_anadolu,afternoon,13,95.97,0,1,0,0,1
6060,38,M,desktop,ic_anadolu,afternoon,13,117.39,1,1,0,0,0
6061,68,M,mobile,marmara,evening,9,272.0,0,1,0,1,0
6062,19,M,tablet,karadeniz,afternoon,14,72.7,0,0,0,0,1
6063,57,M,desktop,ic_anadolu,morning,9,20.38,0,0,0,1,0
6064,36,F,mobile,karadeniz,afternoon,8,235.22,0,1,1,1,0
6065,56,M,mobile,ege,evening,2,61.09,0,0,0,0,0
6066,45,M,desktop,marmara,afternoon,11,80.62,0,0,0,1,0
6067,34,F,desktop,ege,evening,2,60.97,1,0,0,0,0
6068,23,F,mobile,dogu_anadolu,afternoon,11,151.09,0,1,0,1,0
6069,36,M,desktop,guneydogu_anadolu,morning,15,58.31,1,0,0,0,0
6070,55,F,mobile,akdeniz,afternoon,4,220.92,0,0,0,0,0
6071,45,F,mobile,marmara,morning,5,229.04,0,1,0,0,0
6072,19,M,mobile,ic_anadolu,morning,14,127.54,0,0,0,0,0
6073,55,M,desktop,karadeniz,afternoon,10,188.49,0,0,0,0,0
6074,54,F,mobile,karadeniz,evening,10,118.76,0,0,1,0,1
6075,68,F,desktop,marmara,afternoon,7,495.4,1,0,1,0,0
6076,69,M,tablet,marmara,night,7,171.66,0,0,1,0,0
6077,21,M,desktop,ege,afternoon,3,113.73,1,1,1,0,0
6078,39,F,tablet,marmara,morning,3,129.88,1,0,0,0,0
6079,43,M,mobile,karadeniz,morning,10,316.28,0,0,0,0,0
6080,66,M,mobile,akdeniz,night,5,208.91,1,0,0,0,0
6081,60,M,desktop,karadeniz,afternoon,1,157.73,0,0,0,0,0
6082,53,F,desktop,marmara,afternoon,13,208.39,1,0,1,0,0
6083,30,F,mobile,ic_anadolu,morning,13,179.92,1,0,1,0,1
6084,69,M,desktop,ic_anadolu,evening,8,194.86,1,1,0,0,0
6085,49,F,tablet,ege,evening,12,189.67,0,0,0,0,0
6086,34,M,desktop,akdeniz,afternoon,11,120.95,0,0,1,0,0
6087,58,F,tablet,ic_anadolu,evening,2,203.05,0,0,0,0,0
6088,53,F,mobile,dogu_anadolu,afternoon,12,55.73,1,0,0,0,0
6089,63,F,desktop,marmara,morning,7,135.52,1,0,0,1,0
6090,36,F,mobile,karadeniz,evening,10,122.62,0,1,1,0,0
6091,52,M,desktop,guneydogu_anadolu,night,14,83.55,0,0,0,0,0
6092,63,F,desktop,ic_anadolu,evening,2,66.86,1,0,0,0,0
6093,57,M,desktop,ic_anadolu,morning,13,62.62,0,1,1,0,0
6094,45,M,tablet,marmara,morning,1,24.86,0,1,0,0,0
6095,18,F,mobile,akdeniz,night,7,252.66,0,0,0,0,1
6096,59,M,mobile,ic_anadolu,afternoon,11,270.94,0,0,0,0,1
6097,35,F,desktop,ic_anadolu,evening,5,42.12,1,0,1,0,0
6098,65,M,mobile,ege,evening,1,93.76,0,0,1,0,0
6099,57,M,desktop,guneydogu_anadolu,evening,9,66.85,1,0,0,0,1
6100,50,F,desktop,akdeniz,morning,3,30.92,0,0,0,0,1
6101,29,F,desktop,guneydogu_anadolu,morning,14,243.09,0,0,0,1,0
6102,25,M,mobile,akdeniz,afternoon,4,500.0,0,1,0,0,0
6103,41,M,mobile,karadeniz,night,13,165.13,0,0,1,0,0
6104,33,F,desktop,ic_anadolu,morning,7,173.85,0,0,0,0,0
6105,67,M,tablet,ic_anadolu,afternoon,14,100.34,0,1,0,0,0
6106,21,F,desktop,marmara,evening,12,166.63,0,0,1,0,0
6107,55,M,mobile,marmara,afternoon,6,65.93,0,1,0,0,0
6108,61,F,desktop,ic_anadolu,afternoon,4,238.16,1,0,0,0,0
6109,44,M,desktop,dogu_anadolu,evening,4,92.41,0,0,0,0,0
6110,26,F,tablet,ic_anadolu,evening,15,173.86,1,0,0,1,1
6111,64,M,mobile,marmara,afternoon,9,79.05,0,0,1,0,0
6112,33,M,mobile,ege,night,10,109.63,0,0,0,0,0
6113,29,M,tablet,ic_anadolu,afternoon,1,89.25,0,0,0,0,0
6114,48,M,mobile,ic_anadolu,evening,14,233.48,0,1,1,1,0
6115,41,M,mobile,guneydogu_anadolu,morning,15,197.61,0,0,1,0,0
6116,31,M,mobile,akdeniz,afternoon,10,101.21,0,0,0,1,0
6117,62,M,desktop,ege,morning,7,117.27,1,0,0,1,0
6118,42,M,mobile,akdeniz,afternoon,13,196.95,0,0,0,0,0
6119,51,M,mobile,karadeniz,morning,9,387.42,0,1,0,0,0
6120,20,M,desktop,akdeniz,night,5,139.99,1,0,0,1,0
6121,41,F,tablet,ege,evening,7,55.85,0,0,1,0,1
6122,59,M,desktop,ege,evening,8,149.93,1,1,0,0,0
6123,26,F,tablet,karadeniz,afternoon,8,66.19,0,0,1,1,1
6124,43,M,desktop,marmara,evening,15,112.44,0,0,0,0,0
6125,37,M,desktop,marmara,evening,9,352.8,1,0,0,0,0
6126,57,M,desktop,marmara,afternoon,5,82.25,1,1,0,0,1
6127,27,F,tablet,guneydogu_anadolu,afternoon,2,23.59,0,0,0,0,0
6128,36,F,desktop,marmara,afternoon,6,97.67,1,0,0,1,0
6129,20,M,mobile,karadeniz,morning,2,283.01,0,0,1,0,0
6130,41,F,mobile,ic_anadolu,night,10,47.25,0,0,0,0,0
6131,22,F,desktop,ic_anadolu,afternoon,6,191.98,1,0,0,0,0
6132,20,M,tablet,karadeniz,afternoon,3,250.05,0,0,0,0,0
6133,44,M,desktop,ege,evening,13,68.47,0,0,0,0,0
6134,33,F,mobile,ege,afternoon,4,48.89,0,0,1,0,1
6135,66,M,mobile,marmara,morning,9,209.3,1,1,0,0,0
6136,32,F,desktop,ic_anadolu,morning,4,183.2,0,1,0,1,0
6137,52,M,desktop,dogu_anadolu,afternoon,5,139.23,0,0,0,0,0
6138,29,F,mobile,dogu_anadolu,morning,15,151.3,0,0,0,1,0
6139,58,M,tablet,ic_anadolu,evening,6,56.21,0,0,1,0,0
6140,70,F,desktop,dogu_anadolu,afternoon,12,128.44,1,0,0,0,0
6141,61,M,desktop,guneydogu_anadolu,afternoon,10,206.71,0,0,0,0,0
6142,43,F,tablet,karadeniz,morning,12,192.66,0,0,0,0,0
6143,64,M,desktop,ege,morning,14,38.28,1,0,0,0,0
6144,51,F,mobile,akdeniz,evening,8,129.48,0,0,0,0,0
6145,40,F,mobile,guneydogu_anadolu,morning,4,339.5,0,0,0,1,0
6146,48,M,desktop,ic_anadolu,evening,3,60.14,1,0,0,0,1
6147,67,F,mobile,karadeniz,morning,1,98.86,0,0,0,0,0
6148,37,F,tablet,marmara,evening,3,161.42,0,0,0,1,0
6149,29,F,mobile,marmara,evening,10,28.48,0,0,0,0,0
6150,40,F,mobile,ege,afternoon,15,97.21,0,0,0,1,0
6151,21,F,mobile,marmara,night,5,252.25,0,0,0,0,1
6152,40,F,mobile,dogu_anadolu,afternoon,4,150.77,0,0,0,1,1
6153,65,F,desktop,marmara,night,4,378.96,0,0,0,0,1
6154,65,M,mobile,akdeniz,morning,15,116.85,0,0,0,1,1
6155,18,M,desktop,marmara,afternoon,15,108.57,0,0,1,1,0
6156,42,F,desktop,marmara,morning,7,71.46,0,0,0,0,0
6157,19,M,tablet,marmara,evening,9,227.36,0,0,0,0,1
6158,47,M,mobile,guneydogu_anadolu,evening,6,72.8,0,0,0,0,1
6159,20,F,tablet,karadeniz,afternoon,13,122.27,0,0,0,1,0
6160,38,F,desktop,ic_anadolu,evening,5,266.92,0,0,0,1,1
6161,42,M,mobile,dogu_anadolu,evening,13,219.27,0,1,0,0,1
6162,37,F,mobile,guneydogu_anadolu,evening,5,303.73,0,0,1,1,1
6163,66,F,tablet,akdeniz,morning,10,149.37,0,0,0,1,1
6164,69,F,tablet,ege,afternoon,9,85.03,0,0,0,1,0
6165,39,M,tablet,ege,afternoon,7,156.33,0,0,0,0,0
6166,38,F,tablet,marmara,morning,14,112.18,0,1,0,1,0
6167,50,M,desktop,marmara,afternoon,3,458.37,0,1,0,0,0
6168,69,M,mobile,ege,morning,15,128.56,1,1,0,0,0
6169,55,M,desktop,marmara,night,2,327.52,0,1,1,0,0
6170,32,M,mobile,dogu_anadolu,evening,11,167.57,0,1,0,0,1
6171,63,F,tablet,karadeniz,evening,3,279.01,0,0,0,0,0
6172,69,M,desktop,marmara,night,13,81.1,1,0,0,0,0
6173,32,F,mobile,karadeniz,evening,12,51.11,0,1,1,0,1
6174,63,F,mobile,karadeniz,morning,10,88.23,0,0,0,0,0
6175,42,F,desktop,ege,evening,15,310.81,0,0,0,0,0
6176,38,F,desktop,ic_anadolu,morning,12,346.38,1,1,0,1,0
6177,41,F,desktop,marmara,morning,4,116.38,1,0,0,1,0
6178,22,F,desktop,marmara,morning,5,146.91,1,0,1,1,0
6179,23,F,mobile,akdeniz,morning,10,80.66,0,0,1,0,0
6180,66,M,mobile,ege,evening,7,64.58,1,0,1,0,0
6181,60,F,desktop,marmara,night,10,130.64,0,0,1,1,1
6182,65,M,tablet,akdeniz,morning,2,36.0,1,0,0,0,0
6183,61,F,mobile,guneydogu_anadolu,morning,8,244.97,0,0,0,1,0
6184,64,F,mobile,ic_anadolu,morning,7,380.05,0,0,0,0,0
6185,40,F,desktop,ic_anadolu,evening,12,185.32,0,0,0,0,0
6186,21,F,mobile,karadeniz,afternoon,2,78.58,0,0,1,0,0
6187,44,M,desktop,ic_anadolu,night,10,47.8,1,0,0,1,0
6188,35,F,mobile,marmara,morning,10,248.82,0,0,0,0,0
6189,38,M,mobile,dogu_anadolu,night,6,163.97,1,0,1,0,0
6190,45,M,desktop,karadeniz,morning,4,264.79,0,0,0,1,0
6191,52,F,tablet,marmara,afternoon,2,30.71,1,0,0,1,0
6192,39,M,mobile,akdeniz,morning,10,105.68,0,1,0,0,0
6193,57,F,desktop,ic_anadolu,afternoon,6,183.65,0,1,0,0,0
6194,40,M,tablet,marmara,morning,9,20.3,0,0,0,0,0
6195,20,M,mobile,marmara,evening,3,144.92,0,0,1,0,1
6196,57,F,mobile,marmara,morning,5,137.86,0,0,0,0,0
6197,67,F,mobile,dogu_anadolu,evening,8,73.83,1,0,0,0,0
6198,27,F,desktop,marmara,morning,14,226.17,1,1,0,0,0
6199,42,F,tablet,ege,afternoon,11,80.42,0,0,0,0,1
6200,69,M,mobile,marmara,morning,6,500.0,0,0,0,1,0
6201,66,F,desktop,karadeniz,night,6,150.27,1,0,0,1,0
6202,25,F,tablet,dogu_anadolu,morning,3,58.81,0,0,1,0,0
6203,28,F,mobile,akdeniz,afternoon,9,112.76,0,0,0,0,0
6204,22,M,mobile,marmara,afternoon,4,62.2,0,0,1,0,0
6205,62,F,mobile,akdeniz,evening,14,75.75,0,0,1,0,0
6206,70,M,desktop,karadeniz,morning,12,162.68,1,0,0,1,0
6207,54,M,desktop,ic_anadolu,evening,2,74.77,0,0,0,0,0
6208,62,M,desktop,ic_anadolu,afternoon,5,126.84,1,0,0,0,0
6209,55,M,tablet,marmara,afternoon,11,312.54,1,0,0,1,0
6210,46,F,desktop,marmara,morning,10,55.81,1,1,0,0,0
6211,22,F,desktop,marmara,afternoon,3,53.88,1,0,0,0,0
6212,26,M,desktop,guneydogu_anadolu,afternoon,13,146.73,1,0,1,1,0
6213,65,M,desktop,ic_anadolu,morning,13,107.72,1,0,0,1,0
6214,19,M,mobile,ic_anadolu,morning,2,158.61,0,0,0,0,0
6215,18,F,tablet,dogu_anadolu,evening,6,130.43,0,0,1,0,0
6216,57,F,desktop,dogu_anadolu,morning,12,216.67,0,0,0,1,0
6217,68,M,mobile,marmara,morning,7,150.71,1,0,0,0,0
6218,47,F,mobile,marmara,afternoon,8,194.45,1,0,0,1,0
6219,28,F,mobile,dogu_anadolu,morning,5,216.94,0,0,0,1,1
6220,45,F,tablet,guneydogu_anadolu,afternoon,8,195.54,1,0,1,1,1
6221,61,M,mobile,akdeniz,afternoon,3,86.41,0,0,0,0,0
6222,29,F,desktop,dogu_anadolu,morning,10,116.39,0,0,1,0,0
6223,56,F,tablet,marmara,afternoon,1,107.86,0,0,1,1,0
6224,43,M,mobile,marmara,morning,5,157.16,0,0,0,0,0
6225,30,F,desktop,akdeniz,afternoon,6,302.31,0,0,1,1,0
6226,25,M,desktop,karadeniz,night,11,64.76,0,0,1,0,0
6227,45,M,tablet,ic_anadolu,afternoon,13,250.78,0,1,0,0,0
6228,47,F,mobile,ic_anadolu,evening,4,140.21,0,0,0,0,1
6229,26,M,mobile,marmara,evening,4,104.52,0,0,1,1,1
6230,56,M,mobile,ege,evening,3,111.89,0,0,1,0,0
6231,48,F,mobile,guneydogu_anadolu,evening,5,115.08,0,0,1,0,0
6232,38,F,desktop,marmara,morning,7,108.75,0,0,1,0,0
6233,64,M,mobile,ic_anadolu,afternoon,2,142.23,1,0,0,0,0
6234,51,F,mobile,karadeniz,evening,11,93.28,1,1,0,0,0
6235,48,M,mobile,ic_anadolu,afternoon,4,75.79,0,0,0,0,0
6236,69,M,desktop,guneydogu_anadolu,morning,11,86.51,0,0,0,1,0
6237,42,F,desktop,ege,morning,3,69.45,1,0,0,0,0
6238,29,M,mobile,ic_anadolu,afternoon,12,38.99,1,0,0,0,0
6239,18,F,mobile,marmara,evening,12,113.49,0,0,1,0,0
6240,39,M,mobile,ege,afternoon,9,226.69,1,0,0,1,1
6241,57,F,mobile,akdeniz,evening,3,136.56,1,0,1,0,0
6242,54,M,mobile,marmara,afternoon,10,336.13,0,1,0,0,0
6243,64,M,tablet,dogu_anadolu,morning,10,79.48,1,0,0,0,0
6244,18,M,desktop,ic_anadolu,morning,7,92.16,1,1,0,0,0
6245,18,M,desktop,marmara,afternoon,13,97.51,0,1,0,0,1
6246,59,M,mobile,marmara,morning,13,87.07,0,0,0,0,0
6247,59,F,desktop,marmara,morning,12,97.59,1,0,0,0,0
6248,38,M,mobile,ic_anadolu,morning,9,114.17,0,0,0,0,0
6249,32,M,tablet,karadeniz,evening,8,110.93,0,1,1,0,0
6250,34,M,mobile,akdeniz,morning,13,27.98,0,1,0,0,0
6251,39,M,tablet,marmara,afternoon,11,31.63,0,0,1,0,0
6252,55,F,mobile,marmara,evening,11,33.29,1,0,0,0,0
6253,52,F,mobile,ege,morning,3,220.06,1,0,1,0,0
6254,62,F,mobile,ic_anadolu,afternoon,10,169.2,0,1,0,0,1
6255,33,M,desktop,marmara,night,1,61.42,0,1,0,0,0
6256,25,F,desktop,marmara,evening,15,224.51,1,0,0,0,0
6257,64,M,mobile,marmara,evening,5,203.28,1,0,1,0,1
6258,34,F,tablet,ic_anadolu,afternoon,13,193.87,0,0,1,0,0
6259,34,F,mobile,akdeniz,night,8,147.65,0,1,1,0,0
6260,43,F,desktop,karadeniz,morning,15,24.28,0,0,0,1,0
6261,30,F,desktop,ic_anadolu,night,13,46.93,1,0,1,0,0
6262,34,M,tablet,ic_anadolu,night,8,197.73,0,0,0,0,0
6263,55,F,mobile,marmara,afternoon,14,50.04,0,0,0,0,0
6264,34,F,tablet,marmara,evening,5,107.07,0,0,1,0,0
6265,65,F,mobile,akdeniz,evening,2,95.38,0,0,0,0,0
6266,31,M,mobile,marmara,afternoon,5,90.02,0,1,0,0,0
6267,62,M,mobile,ege,afternoon,9,157.24,1,0,1,0,0
6268,23,F,desktop,marmara,night,2,114.34,0,0,0,0,0
6269,52,M,mobile,marmara,morning,2,45.77,0,0,0,1,0
6270,63,F,mobile,marmara,night,10,61.34,0,0,0,1,0
6271,31,F,mobile,karadeniz,evening,8,206.27,0,0,1,0,0
6272,64,M,mobile,ege,evening,6,130.69,0,0,1,0,1
6273,25,F,desktop,marmara,morning,15,248.12,1,0,1,0,0
6274,32,M,mobile,marmara,morning,11,66.5,0,1,0,0,0
6275,44,F,desktop,ic_anadolu,night,14,143.46,1,0,0,0,1
6276,30,M,desktop,ic_anadolu,morning,9,34.75,1,0,0,0,0
6277,66,F,mobile,marmara,evening,15,49.7,0,0,1,0,0
6278,48,M,desktop,karadeniz,evening,7,64.63,0,1,1,0,0
6279,70,M,mobile,ege,morning,9,27.31,0,0,0,0,1
6280,52,F,desktop,ic_anadolu,evening,8,96.12,1,0,0,1,0
6281,23,F,desktop,ic_anadolu,morning,3,262.61,1,0,0,0,0
6282,22,F,desktop,karadeniz,afternoon,2,402.21,0,0,0,0,0
6283,39,M,desktop,ic_anadolu,afternoon,1,116.32,1,0,0,1,0
6284,66,F,mobile,marmara,evening,2,183.73,0,0,0,0,0
6285,40,F,mobile,akdeniz,night,5,77.09,1,0,0,0,0
6286,42,M,tablet,marmara,morning,5,266.04,0,0,0,1,0
6287,51,F,desktop,guneydogu_anadolu,afternoon,8,30.46,1,0,1,1,0
6288,43,M,mobile,marmara,afternoon,15,57.44,0,1,0,1,0
6289,64,F,mobile,ege,afternoon,13,142.95,0,0,1,0,0
6290,22,F,desktop,marmara,afternoon,11,227.89,1,0,1,1,0
6291,43,M,mobile,marmara,night,14,121.42,0,0,1,1,0
6292,37,M,mobile,ic_anadolu,night,3,64.97,1,0,0,0,0
6293,23,F,mobile,akdeniz,morning,7,60.09,0,0,1,0,0
6294,23,F,mobile,ege,evening,13,144.19,0,0,1,0,1
6295,67,F,mobile,marmara,evening,13,217.04,0,0,0,0,0
6296,35,F,desktop,ic_anadolu,night,5,311.45,1,0,1,0,0
6297,21,F,mobile,marmara,morning,5,59.9,0,0,1,0,0
6298,34,F,tablet,akdeniz,evening,14,21.54,1,0,1,1,0
6299,31,M,desktop,ic_anadolu,night,8,46.87,0,0,0,0,0
6300,31,M,mobile,ege,night,10,212.68,0,1,1,0,0
6301,30,F,mobile,marmara,afternoon,6,104.46,0,1,0,0,0
6302,24,F,mobile,karadeniz,afternoon,11,240.15,1,0,1,0,0
6303,61,F,mobile,ege,evening,15,67.6,0,0,1,0,0
6304,32,M,desktop,marmara,afternoon,7,210.78,0,0,0,0,0
6305,36,M,mobile,akdeniz,afternoon,14,84.36,0,0,1,0,0
6306,60,M,mobile,marmara,afternoon,14,59.14,1,0,0,1,1
6307,64,M,mobile,ege,afternoon,12,180.2,0,0,0,1,0
6308,61,M,mobile,karadeniz,afternoon,10,74.83,0,0,0,0,0
6309,52,F,mobile,dogu_anadolu,morning,9,42.35,1,1,0,0,1
6310,34,F,mobile,ic_anadolu,afternoon,4,51.67,1,1,0,0,0
6311,52,M,mobile,marmara,afternoon,4,47.56,0,1,0,0,0
6312,36,F,mobile,marmara,morning,15,93.01,0,0,0,0,0
6313,37,M,desktop,ic_anadolu,evening,13,207.56,1,0,0,0,0
6314,53,M,desktop,ege,afternoon,8,90.79,0,0,0,0,0
6315,52,M,tablet,marmara,evening,5,47.77,1,1,0,1,0
6316,49,F,mobile,karadeniz,morning,15,359.72,0,0,1,1,0
6317,65,M,mobile,marmara,evening,12,223.65,0,0,1,0,1
6318,61,M,mobile,ege,night,1,104.67,0,0,1,0,0
6319,57,M,desktop,marmara,afternoon,7,61.38,0,1,0,0,0
6320,41,M,tablet,ic_anadolu,afternoon,3,64.74,1,0,0,0,0
6321,34,M,mobile,marmara,evening,3,97.67,0,0,1,0,0
6322,24,F,mobile,marmara,evening,13,60.18,0,0,1,0,1
6323,60,F,desktop,ege,morning,10,83.79,0,1,0,0,0
6324,67,F,mobile,dogu_anadolu,night,7,271.04,0,0,0,1,0
6325,18,F,desktop,akdeniz,afternoon,1,239.7,0,0,1,1,0
6326,52,M,mobile,marmara,evening,15,232.37,0,0,1,1,0
6327,49,M,mobile,karadeniz,afternoon,9,216.49,0,0,0,0,0
6328,53,F,desktop,marmara,morning,10,134.89,0,0,0,1,0
6329,30,F,mobile,ege,morning,14,61.6,1,0,0,0,1
6330,23,F,mobile,akdeniz,morning,15,168.5,0,0,1,0,0
6331,31,M,mobile,ic_anadolu,night,7,95.23,1,1,1,0,0
6332,54,F,mobile,marmara,evening,6,193.77,1,0,1,1,0
6333,65,F,desktop,karadeniz,evening,7,219.73,0,0,0,0,0
6334,32,F,desktop,akdeniz,night,14,72.74,0,0,1,1,0
6335,64,F,tablet,guneydogu_anadolu,morning,9,69.22,1,0,0,0,0
6336,21,M,mobile,ic_anadolu,morning,12,153.11,1,0,0,0,0
6337,57,F,mobile,guneydogu_anadolu,night,7,68.87,0,0,0,1,0
6338,33,F,desktop,akdeniz,afternoon,12,126.6,1,1,0,1,0
6339,45,F,desktop,marmara,evening,4,81.53,0,0,1,0,0
6340,33,F,mobile,ic_anadolu,afternoon,13,142.13,0,0,0,0,0
6341,21,M,mobile,karadeniz,evening,4,500.0,0,0,1,0,0
6342,62,F,desktop,dogu_anadolu,afternoon,5,143.8,0,0,0,1,0
6343,43,F,mobile,ege,evening,15,204.51,0,0,0,0,0
6344,45,M,desktop,akdeniz,night,10,195.11,0,0,0,0,0
6345,49,F,tablet,dogu_anadolu,evening,10,191.47,1,0,1,0,1
6346,62,M,mobile,dogu_anadolu,afternoon,14,35.84,0,1,0,0,1
6347,19,F,mobile,marmara,afternoon,4,193.92,0,1,0,0,0
6348,48,F,mobile,ic_anadolu,morning,6,179.32,0,0,0,0,0
6349,20,M,tablet,ic_anadolu,evening,8,89.98,1,0,0,0,1
6350,25,M,tablet,marmara,morning,2,228.12,0,1,1,1,0
6351,41,M,desktop,guneydogu_anadolu,night,13,103.96,1,0,0,0,0
6352,32,F,tablet,ege,evening,4,55.26,0,1,0,0,0
6353,60,F,tablet,ic_anadolu,night,8,270.49,1,0,0,0,0
6354,48,F,desktop,dogu_anadolu,morning,15,226.15,1,0,0,1,0
6355,26,M,mobile,marmara,night,15,137.16,0,1,1,0,1
6356,56,M,mobile,dogu_anadolu,evening,5,186.62,0,0,0,0,0
6357,62,F,mobile,ic_anadolu,evening,10,162.31,0,0,0,0,0
6358,19,M,desktop,karadeniz,morning,6,170.85,0,0,1,1,0
6359,25,M,mobile,akdeniz,afternoon,2,212.91,1,0,0,0,0
6360,24,F,desktop,marmara,afternoon,5,177.54,0,0,0,0,1
6361,61,M,mobile,ic_anadolu,afternoon,10,42.94,0,0,0,0,0
6362,68,F,tablet,ege,morning,15,77.92,1,0,0,0,0
6363,56,F,mobile,ege,night,4,239.01,0,1,0,0,1
6364,59,M,mobile,ege,morning,9,115.87,1,1,1,0,0
6365,33,F,mobile,akdeniz,morning,15,89.87,0,1,0,0,0
6366,52,F,desktop,ic_anadolu,afternoon,10,59.63,1,0,0,0,1
6367,47,M,mobile,ic_anadolu,night,4,204.53,0,0,0,0,0
6368,27,M,mobile,karadeniz,afternoon,3,189.07,0,0,1,0,0
6369,55,M,desktop,ic_anadolu,afternoon,1,130.33,1,0,0,0,0
6370,35,M,desktop,karadeniz,afternoon,5,57.42,1,0,0,1,0
6371,67,F,mobile,marmara,evening,13,204.47,0,1,0,0,0
6372,22,M,mobile,karadeniz,morning,12,114.25,0,0,0,0,1
6373,70,M,tablet,ege,morning,13,287.27,0,1,0,1,0
6374,46,F,desktop,akdeniz,morning,8,81.08,1,0,1,1,0
6375,56,M,desktop,ege,afternoon,8,252.4,0,0,0,1,0
6376,51,F,mobile,akdeniz,evening,13,53.59,1,0,0,0,0
6377,60,F,mobile,marmara,evening,13,20.95,1,1,1,0,0
6378,62,M,mobile,marmara,evening,11,416.26,0,0,1,0,1
6379,40,M,mobile,marmara,morning,2,206.76,0,0,0,0,0
6380,22,F,mobile,akdeniz,morning,8,125.25,1,0,0,0,0
6381,47,F,mobile,marmara,morning,7,156.12,0,0,1,0,0
6382,23,M,desktop,marmara,morning,10,26.71,1,0,0,0,0
6383,63,F,desktop,marmara,morning,1,95.87,1,0,0,1,0
6384,61,F,desktop,marmara,evening,5,150.47,1,0,0,0,0
6385,21,M,desktop,dogu_anadolu,afternoon,6,82.68,1,0,0,0,0
6386,46,M,desktop,ic_anadolu,evening,7,197.35,1,0,0,0,0
6387,40,M,desktop,dogu_anadolu,afternoon,11,82.06,0,0,0,0,0
6388,23,M,tablet,ic_anadolu,morning,9,97.9,0,0,0,0,0
6389,49,M,desktop,karadeniz,afternoon,3,84.53,0,0,1,1,0
6390,59,M,desktop,akdeniz,evening,8,76.4,1,0,1,1,0
6391,35,F,mobile,akdeniz,evening,11,209.39,0,0,1,0,0
6392,32,M,mobile,akdeniz,evening,3,34.77,0,0,1,0,0
6393,57,F,mobile,ege,afternoon,12,96.54,0,0,0,0,0
6394,49,F,mobile,ic_anadolu,evening,11,228.7,0,0,0,0,0
6395,26,F,mobile,dogu_anadolu,afternoon,8,76.33,0,0,0,0,1
6396,54,M,desktop,karadeniz,evening,9,127.25,1,0,1,0,0
6397,27,F,desktop,akdeniz,night,5,174.43,0,0,1,0,0
6398,37,F,tablet,guneydogu_anadolu,evening,11,28.41,0,0,1,1,0
6399,23,M,desktop,guneydogu_anadolu,afternoon,9,105.38,1,0,0,0,0
6400,65,M,desktop,akdeniz,evening,13,84.28,0,0,0,0,0
6401,20,M,mobile,dogu_anadolu,night,5,152.15,0,1,0,0,0
6402,59,F,desktop,marmara,morning,7,210.11,0,1,0,0,0
6403,28,F,mobile,marmara,afternoon,3,144.93,0,0,0,0,0
6404,60,M,mobile,marmara,afternoon,6,103.74,0,0,0,0,0
6405,34,F,tablet,karadeniz,morning,8,110.44,0,1,1,1,0
6406,49,M,mobile,marmara,afternoon,3,133.43,0,1,0,0,0
6407,21,F,desktop,marmara,afternoon,15,348.3,0,0,0,0,0
6408,21,M,tablet,marmara,morning,8,145.59,0,0,1,0,0
6409,34,F,desktop,ege,afternoon,1,139.85,1,0,0,1,0
6410,58,F,desktop,akdeniz,evening,4,61.56,0,0,0,1,0
6411,36,M,mobile,marmara,morning,8,222.38,1,0,0,0,0
6412,22,F,mobile,akdeniz,night,15,43.01,0,1,1,0,0
6413,49,F,desktop,marmara,afternoon,1,80.02,0,1,0,0,0
6414,39,M,mobile,marmara,evening,7,97.18,0,0,0,0,0
6415,23,F,tablet,karadeniz,afternoon,10,175.7,0,0,0,0,1
6416,52,F,desktop,guneydogu_anadolu,afternoon,6,79.36,1,1,0,0,0
6417,39,F,mobile,akdeniz,afternoon,15,280.86,0,1,0,0,0
6418,18,F,desktop,ege,evening,13,78.43,0,1,1,0,0
6419,37,F,mobile,guneydogu_anadolu,evening,9,304.36,0,0,1,1,1
6420,39,M,desktop,akdeniz,evening,9,116.45,1,0,0,0,1
6421,65,M,mobile,ic_anadolu,afternoon,9,172.46,0,0,0,0,0
6422,28,F,desktop,ege,morning,3,224.89,0,0,0,0,0
6423,30,F,mobile,marmara,afternoon,5,12.16,0,0,1,0,0
6424,59,M,tablet,ic_anadolu,afternoon,13,311.33,1,0,0,0,0
6425,20,M,tablet,ic_anadolu,morning,15,92.12,0,0,0,1,0
6426,26,F,desktop,akdeniz,morning,1,411.57,0,0,0,0,0
6427,29,M,desktop,marmara,afternoon,5,126.21,0,0,1,0,0
6428,40,M,mobile,karadeniz,morning,8,82.72,1,1,0,0,0
6429,31,F,mobile,marmara,afternoon,5,39.97,0,0,0,0,0
6430,50,F,tablet,ic_anadolu,evening,6,195.88,0,0,1,0,0
6431,35,F,mobile,ege,afternoon,12,234.61,0,0,0,0,0
6432,66,M,mobile,akdeniz,night,15,196.19,0,0,0,0,1
6433,58,M,desktop,marmara,morning,15,89.74,1,0,0,1,0
6434,26,M,mobile,ic_anadolu,morning,5,168.93,0,0,0,0,0
6435,40,F,desktop,marmara,evening,4,91.22,0,0,0,1,0
6436,27,M,desktop,akdeniz,night,5,148.99,0,0,1,0,0
6437,36,M,tablet,ege,evening,6,196.78,0,0,0,1,1
6438,64,M,mobile,guneydogu_anadolu,evening,6,158.54,0,0,0,0,0
6439,22,F,desktop,guneydogu_anadolu,evening,1,62.73,0,1,1,0,0
6440,64,M,desktop,karadeniz,evening,12,168.46,0,0,0,0,0
6441,69,F,desktop,guneydogu_anadolu,evening,8,74.75,0,0,0,0,0
6442,40,M,mobile,marmara,evening,3,88.61,0,1,0,0,1
6443,47,M,desktop,guneydogu_anadolu,morning,4,29.37,1,0,0,0,0
6444,42,F,tablet,marmara,night,8,80.51,0,1,0,0,0
6445,45,M,desktop,ege,morning,15,63.37,1,0,0,0,0
6446,51,F,mobile,marmara,night,5,129.26,1,0,0,1,0
6447,62,M,desktop,guneydogu_anadolu,morning,6,182.16,1,0,0,1,0
6448,65,F,desktop,ic_anadolu,afternoon,13,226.58,1,0,0,0,0
6449,64,M,mobile,ic_anadolu,night,13,88.51,0,1,0,0,0
6450,42,M,mobile,guneydogu_anadolu,morning,15,195.51,1,0,0,0,0
6451,27,F,desktop,ic_anadolu,evening,1,65.98,0,0,1,0,0
6452,31,M,mobile,ic_anadolu,afternoon,8,68.84,0,0,1,0,0
6453,59,F,mobile,marmara,morning,5,405.77,0,1,0,0,0
6454,63,F,desktop,dogu_anadolu,night,1,198.23,1,0,0,1,0
6455,47,M,desktop,guneydogu_anadolu,morning,7,28.34,1,0,0,1,0
6456,58,M,mobile,guneydogu_anadolu,evening,15,105.13,0,0,1,0,0
6457,42,M,mobile,marmara,afternoon,3,76.97,0,0,0,1,0
6458,31,M,desktop,marmara,evening,12,57.15,0,0,0,0,0
6459,52,M,desktop,ege,evening,6,67.83,1,0,0,1,1
6460,69,M,mobile,ege,evening,14,188.26,1,1,1,0,0
6461,65,M,tablet,ege,night,3,48.62,0,0,0,0,0
6462,51,F,mobile,ic_anadolu,morning,6,40.25,0,0,0,0,0
6463,27,F,desktop,karadeniz,evening,9,184.63,0,0,1,0,0
6464,52,F,mobile,guneydogu_anadolu,evening,7,159.77,0,0,1,0,0
6465,28,M,desktop,marmara,afternoon,1,101.95,0,0,0,1,0
6466,28,M,desktop,marmara,afternoon,6,27.43,0,0,1,0,0
6467,38,M,mobile,marmara,evening,4,119.55,0,0,1,0,0
6468,38,F,tablet,ege,evening,4,39.19,0,0,0,0,0
6469,39,M,mobile,ege,morning,15,67.53,0,0,0,0,0
6470,62,F,desktop,ege,morning,4,98.37,0,0,0,1,1
6471,24,M,mobile,guneydogu_anadolu,morning,9,190.13,0,0,1,0,0
6472,34,F,desktop,ege,afternoon,8,230.66,0,1,0,0,1
6473,19,F,desktop,akdeniz,morning,7,77.7,0,1,0,1,0
6474,29,M,tablet,ic_anadolu,afternoon,5,100.83,1,0,0,1,0
6475,59,M,tablet,ic_anadolu,afternoon,10,65.9,1,0,0,0,0
6476,35,F,desktop,ic_anadolu,night,11,111.1,0,0,0,0,0
6477,28,F,desktop,dogu_anadolu,evening,4,91.26,0,0,0,0,0
6478,33,F,desktop,ic_anadolu,morning,13,82.45,1,0,0,1,0
6479,66,F,mobile,dogu_anadolu,morning,4,131.99,0,0,0,0,0
6480,68,F,tablet,ege,evening,12,116.29,1,0,0,1,0
6481,35,M,desktop,marmara,evening,1,75.61,0,0,0,0,0
6482,52,M,mobile,karadeniz,evening,9,87.57,1,0,0,0,1
6483,70,F,desktop,ege,evening,15,74.29,1,0,0,1,0
6484,43,M,desktop,ic_anadolu,morning,8,159.54,0,1,0,0,0
6485,33,F,mobile,ic_anadolu,afternoon,2,70.33,0,0,0,1,0
6486,23,F,mobile,ege,evening,4,144.12,0,0,1,0,1
6487,61,F,desktop,akdeniz,morning,14,25.19,0,1,0,0,0
6488,60,M,desktop,dogu_anadolu,afternoon,1,186.16,0,0,0,1,0
6489,64,F,desktop,dogu_anadolu,morning,1,82.62,1,0,0,0,0
6490,64,F,mobile,ic_anadolu,afternoon,14,104.08,1,0,0,0,0
6491,65,F,desktop,karadeniz,afternoon,9,51.67,0,0,0,0,0
6492,59,F,mobile,dogu_anadolu,afternoon,7,60.77,0,0,0,0,0
6493,29,F,desktop,ic_anadolu,afternoon,15,93.84,1,0,1,0,0
6494,30,M,desktop,ege,evening,3,60.89,0,0,1,0,0
6495,21,M,mobile,marmara,night,2,180.27,0,0,1,0,0
6496,56,M,desktop,ege,evening,12,44.23,0,1,0,1,0
6497,19,F,mobile,marmara,evening,15,40.34,0,0,1,0,0
6498,43,F,mobile,marmara,morning,9,218.03,0,0,0,0,0
6499,44,F,mobile,guneydogu_anadolu,afternoon,8,228.03,0,1,1,0,1
6500,44,F,desktop,ic_anadolu,morning,15,39.96,1,0,0,1,0
6501,32,M,mobile,dogu_anadolu,morning,15,105.11,0,0,1,0,0
6502,25,F,desktop,ic_anadolu,afternoon,14,72.32,0,0,1,0,0
6503,24,F,tablet,ege,afternoon,6,57.59,0,0,0,0,1
6504,64,M,mobile,marmara,afternoon,4,162.08,1,1,1,0,0
6505,63,F,desktop,guneydogu_anadolu,night,11,183.11,0,0,1,1,0
6506,57,M,desktop,marmara,evening,15,64.65,1,0,0,0,0
6507,29,F,tablet,ic_anadolu,afternoon,1,154.39,0,0,1,0,0
6508,30,M,tablet,marmara,evening,6,483.1,0,0,1,0,1
6509,60,F,tablet,marmara,afternoon,1,120.28,0,1,1,1,0
6510,34,M,mobile,marmara,evening,12,121.72,1,0,0,0,1
6511,34,F,mobile,akdeniz,afternoon,6,117.43,0,0,0,0,0
6512,53,M,mobile,dogu_anadolu,morning,15,29.73,0,0,0,1,0
6513,38,F,desktop,ic_anadolu,evening,10,54.24,0,0,0,0,1
6514,25,M,desktop,ic_anadolu,afternoon,2,41.64,0,0,1,1,0
6515,22,F,mobile,dogu_anadolu,night,15,78.76,0,0,1,0,0
6516,43,F,mobile,ic_anadolu,morning,8,84.29,0,0,1,0,0
6517,33,M,mobile,dogu_anadolu,evening,14,79.62,0,0,1,0,0
6518,53,M,desktop,ege,afternoon,10,57.94,0,0,0,1,0
6519,45,F,mobile,dogu_anadolu,afternoon,2,293.42,0,0,0,0,0
6520,46,M,desktop,ic_anadolu,evening,2,167.53,0,0,0,1,0
6521,64,F,mobile,marmara,evening,7,91.25,0,0,0,0,1
6522,29,M,mobile,marmara,evening,4,72.57,0,0,0,0,0
6523,54,M,desktop,marmara,morning,6,135.05,0,0,0,0,0
6524,47,F,tablet,ege,afternoon,12,10.93,1,1,0,0,0
6525,40,M,mobile,karadeniz,morning,8,246.99,1,1,0,0,0
6526,33,M,tablet,ic_anadolu,afternoon,11,178.35,0,1,0,0,0
6527,31,F,desktop,guneydogu_anadolu,evening,10,386.52,0,0,1,0,0
6528,27,M,desktop,akdeniz,afternoon,3,33.43,0,1,0,0,0
6529,24,F,desktop,ic_anadolu,evening,5,70.41,1,0,0,0,0
6530,62,M,desktop,marmara,afternoon,5,202.69,0,0,0,1,0
6531,69,M,desktop,ic_anadolu,afternoon,10,146.65,1,0,0,0,0
6532,54,F,desktop,ic_anadolu,afternoon,9,78.52,0,0,0,0,0
6533,46,M,tablet,karadeniz,afternoon,7,226.29,0,0,1,1,0
6534,20,M,tablet,akdeniz,afternoon,13,181.33,0,0,0,1,0
6535,32,M,tablet,ic_anadolu,morning,9,60.02,0,0,0,1,0
6536,53,F,tablet,marmara,evening,8,179.6,0,0,0,0,0
6537,64,F,mobile,ic_anadolu,night,5,87.55,0,0,1,0,1
6538,63,M,mobile,karadeniz,evening,3,63.87,0,1,1,0,0
6539,69,F,desktop,ic_anadolu,evening,15,160.29,0,1,0,1,0
6540,36,F,desktop,marmara,afternoon,3,40.15,1,0,0,1,0
6541,30,M,mobile,ege,afternoon,6,87.5,0,0,1,1,0
6542,59,F,tablet,akdeniz,morning,11,81.41,0,0,0,1,0
6543,38,M,mobile,ic_anadolu,afternoon,12,192.03,0,0,0,0,0
6544,54,M,mobile,ege,night,10,23.25,0,0,0,0,0
6545,44,M,desktop,karadeniz,morning,4,105.06,0,0,0,0,0
6546,69,F,mobile,ege,afternoon,11,74.03,1,0,1,0,0
6547,46,F,mobile,marmara,evening,1,112.57,0,0,0,0,1
6548,37,F,tablet,karadeniz,afternoon,10,168.26,0,0,0,0,0
6549,42,M,tablet,ic_anadolu,evening,10,154.5,0,0,0,0,0
6550,23,F,mobile,karadeniz,evening,13,117.25,0,0,0,0,1
6551,53,M,desktop,ege,afternoon,9,150.45,0,0,0,1,1
6552,19,M,desktop,marmara,evening,6,40.19,0,0,0,0,0
6553,39,M,desktop,marmara,afternoon,1,46.44,0,0,0,0,0
6554,49,F,tablet,marmara,evening,3,204.83,0,0,0,1,1
6555,33,F,desktop,karadeniz,morning,11,159.27,0,0,0,0,0
6556,35,M,desktop,ege,morning,11,34.34,1,0,0,1,0
6557,22,F,desktop,guneydogu_anadolu,evening,13,84.18,0,1,0,0,0
6558,53,F,tablet,karadeniz,afternoon,1,97.97,0,0,0,0,0
6559,47,F,mobile,ic_anadolu,evening,13,130.36,0,0,0,0,0
6560,62,M,mobile,guneydogu_anadolu,afternoon,11,94.4,0,0,0,0,0
6561,36,M,desktop,ege,evening,4,101.6,1,0,0,0,0
6562,40,M,desktop,marmara,morning,2,86.89,0,0,0,1,0
6563,51,M,desktop,ic_anadolu,night,4,268.91,0,0,0,0,0
6564,30,F,mobile,marmara,afternoon,15,94.93,0,0,1,0,0
6565,60,M,tablet,guneydogu_anadolu,morning,2,121.4,0,0,0,0,0
6566,46,F,mobile,guneydogu_anadolu,evening,7,31.75,0,0,0,0,1
6567,53,M,desktop,dogu_anadolu,night,6,26.65,0,0,0,0,0
6568,39,F,mobile,guneydogu_anadolu,night,15,110.8,1,0,0,0,0
6569,69,F,mobile,ic_anadolu,morning,11,40.93,1,1,0,0,0
6570,69,M,desktop,ic_anadolu,evening,7,216.9,0,0,0,0,0
6571,64,F,desktop,marmara,afternoon,9,109.07,0,1,1,1,0
6572,53,M,mobile,karadeniz,evening,12,167.66,0,0,0,0,0
6573,26,F,mobile,marmara,afternoon,11,117.09,0,0,0,0,0
6574,56,F,tablet,karadeniz,afternoon,4,193.27,0,0,0,1,0
6575,68,F,tablet,guneydogu_anadolu,night,9,107.32,0,1,0,0,0
6576,36,M,desktop,marmara,evening,8,124.99,0,0,0,0,0
6577,55,F,mobile,marmara,evening,12,88.27,1,0,0,0,1
6578,23,M,desktop,akdeniz,evening,1,85.46,1,0,0,0,0
6579,69,F,mobile,karadeniz,evening,15,223.17,0,0,0,0,0
6580,64,F,mobile,karadeniz,morning,7,111.55,0,0,0,0,0
6581,32,F,mobile,ic_anadolu,evening,8,244.07,0,0,0,0,1
6582,37,M,tablet,karadeniz,evening,15,120.69,0,1,0,1,0
6583,26,M,mobile,marmara,afternoon,11,240.41,0,0,1,0,0
6584,49,F,tablet,ic_anadolu,evening,4,161.59,0,0,0,0,0
6585,21,M,desktop,ic_anadolu,evening,7,30.24,1,0,0,0,1
6586,67,M,desktop,marmara,night,11,191.31,1,0,0,0,0
6587,35,F,mobile,ege,afternoon,11,88.19,0,0,1,0,0
6588,22,M,tablet,dogu_anadolu,afternoon,11,193.73,0,0,0,0,0
6589,37,F,desktop,guneydogu_anadolu,night,11,120.7,1,0,1,0,0
6590,40,M,desktop,ic_anadolu,afternoon,10,141.79,1,0,1,1,0
6591,28,M,mobile,dogu_anadolu,evening,10,163.31,0,0,0,0,1
6592,54,F,mobile,marmara,night,7,263.15,0,0,0,0,0
6593,39,F,mobile,guneydogu_anadolu,evening,6,103.73,0,0,0,0,0
6594,21,M,mobile,marmara,night,15,187.09,0,1,0,0,1
6595,46,M,tablet,akdeniz,afternoon,5,40.65,0,0,1,1,0
6596,61,M,mobile,marmara,morning,6,356.03,0,0,0,0,0
6597,51,F,desktop,karadeniz,morning,7,188.09,0,0,0,1,0
6598,30,F,mobile,marmara,evening,5,28.69,0,0,1,0,1
6599,59,F,mobile,marmara,morning,9,48.43,0,0,1,0,0
6600,26,F,tablet,ege,evening,14,159.59,0,0,0,0,0
6601,59,M,desktop,marmara,morning,12,38.65,0,0,0,0,0
6602,48,M,desktop,marmara,night,11,258.78,1,1,0,0,0
6603,24,M,desktop,ic_anadolu,morning,9,85.92,1,0,0,0,0
6604,21,F,mobile,marmara,afternoon,15,228.52,0,0,1,0,0
6605,36,M,desktop,marmara,evening,7,140.49,0,0,0,0,0
6606,59,M,mobile,marmara,evening,11,92.79,0,0,1,0,0
6607,47,M,mobile,marmara,afternoon,4,166.02,0,0,0,0,0
6608,48,M,mobile,akdeniz,night,6,76.06,0,0,1,0,0
6609,52,M,mobile,ic_anadolu,afternoon,6,194.47,0,0,0,1,0
6610,38,M,tablet,akdeniz,morning,7,165.17,1,0,0,0,0
6611,48,F,mobile,marmara,evening,15,139.12,0,0,1,0,1
6612,36,F,desktop,ic_anadolu,evening,2,117.87,0,0,0,0,0
6613,48,M,desktop,akdeniz,afternoon,11,231.17,0,0,1,1,0
6614,70,F,mobile,ege,evening,6,211.93,1,0,1,0,0
6615,49,F,desktop,ege,afternoon,11,206.9,1,1,1,0,0
6616,19,F,mobile,marmara,morning,13,261.26,0,0,0,0,0
6617,69,M,tablet,marmara,morning,4,217.88,1,0,1,1,0
6618,27,M,mobile,ege,night,10,298.95,0,0,1,0,1
6619,19,F,desktop,marmara,evening,11,95.68,0,1,0,0,0
6620,19,M,desktop,ege,morning,9,152.79,1,0,1,1,0
6621,41,M,tablet,ic_anadolu,morning,1,326.25,0,0,0,0,0
6622,34,F,tablet,guneydogu_anadolu,afternoon,15,197.77,0,1,1,1,1
6623,49,F,mobile,ic_anadolu,evening,12,88.85,0,1,0,0,0
6624,33,M,desktop,ic_anadolu,morning,13,132.68,0,0,0,1,0
6625,33,F,mobile,ege,afternoon,15,185.88,0,1,0,0,0
6626,63,M,desktop,marmara,morning,3,195.59,1,0,0,1,1
6627,56,M,desktop,ege,evening,6,118.09,0,0,0,0,0
6628,70,F,desktop,ic_anadolu,morning,11,294.8,0,0,0,0,0
6629,48,M,mobile,ic_anadolu,morning,5,254.69,0,0,0,0,0
6630,60,F,desktop,karadeniz,evening,3,89.68,0,1,1,0,0
6631,41,F,desktop,marmara,afternoon,6,89.18,0,0,0,0,0
6632,18,F,desktop,marmara,evening,13,99.31,0,0,0,0,0
6633,28,F,mobile,akdeniz,morning,12,170.96,0,0,0,0,0
6634,38,M,mobile,akdeniz,afternoon,5,203.46,0,0,0,0,0
6635,21,M,desktop,marmara,morning,7,254.62,0,1,0,0,0
6636,24,M,tablet,ic_anadolu,evening,12,194.67,0,0,1,0,0
6637,43,F,mobile,ege,morning,1,360.48,0,0,0,1,0
6638,64,M,desktop,ic_anadolu,morning,9,99.15,1,0,0,1,0
6639,67,M,desktop,marmara,afternoon,15,263.12,1,0,0,1,0
6640,29,M,mobile,ic_anadolu,afternoon,14,123.85,0,0,0,0,0
6641,48,M,desktop,karadeniz,afternoon,10,27.45,1,0,0,0,0
6642,34,F,desktop,guneydogu_anadolu,evening,2,174.77,0,0,1,0,0
6643,50,F,mobile,dogu_anadolu,afternoon,6,116.04,1,0,0,0,0
6644,28,F,mobile,akdeniz,morning,7,106.88,0,1,1,0,1
6645,45,M,mobile,akdeniz,afternoon,6,64.51,1,0,0,0,0
6646,49,M,mobile,ege,morning,11,30.78,0,1,0,0,0
6647,18,F,tablet,marmara,morning,8,211.97,0,0,0,1,0
6648,64,F,desktop,marmara,morning,8,86.28,0,0,0,0,0
6649,45,F,desktop,marmara,morning,4,41.64,0,1,0,0,0
6650,70,M,tablet,ic_anadolu,evening,6,109.81,1,0,0,0,0
6651,59,F,mobile,ege,evening,9,180.53,1,0,0,1,0
6652,24,F,mobile,marmara,afternoon,8,39.13,0,0,1,0,0
6653,19,F,desktop,ic_anadolu,evening,13,24.78,0,1,1,1,0
6654,59,M,desktop,ic_anadolu,night,8,169.9,1,1,0,0,0
6655,41,M,desktop,ic_anadolu,afternoon,8,45.23,1,0,0,1,1
6656,21,M,mobile,ic_anadolu,afternoon,4,203.52,0,0,1,0,0
6657,61,F,desktop,marmara,night,7,28.17,0,0,0,0,0
6658,36,F,mobile,marmara,evening,5,56.16,0,0,0,1,0
6659,43,F,mobile,karadeniz,evening,9,143.08,0,0,1,0,0
6660,28,F,desktop,marmara,evening,2,253.23,0,0,1,0,0
6661,57,F,desktop,akdeniz,afternoon,1,58.74,1,0,0,0,0
6662,67,F,desktop,akdeniz,afternoon,11,156.36,0,0,0,0,0
6663,60,M,desktop,dogu_anadolu,evening,9,163.54,0,0,1,0,0
6664,28,F,desktop,akdeniz,afternoon,10,127.14,1,0,0,0,0
6665,62,F,desktop,ic_anadolu,evening,10,214.59,1,0,0,1,0
6666,20,M,mobile,ege,night,2,75.72,0,0,1,0,0
6667,29,M,mobile,guneydogu_anadolu,afternoon,12,197.46,0,0,1,0,0
6668,20,M,desktop,ic_anadolu,afternoon,1,65.57,0,0,1,0,0
6669,59,M,mobile,marmara,evening,11,209.11,1,0,1,0,0
6670,44,F,tablet,akdeniz,morning,12,234.79,1,0,0,1,0
6671,66,M,mobile,ege,night,14,62.4,0,0,0,1,0
6672,19,M,desktop,marmara,evening,3,33.17,0,0,0,1,0
6673,66,F,mobile,ege,morning,1,71.38,0,0,0,0,0
6674,33,F,mobile,karadeniz,afternoon,7,73.31,0,0,1,0,0
6675,19,F,tablet,akdeniz,evening,7,82.46,0,0,1,0,0
6676,47,F,tablet,ic_anadolu,morning,11,272.62,0,0,0,0,0
6677,37,F,desktop,ic_anadolu,morning,8,50.59,0,1,0,1,0
6678,55,F,mobile,ic_anadolu,afternoon,2,57.15,1,0,0,0,0
6679,45,F,tablet,ege,evening,7,211.49,0,1,0,0,0
6680,42,F,mobile,ege,morning,10,134.78,0,0,0,0,0
6681,49,F,mobile,marmara,evening,14,170.17,0,1,1,0,1
6682,27,F,desktop,marmara,afternoon,11,308.2,1,0,1,0,0
6683,59,F,desktop,guneydogu_anadolu,morning,10,17.36,1,1,0,0,0
6684,57,M,mobile,karadeniz,afternoon,7,94.12,0,0,0,0,0
6685,50,F,mobile,marmara,afternoon,12,203.13,1,0,1,1,0
6686,30,M,tablet,ege,night,14,350.26,0,1,1,0,0
6687,58,M,tablet,guneydogu_anadolu,night,3,76.11,0,1,0,1,0
6688,59,M,desktop,marmara,morning,9,103.54,0,1,0,1,1
6689,64,M,mobile,akdeniz,afternoon,2,327.3,0,1,0,0,1
6690,54,F,desktop,marmara,night,12,127.96,0,0,0,0,0
6691,33,F,mobile,ic_anadolu,afternoon,15,27.21,0,0,1,1,0
6692,62,M,mobile,guneydogu_anadolu,afternoon,3,116.08,0,0,1,1,0
6693,39,F,desktop,dogu_anadolu,morning,2,28.74,1,1,0,0,1
6694,37,M,desktop,akdeniz,evening,2,77.2,0,0,0,0,0
6695,67,M,desktop,ic_anadolu,afternoon,14,106.82,1,1,0,0,0
6696,60,F,desktop,akdeniz,evening,3,366.97,1,0,0,0,0
6697,44,F,tablet,marmara,afternoon,10,318.09,0,1,0,0,0
6698,58,M,desktop,marmara,morning,7,375.32,1,0,0,0,0
6699,33,F,desktop,guneydogu_anadolu,morning,13,72.32,0,0,0,0,0
6700,51,F,desktop,marmara,night,6,98.81,0,0,0,0,0
6701,49,M,tablet,ege,night,12,169.44,0,0,0,0,0
6702,43,M,desktop,akdeniz,evening,9,260.7,0,0,0,0,0
6703,42,F,desktop,guneydogu_anadolu,morning,10,162.48,1,0,0,0,0
6704,19,F,mobile,ic_anadolu,afternoon,15,112.48,0,0,1,0,0
6705,29,M,desktop,ic_anadolu,afternoon,11,131.38,1,1,1,0,0
6706,57,M,desktop,akdeniz,afternoon,10,146.74,1,0,1,0,0
6707,26,M,mobile,ic_anadolu,night,14,223.57,1,0,0,0,0
6708,29,M,desktop,ic_anadolu,morning,3,48.35,1,0,1,0,0
6709,43,F,tablet,dogu_anadolu,evening,13,51.19,0,0,0,0,1
6710,26,F,mobile,akdeniz,afternoon,5,224.5,0,1,0,1,0
6711,27,M,mobile,ege,afternoon,15,40.8,0,0,0,0,0
6712,49,M,desktop,karadeniz,evening,9,171.22,0,0,0,1,0
6713,51,F,mobile,karadeniz,afternoon,3,65.22,0,0,0,1,0
6714,65,F,mobile,marmara,morning,13,163.86,0,0,0,0,1
6715,37,M,desktop,marmara,afternoon,8,91.47,0,1,0,0,0
6716,56,F,desktop,guneydogu_anadolu,night,9,76.49,0,1,0,0,0
6717,19,M,mobile,ege,afternoon,13,210.53,0,1,1,0,0
6718,18,F,mobile,akdeniz,morning,15,132.08,0,0,1,0,0
6719,68,F,tablet,ege,evening,11,107.74,0,0,0,0,0
6720,53,F,mobile,akdeniz,morning,9,34.05,1,0,0,0,0
6721,41,M,mobile,ic_anadolu,afternoon,13,95.21,1,1,0,0,0
6722,44,M,desktop,akdeniz,afternoon,6,114.53,0,0,0,0,0
6723,19,M,mobile,ege,afternoon,13,92.2,0,0,0,0,0
6724,48,M,tablet,marmara,afternoon,11,204.95,1,1,0,0,0
6725,31,F,mobile,dogu_anadolu,evening,6,108.72,0,0,0,0,0
6726,19,F,desktop,dogu_anadolu,morning,6,281.9,0,1,1,0,0
6727,46,M,desktop,karadeniz,afternoon,5,95.76,0,0,0,0,0
6728,32,M,desktop,ic_anadolu,morning,7,157.13,1,0,0,0,0
6729,29,M,mobile,akdeniz,afternoon,8,92.73,0,1,1,0,0
6730,54,M,tablet,dogu_anadolu,morning,7,173.05,0,0,0,0,0
6731,45,F,desktop,karadeniz,afternoon,3,92.74,1,0,0,0,0
6732,37,F,desktop,karadeniz,afternoon,11,81.63,0,1,1,0,0
6733,56,M,mobile,ege,morning,7,81.09,0,0,0,0,0
6734,41,F,tablet,ege,afternoon,9,110.6,0,0,1,1,0
6735,38,F,mobile,ic_anadolu,afternoon,9,110.42,0,0,1,0,0
6736,27,M,desktop,ege,afternoon,4,85.24,1,0,0,0,0
6737,63,F,desktop,akdeniz,afternoon,9,204.7,0,0,0,1,0
6738,31,M,mobile,ic_anadolu,afternoon,4,34.63,0,0,1,0,0
6739,54,F,mobile,ege,evening,10,83.99,1,0,1,0,0
6740,35,M,desktop,karadeniz,evening,2,105.03,0,0,0,0,0
6741,41,M,mobile,marmara,afternoon,6,306.51,0,0,1,0,0
6742,31,M,mobile,ic_anadolu,night,8,170.98,0,0,0,0,1
6743,51,F,mobile,marmara,night,2,100.04,0,0,0,0,0
6744,29,F,desktop,guneydogu_anadolu,morning,9,55.55,0,0,0,1,0
6745,39,F,tablet,ege,morning,6,90.22,0,1,0,1,0
6746,23,F,mobile,karadeniz,evening,8,145.14,1,0,0,0,0
6747,53,M,mobile,akdeniz,morning,6,128.09,0,0,0,1,0
6748,62,F,mobile,marmara,evening,3,140.34,0,0,0,0,0
6749,53,F,tablet,ic_anadolu,night,4,286.81,1,1,0,0,0
6750,39,F,mobile,dogu_anadolu,evening,1,100.06,0,0,0,0,0
6751,31,M,mobile,marmara,morning,3,23.67,1,0,0,0,0
6752,33,F,desktop,ege,evening,8,50.23,0,0,0,1,0
6753,53,M,desktop,ege,afternoon,1,47.43,1,0,0,0,0
6754,42,M,desktop,marmara,night,5,308.4,0,1,1,0,0
6755,49,M,tablet,guneydogu_anadolu,afternoon,10,46.31,0,1,0,0,0
6756,50,M,tablet,ege,afternoon,9,228.32,1,0,0,0,0
6757,62,F,desktop,ic_anadolu,evening,3,326.97,1,0,0,0,0
6758,53,M,desktop,marmara,morning,10,119.11,1,1,0,1,0
6759,37,M,desktop,marmara,morning,2,85.14,1,1,0,1,0
6760,35,M,tablet,marmara,morning,5,120.47,0,0,0,0,0
6761,55,M,desktop,ege,afternoon,12,20.25,1,1,0,0,0
6762,20,F,mobile,akdeniz,night,14,108.56,0,0,1,0,0
6763,40,F,tablet,marmara,afternoon,2,58.93,0,0,0,0,0
6764,49,M,mobile,karadeniz,morning,10,149.54,0,0,0,0,0
6765,62,M,mobile,akdeniz,evening,2,114.77,0,0,0,0,0
6766,33,F,mobile,marmara,morning,12,63.53,0,0,0,0,0
6767,22,F,mobile,marmara,afternoon,9,59.3,0,0,1,0,0
6768,21,F,mobile,marmara,afternoon,13,186.31,0,0,0,1,0
6769,38,M,desktop,marmara,afternoon,10,117.65,1,1,0,0,1
6770,57,M,tablet,akdeniz,morning,11,100.55,0,1,0,0,0
6771,68,M,mobile,dogu_anadolu,morning,9,90.11,1,0,1,1,0
6772,31,F,desktop,dogu_anadolu,evening,1,70.38,1,0,0,1,0
6773,56,F,desktop,karadeniz,morning,4,84.31,1,0,0,1,0
6774,48,F,desktop,ege,evening,5,69.37,0,0,0,1,0
6775,31,F,mobile,ege,evening,12,175.37,0,0,0,0,0
6776,23,M,desktop,guneydogu_anadolu,morning,2,237.96,0,0,0,0,0
6777,29,F,mobile,ic_anadolu,night,11,131.31,0,1,1,0,0
6778,33,M,desktop,ege,morning,9,62.18,1,0,0,1,0
6779,34,M,desktop,ege,evening,9,92.0,0,1,1,0,0
6780,62,M,mobile,ege,afternoon,11,23.7,0,0,1,0,0
6781,40,F,mobile,ic_anadolu,morning,8,334.84,0,1,0,1,1
6782,31,F,tablet,dogu_anadolu,night,6,119.77,0,0,1,1,0
6783,24,F,mobile,marmara,night,1,208.42,0,0,0,0,0
6784,63,M,desktop,marmara,afternoon,14,81.26,0,0,0,0,0
6785,49,M,mobile,ege,afternoon,10,66.06,1,1,0,0,1
6786,32,F,desktop,marmara,night,5,208.28,0,0,0,0,0
6787,61,F,desktop,akdeniz,evening,8,129.91,0,1,0,0,0
6788,34,M,desktop,ic_anadolu,morning,12,344.09,1,1,0,0,0
6789,58,M,mobile,ege,afternoon,15,61.72,0,0,0,0,0
6790,64,M,desktop,ic_anadolu,evening,4,72.55,0,0,0,0,0
6791,61,F,desktop,ege,evening,8,143.06,0,0,0,0,0
6792,51,F,desktop,ic_anadolu,night,6,59.6,0,1,0,0,0
6793,22,F,desktop,ic_anadolu,afternoon,1,72.69,1,1,1,0,0
6794,62,F,desktop,marmara,evening,1,60.62,1,0,0,0,0
6795,44,M,desktop,ic_anadolu,morning,3,304.75,1,0,1,0,0
6796,69,F,desktop,ege,evening,1,66.77,0,0,0,1,0
6797,40,F,desktop,ege,afternoon,4,152.46,1,0,0,0,0
6798,57,M,desktop,marmara,morning,3,28.11,0,0,0,0,0
6799,31,F,mobile,ege,evening,7,126.62,0,0,1,1,1
6800,32,M,mobile,karadeniz,morning,11,75.4,0,0,1,0,0
6801,60,F,mobile,marmara,afternoon,10,191.06,1,1,0,0,0
6802,50,M,tablet,ic_anadolu,afternoon,15,245.04,0,0,0,0,0
6803,70,F,desktop,dogu_anadolu,evening,7,116.19,0,1,0,0,0
6804,48,M,desktop,ege,afternoon,11,177.83,0,0,0,0,0
6805,52,F,mobile,marmara,morning,7,54.02,1,0,1,0,0
6806,34,F,mobile,marmara,morning,2,219.17,1,0,0,1,1
6807,45,M,tablet,marmara,evening,5,36.59,0,1,0,0,0
6808,36,F,tablet,marmara,morning,1,188.6,0,0,0,0,0
6809,63,F,desktop,ic_anadolu,evening,6,156.48,1,0,0,0,0
6810,40,M,tablet,marmara,night,13,288.82,0,0,1,0,0
6811,49,M,tablet,ic_anadolu,afternoon,8,76.48,0,0,1,0,0
6812,57,F,desktop,marmara,evening,7,42.31,0,1,0,0,0
6813,30,F,tablet,marmara,afternoon,1,96.49,0,0,0,0,0
6814,37,F,desktop,marmara,afternoon,8,78.25,0,0,0,1,0
6815,52,F,mobile,marmara,morning,12,96.06,1,0,1,1,0
6816,22,M,desktop,marmara,afternoon,14,153.7,0,0,0,0,0
6817,26,M,desktop,ic_anadolu,night,14,74.9,1,0,0,0,0
6818,46,F,mobile,ic_anadolu,night,15,96.91,0,0,1,1,1
6819,23,M,desktop,marmara,night,9,152.95,0,0,1,0,1
6820,42,M,mobile,ic_anadolu,night,13,125.78,0,1,1,1,0
6821,48,M,mobile,marmara,morning,11,118.75,0,0,0,1,0
6822,39,F,desktop,marmara,morning,14,102.12,0,0,0,0,0
6823,19,F,desktop,karadeniz,afternoon,2,197.92,0,0,0,0,0
6824,62,M,mobile,dogu_anadolu,evening,1,95.81,0,0,1,1,1
6825,22,F,mobile,karadeniz,afternoon,6,32.36,0,0,0,0,0
6826,44,F,mobile,marmara,night,13,236.13,0,0,1,0,0
6827,42,F,mobile,guneydogu_anadolu,evening,5,40.64,0,0,1,0,0
6828,25,F,mobile,ic_anadolu,evening,14,156.5,1,0,1,0,0
6829,18,M,desktop,akdeniz,morning,7,184.24,0,0,0,0,0
6830,37,M,mobile,guneydogu_anadolu,morning,5,135.25,1,0,0,0,0
6831,61,F,tablet,karadeniz,afternoon,3,83.07,0,1,0,0,0
6832,40,F,mobile,ic_anadolu,night,15,247.99,0,1,0,0,0
6833,49,M,mobile,karadeniz,afternoon,10,39.14,0,1,0,0,0
6834,28,F,mobile,ege,evening,8,60.07,0,0,1,1,0
6835,56,M,mobile,ic_anadolu,night,7,161.2,0,0,0,0,0
6836,64,M,mobile,marmara,morning,5,78.53,1,0,1,0,0
6837,41,F,mobile,guneydogu_anadolu,morning,1,68.84,0,1,0,0,0
6838,28,M,mobile,ic_anadolu,afternoon,11,176.03,0,0,0,1,0
6839,46,M,desktop,karadeniz,afternoon,3,190.31,1,0,0,1,0
6840,43,F,mobile,ege,night,15,226.75,0,0,1,0,0
6841,33,F,tablet,karadeniz,morning,9,44.39,0,0,0,0,0
6842,52,M,desktop,ege,afternoon,1,79.15,0,1,0,1,0
6843,37,F,tablet,ic_anadolu,afternoon,15,290.55,0,0,0,1,0
6844,63,M,desktop,karadeniz,afternoon,5,22.16,1,0,0,1,0
6845,20,M,desktop,marmara,morning,4,500.0,1,0,0,0,1
6846,18,F,mobile,ege,evening,12,59.77,0,0,1,0,1
6847,70,F,mobile,akdeniz,afternoon,15,241.56,1,0,0,1,1
6848,64,F,mobile,ege,evening,8,178.71,0,0,0,0,0
6849,18,F,desktop,ege,afternoon,2,95.91,0,1,1,0,0
6850,34,M,desktop,marmara,afternoon,4,174.52,1,0,0,0,0
6851,19,M,mobile,marmara,night,10,35.35,0,0,1,0,0
6852,46,M,desktop,karadeniz,morning,14,176.64,1,0,0,1,0
6853,37,F,mobile,dogu_anadolu,morning,15,150.22,0,0,1,0,0
6854,23,M,mobile,ic_anadolu,afternoon,13,239.2,0,0,1,0,0
6855,25,M,mobile,marmara,evening,6,127.12,0,0,1,0,0
6856,46,M,desktop,karadeniz,afternoon,15,99.39,0,1,1,0,0
6857,65,F,desktop,akdeniz,afternoon,8,156.4,1,0,0,1,0
6858,68,M,desktop,karadeniz,morning,2,144.95,1,0,0,0,0
6859,50,M,desktop,ege,morning,12,80.0,0,0,0,0,0
6860,20,F,mobile,marmara,morning,12,109.57,0,0,0,0,0
6861,52,M,mobile,ic_anadolu,night,9,190.3,1,0,0,0,0
6862,22,F,desktop,ege,evening,12,164.45,0,0,1,1,0
6863,44,F,desktop,dogu_anadolu,morning,7,40.69,0,0,0,0,0
6864,61,M,desktop,ic_anadolu,morning,7,72.54,1,0,0,0,0
6865,29,F,mobile,ege,morning,2,80.84,0,1,0,0,0
6866,37,M,desktop,ic_anadolu,afternoon,8,146.46,0,0,0,1,0
6867,62,M,tablet,akdeniz,evening,9,148.08,0,1,0,0,0
6868,37,F,desktop,marmara,afternoon,10,99.82,0,0,0,0,0
6869,26,F,desktop,ege,morning,11,75.81,1,0,0,0,0
6870,56,M,desktop,marmara,afternoon,12,121.67,1,0,0,1,0
6871,21,M,mobile,marmara,morning,5,42.56,0,0,1,0,0
6872,68,M,mobile,marmara,afternoon,15,300.89,0,1,0,0,0
6873,36,M,mobile,marmara,evening,4,109.27,0,0,0,0,0
6874,55,F,desktop,marmara,afternoon,14,231.8,0,0,0,0,0
6875,44,F,desktop,karadeniz,morning,3,160.29,1,0,0,0,0
6876,62,M,desktop,marmara,afternoon,13,183.23,1,1,0,0,0
6877,60,M,mobile,ege,evening,13,255.58,0,0,1,0,1
6878,30,F,desktop,ege,morning,6,153.26,1,0,0,0,0
6879,30,M,mobile,marmara,morning,15,236.85,0,0,1,0,0
6880,39,M,desktop,guneydogu_anadolu,afternoon,1,189.4,0,0,0,0,0
6881,45,M,desktop,ic_anadolu,afternoon,10,99.03,1,0,0,0,0
6882,69,F,mobile,karadeniz,morning,12,93.62,0,0,1,0,0
6883,64,M,desktop,akdeniz,morning,9,141.67,1,1,0,0,0
6884,70,M,mobile,ic_anadolu,morning,6,116.24,1,0,0,0,0
6885,62,M,desktop,guneydogu_anadolu,afternoon,9,85.72,0,0,0,0,1
6886,39,M,desktop,ege,morning,3,102.11,1,0,0,1,0
6887,60,M,tablet,akdeniz,evening,10,110.16,0,1,0,0,1
6888,36,M,desktop,akdeniz,afternoon,13,86.58,1,0,0,0,0
6889,25,M,mobile,guneydogu_anadolu,afternoon,4,225.8,0,0,1,0,1
6890,69,F,mobile,marmara,afternoon,10,27.92,1,0,0,1,0
6891,25,F,desktop,ic_anadolu,evening,13,196.4,0,0,1,0,0
6892,59,M,tablet,marmara,night,7,257.65,0,0,0,0,0
6893,43,F,desktop,dogu_anadolu,evening,15,442.0,0,0,0,0,0
6894,65,F,mobile,ic_anadolu,afternoon,9,219.8,1,0,1,0,0
6895,68,F,mobile,dogu_anadolu,evening,5,69.69,0,0,0,0,0
6896,43,F,tablet,dogu_anadolu,afternoon,11,73.01,0,0,0,0,0
6897,40,F,mobile,akdeniz,afternoon,15,215.76,0,0,0,1,1
6898,60,F,mobile,ic_anadolu,morning,15,160.19,1,0,0,0,0
6899,30,M,mobile,ic_anadolu,afternoon,10,105.17,0,0,1,0,0
6900,45,M,desktop,akdeniz,morning,11,92.17,1,1,0,0,1
6901,26,M,mobile,ege,morning,14,192.67,0,0,0,0,0
6902,37,F,desktop,marmara,morning,2,26.54,1,1,0,1,0
6903,36,M,mobile,ege,night,3,75.55,0,0,1,1,1
6904,65,M,mobile,guneydogu_anadolu,morning,2,97.32,0,0,0,0,0
6905,56,M,tablet,marmara,afternoon,2,258.46,1,1,1,0,0
6906,68,F,mobile,karadeniz,night,12,110.02,1,0,1,0,0
6907,29,F,mobile,marmara,evening,11,42.45,0,1,1,0,0
6908,32,M,desktop,akdeniz,afternoon,6,111.64,1,0,0,0,0
6909,48,M,desktop,marmara,evening,8,40.02,0,1,0,0,1
6910,31,M,mobile,akdeniz,afternoon,5,54.46,1,0,1,1,0
6911,28,M,mobile,marmara,morning,14,215.02,0,0,1,1,1
6912,43,F,mobile,ic_anadolu,evening,7,48.91,0,0,1,1,0
6913,59,M,mobile,ic_anadolu,morning,10,87.51,0,0,0,0,0
6914,44,F,desktop,karadeniz,evening,9,188.49,0,0,0,0,0
6915,28,M,mobile,ic_anadolu,morning,10,177.88,0,0,1,0,0
6916,55,M,desktop,dogu_anadolu,evening,7,217.47,0,1,0,0,0
6917,51,M,desktop,karadeniz,afternoon,4,95.37,1,0,0,0,0
6918,60,F,desktop,marmara,night,3,107.77,1,0,0,1,0
6919,36,F,mobile,marmara,afternoon,8,228.46,1,0,0,1,1
6920,23,M,mobile,marmara,night,2,270.42,0,0,0,0,0
6921,63,M,desktop,ege,afternoon,7,94.06,0,0,0,0,0
6922,69,M,mobile,akdeniz,evening,6,141.3,0,0,0,0,0
6923,55,M,desktop,guneydogu_anadolu,evening,3,134.1,1,0,0,0,0
6924,66,F,mobile,akdeniz,morning,14,105.66,1,1,0,1,0
6925,59,M,mobile,karadeniz,evening,4,181.34,0,0,1,1,0
6926,45,M,desktop,marmara,morning,2,260.58,1,1,0,1,0
6927,18,M,tablet,marmara,afternoon,1,215.2,1,1,1,0,0
6928,52,F,desktop,karadeniz,evening,11,22.44,0,0,0,0,0
6929,57,M,mobile,marmara,night,7,100.2,0,0,0,0,0
6930,25,F,mobile,dogu_anadolu,afternoon,13,65.33,0,0,0,0,0
6931,69,M,desktop,marmara,afternoon,7,61.39,1,0,0,0,0
6932,64,M,mobile,dogu_anadolu,afternoon,7,34.68,0,0,1,0,1
6933,24,F,desktop,karadeniz,evening,6,114.99,0,0,1,0,0
6934,28,F,tablet,ic_anadolu,night,11,31.79,0,0,0,0,0
6935,56,M,desktop,dogu_anadolu,evening,15,73.96,0,1,1,0,1
6936,21,M,desktop,ege,afternoon,10,180.18,0,0,0,0,0
6937,42,F,mobile,marmara,morning,7,178.78,1,0,0,0,0
6938,29,F,desktop,marmara,morning,11,141.2,0,0,1,0,0
6939,43,M,mobile,marmara,evening,8,287.85,0,0,0,0,1
6940,55,M,tablet,ege,night,15,355.94,1,0,0,0,0
6941,63,F,mobile,dogu_anadolu,evening,8,111.43,0,0,0,0,0
6942,29,M,desktop,marmara,night,5,500.0,0,0,1,0,0
6943,60,F,mobile,dogu_anadolu,afternoon,2,259.7,0,0,0,0,0
6944,68,F,tablet,dogu_anadolu,evening,7,76.56,1,0,0,0,0
6945,70,F,desktop,ic_anadolu,afternoon,2,209.2,0,1,0,0,0
6946,54,M,mobile,dogu_anadolu,afternoon,11,77.69,0,0,0,0,0
6947,63,F,desktop,karadeniz,evening,15,307.67,1,0,1,0,0
6948,70,M,tablet,akdeniz,afternoon,5,214.22,0,0,0,1,0
6949,41,F,mobile,ic_anadolu,evening,8,197.28,0,0,1,0,1
6950,33,M,mobile,ic_anadolu,evening,7,76.43,1,0,1,0,0
6951,30,M,tablet,marmara,evening,9,53.26,0,0,1,0,1
6952,42,M,desktop,marmara,evening,5,44.52,0,1,0,0,0
6953,69,M,desktop,akdeniz,afternoon,6,170.53,1,1,0,1,0
6954,21,M,desktop,marmara,afternoon,10,131.69,0,1,1,0,0
6955,28,M,desktop,guneydogu_anadolu,morning,14,68.53,0,0,0,1,1
6956,49,F,mobile,akdeniz,morning,13,222.93,0,0,1,1,0
6957,66,F,mobile,ege,afternoon,12,174.81,0,0,0,1,0
6958,24,M,desktop,marmara,morning,6,121.64,0,0,1,0,1
6959,63,F,mobile,ege,afternoon,1,182.47,1,0,0,0,0
6960,28,F,mobile,ege,afternoon,12,182.24,0,0,0,1,0
6961,45,M,desktop,marmara,morning,7,107.53,0,0,0,0,0
6962,58,F,desktop,guneydogu_anadolu,afternoon,15,92.09,0,0,0,1,0
6963,40,M,mobile,marmara,afternoon,10,173.22,0,0,0,0,0
6964,62,F,mobile,ic_anadolu,morning,15,182.52,0,0,0,0,0
6965,40,M,tablet,marmara,afternoon,7,79.26,0,1,0,0,0
6966,67,M,desktop,dogu_anadolu,afternoon,4,304.67,0,0,0,1,0
6967,45,M,mobile,ic_anadolu,afternoon,6,158.28,0,0,0,0,1
6968,60,F,mobile,ic_anadolu,afternoon,12,90.64,0,0,0,0,0
6969,64,M,desktop,karadeniz,afternoon,6,90.12,1,0,0,0,0
6970,43,M,desktop,ic_anadolu,morning,3,59.79,0,0,0,0,0
6971,42,M,desktop,marmara,morning,14,136.65,0,0,0,0,0
6972,46,M,desktop,ege,evening,14,68.37,0,0,0,0,0
6973,36,F,desktop,marmara,afternoon,15,115.47,1,0,0,0,1
6974,50,M,mobile,akdeniz,evening,12,167.7,0,0,0,1,0
6975,53,M,mobile,ege,afternoon,8,107.41,0,0,0,0,0
6976,31,F,mobile,karadeniz,night,12,133.42,0,0,1,0,0
6977,31,M,desktop,marmara,afternoon,11,149.38,0,1,0,1,0
6978,52,M,mobile,marmara,evening,6,92.16,0,0,0,0,0
6979,47,M,mobile,guneydogu_anadolu,morning,10,196.06,0,0,0,0,0
6980,45,F,tablet,guneydogu_anadolu,afternoon,8,186.27,0,1,0,1,0
6981,34,M,tablet,guneydogu_anadolu,afternoon,5,152.71,0,1,0,1,0
6982,20,M,mobile,akdeniz,morning,15,215.84,0,0,1,0,0
6983,33,M,mobile,marmara,morning,10,41.68,1,0,0,0,1
6984,63,M,desktop,dogu_anadolu,night,9,86.71,1,0,0,0,0
6985,47,M,desktop,marmara,night,4,90.23,0,0,0,0,0
6986,69,M,mobile,marmara,evening,1,359.86,0,0,0,0,0
6987,46,M,mobile,marmara,evening,10,113.99,0,0,0,0,1
6988,62,F,mobile,ic_anadolu,morning,7,44.03,0,0,0,1,0
6989,32,F,mobile,marmara,evening,13,244.73,0,0,0,1,0
6990,63,F,mobile,karadeniz,afternoon,8,36.13,0,1,0,0,0
6991,42,F,desktop,marmara,afternoon,5,374.56,1,1,0,0,0
6992,68,F,desktop,marmara,evening,5,95.94,1,0,1,0,0
6993,55,F,desktop,ege,morning,1,176.58,0,0,0,1,1
6994,59,M,mobile,ege,evening,15,303.16,0,1,0,0,0
6995,64,F,mobile,guneydogu_anadolu,afternoon,3,132.59,0,0,0,0,0
6996,70,F,tablet,guneydogu_anadolu,afternoon,1,342.66,0,0,0,1,1
6997,69,F,mobile,marmara,night,8,176.37,0,0,0,0,0
6998,55,M,desktop,guneydogu_anadolu,evening,5,99.0,1,0,0,0,0
6999,40,F,desktop,ic_anadolu,morning,12,212.74,0,0,0,1,0
7000,42,F,mobile,ege,evening,4,27.22,0,0,1,0,0
7001,59,F,tablet,ic_anadolu,afternoon,14,91.17,0,1,0,0,0
7002,24,M,desktop,dogu_anadolu,morning,7,74.23,1,0,0,0,0
7003,39,M,mobile,marmara,evening,9,109.01,0,0,0,0,0
7004,34,M,desktop,marmara,morning,6,130.37,0,0,0,0,0
7005,35,F,desktop,ege,morning,14,85.41,0,0,0,1,0
7006,66,M,tablet,marmara,morning,9,154.46,0,1,0,1,0
7007,58,M,desktop,ege,afternoon,6,48.35,1,0,0,0,0
7008,27,F,mobile,ic_anadolu,morning,10,206.19,0,0,1,0,1
7009,27,F,desktop,karadeniz,evening,9,89.54,0,0,0,0,0
7010,24,F,mobile,ege,afternoon,7,304.26,0,0,1,0,0
7011,65,M,mobile,marmara,afternoon,15,45.26,0,0,0,0,0
7012,67,F,tablet,karadeniz,morning,9,67.81,1,0,0,1,0
7013,55,F,desktop,ege,afternoon,13,42.5,0,0,1,0,0
7014,44,F,desktop,karadeniz,afternoon,14,89.94,0,0,0,1,0
7015,69,M,mobile,guneydogu_anadolu,afternoon,4,51.51,1,0,1,0,0
7016,50,M,desktop,guneydogu_anadolu,morning,5,380.06,1,0,0,0,0
7017,18,M,mobile,ic_anadolu,morning,12,154.36,0,0,1,0,0
7018,61,M,mobile,ege,morning,5,54.26,0,0,0,0,0
7019,70,M,desktop,marmara,evening,15,102.67,1,0,0,0,0
7020,51,F,mobile,ic_anadolu,morning,15,84.13,0,0,0,0,0
7021,21,F,mobile,guneydogu_anadolu,afternoon,10,79.3,0,0,0,0,1
7022,34,M,tablet,marmara,afternoon,14,191.31,0,0,0,1,0
7023,21,M,desktop,marmara,night,8,182.89,0,0,1,0,0
7024,60,M,desktop,karadeniz,evening,15,64.37,0,0,0,0,0
7025,43,F,desktop,marmara,night,11,260.17,1,0,0,1,1
7026,21,F,desktop,marmara,evening,13,166.92,0,0,0,0,0
7027,18,F,desktop,dogu_anadolu,evening,13,47.33,1,1,0,0,0
7028,24,M,tablet,marmara,evening,11,137.75,0,0,0,0,0
7029,47,M,desktop,marmara,afternoon,7,93.77,0,0,0,0,0
7030,67,M,desktop,akdeniz,afternoon,2,253.96,0,0,0,1,0
7031,26,M,desktop,karadeniz,afternoon,11,135.29,0,1,1,0,0
7032,52,F,desktop,ege,afternoon,2,209.93,1,0,0,0,0
7033,25,F,desktop,ege,evening,7,248.76,0,0,1,0,0
7034,41,F,mobile,ic_anadolu,morning,12,181.18,0,0,0,0,0
7035,36,M,mobile,akdeniz,morning,13,35.73,0,0,0,0,0
7036,53,F,desktop,marmara,evening,10,119.63,1,0,0,0,0
7037,67,M,desktop,marmara,evening,4,422.3,0,0,1,1,0
7038,69,M,mobile,ic_anadolu,evening,7,153.58,1,0,0,0,0
7039,60,F,desktop,karadeniz,night,9,116.78,1,0,0,0,0
7040,44,F,desktop,karadeniz,morning,10,75.59,1,1,1,0,0
7041,49,F,tablet,ic_anadolu,morning,11,309.13,1,0,0,1,0
7042,31,M,mobile,karadeniz,afternoon,4,83.42,0,0,0,1,0
7043,35,F,mobile,marmara,evening,15,21.77,0,0,0,0,0
7044,45,F,tablet,dogu_anadolu,morning,7,270.06,1,0,0,0,0
7045,46,M,mobile,dogu_anadolu,morning,9,203.55,1,0,0,0,0
7046,33,M,mobile,akdeniz,morning,15,188.07,1,0,1,0,0
7047,52,M,tablet,marmara,afternoon,1,180.45,1,1,0,0,0
7048,64,M,desktop,ic_anadolu,afternoon,10,231.62,1,0,0,0,0
7049,48,M,tablet,akdeniz,evening,11,137.07,0,0,0,1,0
7050,21,M,desktop,marmara,evening,2,182.33,0,0,0,0,1
7051,54,F,desktop,ic_anadolu,evening,13,121.0,0,0,0,0,1
7052,34,F,mobile,karadeniz,afternoon,9,141.12,0,0,0,0,1
7053,56,M,tablet,karadeniz,evening,13,110.58,1,0,0,1,0
7054,65,M,mobile,marmara,afternoon,7,80.7,0,0,0,0,1
7055,63,M,desktop,marmara,afternoon,4,89.55,1,0,0,1,0
7056,43,M,mobile,ic_anadolu,afternoon,7,334.76,0,0,1,1,0
7057,65,M,mobile,dogu_anadolu,evening,6,86.77,0,0,0,0,0
7058,56,F,desktop,akdeniz,afternoon,1,132.97,0,0,0,0,0
7059,58,F,tablet,ic_anadolu,morning,9,78.53,1,0,1,0,0
7060,21,F,desktop,marmara,morning,8,295.87,0,0,0,0,0
7061,47,M,desktop,ic_anadolu,morning,3,40.46,0,0,0,0,0
7062,47,F,desktop,guneydogu_anadolu,morning,10,58.3,1,0,0,0,0
7063,39,F,desktop,ic_anadolu,afternoon,3,145.94,1,0,1,1,0
7064,28,F,mobile,dogu_anadolu,afternoon,3,102.25,0,1,1,0,0
7065,19,F,desktop,akdeniz,morning,7,409.34,1,0,1,1,0
7066,61,F,mobile,karadeniz,afternoon,2,72.91,1,1,1,1,0
7067,29,F,desktop,marmara,night,9,347.24,0,0,0,0,0
7068,47,M,mobile,marmara,morning,5,93.2,1,0,1,0,0
7069,53,F,mobile,marmara,morning,7,228.66,0,0,0,1,0
7070,35,F,desktop,akdeniz,afternoon,8,119.76,0,0,0,0,0
7071,43,M,mobile,ege,evening,7,41.25,0,1,1,0,1
7072,70,M,mobile,ic_anadolu,evening,8,228.04,1,0,1,0,0
7073,24,F,mobile,dogu_anadolu,afternoon,6,263.36,0,0,0,0,0
7074,18,F,mobile,ic_anadolu,evening,15,279.15,0,0,1,0,0
7075,43,M,mobile,marmara,evening,10,66.18,0,0,0,0,0
7076,40,F,tablet,guneydogu_anadolu,night,2,262.94,0,0,0,1,1
7077,43,F,desktop,akdeniz,afternoon,3,202.94,0,0,0,0,0
7078,62,F,mobile,ic_anadolu,night,14,136.13,1,0,0,1,0
7079,23,F,desktop,dogu_anadolu,evening,6,58.5,0,0,1,0,0
7080,23,M,desktop,guneydogu_anadolu,evening,10,259.13,0,1,1,0,0
7081,61,M,desktop,akdeniz,evening,13,39.68,0,1,0,1,0
7082,25,M,tablet,karadeniz,night,6,50.54,0,1,0,0,0
7083,41,M,mobile,akdeniz,night,13,46.07,0,0,0,0,0
7084,39,F,desktop,akdeniz,morning,15,86.91,0,0,0,1,0
7085,36,M,desktop,akdeniz,afternoon,12,149.36,0,0,0,0,0
7086,54,F,tablet,akdeniz,night,12,36.83,1,0,0,0,0
7087,35,F,desktop,ege,afternoon,14,38.14,0,0,0,0,0
7088,48,M,desktop,ic_anadolu,morning,7,122.75,0,0,0,1,0
7089,54,M,tablet,marmara,morning,12,168.49,1,0,0,1,0
7090,47,F,mobile,ic_anadolu,evening,13,50.44,0,0,1,0,0
7091,59,M,desktop,ic_anadolu,evening,14,108.77,1,1,0,0,0
7092,50,F,mobile,dogu_anadolu,morning,6,336.57,0,1,0,0,0
7093,27,F,tablet,ege,evening,13,66.53,0,0,1,1,1
7094,54,F,tablet,dogu_anadolu,night,8,78.78,0,0,0,0,0
7095,29,M,desktop,guneydogu_anadolu,morning,8,136.2,0,1,0,0,0
7096,47,M,desktop,ic_anadolu,morning,11,132.92,1,0,0,0,0
7097,44,M,desktop,karadeniz,evening,7,237.29,0,0,0,0,0
7098,56,F,mobile,ege,night,4,137.96,0,1,0,0,0
7099,26,F,mobile,guneydogu_anadolu,morning,15,111.99,0,0,1,0,0
7100,38,M,desktop,ic_anadolu,evening,3,83.53,0,0,0,0,0
7101,29,F,mobile,ege,evening,4,259.75,0,0,1,0,1
7102,46,F,mobile,ege,morning,13,44.16,0,0,0,0,0
7103,50,M,mobile,ic_anadolu,evening,13,198.21,0,0,1,0,1
7104,60,M,tablet,marmara,afternoon,7,37.51,1,0,0,0,0
7105,70,F,mobile,karadeniz,evening,15,101.49,0,1,0,0,1
7106,32,F,desktop,marmara,afternoon,6,157.91,0,0,0,0,0
7107,19,F,mobile,ic_anadolu,evening,12,72.95,0,0,0,0,0
7108,69,M,mobile,ic_anadolu,morning,7,36.07,0,1,0,0,0
7109,56,M,desktop,dogu_anadolu,afternoon,2,138.57,0,1,0,0,0
7110,70,M,mobile,ic_anadolu,afternoon,6,85.22,1,0,0,0,0
7111,61,F,desktop,karadeniz,morning,1,57.2,1,0,0,0,0
7112,35,F,desktop,dogu_anadolu,evening,2,201.84,0,0,0,0,0
7113,20,M,desktop,ic_anadolu,morning,7,275.37,1,0,0,1,0
7114,24,M,tablet,karadeniz,afternoon,5,65.41,0,0,1,1,0
7115,60,M,mobile,marmara,evening,12,142.23,0,0,0,0,0
7116,35,F,desktop,karadeniz,evening,3,57.79,0,0,1,0,0
7117,61,M,tablet,marmara,afternoon,2,55.87,0,0,0,0,0
7118,55,M,mobile,guneydogu_anadolu,evening,3,63.35,0,0,1,0,0
7119,54,M,mobile,ege,afternoon,4,52.09,0,0,0,0,0
7120,50,M,desktop,marmara,morning,10,98.01,1,1,0,0,0
7121,61,F,desktop,marmara,afternoon,10,233.11,0,1,0,1,0
7122,48,F,mobile,marmara,evening,7,110.88,0,0,0,0,1
7123,28,F,mobile,ege,evening,10,305.4,0,0,0,0,0
7124,21,M,mobile,akdeniz,afternoon,10,231.04,0,0,0,0,0
7125,35,M,mobile,dogu_anadolu,morning,3,62.71,0,1,0,0,0
7126,21,M,mobile,ege,evening,13,31.44,0,0,1,0,0
7127,66,F,desktop,marmara,afternoon,3,201.42,1,0,0,0,0
7128,51,M,mobile,ic_anadolu,morning,5,43.19,0,0,0,1,0
7129,46,M,desktop,marmara,night,7,110.85,0,0,0,0,1
7130,41,F,desktop,dogu_anadolu,afternoon,14,175.3,0,0,0,0,0
7131,39,M,desktop,ege,afternoon,6,148.46,1,1,1,0,0
7132,19,F,mobile,ic_anadolu,night,15,116.67,0,0,0,0,0
7133,61,F,tablet,marmara,morning,6,161.3,1,0,1,0,0
7134,23,F,desktop,marmara,evening,10,96.96,0,0,0,0,0
7135,59,M,desktop,karadeniz,evening,7,215.03,1,0,0,0,0
7136,42,M,desktop,ege,morning,1,182.31,0,0,0,0,0
7137,38,F,tablet,guneydogu_anadolu,evening,8,136.42,0,0,0,1,0
7138,33,M,mobile,akdeniz,evening,11,211.9,0,1,1,1,0
7139,48,M,tablet,karadeniz,afternoon,2,384.65,0,0,0,1,0
7140,31,M,tablet,guneydogu_anadolu,morning,1,177.75,0,1,0,0,0
7141,56,F,desktop,marmara,night,4,246.5,0,0,1,0,0
7142,45,M,desktop,karadeniz,evening,11,142.3,1,0,0,0,0
7143,49,M,mobile,marmara,afternoon,4,177.17,0,0,0,0,0
7144,45,F,desktop,ic_anadolu,night,6,77.58,1,0,0,1,0
7145,68,F,desktop,ic_anadolu,afternoon,3,147.29,1,0,0,0,0
7146,66,M,desktop,akdeniz,afternoon,9,155.48,0,0,0,0,0
7147,26,F,mobile,marmara,evening,8,294.37,0,0,1,1,0
7148,62,M,mobile,ic_anadolu,afternoon,13,206.48,1,0,0,0,0
7149,39,F,desktop,dogu_anadolu,evening,7,268.9,0,1,1,0,0
7150,49,M,mobile,guneydogu_anadolu,morning,13,38.17,0,0,0,0,0
7151,22,F,desktop,ic_anadolu,evening,7,85.89,0,0,0,0,0
7152,40,F,mobile,marmara,afternoon,8,15.89,0,1,0,0,1
7153,22,F,mobile,dogu_anadolu,morning,5,130.5,1,0,0,0,0
7154,59,M,desktop,dogu_anadolu,morning,8,291.3,0,1,0,1,0
7155,70,M,mobile,ege,afternoon,4,55.6,0,1,1,0,0
7156,49,F,mobile,marmara,evening,6,108.21,0,0,1,0,0
7157,27,F,desktop,dogu_anadolu,evening,3,229.09,1,0,0,0,0
7158,56,M,desktop,dogu_anadolu,evening,3,64.55,0,0,0,0,0
7159,32,F,tablet,marmara,afternoon,2,242.14,0,1,0,1,0
7160,24,M,desktop,guneydogu_anadolu,evening,14,201.16,1,0,1,0,0
7161,46,F,mobile,akdeniz,morning,5,92.01,0,1,0,1,1
7162,64,M,mobile,guneydogu_anadolu,afternoon,12,66.89,0,0,1,0,1
7163,20,M,desktop,ege,morning,2,33.41,0,0,0,0,0
7164,36,M,desktop,akdeniz,night,10,211.34,0,0,0,0,0
7165,27,M,tablet,marmara,afternoon,4,100.66,0,0,1,1,0
7166,45,F,desktop,dogu_anadolu,afternoon,10,45.16,0,1,0,1,0
7167,46,F,mobile,ege,afternoon,13,138.25,0,0,0,0,0
7168,32,M,mobile,karadeniz,afternoon,3,22.87,1,1,1,0,0
7169,52,M,mobile,marmara,evening,2,123.98,1,0,1,0,0
7170,23,M,tablet,karadeniz,afternoon,11,261.65,0,1,1,0,0
7171,29,M,mobile,akdeniz,afternoon,1,37.06,0,0,0,0,0
7172,64,M,mobile,marmara,night,4,54.86,0,0,0,0,0
7173,55,F,tablet,marmara,night,4,151.08,0,0,0,0,0
7174,30,F,tablet,marmara,morning,1,166.22,1,0,1,0,0
7175,46,F,tablet,karadeniz,evening,6,134.79,0,0,0,0,0
7176,36,F,mobile,akdeniz,afternoon,2,194.29,0,0,1,0,0
7177,20,M,desktop,marmara,evening,3,47.13,0,0,0,0,0
7178,25,F,mobile,marmara,evening,4,49.04,0,0,0,0,1
7179,25,F,desktop,akdeniz,afternoon,2,147.06,0,0,1,0,0
7180,37,F,desktop,marmara,night,4,44.34,0,0,1,0,0
7181,64,F,desktop,ege,afternoon,9,154.37,0,0,0,0,0
7182,21,F,tablet,ic_anadolu,evening,3,134.99,0,0,1,0,0
7183,68,M,desktop,akdeniz,evening,12,209.62,1,0,0,0,0
7184,38,F,mobile,ic_anadolu,morning,7,103.85,0,1,1,0,0
7185,20,M,mobile,ege,afternoon,12,28.59,1,0,0,0,0
7186,62,M,desktop,marmara,morning,11,352.7,1,1,0,1,0
7187,25,M,mobile,karadeniz,evening,12,78.75,0,0,0,0,1
7188,40,F,mobile,dogu_anadolu,evening,4,202.43,0,0,1,0,0
7189,33,F,tablet,akdeniz,morning,10,136.04,0,0,0,0,0
7190,30,F,desktop,ege,morning,5,146.65,0,0,0,0,0
7191,20,F,desktop,akdeniz,afternoon,9,112.22,0,0,0,0,0
7192,65,M,mobile,dogu_anadolu,evening,4,137.86,0,0,0,0,0
7193,26,M,desktop,ic_anadolu,evening,8,77.1,0,0,0,0,0
7194,31,M,desktop,dogu_anadolu,afternoon,6,112.54,1,0,0,0,0
7195,30,F,desktop,ege,afternoon,14,319.09,1,0,1,0,1
7196,70,M,mobile,ic_anadolu,afternoon,15,391.74,0,0,0,0,1
7197,24,F,desktop,ic_anadolu,morning,12,236.75,0,0,0,0,0
7198,32,M,mobile,akdeniz,morning,8,157.12,0,0,1,1,0
7199,24,M,tablet,akdeniz,morning,2,79.88,0,0,1,0,0
7200,55,F,mobile,akdeniz,evening,10,202.95,0,0,1,0,1
7201,51,F,desktop,karadeniz,morning,14,78.19,0,1,0,1,0
7202,58,M,mobile,dogu_anadolu,afternoon,2,127.31,1,0,0,1,1
7203,39,F,desktop,marmara,evening,3,148.05,0,0,0,0,1
7204,41,F,desktop,akdeniz,evening,4,64.49,1,0,1,0,0
7205,66,F,desktop,dogu_anadolu,afternoon,6,321.25,1,0,0,0,0
7206,54,F,desktop,marmara,morning,11,182.06,1,0,0,0,0
7207,61,M,mobile,ege,night,6,121.06,0,0,0,0,1
7208,18,M,tablet,marmara,morning,13,216.8,0,1,1,0,0
7209,27,M,tablet,marmara,afternoon,11,157.55,0,0,0,0,0
7210,60,F,desktop,dogu_anadolu,night,15,74.75,0,1,0,0,0
7211,33,M,mobile,ege,evening,2,245.28,0,0,0,0,1
7212,63,M,desktop,ic_anadolu,evening,3,257.36,0,1,0,0,0
7213,25,F,mobile,marmara,afternoon,5,45.7,0,0,0,0,0
7214,66,F,desktop,marmara,morning,6,92.51,1,0,0,1,0
7215,42,M,tablet,dogu_anadolu,afternoon,15,252.85,0,0,1,0,0
7216,67,F,tablet,akdeniz,afternoon,5,159.44,1,0,0,0,0
7217,29,F,desktop,marmara,morning,14,122.01,0,1,0,0,0
7218,42,F,mobile,guneydogu_anadolu,morning,7,147.58,0,0,0,0,1
7219,34,F,mobile,akdeniz,afternoon,15,123.55,0,0,0,1,1
7220,43,F,mobile,akdeniz,evening,12,139.95,0,0,0,0,0
7221,63,F,mobile,ic_anadolu,night,4,75.29,1,1,1,0,1
7222,65,M,mobile,marmara,evening,13,34.46,0,1,0,0,0
7223,31,F,tablet,akdeniz,evening,13,124.65,0,1,1,0,0
7224,58,M,mobile,ic_anadolu,afternoon,4,48.14,0,1,0,0,0
7225,53,F,mobile,marmara,morning,9,263.38,0,0,1,1,0
7226,40,M,mobile,ic_anadolu,afternoon,7,86.9,0,0,0,0,0
7227,60,M,tablet,ege,afternoon,13,209.03,1,0,0,0,0
7228,23,M,desktop,ic_anadolu,evening,13,126.46,0,1,0,0,0
7229,64,M,desktop,marmara,night,12,265.77,0,0,0,0,0
7230,22,M,mobile,dogu_anadolu,evening,10,130.71,0,1,1,0,0
7231,60,M,tablet,dogu_anadolu,morning,4,177.18,0,0,0,0,0
7232,42,F,desktop,marmara,evening,11,64.09,0,1,0,0,0
7233,35,F,mobile,guneydogu_anadolu,afternoon,15,207.11,0,1,0,0,0
7234,30,M,desktop,akdeniz,morning,3,352.14,0,0,0,0,0
7235,60,F,mobile,ic_anadolu,afternoon,1,127.83,1,0,0,0,0
7236,31,M,tablet,karadeniz,afternoon,9,69.64,1,0,0,1,0
7237,45,M,mobile,marmara,evening,9,46.71,1,0,0,0,0
7238,35,F,mobile,marmara,afternoon,4,71.6,1,0,0,0,0
7239,45,M,tablet,marmara,morning,4,37.08,1,0,0,1,0
7240,68,F,desktop,akdeniz,morning,13,151.99,1,0,0,0,0
7241,44,F,tablet,ege,morning,4,240.61,0,0,0,0,0
7242,49,M,desktop,akdeniz,night,12,156.43,0,0,0,0,0
7243,64,F,mobile,marmara,night,2,36.65,0,0,0,0,0
7244,26,M,mobile,ic_anadolu,night,12,33.45,0,1,1,0,1
7245,57,M,mobile,marmara,afternoon,2,113.97,1,0,1,0,0
7246,49,F,tablet,ege,morning,14,143.25,0,0,1,1,0
7247,37,M,tablet,marmara,night,13,178.19,0,0,0,0,1
7248,45,M,mobile,ic_anadolu,night,9,153.13,0,0,0,0,1
7249,50,F,desktop,dogu_anadolu,morning,6,80.17,1,0,0,0,0
7250,21,F,desktop,marmara,evening,1,103.23,0,0,1,1,0
7251,63,M,mobile,karadeniz,afternoon,7,28.04,0,0,1,0,0
7252,51,M,tablet,dogu_anadolu,night,11,76.86,1,0,0,0,0
7253,65,F,mobile,guneydogu_anadolu,morning,15,251.84,0,0,0,0,0
7254,20,F,tablet,akdeniz,night,7,117.08,0,0,0,0,0
7255,43,M,tablet,ege,morning,6,130.56,1,0,1,1,0
7256,25,M,mobile,ege,afternoon,13,126.94,0,0,0,0,0
7257,23,F,tablet,ege,afternoon,14,122.83,1,0,1,0,0
7258,33,M,tablet,ic_anadolu,afternoon,11,112.58,1,1,0,1,0
7259,41,F,mobile,akdeniz,afternoon,8,110.8,0,1,1,0,0
7260,65,M,mobile,ic_anadolu,evening,12,125.6,0,0,0,0,1
7261,56,F,mobile,marmara,morning,14,26.58,1,0,0,0,0
7262,47,F,desktop,marmara,evening,5,273.19,0,0,0,0,0
7263,62,F,mobile,guneydogu_anadolu,morning,2,115.38,1,0,0,0,0
7264,30,M,desktop,guneydogu_anadolu,morning,4,25.44,0,0,0,0,0
7265,22,M,desktop,ic_anadolu,evening,11,291.21,0,0,0,0,0
7266,42,M,tablet,marmara,morning,14,58.8,0,1,1,1,0
7267,37,M,mobile,guneydogu_anadolu,night,10,82.64,0,1,1,0,0
7268,35,F,desktop,marmara,evening,13,123.67,0,0,0,0,0
7269,64,M,desktop,ic_anadolu,evening,8,142.15,0,0,0,0,0
7270,35,F,tablet,marmara,morning,12,190.41,0,0,0,1,0
7271,19,M,tablet,ic_anadolu,morning,5,252.04,1,0,0,1,0
7272,27,F,desktop,karadeniz,night,6,113.18,0,0,0,0,0
7273,62,F,tablet,dogu_anadolu,morning,9,42.23,0,1,0,0,0
7274,67,M,desktop,ic_anadolu,evening,10,92.54,1,0,0,1,0
7275,64,M,mobile,dogu_anadolu,morning,12,65.43,1,0,0,1,0
7276,29,M,mobile,akdeniz,afternoon,12,279.18,1,0,1,0,1
7277,64,M,tablet,ic_anadolu,evening,11,87.69,1,0,0,0,0
7278,30,F,tablet,ege,night,11,148.17,0,1,0,0,1
7279,67,M,desktop,marmara,morning,2,237.33,1,1,0,0,0
7280,64,F,mobile,karadeniz,morning,6,76.59,0,1,0,1,0
7281,28,M,desktop,dogu_anadolu,evening,9,158.64,0,0,1,0,0
7282,36,M,mobile,marmara,morning,5,123.01,0,0,1,0,0
7283,52,F,mobile,marmara,morning,7,225.35,0,0,1,0,0
7284,56,F,desktop,marmara,morning,4,112.7,1,0,0,0,0
7285,70,F,mobile,dogu_anadolu,afternoon,4,120.84,0,0,0,1,0
7286,43,F,desktop,marmara,evening,3,349.65,1,0,0,0,0
7287,63,F,mobile,marmara,night,11,42.55,0,0,0,0,0
7288,31,F,mobile,marmara,morning,15,112.78,0,0,0,0,0
7289,62,F,mobile,marmara,morning,3,44.95,0,0,0,0,0
7290,61,M,tablet,ic_anadolu,afternoon,12,295.28,1,0,1,0,0
7291,41,M,desktop,guneydogu_anadolu,morning,11,36.96,1,0,0,0,0
7292,58,F,mobile,ege,afternoon,8,160.46,0,0,1,0,1
7293,18,F,mobile,marmara,evening,7,39.7,0,0,1,0,0
7294,68,F,desktop,dogu_anadolu,morning,2,179.09,1,0,1,0,0
7295,60,M,desktop,dogu_anadolu,evening,1,157.23,0,0,0,0,0
7296,39,M,tablet,ege,night,1,135.49,0,0,1,0,0
7297,40,M,mobile,marmara,evening,6,112.88,0,1,0,0,0
7298,36,M,mobile,guneydogu_anadolu,afternoon,15,313.66,1,0,1,0,0
7299,35,M,mobile,ic_anadolu,afternoon,5,37.38,0,1,1,1,0
7300,29,M,tablet,dogu_anadolu,afternoon,6,268.82,1,0,0,0,0
7301,45,F,desktop,ege,evening,11,63.29,0,0,0,0,0
7302,45,M,tablet,ic_anadolu,night,7,164.71,1,1,1,0,0
7303,50,M,desktop,ic_anadolu,evening,1,108.26,0,1,0,0,0
7304,36,M,mobile,dogu_anadolu,afternoon,11,54.11,0,1,1,0,1
7305,45,M,desktop,guneydogu_anadolu,morning,2,62.81,1,1,0,0,0
7306,69,F,mobile,marmara,night,15,374.28,0,0,0,0,1
7307,66,M,mobile,ic_anadolu,evening,3,162.49,0,0,0,0,0
7308,54,F,mobile,ege,evening,9,36.53,0,0,0,0,0
7309,43,F,desktop,karadeniz,afternoon,4,260.76,0,0,0,0,0
7310,52,F,mobile,karadeniz,afternoon,8,127.49,1,0,0,0,0
7311,51,M,desktop,dogu_anadolu,morning,2,145.95,1,1,0,0,0
7312,52,M,mobile,ege,night,13,171.46,0,0,0,0,0
7313,57,M,tablet,marmara,night,11,60.49,0,1,1,0,0
7314,33,M,mobile,marmara,morning,2,282.43,0,0,0,0,0
7315,55,F,desktop,marmara,evening,13,237.73,0,0,0,0,1
7316,30,M,tablet,ege,morning,15,134.05,1,1,1,0,0
7317,40,M,tablet,guneydogu_anadolu,afternoon,13,175.0,1,1,0,0,1
7318,39,M,mobile,akdeniz,afternoon,3,84.62,0,0,0,1,0
7319,33,F,mobile,akdeniz,afternoon,12,132.77,1,1,1,0,0
7320,45,M,tablet,dogu_anadolu,afternoon,5,248.76,0,0,0,0,0
7321,65,M,mobile,dogu_anadolu,afternoon,13,113.71,0,0,0,0,0
7322,52,M,mobile,akdeniz,evening,10,71.6,0,0,0,1,0
7323,62,M,mobile,marmara,afternoon,15,54.36,0,1,0,0,0
7324,63,M,desktop,marmara,evening,6,188.49,1,0,0,0,0
7325,25,M,tablet,akdeniz,afternoon,14,127.68,0,0,1,0,0
7326,61,M,mobile,karadeniz,evening,9,29.51,1,0,1,0,0
7327,39,M,mobile,ic_anadolu,night,7,162.23,0,0,0,0,1
7328,38,F,desktop,ic_anadolu,morning,9,191.03,1,0,0,1,0
7329,43,M,desktop,dogu_anadolu,afternoon,13,269.69,0,1,0,0,1
7330,57,M,mobile,karadeniz,morning,5,90.3,0,0,0,0,0
7331,38,M,mobile,guneydogu_anadolu,afternoon,11,76.03,0,1,0,0,0
7332,42,F,mobile,dogu_anadolu,morning,14,95.05,0,0,0,0,0
7333,58,F,desktop,marmara,afternoon,1,265.76,0,0,0,0,0
7334,18,F,desktop,marmara,evening,6,47.88,0,1,0,0,1
7335,23,M,mobile,ege,afternoon,5,139.13,0,0,0,0,0
7336,40,M,mobile,ic_anadolu,afternoon,10,237.12,0,0,0,0,1
7337,68,F,desktop,ic_anadolu,morning,6,94.58,1,0,0,1,0
7338,40,F,desktop,marmara,morning,15,90.4,1,0,0,1,0
7339,60,F,tablet,dogu_anadolu,evening,15,258.45,0,0,0,0,0
7340,60,F,desktop,ege,morning,1,47.67,1,0,0,0,0
7341,40,F,tablet,dogu_anadolu,night,6,35.09,1,0,0,0,0
7342,49,F,desktop,akdeniz,evening,3,93.41,0,0,0,1,0
7343,47,F,mobile,marmara,afternoon,3,66.46,0,1,1,1,1
7344,30,F,desktop,marmara,morning,7,58.57,0,0,0,0,0
7345,60,F,mobile,marmara,afternoon,3,148.28,1,0,0,0,1
7346,35,M,desktop,marmara,evening,9,119.07,0,0,0,1,0
7347,40,F,desktop,ic_anadolu,night,9,83.59,0,0,0,1,0
7348,32,F,desktop,marmara,morning,7,113.76,1,0,0,1,1
7349,50,F,mobile,karadeniz,evening,9,226.76,1,0,0,0,0
7350,38,F,tablet,marmara,morning,11,159.56,0,0,0,0,0
7351,56,F,desktop,marmara,afternoon,6,71.14,0,0,0,0,0
7352,40,F,desktop,karadeniz,afternoon,9,78.65,0,0,1,0,0
7353,44,M,mobile,akdeniz,night,10,136.68,0,0,0,1,0
7354,62,M,tablet,ic_anadolu,morning,13,139.1,1,0,0,0,0
7355,61,M,mobile,ege,morning,2,127.53,1,0,1,0,0
7356,35,M,tablet,marmara,evening,14,448.99,0,1,0,0,0
7357,41,F,desktop,ege,evening,5,256.1,1,0,1,0,0
7358,68,M,desktop,akdeniz,evening,11,75.01,0,0,0,0,0
7359,64,F,desktop,marmara,afternoon,15,70.99,0,0,0,1,0
7360,57,M,mobile,akdeniz,night,6,39.93,1,0,0,0,0
7361,68,F,mobile,dogu_anadolu,night,13,59.94,1,0,0,0,0
7362,59,M,desktop,marmara,evening,6,203.36,0,0,0,1,0
7363,24,M,desktop,dogu_anadolu,evening,11,204.97,0,0,0,0,0
7364,67,F,mobile,marmara,evening,5,121.02,0,0,1,0,0
7365,65,M,desktop,karadeniz,morning,13,17.02,1,0,0,1,0
7366,37,F,desktop,karadeniz,morning,4,254.87,1,0,0,0,0
7367,44,M,tablet,marmara,afternoon,5,92.7,0,0,0,1,0
7368,23,M,desktop,guneydogu_anadolu,night,6,51.13,0,1,0,0,0
7369,44,F,desktop,ege,evening,12,87.16,0,0,1,0,0
7370,26,F,mobile,marmara,morning,15,85.01,0,1,1,0,0
7371,70,F,tablet,ic_anadolu,morning,14,187.16,1,0,1,0,0
7372,62,M,mobile,guneydogu_anadolu,evening,10,62.93,1,0,0,0,0
7373,48,F,desktop,dogu_anadolu,evening,12,108.35,0,0,0,0,0
7374,38,M,tablet,marmara,afternoon,13,92.31,0,0,0,0,0
7375,43,M,mobile,akdeniz,afternoon,12,229.59,0,0,1,0,0
7376,57,F,desktop,marmara,morning,1,104.84,0,0,0,0,0
7377,65,M,mobile,akdeniz,night,10,85.24,0,0,1,0,0
7378,62,M,mobile,akdeniz,evening,3,49.22,0,0,1,0,0
7379,30,F,mobile,ege,night,11,114.41,0,0,0,0,0
7380,66,F,tablet,akdeniz,morning,15,82.94,0,0,0,0,0
7381,40,M,mobile,dogu_anadolu,evening,9,124.06,0,1,1,0,1
7382,37,F,tablet,akdeniz,afternoon,4,453.1,1,0,0,0,0
7383,54,F,mobile,karadeniz,afternoon,15,254.62,0,0,0,0,0
7384,70,F,desktop,ege,afternoon,8,77.74,0,0,0,0,0
7385,45,M,mobile,guneydogu_anadolu,night,7,98.34,0,0,0,0,0
7386,34,M,desktop,marmara,evening,5,199.64,0,0,0,0,0
7387,45,M,desktop,ic_anadolu,afternoon,10,184.88,1,1,0,0,0
7388,58,F,mobile,karadeniz,night,11,171.42,0,1,0,0,0
7389,19,M,mobile,karadeniz,afternoon,15,50.73,0,0,0,0,0
7390,42,M,desktop,marmara,evening,5,33.32,0,1,0,1,0
7391,67,F,mobile,ege,evening,5,222.73,1,0,0,0,1
7392,58,F,desktop,ic_anadolu,evening,14,37.24,1,1,0,0,0
7393,23,M,tablet,ege,evening,3,70.61,0,0,1,1,0
7394,28,M,desktop,ic_anadolu,morning,3,40.92,1,0,1,0,0
7395,55,M,mobile,ege,night,15,87.82,0,0,1,0,0
7396,23,M,mobile,ege,morning,3,74.04,0,0,0,1,0
7397,62,M,mobile,marmara,evening,9,60.32,1,0,0,1,0
7398,28,F,desktop,marmara,morning,8,111.09,0,0,1,1,0
7399,31,M,mobile,karadeniz,morning,14,298.39,0,0,1,1,0
7400,19,M,mobile,akdeniz,afternoon,8,198.18,0,0,0,0,0
7401,57,M,mobile,akdeniz,evening,4,94.39,1,0,0,0,1
7402,20,F,mobile,ege,afternoon,14,100.24,0,1,0,0,0
7403,70,M,mobile,marmara,morning,3,129.41,0,0,0,0,0
7404,52,M,desktop,ege,evening,2,134.15,0,0,0,0,1
7405,50,F,desktop,marmara,evening,6,135.54,1,0,0,1,0
7406,41,F,tablet,karadeniz,afternoon,11,149.17,1,1,0,0,0
7407,36,M,mobile,guneydogu_anadolu,evening,4,95.17,0,0,1,0,1
7408,35,F,mobile,dogu_anadolu,morning,7,140.31,1,0,0,1,0
7409,66,M,mobile,akdeniz,afternoon,5,427.01,1,0,1,1,0
7410,69,M,desktop,ic_anadolu,afternoon,13,159.94,0,1,1,0,1
7411,41,F,desktop,guneydogu_anadolu,evening,12,128.61,0,1,0,0,0
7412,62,M,mobile,akdeniz,afternoon,15,136.42,0,0,0,0,0
7413,52,M,tablet,ic_anadolu,afternoon,10,211.87,0,0,0,1,0
7414,18,F,mobile,ic_anadolu,evening,15,110.47,0,0,0,0,0
7415,53,F,desktop,ic_anadolu,evening,10,128.01,0,1,1,0,1
7416,42,M,desktop,ic_anadolu,afternoon,6,176.26,0,0,0,0,0
7417,62,F,desktop,ic_anadolu,afternoon,13,229.01,1,1,0,1,0
7418,66,F,mobile,ic_anadolu,evening,3,27.86,1,0,0,0,0
7419,60,F,tablet,karadeniz,evening,5,50.57,0,0,0,0,0
7420,51,F,mobile,ege,morning,8,107.82,0,0,0,1,0
7421,42,F,tablet,ic_anadolu,afternoon,3,196.41,0,0,0,1,0
7422,33,M,mobile,marmara,evening,11,114.81,0,0,0,0,1
7423,51,M,mobile,dogu_anadolu,evening,15,127.39,0,0,1,1,0
7424,46,F,tablet,marmara,evening,9,51.82,0,0,1,0,1
7425,36,F,mobile,ege,evening,14,198.05,0,0,1,1,0
7426,40,M,tablet,karadeniz,afternoon,7,94.84,0,0,0,0,0
7427,36,F,mobile,ic_anadolu,evening,9,121.15,0,1,1,0,0
7428,42,M,desktop,ege,morning,9,282.08,0,0,0,0,0
7429,33,M,mobile,marmara,morning,1,210.87,0,0,0,0,0
7430,68,M,desktop,guneydogu_anadolu,night,15,101.21,1,0,0,0,1
7431,26,F,desktop,marmara,night,7,165.29,0,1,1,0,0
7432,18,F,desktop,marmara,evening,10,188.41,1,0,1,1,1
7433,59,F,tablet,ic_anadolu,afternoon,3,244.58,1,1,0,1,0
7434,36,F,mobile,ic_anadolu,evening,7,84.18,0,0,1,1,0
7435,50,F,desktop,ic_anadolu,evening,9,74.62,0,0,0,0,0
7436,51,M,desktop,ic_anadolu,afternoon,12,189.46,1,1,0,0,0
7437,33,M,mobile,dogu_anadolu,evening,15,251.34,0,0,1,0,0
7438,61,M,mobile,dogu_anadolu,morning,11,34.07,0,0,1,0,0
7439,57,M,mobile,karadeniz,morning,12,27.77,1,1,1,1,0
7440,35,F,mobile,marmara,evening,9,57.79,0,1,0,0,1
7441,51,M,mobile,akdeniz,night,2,58.84,1,0,1,1,0
7442,42,F,desktop,ic_anadolu,evening,4,170.06,0,0,0,0,0
7443,62,F,mobile,akdeniz,evening,14,81.84,1,0,0,0,0
7444,23,M,desktop,marmara,morning,11,21.09,0,0,0,0,0
7445,38,M,desktop,ic_anadolu,afternoon,5,275.02,0,1,0,0,0
7446,23,M,desktop,dogu_anadolu,morning,13,70.79,0,0,0,0,0
7447,49,F,mobile,ege,evening,12,31.25,0,0,1,0,0
7448,58,F,tablet,ic_anadolu,afternoon,6,101.96,0,0,0,0,0
7449,65,F,mobile,ic_anadolu,afternoon,13,98.13,1,0,0,0,0
7450,60,F,mobile,ege,night,8,109.24,0,0,0,0,0
7451,56,F,mobile,akdeniz,afternoon,11,178.6,0,0,0,0,1
7452,48,M,desktop,marmara,afternoon,4,105.87,0,0,0,1,0
7453,59,M,desktop,akdeniz,morning,4,142.78,1,0,0,0,0
7454,27,F,mobile,karadeniz,morning,7,202.58,0,0,0,0,0
7455,47,M,desktop,karadeniz,afternoon,9,129.37,0,1,0,1,0
7456,69,F,mobile,ege,evening,9,42.01,0,0,1,1,1
7457,35,M,desktop,marmara,afternoon,14,56.08,0,0,0,1,0
7458,41,F,tablet,karadeniz,evening,1,313.06,1,0,0,0,1
7459,69,M,tablet,marmara,afternoon,13,29.77,0,0,0,0,0
7460,26,M,desktop,marmara,evening,5,47.84,1,0,0,0,0
7461,48,M,mobile,ege,evening,6,190.26,0,0,0,1,0
7462,32,F,desktop,ic_anadolu,afternoon,7,55.41,0,0,1,0,0
7463,21,M,mobile,karadeniz,afternoon,8,260.21,0,0,0,0,0
7464,57,F,desktop,guneydogu_anadolu,evening,3,137.78,1,1,1,1,0
7465,26,F,desktop,marmara,morning,1,101.27,0,1,1,0,0
7466,62,F,desktop,marmara,night,2,91.47,0,0,0,1,1
7467,26,M,tablet,ic_anadolu,morning,6,233.18,1,1,0,0,1
7468,43,M,mobile,karadeniz,morning,12,175.83,0,0,1,0,0
7469,21,F,desktop,marmara,morning,14,62.01,0,1,0,0,1
7470,34,M,mobile,ege,afternoon,8,218.85,0,0,0,1,1
7471,33,M,desktop,ege,afternoon,11,17.06,1,0,0,1,0
7472,32,F,desktop,karadeniz,afternoon,13,119.98,1,0,0,0,0
7473,52,F,tablet,marmara,morning,5,59.6,0,0,0,0,0
7474,69,F,desktop,guneydogu_anadolu,morning,11,225.38,0,0,0,0,0
7475,22,M,mobile,akdeniz,morning,6,27.92,0,0,1,0,0
7476,22,F,mobile,marmara,morning,10,140.3,0,0,0,0,0
7477,37,M,desktop,marmara,evening,11,318.06,0,0,0,0,1
7478,32,F,mobile,marmara,afternoon,15,243.61,0,0,1,0,1
7479,35,F,tablet,ic_anadolu,afternoon,7,266.48,0,0,1,1,0
7480,64,F,mobile,karadeniz,morning,7,76.4,0,0,0,1,0
7481,19,F,desktop,marmara,night,15,227.43,1,0,0,0,0
7482,46,F,mobile,ic_anadolu,evening,11,96.48,0,0,1,0,0
7483,30,F,tablet,karadeniz,evening,7,98.25,0,0,0,0,0
7484,21,M,desktop,ege,morning,3,56.52,0,0,0,0,0
7485,59,F,desktop,ege,morning,13,77.43,1,0,0,0,0
7486,62,M,desktop,ege,evening,7,70.41,0,0,0,0,0
7487,27,M,desktop,ege,morning,3,243.69,0,0,0,0,0
7488,48,M,mobile,akdeniz,afternoon,9,54.68,0,0,1,0,0
7489,58,M,desktop,marmara,morning,10,54.89,1,1,0,0,0
7490,25,M,desktop,ege,morning,10,100.97,1,0,1,0,0
7491,20,F,desktop,guneydogu_anadolu,morning,9,326.73,1,0,0,0,0
7492,65,M,mobile,marmara,evening,5,132.68,1,1,0,0,0
7493,63,M,mobile,marmara,evening,9,71.71,0,0,0,0,0
7494,26,M,mobile,karadeniz,morning,10,75.11,0,0,0,0,0
7495,47,M,desktop,marmara,morning,3,50.1,0,0,0,0,0
7496,70,M,mobile,marmara,evening,7,135.73,0,0,0,0,0
7497,28,F,desktop,akdeniz,afternoon,13,69.77,1,0,1,0,0
7498,52,M,tablet,guneydogu_anadolu,evening,14,169.95,0,0,0,0,0
7499,54,F,desktop,marmara,evening,7,188.23,0,0,0,0,0
7500,59,F,desktop,dogu_anadolu,morning,4,227.01,1,0,0,0,0
7501,30,M,desktop,ic_anadolu,afternoon,6,64.78,1,0,0,0,0
7502,53,F,desktop,ic_anadolu,evening,7,154.59,0,0,0,0,0
7503,30,F,desktop,ic_anadolu,afternoon,12,79.21,0,0,0,0,0
7504,29,M,mobile,marmara,morning,8,79.48,0,0,1,0,1
7505,54,M,mobile,marmara,afternoon,13,68.67,1,0,0,0,0
7506,27,M,desktop,ege,evening,1,341.36,1,0,1,0,0
7507,26,M,mobile,marmara,night,2,117.35,1,0,1,0,0
7508,69,M,mobile,guneydogu_anadolu,afternoon,12,243.69,0,1,1,1,1
7509,24,F,desktop,ic_anadolu,afternoon,11,154.51,1,0,0,0,0
7510,19,M,desktop,akdeniz,afternoon,1,28.78,0,0,0,0,0
7511,40,F,desktop,karadeniz,morning,9,299.21,0,1,0,0,0
7512,56,F,tablet,guneydogu_anadolu,morning,12,136.49,0,0,0,1,0
7513,57,M,mobile,guneydogu_anadolu,afternoon,7,156.37,0,0,0,1,0
7514,56,M,desktop,karadeniz,evening,11,202.78,1,0,0,1,0
7515,38,F,desktop,ege,morning,7,117.99,1,1,0,0,0
7516,40,F,mobile,marmara,night,5,34.17,0,1,1,0,0
7517,46,M,mobile,marmara,morning,5,312.62,0,0,0,0,0
7518,31,M,mobile,marmara,afternoon,4,185.03,0,0,1,0,1
7519,43,M,desktop,marmara,evening,5,164.41,0,1,0,0,0
7520,68,F,tablet,guneydogu_anadolu,morning,8,255.22,0,0,0,0,0
7521,22,M,mobile,dogu_anadolu,afternoon,15,21.54,0,0,1,0,0
7522,48,F,desktop,ic_anadolu,morning,10,214.76,1,0,0,0,0
7523,42,F,mobile,ic_anadolu,night,3,148.64,0,0,0,0,0
7524,48,M,desktop,akdeniz,afternoon,4,149.38,0,1,0,1,0
7525,67,M,desktop,marmara,morning,8,86.68,0,0,0,0,0
7526,37,F,mobile,dogu_anadolu,evening,15,50.27,0,0,1,0,0
7527,61,F,desktop,marmara,afternoon,2,127.17,1,0,0,0,0
7528,34,M,mobile,ic_anadolu,morning,1,156.56,0,0,0,0,1
7529,62,F,desktop,marmara,afternoon,3,26.02,1,0,0,0,0
7530,19,F,mobile,dogu_anadolu,afternoon,4,199.86,0,0,0,0,0
7531,42,F,desktop,ic_anadolu,morning,10,133.65,0,0,0,0,0
7532,30,F,mobile,ic_anadolu,afternoon,15,134.7,0,0,1,0,0
7533,56,F,desktop,marmara,afternoon,15,100.28,1,0,1,0,0
7534,45,M,desktop,ege,evening,2,154.91,0,1,1,0,0
7535,59,M,mobile,akdeniz,morning,4,192.06,0,0,1,0,0
7536,23,M,mobile,marmara,morning,13,305.76,1,0,0,0,0
7537,20,M,mobile,dogu_anadolu,night,15,357.86,0,1,0,1,0
7538,52,M,mobile,karadeniz,afternoon,6,266.81,1,0,1,0,0
7539,35,M,tablet,akdeniz,morning,10,118.27,0,0,0,1,0
7540,28,M,desktop,ege,evening,10,37.24,0,0,1,0,1
7541,37,F,mobile,karadeniz,evening,6,140.68,0,0,1,0,0
7542,22,M,mobile,marmara,morning,6,100.24,0,0,1,0,0
7543,36,F,mobile,marmara,evening,10,134.77,0,0,1,0,0
7544,39,M,mobile,marmara,evening,11,84.56,0,1,0,0,1
7545,36,M,tablet,marmara,evening,5,118.71,0,0,0,0,0
7546,64,M,mobile,akdeniz,evening,4,66.99,0,0,1,0,0
7547,33,M,tablet,marmara,evening,4,61.4,0,0,1,0,0
7548,41,F,desktop,ic_anadolu,night,7,94.03,0,1,0,0,0
7549,58,F,mobile,ic_anadolu,evening,6,122.09,0,1,0,0,1
7550,21,F,desktop,akdeniz,morning,15,70.46,0,1,0,1,1
7551,32,F,desktop,ege,night,6,21.1,1,0,1,0,0
7552,42,F,mobile,dogu_anadolu,afternoon,2,53.3,0,0,0,0,0
7553,61,F,mobile,ic_anadolu,evening,11,96.37,0,0,0,0,0
7554,52,F,desktop,marmara,evening,4,140.82,0,1,0,0,0
7555,31,M,desktop,akdeniz,afternoon,13,118.7,0,0,0,1,0
7556,66,F,mobile,marmara,morning,3,142.46,0,0,1,0,0
7557,36,F,mobile,ege,night,15,99.57,0,0,0,0,1
7558,55,F,desktop,guneydogu_anadolu,morning,3,71.41,1,0,0,1,0
7559,53,M,desktop,marmara,afternoon,13,110.72,0,1,0,0,0
7560,24,F,mobile,ic_anadolu,evening,15,95.9,0,0,1,0,0
7561,47,M,mobile,marmara,morning,7,120.07,0,1,1,1,0
7562,36,F,desktop,guneydogu_anadolu,evening,14,177.03,0,0,1,0,1
7563,66,M,desktop,ege,morning,14,112.78,0,0,0,0,0
7564,42,M,desktop,ege,night,10,355.69,0,0,0,0,0
7565,33,F,tablet,ic_anadolu,night,9,62.47,0,0,1,0,0
7566,64,F,mobile,ic_anadolu,evening,8,114.63,0,0,0,0,0
7567,57,F,desktop,akdeniz,evening,14,239.09,1,0,0,0,0
7568,68,M,mobile,akdeniz,afternoon,15,191.27,0,0,0,0,0
7569,25,F,desktop,ege,afternoon,13,198.4,0,0,0,0,0
7570,35,M,desktop,ege,afternoon,14,25.9,1,0,0,0,0
7571,45,M,tablet,ic_anadolu,night,4,194.18,0,0,0,1,0
7572,33,M,tablet,ic_anadolu,afternoon,2,103.26,0,1,0,0,0
7573,69,F,mobile,marmara,evening,11,30.67,0,0,1,0,0
7574,36,F,mobile,ic_anadolu,afternoon,12,51.22,0,0,1,0,0
7575,59,M,desktop,dogu_anadolu,afternoon,14,39.95,1,1,0,0,0
7576,34,M,tablet,karadeniz,morning,8,67.75,0,1,0,0,0
7577,62,M,mobile,marmara,afternoon,8,156.56,0,0,1,0,0
7578,30,M,desktop,akdeniz,night,2,114.78,0,0,0,0,0
7579,24,M,mobile,ege,evening,4,52.4,0,0,1,0,0
7580,44,M,tablet,ege,evening,8,74.59,0,0,0,1,1
7581,27,M,tablet,akdeniz,evening,9,225.92,0,0,1,0,1
7582,51,F,mobile,ege,morning,10,246.56,0,0,0,0,0
7583,53,M,mobile,marmara,morning,9,233.7,0,0,0,1,0
7584,42,F,desktop,marmara,afternoon,1,251.61,0,0,0,0,0
7585,23,F,mobile,marmara,afternoon,6,135.37,0,0,0,0,1
7586,41,M,mobile,ege,morning,7,33.76,0,1,0,0,0
7587,35,F,desktop,marmara,morning,10,89.46,1,1,0,1,0
7588,40,F,mobile,marmara,evening,8,70.45,0,0,1,1,0
7589,23,F,tablet,marmara,evening,11,92.55,0,0,0,0,0
7590,46,M,desktop,dogu_anadolu,afternoon,12,167.84,1,1,1,0,0
7591,42,M,mobile,karadeniz,afternoon,1,166.7,0,1,0,0,0
7592,34,M,mobile,ege,morning,10,172.17,0,0,1,0,1
7593,63,F,mobile,dogu_anadolu,evening,15,149.05,1,0,1,0,1
7594,41,F,mobile,marmara,morning,7,119.86,1,0,1,0,0
7595,28,F,desktop,ic_anadolu,night,4,98.08,0,1,0,0,0
7596,43,F,mobile,marmara,morning,3,182.9,0,0,1,0,0
7597,68,M,desktop,karadeniz,evening,4,216.93,0,0,0,0,0
7598,51,F,mobile,marmara,evening,8,68.0,0,1,0,0,0
7599,45,F,mobile,marmara,afternoon,11,54.57,0,0,0,0,0
7600,20,F,desktop,marmara,night,6,145.32,0,0,0,0,0
7601,28,F,desktop,dogu_anadolu,morning,9,59.64,0,0,1,0,0
7602,55,F,desktop,marmara,morning,5,140.19,1,0,0,1,0
7603,31,M,desktop,ege,afternoon,11,296.23,1,0,0,0,0
7604,68,M,desktop,ege,evening,9,41.62,1,0,0,0,0
7605,43,M,mobile,karadeniz,morning,5,240.07,0,0,1,0,0
7606,65,M,tablet,ege,morning,14,149.68,1,0,0,0,0
7607,38,F,tablet,ic_anadolu,afternoon,15,230.46,1,0,0,1,0
7608,56,M,tablet,ege,evening,12,345.1,0,0,0,0,0
7609,47,M,mobile,akdeniz,afternoon,5,190.08,0,0,0,1,0
7610,25,F,desktop,marmara,afternoon,6,87.74,0,1,1,1,0
7611,68,M,mobile,ege,afternoon,15,260.07,0,0,0,0,0
7612,37,M,mobile,dogu_anadolu,morning,15,51.09,0,0,0,0,0
7613,65,F,desktop,ic_anadolu,evening,10,190.82,0,0,1,0,0
7614,49,M,mobile,guneydogu_anadolu,afternoon,13,111.84,0,0,1,0,0
7615,39,M,mobile,karadeniz,evening,9,83.0,0,0,1,1,0
7616,24,M,tablet,akdeniz,evening,14,77.55,0,0,0,0,1
7617,26,M,mobile,ic_anadolu,morning,3,90.84,0,0,1,1,0
7618,62,F,tablet,karadeniz,afternoon,4,107.24,0,0,0,1,0
7619,18,F,desktop,marmara,night,15,88.37,0,0,0,0,0
7620,46,M,desktop,marmara,afternoon,13,158.11,0,1,0,1,0
7621,25,M,tablet,ege,afternoon,8,332.21,0,0,0,1,1
7622,21,M,desktop,marmara,evening,9,119.75,0,1,0,0,0
7623,52,F,desktop,marmara,morning,5,171.66,0,0,0,1,0
7624,20,F,mobile,guneydogu_anadolu,evening,7,87.19,0,0,1,0,1
7625,62,F,tablet,karadeniz,evening,10,103.55,0,0,0,1,1
7626,57,F,desktop,ic_anadolu,afternoon,12,213.87,1,0,0,0,0
7627,24,F,desktop,ege,afternoon,7,97.9,0,0,0,1,0
7628,44,F,mobile,marmara,night,7,112.15,0,0,1,1,1
7629,18,F,mobile,akdeniz,morning,15,357.99,0,0,1,0,0
7630,44,F,desktop,akdeniz,afternoon,3,58.22,0,0,0,1,0
7631,33,F,tablet,karadeniz,evening,13,65.79,1,0,1,1,0
7632,55,M,mobile,dogu_anadolu,morning,3,52.67,1,0,1,0,0
7633,24,M,tablet,ege,night,10,88.3,0,0,0,0,0
7634,61,F,desktop,marmara,afternoon,8,137.72,1,0,1,0,0
7635,40,M,mobile,ege,afternoon,10,343.8,0,0,0,0,0
7636,58,M,tablet,ege,afternoon,11,82.03,0,1,1,0,0
7637,28,M,mobile,marmara,evening,8,140.1,0,1,0,0,1
7638,59,F,desktop,dogu_anadolu,night,8,145.18,0,0,0,0,0
7639,70,F,tablet,guneydogu_anadolu,afternoon,15,187.1,0,0,0,1,1
7640,50,M,mobile,dogu_anadolu,afternoon,2,16.35,0,0,1,0,0
7641,67,F,mobile,dogu_anadolu,afternoon,11,143.4,0,0,0,0,0
7642,53,M,desktop,guneydogu_anadolu,afternoon,4,112.75,1,0,0,0,0
7643,54,M,mobile,dogu_anadolu,morning,6,138.66,0,0,0,0,0
7644,58,M,tablet,ic_anadolu,evening,8,87.08,1,0,0,0,0
7645,34,F,mobile,marmara,night,15,357.18,1,0,1,1,1
7646,52,F,desktop,marmara,evening,2,55.69,1,0,0,0,0
7647,65,F,desktop,marmara,afternoon,12,82.19,0,1,0,0,0
7648,22,M,desktop,ege,evening,8,37.4,0,1,0,0,0
7649,65,F,desktop,karadeniz,evening,1,204.35,0,0,0,0,0
7650,49,M,mobile,akdeniz,afternoon,12,149.68,0,0,0,0,0
7651,20,F,desktop,ege,night,6,97.92,0,1,0,1,0
7652,69,F,desktop,marmara,morning,8,166.34,0,0,0,0,0
7653,64,F,desktop,marmara,morning,8,156.21,1,0,0,1,0
7654,52,M,mobile,ege,morning,14,385.98,0,1,0,0,0
7655,69,M,mobile,marmara,morning,12,238.77,0,1,0,0,0
7656,31,F,mobile,marmara,afternoon,8,102.92,0,0,1,0,0
7657,65,M,tablet,ege,night,7,195.74,1,1,0,1,0
7658,48,M,desktop,akdeniz,evening,14,99.62,0,0,1,0,0
7659,48,M,mobile,marmara,evening,11,30.63,0,0,0,0,0
7660,34,M,desktop,ic_anadolu,afternoon,10,58.15,0,0,0,1,0
7661,41,F,desktop,ege,afternoon,11,90.53,1,0,1,0,0
7662,69,F,mobile,marmara,afternoon,13,212.41,0,0,0,1,0
7663,40,M,mobile,ic_anadolu,afternoon,10,187.41,0,0,0,1,1
7664,35,F,desktop,ege,evening,2,84.55,0,0,0,0,0
7665,67,F,desktop,marmara,afternoon,13,268.62,1,0,0,0,0
7666,31,F,mobile,guneydogu_anadolu,afternoon,2,130.56,0,0,0,0,0
7667,67,M,mobile,akdeniz,evening,13,25.83,0,0,0,0,0
7668,32,F,mobile,akdeniz,afternoon,2,121.43,0,1,0,0,0
7669,32,M,mobile,dogu_anadolu,afternoon,14,143.57,1,1,0,0,0
7670,23,F,tablet,guneydogu_anadolu,night,14,292.39,0,1,1,0,0
7671,44,M,desktop,marmara,night,3,176.44,1,1,1,0,1
7672,32,F,desktop,karadeniz,morning,15,163.04,0,0,1,1,0
7673,67,M,desktop,karadeniz,afternoon,9,32.71,0,0,0,0,0
7674,53,M,mobile,marmara,afternoon,10,297.79,1,0,1,0,0
7675,25,M,desktop,ic_anadolu,afternoon,13,160.69,1,0,0,1,0
7676,32,F,tablet,marmara,evening,7,84.07,0,1,0,1,0
7677,20,M,mobile,ic_anadolu,afternoon,7,114.75,0,0,0,0,0
7678,64,F,desktop,ic_anadolu,evening,5,150.93,1,0,0,1,1
7679,30,F,desktop,ege,morning,6,87.76,0,0,0,1,0
7680,58,M,mobile,dogu_anadolu,night,4,237.6,0,0,0,0,0
7681,51,M,desktop,karadeniz,afternoon,1,154.57,0,0,0,1,0
7682,41,M,tablet,dogu_anadolu,evening,11,120.55,0,0,0,0,0
7683,57,M,mobile,ege,evening,2,296.42,1,0,1,1,0
7684,49,F,desktop,marmara,night,3,226.73,0,0,0,0,0
7685,49,M,mobile,karadeniz,night,2,180.17,0,0,0,0,0
7686,47,F,desktop,marmara,evening,9,165.94,1,0,1,0,0
7687,69,M,mobile,akdeniz,evening,11,45.46,0,0,1,0,1
7688,66,M,desktop,karadeniz,evening,13,59.04,0,0,0,0,0
7689,30,F,mobile,marmara,afternoon,15,48.64,0,0,1,1,0
7690,18,F,mobile,ege,morning,15,84.7,0,0,1,0,0
7691,51,M,mobile,ege,afternoon,13,144.69,0,0,1,0,0
7692,32,F,mobile,marmara,evening,15,74.52,0,0,0,0,0
7693,61,F,desktop,akdeniz,morning,5,137.71,1,0,0,0,0
7694,31,F,mobile,marmara,afternoon,11,339.66,0,0,0,1,0
7695,46,M,mobile,marmara,afternoon,7,63.45,0,1,0,0,0
7696,51,F,mobile,karadeniz,afternoon,2,109.09,0,0,1,0,1
7697,35,F,tablet,ege,evening,11,243.67,0,1,0,0,0
7698,24,F,desktop,ic_anadolu,morning,12,43.44,1,0,0,0,0
7699,46,F,mobile,marmara,evening,9,147.49,0,1,0,0,0
7700,48,M,mobile,ic_anadolu,evening,8,45.1,0,0,1,0,1
7701,42,M,mobile,guneydogu_anadolu,morning,4,78.45,0,0,0,0,0
7702,55,F,mobile,ic_anadolu,evening,3,187.99,0,0,0,0,0
7703,31,M,desktop,ic_anadolu,afternoon,1,83.72,0,1,0,1,0
7704,25,M,mobile,marmara,afternoon,8,69.0,0,1,1,0,0
7705,44,M,desktop,ege,afternoon,5,74.76,1,1,0,0,0
7706,19,M,mobile,dogu_anadolu,night,11,40.01,0,0,1,0,0
7707,34,F,mobile,karadeniz,night,2,35.26,0,0,0,1,0
7708,54,F,desktop,akdeniz,night,1,317.84,1,0,0,1,0
7709,31,F,mobile,dogu_anadolu,night,15,232.68,0,1,1,0,0
7710,42,F,desktop,marmara,morning,3,243.66,0,0,0,0,0
7711,47,M,mobile,ic_anadolu,afternoon,3,107.51,1,0,0,0,1
7712,46,F,mobile,marmara,night,2,344.59,0,0,1,1,0
7713,37,F,mobile,ic_anadolu,evening,10,101.65,1,1,0,0,1
7714,38,F,tablet,marmara,afternoon,13,278.63,0,0,0,1,1
7715,70,M,mobile,guneydogu_anadolu,evening,12,99.03,0,0,0,0,1
7716,39,M,desktop,karadeniz,morning,8,123.55,0,1,1,0,0
7717,52,M,tablet,marmara,evening,6,22.77,0,0,0,0,0
7718,54,F,desktop,ic_anadolu,afternoon,5,47.07,1,0,0,0,0
7719,33,M,mobile,karadeniz,afternoon,15,100.34,0,0,0,0,1
7720,67,F,tablet,marmara,evening,14,67.85,1,1,0,0,1
7721,66,F,mobile,marmara,night,6,172.33,1,0,1,0,0
7722,60,F,desktop,ege,morning,1,48.42,1,0,0,0,0
7723,34,M,desktop,marmara,evening,2,230.43,1,0,1,0,0
7724,33,M,desktop,akdeniz,evening,7,136.46,0,1,0,0,0
7725,19,M,desktop,ege,evening,1,223.26,0,0,0,0,0
7726,21,M,desktop,akdeniz,afternoon,8,122.81,0,0,0,0,0
7727,38,F,mobile,akdeniz,night,5,181.18,0,0,0,0,0
7728,56,F,desktop,guneydogu_anadolu,afternoon,14,150.1,0,1,1,0,0
7729,51,F,tablet,karadeniz,morning,4,159.94,0,0,0,1,0
7730,47,M,mobile,ic_anadolu,evening,8,85.12,0,0,0,0,1
7731,23,M,tablet,ege,morning,10,160.73,0,0,1,0,0
7732,34,M,desktop,marmara,afternoon,7,218.86,1,0,0,0,0
7733,56,M,mobile,marmara,morning,4,244.08,1,0,0,0,0
7734,42,M,desktop,ic_anadolu,afternoon,5,83.05,1,0,0,0,1
7735,22,M,desktop,ege,afternoon,8,89.2,1,0,0,0,0
7736,22,M,mobile,ege,morning,11,28.91,0,0,1,0,0
7737,37,M,mobile,dogu_anadolu,evening,13,214.64,0,0,1,0,1
7738,33,M,desktop,akdeniz,afternoon,5,61.55,0,0,0,0,0
7739,68,M,desktop,dogu_anadolu,afternoon,2,202.89,1,0,0,0,0
7740,58,M,desktop,dogu_anadolu,night,4,134.88,0,0,0,0,0
7741,54,F,mobile,marmara,afternoon,12,158.11,0,0,0,0,0
7742,57,F,tablet,guneydogu_anadolu,evening,5,97.14,1,0,0,0,0
7743,26,F,desktop,marmara,afternoon,6,258.35,0,0,0,0,0
7744,22,F,desktop,guneydogu_anadolu,afternoon,12,100.44,1,0,1,0,0
7745,59,M,tablet,akdeniz,evening,6,500.0,0,0,0,0,1
7746,19,F,desktop,karadeniz,afternoon,13,85.76,0,0,0,1,0
7747,26,F,mobile,ic_anadolu,evening,13,198.91,0,0,1,0,0
7748,60,F,desktop,akdeniz,afternoon,1,50.58,0,0,0,0,0
7749,53,M,mobile,ic_anadolu,afternoon,7,125.6,0,0,1,0,0
7750,39,F,mobile,guneydogu_anadolu,evening,12,219.45,0,0,1,0,0
7751,39,F,mobile,dogu_anadolu,afternoon,10,159.84,0,1,0,0,0
7752,39,F,desktop,ic_anadolu,evening,1,205.47,0,0,0,0,0
7753,51,F,desktop,ic_anadolu,afternoon,13,229.75,0,1,0,0,0
7754,46,M,desktop,marmara,morning,5,137.95,1,0,0,1,0
7755,55,F,mobile,karadeniz,evening,11,101.73,0,0,0,0,0
7756,63,M,tablet,ic_anadolu,night,15,150.48,0,0,0,0,0
7757,50,M,mobile,karadeniz,afternoon,7,193.93,0,0,1,0,0
7758,35,M,desktop,ic_anadolu,evening,14,247.72,0,1,0,0,0
7759,24,F,tablet,marmara,afternoon,14,110.66,0,1,0,0,0
7760,18,F,desktop,marmara,evening,8,133.4,0,0,0,0,0
7761,50,F,mobile,marmara,morning,12,53.07,0,1,0,0,0
7762,18,F,mobile,ic_anadolu,morning,12,133.48,1,0,0,0,1
7763,41,M,desktop,marmara,morning,13,145.04,0,0,0,0,0
7764,21,F,desktop,ic_anadolu,evening,5,176.4,1,0,0,0,0
7765,21,F,desktop,marmara,afternoon,2,156.78,0,0,0,0,1
7766,35,M,mobile,ege,evening,3,65.5,0,1,1,0,1
7767,44,M,mobile,marmara,evening,14,98.32,0,0,1,1,0
7768,60,F,mobile,ege,morning,8,394.64,1,0,0,0,0
7769,49,F,mobile,marmara,afternoon,11,360.58,1,1,1,1,0
7770,50,F,mobile,ic_anadolu,evening,4,122.15,0,0,1,0,0
7771,45,M,mobile,marmara,afternoon,15,64.55,0,0,0,0,1
7772,59,M,mobile,marmara,morning,1,78.75,1,0,1,0,0
7773,58,M,desktop,guneydogu_anadolu,evening,3,94.95,0,0,1,0,0
7774,53,M,desktop,marmara,afternoon,10,79.57,1,1,0,0,0
7775,23,M,mobile,karadeniz,morning,15,111.86,0,0,1,0,0
7776,33,F,mobile,guneydogu_anadolu,morning,15,63.57,1,0,0,0,0
7777,51,F,tablet,akdeniz,morning,2,116.27,0,0,0,1,0
7778,40,M,desktop,akdeniz,afternoon,9,59.63,0,0,0,0,0
7779,67,M,desktop,ege,morning,1,303.65,1,1,0,1,0
7780,59,F,desktop,ege,afternoon,9,206.05,0,1,0,0,0
7781,41,M,desktop,akdeniz,evening,15,50.2,0,0,0,0,1
7782,66,M,mobile,marmara,evening,10,159.7,1,0,0,0,0
7783,30,F,tablet,ege,evening,5,154.51,0,0,0,0,0
7784,35,M,mobile,karadeniz,evening,13,66.9,0,0,1,0,0
7785,30,F,mobile,marmara,afternoon,7,97.49,0,0,1,0,1
7786,66,F,mobile,ic_anadolu,afternoon,8,122.47,0,0,0,1,0
7787,54,F,desktop,ic_anadolu,night,12,132.86,1,0,0,0,0
7788,60,M,mobile,marmara,evening,6,152.33,0,0,0,0,0
7789,56,M,mobile,marmara,evening,10,98.83,0,0,1,0,0
7790,59,F,desktop,ege,afternoon,14,78.82,0,1,0,0,0
7791,34,M,mobile,ic_anadolu,evening,14,120.47,0,0,1,0,0
7792,32,M,mobile,ege,morning,15,76.81,1,1,0,0,0
7793,35,M,desktop,ic_anadolu,night,9,208.22,1,0,1,0,1
7794,40,F,desktop,ic_anadolu,afternoon,11,118.03,0,0,0,0,0
7795,68,M,desktop,karadeniz,afternoon,10,50.14,1,0,0,0,0
7796,47,F,desktop,marmara,afternoon,7,227.57,0,0,0,1,0
7797,51,F,desktop,akdeniz,morning,3,64.79,0,0,0,0,0
7798,21,F,mobile,marmara,morning,15,43.1,0,0,0,0,0
7799,20,F,mobile,marmara,morning,7,297.6,0,1,0,0,0
7800,24,M,mobile,ege,afternoon,7,149.84,0,0,1,0,0
7801,35,F,tablet,ic_anadolu,morning,9,299.27,1,1,0,0,1
7802,59,F,mobile,guneydogu_anadolu,night,10,120.04,1,0,0,1,0
7803,24,M,mobile,ege,afternoon,12,178.28,0,0,1,0,1
7804,57,M,mobile,akdeniz,afternoon,14,62.31,0,0,1,1,1
7805,23,M,mobile,marmara,afternoon,6,114.07,0,0,1,1,0
7806,39,F,desktop,ic_anadolu,morning,5,93.08,0,0,1,1,1
7807,18,M,desktop,ege,evening,10,279.74,1,1,0,0,0
7808,21,F,mobile,akdeniz,afternoon,2,425.37,0,0,0,1,0
7809,63,M,mobile,akdeniz,morning,12,149.09,0,0,1,0,0
7810,66,M,tablet,ic_anadolu,morning,12,127.62,0,0,0,0,0
7811,69,M,mobile,marmara,afternoon,5,141.42,1,0,0,0,0
7812,67,F,tablet,akdeniz,afternoon,11,162.56,0,0,0,0,0
7813,60,F,desktop,ege,afternoon,11,118.2,0,0,1,0,0
7814,46,F,mobile,marmara,evening,3,500.0,0,0,0,0,0
7815,38,F,tablet,marmara,evening,13,86.18,0,0,0,0,0
7816,43,F,desktop,dogu_anadolu,evening,4,51.99,1,0,0,0,0
7817,31,M,desktop,dogu_anadolu,afternoon,3,133.37,0,0,0,0,0
7818,26,F,desktop,marmara,evening,7,128.57,0,0,0,0,0
7819,64,M,mobile,ic_anadolu,morning,15,52.3,0,0,0,0,0
7820,29,F,desktop,akdeniz,afternoon,15,94.74,1,1,0,1,0
7821,59,F,mobile,guneydogu_anadolu,morning,7,53.4,0,0,0,1,1
7822,68,M,desktop,dogu_anadolu,morning,13,130.21,1,0,0,0,0
7823,68,M,mobile,akdeniz,evening,9,157.23,0,0,0,1,0
7824,23,F,tablet,marmara,evening,2,159.03,0,0,0,0,0
7825,37,F,desktop,akdeniz,morning,2,53.37,0,0,1,0,0
7826,41,M,desktop,ic_anadolu,morning,1,63.07,0,0,0,0,0
7827,44,F,mobile,guneydogu_anadolu,night,5,105.46,0,0,0,0,0
7828,55,F,mobile,ege,afternoon,9,111.17,0,0,0,0,1
7829,25,M,desktop,karadeniz,afternoon,9,103.34,1,0,0,0,0
7830,18,F,mobile,ic_anadolu,morning,7,165.32,0,0,0,0,0
7831,66,F,tablet,marmara,evening,11,202.27,0,1,1,1,0
7832,66,M,desktop,akdeniz,afternoon,11,37.94,0,0,0,0,0
7833,41,M,desktop,marmara,morning,1,240.59,1,0,0,0,0
7834,64,F,mobile,ic_anadolu,evening,4,150.77,1,0,1,0,0
7835,24,M,mobile,ic_anadolu,afternoon,8,28.94,0,1,0,0,1
7836,36,F,desktop,guneydogu_anadolu,afternoon,3,75.53,1,0,0,0,0
7837,39,M,mobile,guneydogu_anadolu,night,9,235.14,0,0,0,0,1
7838,52,M,tablet,marmara,morning,10,268.15,1,0,0,0,0
7839,47,F,desktop,marmara,night,3,77.48,1,1,0,0,0
7840,46,F,mobile,karadeniz,evening,4,138.43,0,0,1,0,0
7841,39,F,desktop,ic_anadolu,afternoon,12,127.44,1,0,0,0,0
7842,28,M,mobile,karadeniz,night,14,76.58,0,0,1,0,1
7843,37,M,mobile,marmara,evening,11,30.06,0,0,1,0,0
7844,46,F,mobile,karadeniz,night,15,130.86,0,0,0,0,1
7845,68,F,mobile,ege,evening,6,106.08,1,0,1,0,1
7846,58,F,desktop,marmara,morning,2,188.76,1,0,0,0,0
7847,59,F,mobile,marmara,afternoon,10,128.5,1,1,1,0,0
7848,51,F,mobile,dogu_anadolu,morning,15,149.76,1,1,0,0,0
7849,18,M,desktop,akdeniz,morning,5,234.32,0,0,0,1,0
7850,48,M,tablet,guneydogu_anadolu,evening,5,156.48,0,0,1,0,1
7851,47,M,desktop,ic_anadolu,night,5,147.95,1,1,0,1,0
7852,65,M,mobile,marmara,evening,7,190.06,0,0,0,0,0
7853,35,M,desktop,ic_anadolu,evening,3,74.84,0,0,0,0,1
7854,34,M,mobile,marmara,morning,11,45.41,1,0,1,0,0
7855,55,M,desktop,akdeniz,evening,5,188.6,0,0,0,0,1
7856,31,F,desktop,ege,evening,8,54.72,1,0,0,0,0
7857,40,F,desktop,ic_anadolu,morning,4,41.65,0,0,0,1,0
7858,42,F,mobile,akdeniz,morning,15,71.22,0,0,0,0,0
7859,32,M,mobile,marmara,evening,6,86.33,0,0,1,1,0
7860,63,M,mobile,marmara,afternoon,15,204.63,0,0,0,0,0
7861,39,F,tablet,ege,afternoon,15,22.32,1,0,1,0,1
7862,20,M,tablet,guneydogu_anadolu,night,1,54.48,0,0,1,0,0
7863,36,M,mobile,ege,night,1,97.1,0,0,1,0,0
7864,61,F,mobile,ic_anadolu,evening,8,221.12,0,0,0,1,0
7865,51,F,desktop,marmara,evening,2,130.53,0,0,0,0,0
7866,52,F,mobile,ege,morning,10,78.02,0,0,0,0,0
7867,67,F,mobile,ic_anadolu,morning,10,180.37,0,0,1,1,1
7868,18,M,desktop,karadeniz,night,7,60.31,1,0,0,0,0
7869,69,M,mobile,akdeniz,evening,8,154.05,1,0,0,0,0
7870,38,M,tablet,akdeniz,evening,11,117.83,1,0,0,0,0
7871,46,M,desktop,karadeniz,afternoon,14,33.57,0,1,0,0,0
7872,23,M,desktop,ege,night,9,190.79,0,1,0,0,0
7873,54,M,desktop,marmara,morning,1,120.97,1,1,0,1,0
7874,18,M,desktop,ege,morning,2,75.86,0,0,0,0,0
7875,68,M,desktop,marmara,morning,14,133.57,1,0,0,0,0
7876,18,M,desktop,guneydogu_anadolu,evening,1,136.05,0,0,0,1,0
7877,44,F,desktop,akdeniz,evening,1,280.17,0,0,0,1,0
7878,38,M,tablet,ege,afternoon,11,98.11,0,0,0,0,0
7879,70,F,desktop,dogu_anadolu,morning,4,37.4,0,0,0,0,0
7880,33,M,mobile,dogu_anadolu,evening,8,262.89,0,0,0,0,0
7881,61,F,desktop,ege,night,10,128.63,0,0,0,0,0
7882,57,F,desktop,dogu_anadolu,morning,8,141.36,1,0,0,0,1
7883,43,M,tablet,marmara,evening,12,203.12,0,1,1,1,0
7884,33,F,mobile,dogu_anadolu,night,12,184.42,0,0,0,0,1
7885,45,F,mobile,ege,afternoon,13,63.3,0,0,1,0,1
7886,18,F,mobile,akdeniz,morning,15,122.8,0,0,1,0,1
7887,53,M,mobile,marmara,night,11,209.9,0,0,1,0,1
7888,27,M,desktop,guneydogu_anadolu,morning,2,55.21,0,0,1,0,0
7889,60,M,desktop,marmara,morning,13,41.6,1,0,0,0,0
7890,34,M,mobile,ege,evening,7,145.17,0,0,0,1,1
7891,40,F,tablet,ic_anadolu,evening,12,47.86,0,0,1,0,1
7892,24,F,desktop,ic_anadolu,evening,14,117.73,0,0,0,0,0
7893,61,F,mobile,ic_anadolu,evening,5,201.39,0,1,1,0,0
7894,70,M,desktop,ic_anadolu,evening,3,121.64,1,0,0,0,0
7895,24,M,desktop,karadeniz,afternoon,12,140.65,0,0,0,1,1
7896,61,F,mobile,marmara,afternoon,5,42.51,0,0,0,1,0
7897,32,F,desktop,ege,afternoon,4,80.84,0,0,0,0,0
7898,51,F,tablet,ege,evening,3,123.5,0,1,1,1,0
7899,63,M,mobile,guneydogu_anadolu,night,10,63.92,0,0,0,0,1
7900,62,F,desktop,ege,afternoon,8,48.25,1,0,0,0,0
7901,21,F,mobile,marmara,morning,15,148.12,0,0,0,0,0
7902,31,F,mobile,ic_anadolu,night,13,406.12,1,0,0,0,0
7903,31,M,desktop,ege,morning,10,118.14,0,0,0,0,0
7904,33,M,mobile,marmara,morning,15,130.66,0,0,0,0,0
7905,24,F,mobile,ic_anadolu,evening,14,92.68,0,0,0,0,1
7906,49,M,desktop,marmara,afternoon,12,121.31,0,0,0,0,0
7907,36,M,tablet,ic_anadolu,afternoon,2,31.54,1,0,0,1,0
7908,19,M,desktop,ege,night,3,107.3,0,1,0,0,0
7909,27,F,desktop,ege,night,13,134.79,0,0,0,0,0
7910,67,M,mobile,guneydogu_anadolu,afternoon,10,80.21,0,0,0,0,0
7911,34,F,desktop,ege,evening,7,96.94,1,0,0,0,0
7912,54,F,mobile,ege,evening,7,62.94,0,1,0,1,0
7913,29,M,mobile,dogu_anadolu,morning,3,63.78,0,0,0,0,0
7914,23,F,desktop,marmara,night,1,137.9,0,0,0,0,0
7915,39,F,tablet,marmara,morning,12,137.87,0,1,0,0,0
7916,49,F,mobile,marmara,afternoon,10,224.61,0,1,0,0,0
7917,58,F,mobile,ic_anadolu,afternoon,7,138.06,0,0,0,0,0
7918,37,F,desktop,ege,evening,4,82.66,0,0,0,0,0
7919,18,F,desktop,ic_anadolu,morning,3,173.56,0,0,0,1,0
7920,64,M,mobile,marmara,night,13,178.56,0,0,0,1,1
7921,70,M,mobile,marmara,evening,9,125.23,0,0,0,0,0
7922,23,F,desktop,akdeniz,morning,9,49.66,0,0,0,1,0
7923,36,M,mobile,marmara,evening,14,60.33,0,0,0,0,0
7924,35,M,mobile,ege,afternoon,6,144.59,0,1,1,0,1
7925,23,F,desktop,akdeniz,afternoon,11,345.34,0,0,0,0,0
7926,62,F,mobile,guneydogu_anadolu,morning,9,73.69,1,0,0,0,0
7927,50,M,desktop,marmara,afternoon,4,81.21,0,0,0,0,0
7928,40,M,desktop,akdeniz,morning,8,73.89,1,0,0,1,0
7929,40,F,desktop,ege,evening,7,73.06,0,1,0,0,0
7930,43,F,desktop,karadeniz,morning,14,219.65,1,0,1,1,1
7931,30,M,desktop,dogu_anadolu,afternoon,12,86.2,0,1,0,1,1
7932,24,M,tablet,dogu_anadolu,afternoon,6,264.79,0,0,0,0,1
7933,32,F,mobile,ege,afternoon,8,106.38,0,1,0,0,0
7934,61,M,desktop,ege,morning,6,311.56,0,0,0,0,0
7935,44,F,mobile,ege,morning,13,191.51,0,0,0,1,1
7936,43,F,mobile,ege,morning,12,177.57,0,1,0,0,0
7937,50,F,desktop,ic_anadolu,evening,6,108.84,1,0,0,0,0
7938,32,M,desktop,marmara,morning,14,138.64,0,0,0,1,1
7939,53,F,desktop,ic_anadolu,morning,7,201.31,1,0,0,1,0
7940,62,F,desktop,dogu_anadolu,morning,4,129.36,0,0,0,0,0
7941,44,M,mobile,marmara,evening,14,147.3,0,0,0,1,1
7942,22,M,mobile,ic_anadolu,night,5,81.45,0,0,0,0,1
7943,19,F,tablet,marmara,evening,9,121.26,0,1,1,0,0
7944,50,F,mobile,marmara,afternoon,3,64.74,0,0,0,1,0
7945,33,M,desktop,marmara,morning,9,55.68,0,0,0,1,0
7946,40,M,mobile,marmara,afternoon,5,80.38,0,0,0,0,0
7947,55,F,desktop,marmara,afternoon,10,66.11,1,0,0,1,0
7948,33,M,desktop,akdeniz,afternoon,1,156.32,0,0,0,0,0
7949,31,F,mobile,karadeniz,afternoon,11,189.61,0,0,0,1,1
7950,46,M,desktop,marmara,afternoon,7,188.47,0,1,1,0,0
7951,43,F,desktop,dogu_anadolu,morning,5,79.18,0,0,0,1,0
7952,52,M,mobile,karadeniz,morning,3,350.31,1,0,0,1,0
7953,32,F,tablet,ic_anadolu,morning,3,84.31,0,0,0,1,0
7954,20,M,desktop,ege,morning,1,116.89,0,0,1,0,0
7955,40,M,desktop,marmara,morning,7,19.93,1,1,0,0,0
7956,46,F,mobile,ic_anadolu,morning,15,55.25,0,0,0,0,0
7957,51,M,mobile,dogu_anadolu,morning,4,138.52,1,0,0,0,1
7958,50,F,desktop,ege,morning,8,60.39,1,1,0,1,0
7959,58,M,tablet,ic_anadolu,morning,14,306.14,0,0,0,0,0
7960,58,M,mobile,marmara,afternoon,6,56.19,1,1,0,0,0
7961,40,M,mobile,ic_anadolu,afternoon,6,168.66,1,0,0,0,1
7962,24,M,tablet,marmara,evening,13,48.74,0,0,0,0,0
7963,20,M,tablet,ic_anadolu,night,11,303.25,0,0,0,0,0
7964,49,F,desktop,ic_anadolu,night,5,33.52,1,0,0,0,0
7965,48,F,desktop,ege,afternoon,9,144.6,0,1,0,0,0
7966,35,M,mobile,marmara,afternoon,15,149.31,0,1,1,1,0
7967,60,F,tablet,guneydogu_anadolu,morning,7,168.45,0,1,0,1,0
7968,24,M,mobile,akdeniz,night,4,124.3,0,0,0,0,1
7969,58,M,mobile,akdeniz,evening,4,139.75,0,0,1,0,0
7970,18,F,mobile,ic_anadolu,evening,9,135.7,0,0,0,0,1
7971,31,F,desktop,dogu_anadolu,morning,1,269.56,0,0,0,1,0
7972,69,F,tablet,marmara,afternoon,8,36.39,0,0,0,0,0
7973,49,M,mobile,dogu_anadolu,morning,9,346.14,0,0,0,0,0
7974,23,F,tablet,marmara,night,14,147.69,0,0,0,0,0
7975,56,F,mobile,marmara,afternoon,13,127.0,0,0,0,0,1
7976,27,M,tablet,ic_anadolu,evening,7,64.97,1,0,1,1,0
7977,24,M,desktop,guneydogu_anadolu,morning,13,499.18,0,0,0,0,0
7978,43,M,mobile,marmara,evening,7,41.19,0,1,0,1,0
7979,51,M,tablet,ege,morning,7,72.66,0,0,1,0,0
7980,47,M,mobile,akdeniz,evening,11,259.7,0,0,1,1,0
7981,53,F,mobile,marmara,afternoon,6,48.15,1,0,0,0,0
7982,38,M,desktop,guneydogu_anadolu,afternoon,4,25.38,0,0,0,0,0
7983,34,F,mobile,ic_anadolu,morning,5,97.21,0,0,0,0,0
7984,50,M,tablet,karadeniz,night,4,94.84,0,0,0,1,1
7985,27,M,desktop,ege,evening,4,331.42,0,1,0,0,0
7986,68,M,mobile,ege,afternoon,11,46.62,0,0,1,1,0
7987,64,F,mobile,akdeniz,evening,7,96.44,0,0,0,0,0
7988,59,F,desktop,ege,morning,14,79.18,1,1,0,0,1
7989,68,M,desktop,ic_anadolu,morning,3,181.74,0,0,0,1,0
7990,29,F,mobile,marmara,afternoon,4,39.38,0,0,1,0,0
7991,33,M,desktop,ege,evening,10,276.64,1,0,0,0,0
7992,58,M,tablet,dogu_anadolu,afternoon,8,320.17,1,0,0,0,0
7993,49,M,mobile,karadeniz,afternoon,5,164.53,0,0,0,0,0
7994,32,M,desktop,marmara,evening,14,58.16,0,0,0,0,1
7995,44,M,desktop,dogu_anadolu,night,4,241.37,0,0,0,0,0
7996,45,F,mobile,ic_anadolu,afternoon,8,94.47,0,1,1,0,0
7997,34,F,mobile,ic_anadolu,afternoon,11,102.95,0,0,1,0,0
7998,63,M,desktop,marmara,night,6,137.68,1,1,0,0,0
7999,67,M,mobile,ege,afternoon,3,165.56,1,0,0,0,1
8000,19,M,tablet,karadeniz,afternoon,12,352.01,1,0,0,0,0
