,user_id,age,session_count,avg_purchase,reward_arm_0,reward_arm_1,reward_arm_2,reward_arm_3,reward_arm_4,gender_M,device_mobile,device_tablet,region_dogu_anadolu,region_ege,region_guneydogu_anadolu,region_ic_anadolu,region_karadeniz,region_marmara,time_of_day_evening,time_of_day_morning,time_of_day_night
0,1,56,8,136.25,0,1,0,0,0,0,0,1,0,0,0,0,0,1,0,0,0
1,2,69,9,107.01,0,0,0,0,1,1,0,0,0,1,0,0,0,0,0,1,0
2,3,46,11,100.77,0,0,0,0,0,0,0,0,0,0,1,0,0,0,0,0,0
3,4,32,11,43.58,1,0,0,0,0,0,0,0,0,0,0,0,0,1,0,1,0
4,5,60,14,398.93,0,1,1,0,0,0,1,0,1,0,0,0,0,0,1,0,0
5,6,25,2,51.96,1,0,0,0,0,0,0,0,0,1,0,0,0,0,0,1,0
6,7,38,2,86.13,0,0,0,1,0,1,0,0,0,0,0,0,0,1,0,0,0
7,8,56,5,45.89,0,0,1,0,0,1,1,0,0,0,0,0,0,1,0,0,1
8,9,36,15,23.42,0,1,0,0,0,1,1,0,0,0,0,0,0,1,0,0,0
9,10,40,5,278.28,0,0,0,0,0,0,1,0,0,0,0,0,0,1,0,0,0
10,11,28,12,27.73,0,0,1,0,1,0,1,0,0,0,0,0,0,1,0,0,0
11,12,28,10,182.21,0,0,0,0,0,0,1,0,0,1,0,0,0,0,0,1,0
12,13,41,12,175.03,0,0,0,0,0,1,1,0,0,0,0,0,0,1,0,1,0
13,14,70,2,70.05,0,0,0,0,0,0,0,1,0,0,0,1,0,0,1,0,0
14,15,53,10,168.65,1,0,0,0,0,1,0,0,0,0,0,0,1,0,1,0,0
15,16,57,4,56.61,1,0,0,0,0,0,0,0,1,0,0,0,0,0,1,0,0
16,17,41,9,114.3,0,0,0,0,1,1,0,0,0,0,0,0,0,0,1,0,0
17,18,20,4,222.65,0,0,1,1,0,0,0,0,0,0,1,0,0,0,0,0,1
18,19,39,1,407.3,0,1,0,1,0,0,0,1,0,0,0,0,0,1,0,0,1
19,20,70,5,105.67,1,0,0,0,0,1,0,0,0,0,0,0,0,1,1,0,0
20,21,19,2,244.62,0,0,0,0,0,0,0,1,0,0,0,0,0,1,1,0,0
21,22,41,14,81.93,0,0,0,0,0,0,0,0,0,0,0,0,1,0,1,0,0
22,23,61,6,150.43,0,0,0,0,0,1,0,1,1,0,0,0,0,0,0,1,0
23,24,47,1,120.86,1,0,0,0,0,1,1,0,0,0,0,1,0,0,0,1,0
24,25,55,7,99.28,0,0,0,0,0,1,1,0,0,1,0,0,0,0,0,1,0
25,26,19,7,228.83,0,0,0,0,0,0,1,0,0,0,0,1,0,0,0,0,1
26,27,38,15,262.86,0,0,0,0,0,0,0,0,0,0,0,0,0,1,1,0,0
27,28,50,6,189.42,0,0,0,0,0,0,1,0,0,0,0,0,0,0,1,0,0
28,29,29,9,387.52,1,0,1,1,0,0,0,0,0,0,0,0,0,0,0,0,0
29,30,39,3,145.18,0,0,0,0,0,1,1,0,0,0,0,0,0,1,0,0,0
30,31,61,6,17.74,1,0,0,1,0,1,1,0,0,0,0,0,0,1,0,1,0
31,32,42,5,51.33,0,0,0,0,0,0,0,0,0,0,0,0,1,0,0,0,1
32,33,66,9,44.21,0,1,1,0,0,1,1,0,0,0,0,0,0,0,1,0,0
33,34,44,10,189.51,1,0,1,0,0,0,0,0,0,1,0,0,0,0,1,0,0
34,35,59,11,64.94,0,0,1,0,1,1,1,0,0,1,0,0,0,0,0,1,0
35,36,45,4,48.12,0,0,0,1,0,0,0,1,0,0,1,0,0,0,0,1,0
36,37,33,3,332.57,0,0,0,0,0,0,1,0,0,1,0,0,0,0,0,0,0
37,38,32,12,113.59,0,1,0,0,0,1,1,0,0,0,0,0,0,1,0,1,0
38,39,64,7,120.55,0,0,1,0,0,1,1,0,0,0,0,0,0,0,1,0,0
39,40,68,1,182.26,0,0,0,1,0,1,0,1,0,0,0,1,0,0,0,1,0
40,41,61,3,234.73,1,1,0,0,0,0,0,0,0,0,0,0,0,1,0,0,0
41,42,69,7,195.61,1,0,0,0,0,0,1,0,0,1,0,0,0,0,0,0,0
42,43,20,2,290.47,0,0,1,0,0,0,1,0,0,1,0,0,0,0,0,0,0
43,44,54,10,175.62,1,0,0,0,0,0,0,0,0,0,0,0,0,0,0,1,0
44,45,68,14,160.77,0,1,0,0,0,1,0,0,0,1,0,0,0,0,0,0,1
45,46,24,14,230.65,1,1,0,1,0,0,0,0,0,0,0,1,0,0,0,0,0
46,47,38,13,185.28,1,1,1,0,0,0,1,0,0,0,1,0,0,0,1,0,0
47,48,26,3,117.32,0,0,0,1,0,1,0,1,1,0,0,0,0,0,0,1,0
48,49,56,9,166.8,0,0,0,0,0,0,1,0,0,0,0,1,0,0,1,0,0
49,50,35,4,51.91,0,0,1,1,0,1,1,0,0,0,0,0,0,0,0,1,0
50,51,21,6,98.2,0,0,1,0,0,1,0,0,0,0,0,0,1,0,1,0,0
51,52,42,7,76.16,1,0,0,0,0,0,0,0,0,0,0,0,1,0,0,0,0
52,53,31,12,171.93,1,0,0,1,0,1,0,0,0,0,0,0,1,0,0,1,0
53,54,67,14,435.36,0,0,0,0,0,1,1,0,0,0,0,0,0,1,0,1,0
54,55,26,2,65.0,0,0,0,0,0,0,0,0,0,0,0,0,0,1,0,0,1
55,56,43,13,188.55,1,0,0,0,0,0,1,0,0,0,1,0,0,0,0,1,0
56,57,70,11,222.05,0,0,0,0,0,0,0,1,0,0,1,0,0,0,1,0,0
57,58,19,6,489.41,0,0,0,0,0,1,1,0,0,0,0,0,0,0,1,0,0
58,59,37,10,65.6,0,0,1,0,0,1,1,0,0,0,1,0,0,0,0,0,0
59,60,45,12,56.34,0,0,0,0,1,1,1,0,0,0,0,0,1,0,0,1,0
60,61,64,10,102.85,0,0,1,1,0,1,0,0,0,0,0,0,0,0,0,1,0
61,62,24,1,116.2,1,0,1,1,1,1,0,0,0,1,0,0,0,0,1,0,0
62,63,61,3,416.79,0,0,0,0,0,1,1,0,0,0,0,1,0,0,0,0,0
63,64,25,15,328.43,0,1,1,0,0,0,1,0,0,0,0,0,0,0,1,0,0
64,65,64,1,136.94,0,0,0,1,0,1,1,0,0,0,1,0,0,0,1,0,0
65,66,52,12,193.76,1,1,0,0,0,0,0,0,0,0,0,0,0,0,1,0,0
66,67,31,5,145.29,1,0,1,0,1,1,1,0,0,0,0,0,1,0,0,1,0
67,68,34,4,425.54,0,0,0,1,0,0,0,0,0,0,0,0,1,0,1,0,0
68,69,53,12,65.12,1,1,0,1,0,0,0,0,0,0,0,0,0,1,0,1,0
69,70,67,12,164.98,1,1,0,0,0,0,0,0,0,0,0,0,0,1,0,1,0
70,71,57,7,55.78,1,0,0,0,0,0,1,0,0,0,0,1,0,0,1,0,0
71,72,21,4,230.25,1,0,0,1,0,1,0,0,0,0,0,0,0,1,1,0,0
72,73,19,4,98.29,1,0,0,0,0,0,0,0,0,0,0,1,0,0,0,0,0
73,74,23,10,131.5,0,0,1,0,0,1,1,0,0,0,0,0,0,1,1,0,0
74,75,59,10,102.08,1,0,0,0,0,0,1,0,0,1,0,0,0,0,0,0,0
75,76,21,9,106.67,0,0,1,0,0,1,1,0,0,0,0,0,0,1,1,0,0
76,77,46,12,86.91,0,0,0,0,1,0,1,0,0,0,0,0,0,1,0,1,0
77,78,35,5,390.23,0,0,1,1,0,0,0,1,0,0,0,0,0,1,0,1,0
78,79,43,11,173.32,0,0,0,0,0,1,0,0,0,0,1,0,0,0,1,0,0
79,80,61,13,146.74,1,1,0,0,1,0,0,0,0,1,0,0,0,0,1,0,0
80,81,51,7,91.04,0,0,1,0,0,0,1,0,1,0,0,0,0,0,0,0,0
81,82,27,2,185.33,0,0,1,1,1,0,0,0,0,0,1,0,0,0,1,0,0
82,83,53,7,90.17,0,0,0,0,0,0,1,0,1,0,0,0,0,0,0,0,1
83,84,31,2,31.62,0,0,0,1,1,1,1,0,0,0,0,0,0,0,1,0,0
84,85,48,10,311.39,0,0,0,0,0,0,0,1,0,0,0,0,1,0,1,0,0
85,86,65,13,134.74,1,1,0,0,0,1,0,1,0,0,0,0,0,1,1,0,0
86,87,32,5,23.3,0,1,0,0,0,1,0,1,0,0,0,0,0,1,1,0,0
87,88,25,11,48.77,1,0,0,0,0,0,0,0,1,0,0,0,0,0,0,1,0
88,89,31,13,47.07,0,1,1,0,0,1,0,1,0,0,0,0,0,1,1,0,0
89,90,40,15,227.04,1,0,0,0,0,1,0,0,0,0,1,0,0,0,1,0,0
90,91,57,14,366.28,0,0,0,0,0,1,1,0,0,0,0,1,0,0,0,1,0
91,92,38,14,80.0,0,0,1,0,1,1,1,0,0,1,0,0,0,0,0,0,0
92,93,33,5,171.93,1,1,0,0,0,1,0,0,0,0,0,0,0,1,0,1,0
93,94,62,5,197.74,1,0,0,0,0,1,1,0,0,0,0,1,0,0,0,1,0
94,95,35,5,112.7,0,1,0,0,0,0,0,0,0,0,0,0,0,0,0,0,1
95,96,64,7,64.97,0,0,0,0,0,0,0,0,0,0,0,1,0,0,0,1,0
96,97,70,10,63.88,0,0,0,0,0,0,0,1,0,1,0,0,0,0,0,0,0
97,98,41,13,124.89,0,0,0,1,0,0,0,0,0,0,0,0,0,1,0,0,0
98,99,43,2,91.0,1,1,0,0,0,0,0,0,0,1,0,0,0,0,0,0,0
99,100,42,15,102.08,0,0,1,0,0,0,1,0,0,1,0,0,0,0,0,1,0
100,101,62,1,29.38,0,0,0,0,0,0,0,1,0,0,0,0,0,1,0,0,0
101,102,58,4,51.48,1,1,0,0,0,1,0,0,0,0,0,0,0,1,1,0,0
102,103,46,7,36.5,1,0,0,1,0,1,0,0,0,1,0,0,0,0,0,0,0
103,104,32,1,116.92,1,1,0,1,0,1,0,1,0,0,0,1,0,0,0,0,0
104,105,62,4,142.12,1,0,0,0,0,0,0,0,0,0,0,1,0,0,0,0,0
105,106,18,15,190.28,1,0,0,0,0,1,0,0,0,0,0,0,0,1,0,1,0
106,107,42,15,103.14,0,0,1,0,0,1,1,0,0,0,0,1,0,0,0,0,0
107,108,24,15,193.04,0,1,0,0,0,0,1,0,0,0,0,1,0,0,0,1,0
108,109,26,7,49.85,0,0,1,0,1,0,1,0,0,0,0,0,0,0,0,0,0
109,110,41,6,24.89,0,0,0,0,0,1,0,0,0,0,0,0,0,0,1,0,0
110,111,18,1,131.05,0,1,1,0,0,1,0,1,0,1,0,0,0,0,0,0,0
111,112,61,7,388.19,0,0,0,1,0,0,0,1,0,0,0,0,0,1,1,0,0
112,113,25,14,53.37,0,0,0,0,0,0,0,0,0,1,0,0,0,0,0,1,0
113,114,41,5,46.5,0,0,0,0,1,0,0,0,0,1,0,0,0,0,1,0,0
114,115,28,6,107.2,0,0,0,1,0,1,0,1,0,0,0,1,0,0,0,0,0
115,116,68,1,86.6,1,0,0,0,0,1,1,0,1,0,0,0,0,0,0,0,1
116,117,34,9,134.61,0,0,1,0,0,0,1,0,0,1,0,0,0,0,0,1,0
117,118,25,4,181.88,0,0,1,0,1,0,1,0,0,0,0,1,0,0,0,0,1
118,119,52,3,168.92,0,0,0,0,1,1,1,0,0,0,0,0,1,0,1,0,0
119,120,52,14,242.28,0,0,0,0,0,1,1,0,0,0,0,0,0,1,0,1,0
120,121,50,11,24.06,0,0,0,0,0,0,0,0,1,0,0,0,0,0,0,0,1
121,122,22,13,48.75,1,0,0,0,0,1,0,0,0,0,0,0,0,1,0,1,0
122,123,59,15,386.87,0,1,0,0,0,0,0,1,1,0,0,0,0,0,1,0,0
123,124,56,5,36.12,0,0,0,0,0,0,1,0,0,0,0,0,0,1,0,0,1
124,125,58,11,68.1,0,0,0,1,0,1,1,0,0,1,0,0,0,0,0,1,0
125,126,45,5,338.85,1,0,1,0,0,0,0,1,0,0,0,1,0,0,0,0,0
126,127,24,12,258.8,0,1,0,0,1,1,1,0,1,0,0,0,0,0,0,0,0
127,128,26,5,66.49,1,0,1,0,0,1,0,0,0,0,0,0,0,1,1,0,0
128,129,25,8,243.75,0,1,1,0,1,1,1,0,0,0,0,0,1,0,1,0,0
129,130,29,15,85.4,0,0,1,0,1,0,1,0,0,0,0,1,0,0,1,0,0
130,131,51,7,99.57,1,0,0,0,0,0,0,0,0,0,0,0,0,1,0,0,0
131,132,50,3,176.55,0,1,0,0,0,0,0,0,0,0,0,0,0,0,1,0,0
132,133,65,15,73.05,0,1,0,1,0,1,1,0,0,0,0,0,0,0,0,0,1
133,134,40,15,119.41,1,0,0,0,0,1,0,1,0,1,0,0,0,0,0,1,0
134,135,41,1,129.01,0,0,0,1,0,1,0,0,0,0,0,0,1,0,0,1,0
135,136,54,12,51.06,0,1,0,0,1,1,0,0,1,0,0,0,0,0,0,0,0
136,137,52,12,149.33,0,0,1,0,1,1,1,0,0,0,0,1,0,0,0,0,1
137,138,61,14,71.91,0,0,1,0,0,1,1,0,0,0,1,0,0,0,0,1,0
138,139,57,2,163.59,0,0,1,0,0,0,1,0,0,0,0,0,0,1,0,0,1
139,140,39,4,167.57,0,0,0,0,0,0,1,0,0,0,0,0,0,1,0,0,1
140,141,44,12,127.23,0,0,1,0,0,1,1,0,1,0,0,0,0,0,0,1,0
141,142,52,1,115.11,1,1,0,0,0,0,0,0,1,0,0,0,0,0,0,0,0
142,143,18,2,45.0,0,0,0,0,0,0,1,0,0,0,0,0,0,1,0,0,0
143,144,52,8,149.68,0,0,0,0,0,1,0,0,0,1,0,0,0,0,0,0,0
144,145,54,13,285.7,1,0,0,0,1,1,0,1,0,0,0,0,1,0,0,0,0
145,146,64,8,168.72,0,0,0,0,0,0,0,0,0,0,0,0,0,1,1,0,0
146,147,31,4,48.18,0,1,0,0,0,1,1,0,0,0,0,0,0,1,1,0,0
147,148,20,8,143.97,0,0,0,0,0,1,0,0,0,0,0,1,0,0,0,0,1
148,149,18,12,74.99,0,0,0,0,0,0,1,0,0,0,1,0,0,0,0,0,0
149,150,22,13,55.15,0,0,0,0,0,0,0,0,0,0,0,0,1,0,0,0,0
150,151,43,14,87.76,0,0,0,0,0,0,0,0,0,0,0,0,1,0,1,0,0
151,152,31,2,203.97,1,0,0,0,0,1,0,0,0,1,0,0,0,0,0,0,0
152,153,56,13,72.5,0,0,0,0,0,1,1,0,0,0,0,1,0,0,0,0,0
153,154,44,11,120.96,0,0,0,0,0,1,0,0,0,0,0,0,0,1,1,0,0
154,155,26,7,304.36,0,0,1,0,0,1,1,0,0,0,1,0,0,0,1,0,0
155,156,32,2,60.5,0,1,0,1,0,0,1,0,0,0,0,0,0,0,0,0,0
156,157,32,9,222.69,0,0,1,1,0,0,1,0,0,0,0,1,0,0,0,0,0
157,158,43,4,108.54,0,0,0,0,0,1,1,0,1,0,0,0,0,0,0,0,1
158,159,59,10,219.28,0,0,0,0,0,0,0,1,0,0,0,0,0,1,0,1,0
159,160,30,14,123.73,0,0,0,0,0,0,0,0,0,0,1,0,0,0,0,0,0
160,161,68,11,131.92,0,0,0,0,0,0,0,0,0,1,0,0,0,0,1,0,0
161,162,49,2,82.91,1,0,0,0,0,0,0,1,0,1,0,0,0,0,0,1,0
162,163,56,1,189.07,0,0,0,1,0,0,0,0,0,0,0,0,0,1,1,0,0
163,164,66,7,179.69,0,0,0,0,0,0,1,0,1,0,0,0,0,0,0,1,0
164,165,69,11,146.69,1,0,1,0,0,0,0,0,1,0,0,0,0,0,1,0,0
165,166,49,10,178.6,0,0,1,0,1,0,1,0,0,0,0,0,0,1,1,0,0
166,167,21,4,97.22,1,0,0,0,0,1,0,0,0,0,0,0,0,1,0,1,0
167,168,47,1,162.07,1,0,0,0,0,1,0,1,1,0,0,0,0,0,0,1,0
168,169,54,2,120.49,0,0,1,0,0,0,1,0,0,0,0,0,0,1,1,0,0
169,170,40,6,63.18,0,1,0,0,0,1,0,0,0,0,0,1,0,0,0,0,0
170,171,56,2,54.03,1,0,0,0,0,0,0,0,0,0,0,1,0,0,0,0,0
171,172,62,15,191.15,1,1,1,0,0,1,0,0,1,0,0,0,0,0,0,1,0
172,173,32,5,75.8,0,0,0,0,0,1,1,0,0,0,0,0,0,0,0,1,0
173,174,60,15,171.37,1,0,0,0,1,1,0,0,0,1,0,0,0,0,0,0,0
174,175,46,2,23.23,1,0,0,0,0,1,0,0,0,0,1,0,0,0,0,1,0
175,176,53,11,147.56,0,0,0,0,0,0,1,0,0,0,0,0,0,1,0,0,0
176,177,30,4,92.24,0,0,1,0,0,0,1,0,0,0,0,0,0,1,1,0,0
177,178,49,5,68.72,0,0,0,0,0,1,0,0,0,0,0,0,0,1,0,0,0
178,179,24,4,126.92,0,0,0,0,0,0,0,0,0,0,1,0,0,0,1,0,0
179,180,68,11,134.9,1,1,0,0,0,0,1,0,0,0,0,1,0,0,0,0,0
180,181,39,1,141.05,0,1,0,1,0,1,0,1,0,0,0,0,0,1,0,0,0
181,182,45,10,151.11,1,0,1,0,0,1,0,0,0,0,0,1,0,0,0,1,0
182,183,19,10,117.28,0,0,1,0,1,1,1,0,0,1,0,0,0,0,0,0,0
183,184,59,3,70.79,1,1,0,0,0,0,0,0,0,0,1,0,0,0,1,0,0
184,185,62,10,217.74,0,0,0,0,0,1,0,0,0,0,0,0,0,1,1,0,0
185,186,70,9,109.31,1,0,0,0,0,0,1,0,0,0,0,1,0,0,0,0,0
186,187,23,4,214.63,0,0,0,1,0,0,0,0,0,0,0,1,0,0,1,0,0
187,188,45,13,106.04,1,0,0,1,0,1,1,0,0,0,0,0,0,1,0,1,0
188,189,45,13,90.87,0,0,0,0,0,0,0,1,1,0,0,0,0,0,1,0,0
189,190,61,13,85.79,0,0,1,0,0,0,0,1,0,0,0,0,0,1,1,0,0
190,191,61,9,134.63,1,0,0,0,0,1,0,0,0,0,0,1,0,0,0,0,0
191,192,37,5,183.12,1,0,0,1,0,0,0,0,0,0,0,0,1,0,0,0,0
192,193,47,2,205.87,0,0,0,0,0,0,0,1,0,0,0,1,0,0,1,0,0
193,194,28,8,181.64,0,0,1,0,0,0,0,0,0,0,0,0,0,1,0,0,0
194,195,45,14,129.29,1,0,1,0,0,0,1,0,0,0,1,0,0,0,0,0,1
195,196,42,4,352.5,1,0,0,0,0,0,0,0,0,0,0,0,0,1,1,0,0
196,197,56,14,165.2,1,1,0,0,0,1,0,0,0,0,0,1,0,0,1,0,0
197,198,50,2,23.06,1,0,0,0,0,1,0,0,0,0,0,0,1,0,0,0,0
198,199,18,6,42.27,0,0,0,0,1,0,0,1,0,0,1,0,0,0,0,1,0
199,200,44,1,171.67,0,1,0,0,0,1,0,1,0,0,0,1,0,0,0,1,0
200,201,69,8,65.76,0,0,0,0,0,0,0,0,0,0,0,0,0,1,0,0,0
201,202,30,9,68.78,0,0,1,0,0,0,1,0,0,0,0,0,1,0,0,1,0
202,203,58,7,79.32,0,1,0,1,0,1,0,0,0,0,0,0,0,1,0,0,1
203,204,20,13,66.61,0,0,0,0,0,0,0,0,0,0,0,0,0,1,0,0,0
204,205,56,14,103.3,0,0,0,1,0,1,1,0,1,0,0,0,0,0,1,0,0
205,206,23,9,141.09,0,0,1,0,0,0,1,0,0,0,0,0,0,0,1,0,0
206,207,25,2,56.89,0,0,1,1,0,1,0,0,0,0,0,0,0,1,1,0,0
207,208,44,11,73.25,0,0,0,0,0,0,0,0,0,0,0,0,0,0,0,1,0
208,209,26,1,107.2,0,0,0,0,0,0,0,1,0,0,0,0,0,1,0,0,0
209,210,54,7,113.85,0,0,0,0,0,0,0,1,0,0,0,0,0,1,0,0,0
210,211,50,4,146.9,0,1,1,0,0,1,1,0,0,0,0,0,0,1,0,0,1
211,212,68,10,110.45,0,0,1,1,0,1,0,0,0,0,0,0,1,0,1,0,0
212,213,59,8,254.5,0,1,0,1,0,1,1,0,0,0,0,0,1,0,0,1,0
213,214,61,3,321.69,0,0,0,1,0,0,0,0,0,0,0,1,0,0,0,0,0
214,215,41,7,202.59,0,1,0,1,0,0,0,1,0,0,0,0,0,1,0,0,0
215,216,32,7,133.25,0,0,0,1,0,0,0,0,0,0,0,1,0,0,0,1,0
216,217,49,11,70.45,1,0,0,1,1,1,0,0,0,1,0,0,0,0,1,0,0
217,218,49,15,85.3,0,0,0,0,0,1,1,0,0,0,0,0,0,0,1,0,0
218,219,41,10,43.65,0,1,1,0,1,0,1,0,1,0,0,0,0,0,1,0,0
219,220,58,10,106.31,1,0,0,0,0,1,1,0,0,0,0,0,0,0,1,0,0
220,221,69,11,35.14,1,0,0,0,0,0,0,0,0,0,0,1,0,0,0,0,0
221,222,66,4,119.69,0,0,0,0,0,1,1,0,0,0,1,0,0,0,0,0,0
222,223,66,14,251.01,0,0,0,0,0,1,1,0,0,0,0,0,0,0,1,0,0
223,224,69,10,68.66,1,0,0,1,0,0,0,0,0,0,0,0,0,0,1,0,0
224,225,29,14,183.66,1,1,1,0,1,0,1,0,0,0,0,1,0,0,0,1,0
225,226,56,14,118.65,0,1,0,0,0,1,0,1,0,0,0,0,0,1,0,0,0
226,227,19,1,110.96,0,0,0,0,0,1,0,0,0,0,0,1,0,0,0,1,0
227,228,20,7,138.45,0,0,0,0,0,1,0,0,0,0,0,1,0,0,1,0,0
228,229,66,10,162.08,1,0,0,0,0,1,0,0,0,0,0,0,0,1,0,1,0
229,230,54,12,366.97,1,0,0,0,0,0,0,0,0,0,0,0,0,1,1,0,0
230,231,66,14,105.09,0,0,0,0,1,1,1,0,0,0,1,0,0,0,0,0,0
231,232,34,6,212.74,0,0,1,1,0,1,1,0,0,0,0,1,0,0,1,0,0
232,233,66,12,134.92,0,0,0,0,0,1,1,0,0,0,0,0,0,1,0,0,0
233,234,19,1,68.77,1,0,1,0,0,0,0,0,0,0,0,0,0,1,0,0,0
234,235,19,11,311.74,0,0,0,0,0,0,1,0,0,0,0,1,0,0,0,0,0
235,236,45,12,98.5,0,0,0,0,0,0,1,0,0,0,0,0,0,1,0,0,0
236,237,40,8,42.52,0,0,0,0,0,0,0,1,0,0,0,0,0,1,1,0,0
237,238,54,10,187.55,0,0,0,0,0,0,0,0,0,0,0,0,1,0,1,0,0
238,239,49,6,194.09,1,1,1,0,0,0,1,0,0,0,0,1,0,0,0,0,0
239,240,50,15,104.72,1,1,1,0,0,0,0,1,0,1,0,0,0,0,0,0,0
240,241,18,15,165.33,0,0,0,0,0,0,1,0,0,0,0,0,0,1,0,1,0
241,242,36,5,146.77,0,0,0,1,0,1,0,0,0,0,0,0,0,0,1,0,0
242,243,19,8,39.75,1,0,1,0,0,0,0,0,0,0,0,0,0,1,0,1,0
243,244,70,2,28.92,0,1,0,0,0,0,0,1,0,1,0,0,0,0,0,0,1
244,245,61,6,441.09,0,0,0,0,0,0,0,0,0,0,0,0,0,1,1,0,0
245,246,43,10,204.48,0,1,0,1,0,0,0,1,0,0,0,0,0,1,0,0,0
246,247,49,3,224.72,0,0,1,0,0,1,1,0,0,1,0,0,0,0,0,1,0
247,248,23,15,100.29,1,0,0,0,0,0,0,0,0,0,1,0,0,0,0,1,0
248,249,49,12,137.41,0,0,1,0,0,1,1,0,0,0,0,0,0,1,0,0,0
249,250,21,11,136.89,0,0,0,0,0,1,0,0,0,1,0,0,0,0,0,0,0
250,251,28,8,63.68,1,0,0,0,0,1,0,0,0,1,0,0,0,0,0,1,0
251,252,34,5,67.05,0,0,1,0,0,1,1,0,0,0,0,0,0,0,1,0,0
252,253,55,12,248.65,0,0,0,1,0,1,1,0,0,0,0,0,1,0,0,0,0
253,254,41,10,249.41,0,0,0,0,0,1,0,0,0,1,0,0,0,0,0,1,0
254,255,22,3,124.95,0,0,1,0,0,0,1,0,0,0,0,0,1,0,1,0,0
255,256,69,2,25.74,1,1,0,0,0,0,0,0,0,0,0,0,0,1,0,0,1
256,257,51,5,157.08,1,1,0,1,0,1,1,0,1,0,0,0,0,0,0,0,0
257,258,23,9,94.9,0,0,0,0,0,0,1,0,0,0,0,0,0,1,1,0,0
258,259,39,1,27.69,1,0,0,0,0,0,0,0,0,0,0,0,0,1,1,0,0
259,260,28,10,357.82,0,1,0,0,1,1,0,1,0,0,0,0,0,1,0,0,1
260,261,65,15,215.85,1,0,0,0,0,1,1,0,0,0,0,0,0,1,0,1,0
261,262,33,4,92.34,0,0,0,0,0,0,1,0,0,0,0,0,0,0,0,0,1
262,263,50,14,56.21,0,0,0,0,1,1,1,0,0,1,0,0,0,0,0,0,0
263,264,26,1,263.67,0,0,0,0,0,0,0,0,0,0,0,1,0,0,0,0,0
264,265,23,2,120.82,0,0,1,0,0,1,0,0,0,0,0,0,0,1,0,0,0
265,266,33,10,187.68,0,0,0,0,0,0,1,0,0,0,0,0,0,0,0,1,0
266,267,46,11,237.65,1,1,0,1,0,0,0,1,0,1,0,0,0,0,1,0,0
267,268,20,15,90.71,0,0,1,0,0,1,1,0,0,0,0,1,0,0,1,0,0
268,269,37,7,74.38,1,0,0,0,0,0,0,0,0,0,0,0,0,1,0,0,0
269,270,53,1,138.4,0,1,0,0,1,1,1,0,0,0,0,0,0,1,0,1,0
270,271,36,9,207.09,1,0,0,0,1,0,0,0,0,1,0,0,0,0,0,0,0
271,272,43,8,46.16,1,0,0,0,0,0,0,0,0,0,0,0,1,0,0,0,0
272,273,20,3,268.7,0,0,1,0,0,1,1,0,0,0,0,1,0,0,0,0,0
273,274,36,10,112.84,0,0,1,0,0,0,1,0,0,0,0,0,0,1,0,0,0
274,275,37,1,162.48,1,0,1,1,0,0,0,0,0,0,0,0,0,1,0,1,0
275,276,49,4,121.9,1,0,0,0,0,0,1,0,0,0,0,0,0,1,0,0,0
276,277,24,2,160.14,0,0,1,0,0,1,1,0,0,1,0,0,0,0,1,0,0
277,278,69,6,91.63,1,0,0,1,0,1,0,0,0,0,0,1,0,0,0,1,0
278,279,58,2,149.21,0,0,1,1,0,1,1,0,0,0,0,0,0,1,0,1,0
279,280,50,4,159.54,0,0,1,0,0,0,0,0,0,1,0,0,0,0,0,0,0
280,281,57,7,84.32,1,0,0,0,0,0,1,0,0,0,0,1,0,0,0,0,0
281,282,56,14,244.0,0,0,0,1,0,0,1,0,0,1,0,0,0,0,0,0,0
282,283,35,14,261.96,0,0,0,0,0,1,1,0,0,0,0,0,0,1,0,0,1
283,284,57,12,37.8,0,0,0,1,0,0,0,1,0,0,0,0,0,0,1,0,0
284,285,18,9,97.62,1,0,0,0,1,1,0,0,0,1,0,0,0,0,1,0,0
285,286,28,11,77.48,0,0,1,1,0,0,1,0,1,0,0,0,0,0,0,0,0
286,287,45,3,207.19,0,1,1,0,0,1,1,0,0,0,0,0,1,0,0,0,0
287,288,42,6,51.79,0,0,1,0,1,1,1,0,0,0,0,0,0,1,0,0,0
288,289,67,5,206.02,0,0,0,0,0,1,1,0,0,0,0,0,0,1,0,0,1
289,290,40,5,114.66,0,0,1,0,0,0,1,0,0,1,0,0,0,0,1,0,0
290,291,48,2,205.79,0,0,0,0,1,0,1,0,0,1,0,0,0,0,0,0,0
291,292,47,13,238.91,1,0,0,0,0,0,0,0,0,0,1,0,0,0,0,1,0
292,293,59,5,264.06,1,1,0,0,0,0,0,0,0,1,0,0,0,0,0,1,0
293,294,52,11,163.81,1,1,0,0,1,0,1,0,1,0,0,0,0,0,0,1,0
294,295,24,3,331.24,0,1,1,0,0,1,1,0,0,0,0,0,0,0,1,0,0
295,296,33,7,71.94,0,0,0,0,0,0,0,1,1,0,0,0,0,0,0,1,0
296,297,43,14,146.37,0,0,1,1,1,1,0,0,0,0,0,1,0,0,0,0,0
297,298,65,15,201.36,0,0,1,0,0,1,0,0,0,0,0,1,0,0,1,0,0
298,299,69,5,149.91,1,0,0,0,1,0,1,0,0,0,0,0,0,0,0,1,0
299,300,66,6,332.61,1,0,0,1,0,1,0,1,0,0,0,0,1,0,0,0,0
300,301,19,14,262.79,1,0,0,1,1,0,0,1,0,0,0,0,0,1,0,1,0
301,302,18,9,93.78,1,1,1,0,0,0,0,0,1,0,0,0,0,0,0,0,0
302,303,65,3,87.89,1,0,0,0,0,0,0,0,0,0,0,1,0,0,0,1,0
303,304,29,1,109.94,0,0,1,0,1,1,1,0,0,1,0,0,0,0,0,0,0
304,305,22,8,135.72,0,0,1,0,0,0,0,0,0,0,1,0,0,0,1,0,0
305,306,54,2,32.77,1,0,0,1,1,0,0,1,1,0,0,0,0,0,1,0,0
306,307,49,2,97.19,0,0,0,1,1,1,1,0,0,0,0,0,1,0,0,0,0
307,308,26,10,306.13,0,1,0,0,1,0,0,0,0,0,0,0,0,1,1,0,0
308,309,58,13,22.62,0,0,0,0,0,1,0,0,0,0,1,0,0,0,0,1,0
309,310,52,4,397.23,1,0,1,1,0,1,0,0,0,0,0,1,0,0,1,0,0
310,311,36,5,112.98,0,0,0,0,0,1,1,0,0,0,0,1,0,0,0,1,0
311,312,65,1,143.74,0,0,0,1,0,0,0,0,1,0,0,0,0,0,0,0,0
312,313,33,11,149.15,1,1,0,1,0,0,0,0,0,0,0,0,0,1,0,1,0
313,314,20,3,255.7,1,1,0,1,1,0,0,1,0,0,0,0,0,1,0,1,0
314,315,37,11,158.36,0,0,0,1,1,0,0,0,0,0,0,0,0,0,0,0,1
315,316,41,9,119.63,0,0,0,0,0,0,1,0,0,0,0,0,0,1,0,1,0
316,317,50,6,43.12,0,0,0,0,0,0,0,0,0,0,0,1,0,0,0,0,0
317,318,41,5,265.8,0,0,1,0,0,1,1,0,0,0,0,0,0,1,0,0,0
318,319,69,14,155.68,0,0,0,0,1,1,0,0,0,0,0,0,0,1,0,0,0
319,320,28,12,106.38,1,0,1,0,1,0,0,0,0,1,0,0,0,0,1,0,0
320,321,66,9,222.98,0,0,1,0,0,0,1,0,0,0,0,0,0,0,0,0,1
321,322,25,11,67.54,0,0,0,0,1,0,0,0,0,0,0,0,0,1,0,0,0
322,323,53,6,256.56,0,0,0,0,1,0,1,0,0,0,0,0,0,1,0,1,0
323,324,55,5,188.63,0,0,0,0,0,1,0,0,0,1,0,0,0,0,0,1,0
324,325,57,9,147.02,0,0,1,0,0,1,1,0,0,0,0,0,1,0,0,0,0
325,326,37,8,117.44,0,1,0,0,0,1,0,1,1,0,0,0,0,0,0,0,0
326,327,52,3,138.7,0,1,0,0,0,1,0,0,0,0,0,0,0,1,0,0,0
327,328,65,8,318.58,1,1,0,0,0,1,0,0,0,0,0,0,0,0,1,0,0
328,329,42,10,170.81,0,0,1,0,0,1,1,0,0,0,0,0,0,1,0,0,0
329,330,52,9,424.42,0,0,1,1,1,0,1,0,0,1,0,0,0,0,0,1,0
330,331,42,13,123.15,0,0,0,0,0,1,0,0,0,0,1,0,0,0,0,0,0
331,332,46,12,59.23,0,0,1,0,0,0,1,0,0,1,0,0,0,0,1,0,0
332,333,35,13,298.72,1,0,0,1,1,0,0,0,0,1,0,0,0,0,0,0,0
333,334,63,10,131.34,1,1,0,0,0,0,0,0,0,0,0,0,0,1,0,1,0
334,335,35,3,208.01,0,0,0,0,0,0,0,1,0,0,1,0,0,0,0,0,0
335,336,19,11,149.96,0,0,1,0,0,1,1,0,0,0,0,0,0,0,0,0,0
336,337,52,10,78.21,1,1,0,1,0,0,1,0,0,0,0,0,0,0,0,0,0
337,338,33,8,479.28,0,0,0,1,0,0,0,0,0,0,0,0,0,0,0,0,1
338,339,58,12,136.43,1,0,0,0,0,0,0,0,0,0,0,0,0,1,1,0,0
339,340,53,7,53.93,0,0,1,0,1,1,0,1,0,0,0,0,1,0,1,0,0
340,341,50,8,307.49,0,0,0,0,0,0,0,0,0,0,0,0,0,1,1,0,0
341,342,21,1,89.25,0,0,0,0,0,1,0,0,0,0,0,1,0,0,1,0,0
342,343,50,3,225.28,0,0,0,1,0,1,0,0,0,0,0,1,0,0,1,0,0
343,344,31,7,189.2,0,1,1,0,0,1,1,0,0,0,0,0,0,1,0,0,0
344,345,38,12,22.45,0,0,0,0,0,1,0,0,0,0,0,0,0,1,0,0,0
345,346,65,15,191.28,1,1,0,0,0,0,0,0,0,0,0,1,0,0,0,1,0
346,347,37,7,89.99,0,0,0,1,0,0,0,1,0,1,0,0,0,0,0,0,0
347,348,25,8,27.23,0,0,1,0,0,1,1,0,0,0,0,0,0,1,0,0,0
348,349,24,11,68.43,0,0,1,1,0,0,0,0,0,0,0,0,0,1,1,0,0
349,350,20,7,239.75,0,1,1,0,0,0,1,0,0,0,0,0,1,0,0,0,0
350,351,34,15,155.3,0,0,0,0,1,1,0,0,1,0,0,0,0,0,1,0,0
351,352,50,14,31.65,0,1,1,0,1,0,1,0,0,0,0,0,1,0,1,0,0
352,353,65,13,113.95,1,1,0,0,0,1,1,0,0,0,0,0,0,0,0,1,0
353,354,29,12,41.31,0,1,0,0,0,0,0,0,0,0,0,0,0,0,0,1,0
354,355,68,12,124.77,1,0,0,0,0,1,0,0,0,0,0,0,0,1,0,1,0
355,356,39,13,146.66,0,0,0,0,0,1,1,0,0,0,0,0,0,1,0,1,0
356,357,39,4,316.51,1,0,1,0,0,1,0,1,0,0,0,0,1,0,0,0,0
357,358,63,7,500.0,1,0,0,0,0,0,1,0,0,0,0,0,1,0,1,0,0
358,359,47,9,61.67,1,0,0,0,0,1,0,0,0,0,0,0,1,0,0,1,0
359,360,55,1,128.26,0,0,0,0,0,1,0,0,0,0,0,0,0,0,1,0,0
360,361,55,2,262.93,1,0,0,0,1,0,0,0,1,0,0,0,0,0,0,0,1
361,362,62,5,19.97,1,0,0,0,0,0,0,0,1,0,0,0,0,0,0,0,0
362,363,68,7,36.53,0,0,0,0,0,1,1,0,0,1,0,0,0,0,1,0,0
363,364,25,12,155.78,1,0,1,0,1,1,1,0,0,0,0,0,0,1,0,1,0
364,365,44,7,184.05,0,0,0,0,0,0,0,0,0,0,0,0,0,0,1,0,0
365,366,44,8,66.79,1,0,0,1,0,1,0,0,0,0,0,0,0,1,0,1,0
366,367,51,10,163.67,0,0,1,0,0,0,1,0,1,0,0,0,0,0,1,0,0
367,368,38,6,122.33,0,0,0,0,1,0,0,0,0,1,0,0,0,0,0,0,0
368,369,47,6,43.86,0,0,1,0,0,1,0,1,0,0,0,0,0,0,0,0,1
369,370,50,7,42.04,1,0,0,0,0,1,1,0,0,0,0,1,0,0,0,0,0
370,371,45,5,145.82,0,1,0,0,0,1,0,1,0,0,0,0,0,0,0,1,0
371,372,64,13,119.38,0,0,0,1,0,1,0,1,0,0,0,0,0,1,0,0,0
372,373,50,11,74.11,0,0,0,0,0,0,1,0,0,0,1,0,0,0,1,0,0
373,374,22,8,51.31,0,0,0,0,0,0,0,0,0,0,0,0,0,1,1,0,0
374,375,65,5,334.65,0,0,0,0,0,0,0,1,0,0,0,0,1,0,0,0,1
375,376,36,6,128.13,0,0,1,0,0,1,0,0,0,0,0,0,1,0,1,0,0
376,377,21,3,355.01,0,1,1,0,0,1,0,0,0,0,0,0,0,1,0,0,0
377,378,52,15,149.9,0,1,0,0,0,0,1,0,0,0,1,0,0,0,0,1,0
378,379,66,14,73.23,1,1,0,1,0,0,0,0,0,0,0,0,0,0,0,1,0
379,380,34,5,75.85,1,0,1,0,0,0,0,0,0,0,0,1,0,0,0,0,1
380,381,61,15,132.55,0,0,0,0,0,1,0,0,0,0,0,1,0,0,0,0,1
381,382,45,14,500.0,1,0,0,0,0,0,0,0,0,0,0,0,0,0,0,1,0
382,383,47,11,213.61,0,0,1,0,0,0,1,0,0,0,0,0,0,1,1,0,0
383,384,46,15,310.86,0,0,1,0,0,1,0,0,0,0,0,0,1,0,1,0,0
384,385,63,3,196.98,1,0,1,0,0,1,1,0,0,0,0,1,0,0,0,0,0
385,386,70,8,131.44,1,1,0,0,0,1,0,1,0,0,0,0,0,1,1,0,0
386,387,23,15,94.77,0,0,0,0,0,1,1,0,0,0,0,1,0,0,0,1,0
387,388,52,13,147.49,0,0,1,0,1,0,1,0,0,0,0,1,0,0,0,0,1
388,389,58,7,23.49,0,0,0,0,0,1,0,1,0,0,0,0,0,0,0,0,0
389,390,54,4,117.96,0,1,0,1,0,1,0,0,0,0,0,0,0,1,0,0,0
390,391,41,6,73.6,0,0,0,0,0,1,1,0,0,1,0,0,0,0,0,0,0
391,392,46,8,164.74,0,1,0,0,0,0,0,1,0,0,0,0,0,1,0,0,0
392,393,66,10,302.74,0,0,1,0,1,0,0,1,0,0,0,0,0,0,1,0,0
393,394,63,7,176.35,0,0,0,0,1,0,1,0,1,0,0,0,0,0,1,0,0
394,395,70,10,228.63,1,0,0,1,0,0,0,0,0,0,0,0,0,1,0,0,0
395,396,48,10,121.83,0,1,1,1,1,1,0,1,0,0,0,0,0,1,1,0,0
396,397,52,2,91.68,0,1,0,0,0,0,0,0,0,0,0,0,1,0,0,0,0
397,398,50,8,229.46,0,1,0,1,0,0,0,0,0,0,0,0,0,1,0,0,1
398,399,69,8,147.52,0,0,0,0,0,0,0,0,0,0,0,0,0,1,0,1,0
399,400,38,11,190.86,0,0,1,0,0,0,1,0,0,0,0,1,0,0,0,0,0
400,401,49,2,113.75,0,0,1,1,1,0,1,0,0,0,0,0,1,0,0,1,0
401,402,40,15,88.36,0,0,0,0,0,0,1,0,0,0,0,0,1,0,0,0,0
402,403,50,4,108.4,1,0,0,0,0,0,1,0,0,0,0,0,1,0,0,1,0
403,404,20,2,131.74,0,1,1,0,0,1,0,0,0,1,0,0,0,0,0,0,1
404,405,35,5,265.07,1,0,0,0,0,1,1,0,1,0,0,0,0,0,0,1,0
405,406,42,4,230.16,0,1,1,0,0,0,1,0,0,0,0,0,0,1,0,0,0
406,407,59,7,159.18,0,0,1,0,0,1,1,0,0,1,0,0,0,0,1,0,0
407,408,48,14,173.04,0,0,1,1,0,1,0,1,0,1,0,0,0,0,0,1,0
408,409,20,6,173.01,0,1,1,0,0,1,1,0,0,0,0,0,0,1,1,0,0
409,410,57,15,347.5,0,0,1,0,0,0,1,0,0,1,0,0,0,0,1,0,0
410,411,63,7,90.93,0,1,0,0,1,0,0,0,0,0,0,1,0,0,1,0,0
411,412,41,4,283.43,0,0,1,0,0,0,1,0,0,0,0,0,0,0,0,1,0
412,413,67,4,40.15,1,0,0,0,0,0,0,1,0,1,0,0,0,0,0,1,0
413,414,49,6,115.86,1,0,0,1,0,0,0,0,0,0,0,1,0,0,0,1,0
414,415,64,13,87.22,1,1,0,1,1,1,1,0,0,0,0,1,0,0,0,1,0
415,416,39,5,161.64,0,0,0,0,0,0,0,0,0,0,0,0,0,1,0,1,0
416,417,40,11,348.97,1,0,1,0,0,0,1,0,0,1,0,0,0,0,1,0,0
417,418,19,2,135.13,0,0,0,0,0,1,1,0,0,0,0,0,0,1,0,0,0
418,419,44,12,130.16,0,0,1,0,0,0,1,0,0,0,0,0,0,1,0,0,0
419,420,59,7,68.8,0,0,1,1,0,1,0,1,0,0,0,0,1,0,0,0,0
420,421,19,2,163.29,0,0,1,0,1,1,0,0,0,0,0,0,0,1,0,0,0
421,422,43,14,117.29,0,1,0,0,0,1,0,0,0,0,0,0,0,1,0,0,0
422,423,34,11,51.74,0,0,0,1,0,1,1,0,0,0,0,0,0,1,1,0,0
423,424,57,7,93.86,1,1,0,1,0,0,0,0,0,0,0,0,1,0,0,1,0
424,425,50,13,124.61,0,0,1,0,0,1,1,0,0,0,0,0,0,1,0,0,1
425,426,26,3,106.64,0,0,1,0,0,1,0,0,0,0,0,1,0,0,1,0,0
426,427,60,6,27.86,0,0,1,1,0,1,0,0,0,0,0,0,0,1,0,0,1
427,428,65,7,246.97,0,0,0,0,0,0,1,0,0,0,0,0,1,0,0,1,0
428,429,56,14,256.88,1,0,0,0,0,1,1,0,1,0,0,0,0,0,0,1,0
429,430,46,9,251.6,0,0,0,0,0,0,0,0,0,0,0,0,0,0,0,0,0
430,431,59,13,63.08,0,0,0,0,0,1,0,0,0,0,0,0,1,0,0,0,1
431,432,43,3,42.04,0,0,0,0,0,0,0,0,0,0,0,1,0,0,1,0,0
432,433,52,2,85.01,0,0,1,0,0,1,1,0,0,0,0,0,1,0,1,0,0
433,434,67,2,188.8,1,1,0,0,0,1,0,0,0,0,0,0,1,0,0,1,0
434,435,42,6,500.0,0,0,0,1,0,0,1,0,0,0,0,0,0,1,0,0,0
435,436,41,13,96.61,0,1,1,0,0,0,1,0,0,0,0,0,0,0,0,0,0
436,437,30,3,91.17,0,0,1,0,0,0,1,0,0,0,1,0,0,0,0,0,0
437,438,24,9,74.4,0,0,0,0,1,1,0,0,0,1,0,0,0,0,0,1,0
438,439,53,5,34.4,1,0,0,1,0,1,1,0,0,0,1,0,0,0,0,1,0
439,440,62,14,143.29,0,0,0,0,0,1,0,1,0,0,0,1,0,0,1,0,0
440,441,37,13,261.48,0,0,1,0,0,1,0,0,0,0,0,0,0,0,0,0,1
441,442,18,5,181.42,0,0,0,0,1,1,0,0,0,0,0,1,0,0,1,0,0
442,443,25,3,105.35,0,0,1,0,0,0,1,0,0,0,0,0,1,0,1,0,0
443,444,63,8,50.37,0,0,0,0,0,0,0,0,0,1,0,0,0,0,0,0,1
444,445,33,15,79.33,0,0,0,0,1,1,1,0,0,0,0,0,0,1,0,1,0
445,446,31,12,192.37,0,0,1,0,0,0,1,0,0,0,0,1,0,0,0,1,0
446,447,29,12,109.27,0,0,1,0,1,0,1,0,0,0,1,0,0,0,1,0,0
447,448,68,14,405.25,0,0,0,0,0,0,1,0,0,0,0,1,0,0,0,0,0
448,449,40,5,166.22,0,0,1,1,1,0,1,0,0,0,0,0,0,1,0,0,0
449,450,32,5,181.11,1,0,0,1,0,1,0,0,0,0,0,0,0,1,0,1,0
450,451,45,7,99.49,0,0,0,1,0,0,0,0,1,0,0,0,0,0,0,0,0
451,452,51,2,161.28,1,0,0,0,0,1,0,1,0,0,0,0,0,1,0,0,0
452,453,19,3,100.12,0,0,1,1,1,0,0,1,0,0,0,0,0,0,0,0,0
453,454,49,10,143.64,0,0,0,0,1,0,1,0,0,0,0,0,0,1,0,0,0
454,455,40,10,210.37,1,0,0,0,0,0,0,1,0,0,0,0,0,1,0,0,0
455,456,39,14,57.87,0,0,0,0,0,1,0,0,0,1,0,0,0,0,0,0,1
456,457,68,8,165.75,0,0,0,1,1,1,0,0,0,0,0,0,0,1,0,0,1
457,458,42,3,140.26,1,0,0,1,0,1,0,0,0,0,0,0,1,0,1,0,0
458,459,39,13,369.26,0,0,0,0,0,1,0,0,0,1,0,0,0,0,0,0,1
459,460,39,11,69.46,1,0,0,0,0,1,1,0,0,1,0,0,0,0,0,1,0
460,461,66,12,118.09,0,0,0,0,0,1,0,1,0,0,0,0,0,0,1,0,0
461,462,69,7,85.94,0,0,0,0,0,1,1,0,1,0,0,0,0,0,0,0,0
462,463,59,15,52.99,0,0,1,0,0,1,1,0,0,0,0,1,0,0,1,0,0
463,464,23,11,145.84,0,0,0,0,0,0,0,0,0,0,0,0,0,1,0,1,0
464,465,32,13,27.21,0,0,0,0,0,1,0,0,0,0,0,0,0,1,1,0,0
465,466,60,2,96.94,1,1,0,1,0,1,0,0,0,0,0,0,0,0,0,1,0
466,467,54,10,99.04,0,0,0,0,0,1,1,0,1,0,0,0,0,0,0,1,0
467,468,50,13,86.89,0,0,0,0,1,0,1,0,0,1,0,0,0,0,1,0,0
468,469,25,13,76.39,0,0,1,1,0,1,0,1,0,0,0,0,0,1,1,0,0
469,470,70,8,38.39,0,0,1,0,0,1,0,1,0,0,0,1,0,0,0,0,0
470,471,61,9,105.76,0,1,0,0,0,0,0,0,0,0,0,1,0,0,1,0,0
471,472,61,9,251.15,0,0,0,0,0,1,0,0,0,0,0,0,0,0,0,1,0
472,473,22,8,160.93,0,1,1,0,0,0,1,0,0,0,0,0,0,1,1,0,0
473,474,56,4,168.6,0,0,0,0,0,0,0,0,0,0,0,0,0,1,0,1,0
474,475,21,12,179.25,0,0,1,0,0,0,1,0,0,0,0,0,0,1,1,0,0
475,476,23,14,121.17,0,0,1,0,0,0,1,0,0,0,0,0,0,1,0,0,0
476,477,62,5,74.43,0,1,0,0,0,1,0,0,0,0,1,0,0,0,0,0,1
477,478,49,8,319.56,0,1,0,1,0,0,1,0,0,0,0,0,0,1,0,0,0
478,479,69,14,87.31,0,0,1,0,1,0,1,0,0,0,0,1,0,0,0,0,0
479,480,47,5,235.89,0,1,0,0,0,0,0,1,0,0,0,0,0,0,0,0,0
480,481,64,12,103.05,0,1,0,1,0,0,0,0,0,1,0,0,0,0,0,0,0
481,482,52,10,66.48,0,0,0,0,0,0,0,1,1,0,0,0,0,0,0,1,0
482,483,57,15,265.49,0,0,0,0,0,1,1,0,0,0,0,1,0,0,1,0,0
483,484,69,10,84.15,0,0,1,0,0,0,1,0,0,0,1,0,0,0,0,0,0
484,485,33,5,233.97,0,1,0,0,0,1,0,0,0,0,0,0,0,1,0,0,0
485,486,30,7,175.3,0,0,1,0,0,1,1,0,0,0,0,0,0,1,0,1,0
486,487,67,6,108.04,0,0,0,0,0,0,1,0,0,0,0,0,0,1,0,1,0
487,488,59,6,36.89,0,0,1,0,0,1,1,0,0,0,0,0,0,1,1,0,0
488,489,47,12,155.9,0,0,1,1,0,0,1,0,0,1,0,0,0,0,1,0,0
489,490,36,13,139.61,0,1,0,0,0,0,1,0,1,0,0,0,0,0,0,0,0
490,491,34,11,185.13,0,0,0,0,0,0,0,1,0,0,0,0,0,1,0,1,0
491,492,36,12,276.45,0,1,1,0,0,0,0,0,1,0,0,0,0,0,0,1,0
492,493,45,8,348.18,0,0,0,1,0,1,1,0,0,0,0,0,0,0,0,0,1
493,494,43,2,160.87,0,1,0,0,0,1,0,0,0,0,0,1,0,0,1,0,0
494,495,54,11,79.08,0,1,1,0,0,0,1,0,0,0,0,0,0,1,0,0,1
495,496,43,13,232.05,1,0,0,1,0,1,0,1,0,0,0,0,0,1,0,1,0
496,497,70,4,89.41,0,0,0,0,1,0,0,0,1,0,0,0,0,0,0,0,1
497,498,40,11,28.97,0,1,1,0,1,1,1,0,0,0,0,0,0,1,1,0,0
498,499,26,3,105.41,0,0,1,0,0,0,1,0,0,0,0,0,1,0,0,0,1
499,500,29,10,91.51,0,0,0,0,0,0,0,0,0,0,0,1,0,0,0,1,0
500,501,70,13,165.77,0,0,1,0,0,0,1,0,1,0,0,0,0,0,1,0,0
501,502,18,8,390.93,0,0,0,0,0,0,0,0,0,0,0,1,0,0,0,0,0
502,503,18,7,279.4,1,0,0,1,0,1,0,1,0,0,0,0,0,1,0,0,0
503,504,64,3,326.7,0,0,0,0,0,1,0,1,0,0,0,0,0,0,0,0,0
504,505,51,6,50.8,0,0,0,0,0,0,1,0,0,0,0,0,0,1,1,0,0
505,506,49,14,384.6,1,0,0,0,1,1,1,0,0,0,0,0,0,0,0,0,1
506,507,65,15,147.9,0,1,0,0,0,1,1,0,0,0,0,0,0,1,1,0,0
507,508,42,4,192.34,0,0,0,0,1,1,0,0,0,1,0,0,0,0,1,0,0
508,509,57,14,68.79,0,1,0,0,0,0,1,0,0,0,0,0,0,1,1,0,0
509,510,62,11,270.23,0,0,0,0,0,0,1,0,0,0,1,0,0,0,1,0,0
510,511,70,7,112.41,1,0,0,1,0,1,0,1,0,0,0,0,0,0,0,0,0
511,512,18,9,81.91,0,0,0,0,0,1,1,0,1,0,0,0,0,0,0,0,0
512,513,33,5,92.25,0,0,0,0,0,0,1,0,0,0,0,0,0,1,1,0,0
513,514,56,8,89.65,1,0,0,0,0,0,1,0,0,0,0,1,0,0,0,1,0
514,515,22,1,180.23,0,0,0,0,1,0,0,0,0,1,0,0,0,0,1,0,0
515,516,39,14,58.64,0,0,1,1,0,1,1,0,0,1,0,0,0,0,1,0,0
516,517,46,10,69.63,0,0,1,0,0,1,1,0,1,0,0,0,0,0,0,0,0
517,518,20,7,103.65,0,0,0,0,0,0,0,0,0,0,1,0,0,0,0,0,1
518,519,29,4,43.86,0,1,0,0,0,1,1,0,0,0,0,0,0,1,0,0,0
519,520,43,8,233.54,0,0,1,1,0,1,1,0,0,0,1,0,0,0,0,1,0
520,521,33,12,201.71,0,0,0,0,0,1,1,0,0,0,0,1,0,0,0,0,0
521,522,68,12,93.2,0,0,0,0,0,1,1,0,0,0,1,0,0,0,0,0,1
522,523,54,4,120.9,0,0,0,0,0,1,1,0,0,0,0,0,0,0,0,0,1
523,524,39,15,188.31,0,0,0,0,1,0,1,0,0,0,1,0,0,0,0,0,0
524,525,46,8,88.28,0,1,0,1,1,1,0,1,1,0,0,0,0,0,0,1,0
525,526,31,10,144.11,0,0,0,1,0,0,0,0,0,0,0,0,0,1,0,0,0
526,527,45,6,154.85,0,0,0,1,0,0,0,1,0,1,0,0,0,0,0,0,0
527,528,22,7,275.32,0,0,0,1,1,0,1,0,0,0,0,0,0,1,0,0,0
528,529,64,8,234.14,0,0,1,0,1,0,1,0,0,0,0,0,0,0,1,0,0
529,530,66,4,170.84,0,0,1,0,0,0,1,0,0,0,0,0,1,0,1,0,0
530,531,47,14,134.94,0,1,0,0,0,0,0,0,0,0,0,0,1,0,1,0,0
531,532,63,11,57.17,1,0,0,0,0,1,0,0,0,0,0,1,0,0,0,1,0
532,533,69,2,264.63,0,1,0,0,1,0,1,0,0,1,0,0,0,0,0,0,0
533,534,22,5,160.19,0,0,1,1,1,1,1,0,0,0,0,0,0,1,1,0,0
534,535,29,7,376.72,0,0,1,0,0,0,1,0,0,0,0,0,0,1,1,0,0
535,536,33,6,209.24,0,1,1,0,1,1,1,0,0,0,0,1,0,0,0,1,0
536,537,43,6,151.27,1,1,0,0,1,1,0,0,0,0,0,0,0,1,0,0,0
537,538,43,5,114.78,1,0,0,0,0,0,0,0,0,0,0,0,0,1,1,0,0
538,539,65,8,52.72,0,0,0,1,1,1,1,0,0,1,0,0,0,0,0,1,0
539,540,38,9,159.67,1,0,0,0,0,1,0,0,0,0,0,0,0,1,1,0,0
540,541,56,8,66.94,0,0,1,0,0,1,1,0,0,0,0,0,0,1,0,0,0
541,542,53,6,432.72,1,0,0,0,0,1,0,0,0,0,0,0,0,1,0,1,0
542,543,50,13,82.59,0,0,1,0,1,1,1,0,0,0,1,0,0,0,1,0,0
543,544,47,11,104.37,0,0,0,1,0,1,0,0,0,0,0,0,0,1,0,1,0
544,545,54,8,142.72,0,0,0,0,0,0,0,0,1,0,0,0,0,0,0,0,0
545,546,40,15,131.53,0,1,0,1,0,0,1,0,0,0,0,0,0,1,0,0,0
546,547,27,6,78.16,0,0,1,0,1,1,1,0,1,0,0,0,0,0,1,0,0
547,548,22,5,122.86,0,0,0,0,0,0,0,0,0,0,0,1,0,0,1,0,0
548,549,53,10,340.5,1,1,0,0,0,0,0,1,0,0,0,0,1,0,0,1,0
549,550,51,13,163.62,0,0,1,0,0,0,0,0,1,0,0,0,0,0,1,0,0
550,551,69,11,142.97,1,0,0,0,0,0,1,0,0,0,0,1,0,0,0,1,0
551,552,48,1,29.45,0,0,0,0,0,1,0,0,1,0,0,0,0,0,0,0,0
552,553,27,6,155.24,0,0,1,0,0,0,0,0,0,0,0,1,0,0,0,0,0
553,554,36,1,337.12,0,0,1,0,1,0,1,0,0,0,0,1,0,0,1,0,0
554,555,49,11,54.39,1,0,0,1,0,1,0,0,0,1,0,0,0,0,0,1,0
555,556,18,10,119.33,0,0,1,1,0,1,1,0,1,0,0,0,0,0,0,1,0
556,557,22,10,112.91,0,1,1,0,0,0,0,0,0,0,0,0,1,0,0,0,0
557,558,62,10,315.18,0,1,0,0,0,0,1,0,0,0,0,0,0,1,0,1,0
558,559,21,6,74.93,0,0,0,0,0,1,0,0,0,0,0,0,0,0,0,0,1
559,560,33,14,79.96,0,0,0,0,0,1,0,0,1,0,0,0,0,0,0,1,0
560,561,41,9,48.9,0,0,0,0,0,0,0,0,0,0,0,0,1,0,0,0,0
561,562,33,4,134.68,0,0,0,1,0,0,1,0,0,0,1,0,0,0,0,0,0
562,563,19,10,311.69,0,0,1,0,0,0,1,0,0,0,0,0,0,1,0,0,0
563,564,66,6,116.83,0,0,0,0,0,0,1,0,0,1,0,0,0,0,1,0,0
564,565,45,15,88.29,1,0,0,0,1,0,1,0,0,0,0,0,0,0,0,0,0
565,566,49,3,351.72,0,0,0,0,0,1,1,0,0,0,0,0,0,1,0,1,0
566,567,44,1,98.12,0,0,0,0,0,0,1,0,0,1,0,0,0,0,1,0,0
567,568,37,1,148.32,1,0,0,0,0,1,0,0,0,0,0,0,0,0,0,1,0
568,569,41,8,105.28,0,0,0,0,0,0,0,0,0,0,0,0,0,1,1,0,0
569,570,29,3,229.6,0,0,0,0,0,1,1,0,0,0,0,0,0,1,1,0,0
570,571,67,1,182.41,0,0,1,0,0,1,1,0,0,0,0,0,0,1,0,0,0
571,572,52,2,75.03,1,0,0,0,0,0,0,0,0,0,0,1,0,0,0,0,0
572,573,50,3,223.05,0,0,0,0,0,1,1,0,0,1,0,0,0,0,0,1,0
573,574,50,5,132.06,0,0,1,0,1,0,1,0,0,0,0,0,0,1,1,0,0
574,575,68,14,278.94,0,0,1,0,1,1,1,0,0,0,0,0,0,0,1,0,0
575,576,60,11,156.54,1,1,0,1,0,1,0,0,0,0,0,0,0,1,0,1,0
576,577,54,9,91.58,0,0,0,1,0,0,1,0,1,0,0,0,0,0,0,0,0
577,578,29,7,123.74,0,0,0,1,1,0,0,0,0,0,0,0,0,1,1,0,0
578,579,20,12,103.64,0,0,0,0,1,0,0,0,1,0,0,0,0,0,0,0,0
579,580,18,7,199.86,0,1,1,0,0,1,1,0,0,0,0,0,0,0,0,1,0
580,581,50,5,49.38,0,0,1,0,0,0,0,0,1,0,0,0,0,0,0,0,0
581,582,57,14,122.95,1,0,0,0,0,0,0,0,0,0,0,0,0,1,1,0,0
582,583,27,6,43.99,0,0,1,0,0,0,0,0,0,0,0,0,0,1,0,0,0
583,584,60,1,157.71,0,0,1,1,0,0,1,0,0,0,0,0,1,0,0,1,0
584,585,61,6,216.5,0,0,0,0,0,1,0,0,0,0,0,0,0,1,1,0,0
585,586,46,13,98.81,1,0,0,0,1,0,0,0,0,0,0,1,0,0,0,1,0
586,587,30,13,117.93,0,0,1,0,1,1,1,0,0,1,0,0,0,0,0,0,0
587,588,29,12,176.93,0,0,1,0,1,0,1,0,0,0,0,1,0,0,1,0,0
588,589,48,6,83.25,0,1,0,1,1,0,0,1,1,0,0,0,0,0,0,0,0
589,590,63,14,101.78,1,0,0,0,0,1,0,0,0,0,1,0,0,0,1,0,0
590,591,19,11,61.3,0,0,1,0,0,1,0,0,0,1,0,0,0,0,0,0,0
591,592,68,6,103.57,0,1,1,0,0,1,1,0,0,1,0,0,0,0,0,0,0
592,593,67,10,314.78,1,0,0,0,0,0,0,0,0,0,1,0,0,0,1,0,0
593,594,52,9,282.81,1,0,0,1,0,0,0,1,1,0,0,0,0,0,1,0,0
594,595,40,12,85.92,0,0,0,0,1,1,1,0,0,0,0,0,0,1,1,0,0
595,596,34,10,121.27,0,0,0,1,0,0,0,0,0,0,0,0,0,0,0,1,0
596,597,43,5,219.86,0,0,0,0,0,0,1,0,0,0,0,0,0,1,0,1,0
597,598,25,9,115.96,1,0,0,0,1,1,0,0,0,0,1,0,0,0,0,1,0
598,599,46,10,79.37,0,0,1,1,1,1,0,1,0,0,0,0,0,1,0,0,1
599,600,43,15,217.26,1,1,0,0,0,1,0,1,0,0,0,0,0,0,0,0,1
600,601,27,7,105.24,0,0,1,0,0,1,1,0,0,0,0,1,0,0,0,1,0
601,602,43,15,131.66,0,0,1,1,0,1,0,0,0,0,1,0,0,0,0,0,0
602,603,51,3,114.35,0,0,0,1,0,0,0,0,0,0,0,0,1,0,0,1,0
603,604,68,11,63.33,1,0,0,1,0,0,0,0,0,0,0,0,0,1,0,0,1
604,605,58,9,104.71,0,0,0,0,0,1,0,0,0,0,0,0,0,0,0,1,0
605,606,24,10,48.63,0,0,1,0,0,1,1,0,0,0,1,0,0,0,0,0,0
606,607,21,7,125.74,0,0,1,0,0,0,0,1,0,0,0,1,0,0,0,1,0
607,608,70,5,117.27,0,0,1,1,0,0,1,0,0,0,0,1,0,0,0,0,0
608,609,67,14,57.56,0,0,0,0,0,0,1,0,0,0,0,0,1,0,0,1,0
609,610,62,13,50.31,0,0,0,0,1,1,1,0,0,1,0,0,0,0,0,0,0
610,611,28,9,104.05,0,0,0,0,1,0,0,1,0,0,0,1,0,0,0,0,0
611,612,46,6,360.74,0,1,0,1,0,0,0,0,0,0,0,0,0,1,0,0,0
612,613,53,11,59.96,0,0,0,1,0,1,1,0,0,1,0,0,0,0,0,1,0
613,614,42,6,156.35,0,0,0,0,0,1,1,0,1,0,0,0,0,0,0,0,0
614,615,38,10,256.41,0,0,1,1,1,0,1,0,0,0,0,0,0,1,1,0,0
615,616,53,2,65.93,0,0,0,1,0,1,0,1,0,1,0,0,0,0,1,0,0
616,617,27,14,18.2,0,0,1,0,1,1,1,0,0,0,0,0,0,1,1,0,0
617,618,54,14,42.56,0,0,0,0,0,0,0,0,0,0,0,0,0,1,0,0,0
618,619,26,11,46.28,0,0,1,0,1,0,1,0,0,0,0,0,1,0,1,0,0
619,620,41,10,295.71,1,0,0,1,0,0,0,0,0,0,0,1,0,0,0,0,0
620,621,52,12,85.13,0,0,0,0,0,0,1,0,0,0,0,0,0,1,0,1,0
621,622,66,15,242.56,0,0,1,0,0,1,1,0,0,0,0,0,0,0,0,0,0
622,623,52,5,68.21,1,0,0,0,0,0,1,0,0,0,0,0,0,0,0,1,0
623,624,65,11,153.47,1,0,0,1,0,1,0,1,0,0,0,0,0,1,0,1,0
624,625,53,4,72.25,1,0,1,0,0,0,1,0,0,0,0,0,1,0,0,1,0
625,626,35,7,85.62,1,0,0,1,0,0,0,0,0,1,0,0,0,0,0,0,0
626,627,66,7,301.7,0,1,0,0,0,1,0,0,0,0,0,0,1,0,0,0,0
627,628,56,5,145.08,0,0,0,0,0,0,0,1,0,0,0,0,0,1,1,0,0
628,629,49,5,253.19,0,0,0,1,0,0,0,0,0,1,0,0,0,0,0,0,0
629,630,41,8,72.04,0,1,0,0,1,0,0,0,0,0,0,0,0,1,1,0,0
630,631,40,6,171.17,0,1,0,1,0,0,0,0,0,0,0,0,0,1,0,1,0
631,632,49,1,69.68,0,1,0,1,0,1,1,0,1,0,0,0,0,0,0,1,0
632,633,54,11,84.09,0,0,0,0,0,0,0,0,0,0,0,0,0,1,0,0,1
633,634,29,14,122.01,0,0,0,0,0,1,0,1,0,0,0,0,0,1,0,0,0
634,635,66,12,82.72,0,1,0,0,0,1,0,1,0,0,1,0,0,0,1,0,0
635,636,30,4,36.63,0,0,1,1,0,0,0,1,0,0,0,1,0,0,0,0,0
636,637,40,1,14.33,0,0,0,0,0,0,0,0,0,0,0,0,0,1,0,0,0
637,638,42,5,121.62,0,0,0,1,0,0,0,1,0,0,1,0,0,0,0,1,0
638,639,52,5,54.56,0,1,0,0,0,1,0,1,0,0,0,0,0,1,1,0,0
639,640,58,4,205.11,0,1,0,0,0,0,0,1,0,0,0,0,1,0,0,1,0
640,641,47,15,92.41,0,1,0,0,0,1,1,0,0,0,0,0,0,1,0,0,0
641,642,34,11,203.58,1,0,0,1,1,0,1,0,0,0,0,1,0,0,1,0,0
642,643,66,8,183.04,1,1,0,1,0,1,0,0,0,0,0,0,0,0,0,0,0
643,644,37,14,50.06,0,0,1,0,0,0,0,1,0,0,0,0,0,1,0,0,1
644,645,65,10,106.2,1,0,0,0,0,1,0,0,0,0,0,1,0,0,0,1,0
645,646,42,14,37.24,1,1,0,0,0,0,0,0,0,0,0,1,0,0,1,0,0
646,647,39,3,191.52,0,0,0,1,0,0,0,1,0,0,0,0,1,0,0,0,0
647,648,30,6,100.14,0,0,0,0,0,0,1,0,1,0,0,0,0,0,0,1,0
648,649,36,6,142.05,0,0,0,0,0,0,0,0,0,0,0,0,0,0,1,0,0
649,650,66,5,176.68,1,0,0,1,0,1,0,1,0,0,0,0,0,0,0,0,0
650,651,53,8,101.22,0,0,0,1,0,0,0,1,0,0,0,1,0,0,0,0,0
651,652,29,5,500.0,0,0,1,1,0,0,0,0,0,0,0,1,0,0,0,0,1
652,653,58,8,386.34,0,0,0,1,0,1,0,1,0,1,0,0,0,0,0,0,0
653,654,36,10,83.67,1,0,1,0,0,0,0,0,0,0,0,0,0,0,1,0,0
654,655,29,15,169.7,0,0,1,0,0,1,0,0,0,0,0,1,0,0,1,0,0
655,656,26,10,167.69,1,0,0,1,0,1,0,0,0,0,1,0,0,0,1,0,0
656,657,24,14,246.62,0,0,0,0,0,0,0,0,0,0,0,1,0,0,0,0,1
657,658,45,3,129.16,0,1,0,1,0,1,0,0,0,0,0,0,0,1,0,1,0
658,659,31,5,53.4,0,1,1,1,0,0,0,0,0,0,0,1,0,0,1,0,0
659,660,48,4,129.05,0,0,0,0,0,0,0,1,0,0,0,0,1,0,0,0,0
660,661,69,13,178.68,0,0,1,0,0,1,1,0,1,0,0,0,0,0,1,0,0
661,662,36,11,33.68,0,0,1,0,1,1,0,1,0,0,0,0,1,0,0,0,0
662,663,64,7,130.75,1,0,0,0,0,0,1,0,1,0,0,0,0,0,1,0,0
663,664,33,3,110.89,1,0,1,1,1,1,0,0,0,1,0,0,0,0,0,0,1
664,665,70,12,257.05,0,0,0,0,0,0,0,1,0,0,0,0,0,0,1,0,0
665,666,22,10,62.86,0,1,0,1,0,0,0,1,0,0,0,0,1,0,0,0,0
666,667,52,4,44.86,0,0,0,0,0,1,0,0,0,0,0,0,0,1,1,0,0
667,668,29,11,116.47,0,0,0,0,0,0,0,0,0,1,0,0,0,0,0,1,0
668,669,42,5,145.8,0,0,1,1,0,0,1,0,0,0,0,0,1,0,0,1,0
669,670,69,5,135.47,0,0,0,0,0,1,1,0,0,0,0,0,1,0,0,0,0
670,671,38,11,117.14,1,1,1,0,0,1,0,1,0,0,1,0,0,0,0,0,0
671,672,53,15,188.19,1,0,1,0,0,0,0,0,0,0,1,0,0,0,0,0,0
672,673,70,6,58.44,1,0,0,1,0,1,0,0,0,0,0,0,0,1,0,0,0
673,674,40,4,192.5,0,0,0,0,0,1,1,0,1,0,0,0,0,0,0,1,0
674,675,33,11,48.47,0,0,0,0,1,1,1,0,0,0,0,0,0,1,0,1,0
675,676,56,12,181.86,0,0,0,1,0,1,0,0,0,0,0,1,0,0,0,1,0
676,677,62,8,135.01,0,0,1,0,0,0,0,0,0,0,0,0,0,1,0,0,0
677,678,70,4,80.83,1,1,0,0,1,0,1,0,0,1,0,0,0,0,0,0,0
678,679,59,9,210.28,0,0,1,0,0,0,1,0,0,0,1,0,0,0,0,0,0
679,680,56,7,160.2,1,0,0,1,0,1,0,0,0,0,0,0,0,1,0,1,0
680,681,31,14,42.98,0,0,1,1,0,1,1,0,0,0,0,1,0,0,0,0,1
681,682,48,15,35.39,0,0,0,0,0,1,1,0,0,0,0,0,0,1,0,0,0
682,683,22,13,500.0,0,1,0,1,0,1,0,1,0,0,0,0,0,1,0,1,0
683,684,52,10,59.99,0,0,0,0,0,0,0,0,0,1,0,0,0,0,0,1,0
684,685,40,11,441.48,1,0,0,1,0,0,0,0,0,0,0,1,0,0,1,0,0
685,686,46,11,359.68,1,0,0,0,0,0,0,1,0,0,0,0,0,1,0,1,0
686,687,60,2,300.63,0,0,0,0,0,0,0,0,0,1,0,0,0,0,0,0,1
687,688,28,15,47.93,1,0,0,0,0,0,1,0,0,0,0,1,0,0,0,0,0
688,689,35,15,85.87,0,1,1,1,0,0,1,0,0,0,0,0,0,1,0,0,0
689,690,64,7,441.17,0,0,0,0,0,1,0,0,0,1,0,0,0,0,0,0,1
690,691,29,14,105.04,0,0,0,1,1,1,1,0,0,0,1,0,0,0,0,0,0
691,692,26,1,142.7,0,0,0,0,0,1,1,0,0,1,0,0,0,0,0,0,1
692,693,27,13,65.61,0,1,0,0,0,1,1,0,0,1,0,0,0,0,0,0,1
693,694,61,14,184.44,0,0,0,0,0,0,0,0,0,0,0,1,0,0,0,0,1
694,695,34,2,67.6,1,0,1,1,1,1,0,1,0,0,0,0,1,0,1,0,0
695,696,55,5,22.2,1,0,0,0,0,1,1,0,0,0,0,0,1,0,0,0,0
696,697,24,9,134.36,0,0,0,0,0,1,1,0,0,0,1,0,0,0,0,0,0
697,698,63,12,106.39,1,0,0,0,0,0,0,1,0,0,0,0,0,1,0,0,0
698,699,30,8,209.02,0,0,1,0,1,0,1,0,0,0,1,0,0,0,0,0,1
699,700,57,3,191.63,1,1,0,0,0,0,1,0,0,0,1,0,0,0,0,0,0
700,701,59,13,89.37,1,0,0,1,0,1,0,1,1,0,0,0,0,0,0,1,0
701,702,26,10,98.75,0,0,1,0,1,1,0,0,0,0,0,0,0,0,1,0,0
702,703,67,15,294.87,0,0,1,0,0,1,1,0,1,0,0,0,0,0,0,0,0
703,704,44,9,103.69,0,0,1,0,0,0,0,1,0,0,0,0,0,1,1,0,0
704,705,19,12,40.7,1,0,0,0,0,1,0,0,0,0,0,0,1,0,0,0,1
705,706,22,13,82.96,0,0,0,0,0,1,0,0,0,0,0,0,0,1,0,0,0
706,707,46,5,151.8,0,0,0,0,0,0,0,1,0,0,0,0,1,0,1,0,0
707,708,54,3,185.41,0,1,0,0,0,0,1,0,0,0,0,1,0,0,1,0,0
708,709,55,7,94.66,1,1,0,0,1,1,0,1,0,0,0,0,0,1,1,0,0
709,710,36,4,67.29,1,1,0,0,0,0,0,0,1,0,0,0,0,0,0,1,0
710,711,25,1,149.3,0,1,1,0,0,1,0,0,0,0,0,0,0,0,0,0,0
711,712,65,5,153.89,0,0,0,1,0,1,0,0,0,0,0,1,0,0,0,1,0
712,713,62,11,155.77,1,1,0,0,0,1,1,0,0,0,0,0,0,1,1,0,0
713,714,18,9,132.45,0,0,1,0,1,1,1,0,1,0,0,0,0,0,0,0,0
714,715,39,15,153.81,0,0,0,1,0,1,0,0,0,0,0,0,0,0,0,0,0
715,716,69,12,185.47,0,0,0,0,0,1,0,0,0,1,0,0,0,0,0,0,0
716,717,34,4,152.97,0,1,0,0,0,0,1,0,0,0,0,0,0,0,0,0,0
717,718,24,15,80.96,1,0,0,0,0,0,1,0,0,0,0,1,0,0,0,1,0
718,719,42,7,324.95,0,0,0,1,0,0,0,0,0,0,0,1,0,0,0,0,0
719,720,62,15,196.4,1,0,0,0,1,1,0,1,0,1,0,0,0,0,1,0,0
720,721,21,8,147.22,0,0,1,0,0,0,0,0,0,1,0,0,0,0,1,0,0
721,722,53,10,159.64,1,0,1,1,0,0,1,0,0,0,0,0,0,0,0,0,0
722,723,23,11,176.68,0,1,1,0,0,0,0,1,1,0,0,0,0,0,1,0,0
723,724,48,15,169.34,0,0,1,0,1,1,1,0,0,0,0,1,0,0,0,0,0
724,725,36,9,89.93,0,0,1,0,1,1,0,0,0,1,0,0,0,0,1,0,0
725,726,61,5,53.23,0,0,0,0,0,1,0,0,0,1,0,0,0,0,0,0,0
726,727,56,6,82.02,1,0,0,1,1,0,0,1,0,0,0,0,0,0,0,0,1
727,728,44,7,172.99,0,0,0,0,0,1,0,0,1,0,0,0,0,0,0,0,0
728,729,27,11,59.13,0,1,0,0,1,1,1,0,0,0,0,0,0,1,0,0,0
729,730,43,2,206.77,0,0,0,1,0,1,0,1,0,0,0,1,0,0,1,0,0
730,731,36,9,187.15,1,0,0,0,1,1,0,1,0,0,0,0,0,1,0,0,0
731,732,56,3,285.88,1,0,1,0,1,0,1,0,0,0,0,0,0,1,1,0,0
732,733,20,15,311.08,0,1,1,0,0,1,1,0,0,0,0,0,0,1,0,0,0
733,734,62,6,219.66,0,1,0,0,0,0,0,1,1,0,0,0,0,0,0,0,0
734,735,30,6,96.87,0,0,1,0,0,0,0,0,1,0,0,0,0,0,1,0,0
735,736,67,14,147.59,0,0,0,1,0,1,0,0,0,0,0,0,0,1,0,0,0
736,737,45,7,164.38,1,1,0,0,0,0,0,0,0,0,0,0,0,0,0,1,0
737,738,37,2,110.0,0,0,1,0,0,0,0,0,0,0,0,0,0,1,1,0,0
738,739,45,13,148.37,0,0,0,0,0,1,0,1,0,0,0,0,1,0,0,0,1
739,740,25,6,88.31,0,1,1,0,1,0,1,0,0,0,0,1,0,0,1,0,0
740,741,58,6,59.15,0,1,0,0,0,1,0,1,0,0,0,0,0,1,1,0,0
741,742,56,11,118.57,1,0,0,1,0,1,1,0,0,0,0,0,0,1,0,0,1
742,743,18,15,126.29,0,0,1,0,1,1,1,0,0,0,0,0,1,0,1,0,0
743,744,20,8,149.73,0,1,0,0,0,1,1,0,0,0,0,1,0,0,0,0,1
744,745,30,5,64.27,0,0,0,0,0,1,0,0,0,0,0,0,0,1,0,0,0
745,746,45,7,156.02,1,1,1,0,0,1,0,1,0,0,0,1,0,0,1,0,0
746,747,66,9,69.99,0,0,1,0,0,1,1,0,0,0,0,0,1,0,0,1,0
747,748,42,7,365.42,0,0,0,0,0,1,1,0,0,0,0,1,0,0,1,0,0
748,749,50,7,142.26,0,1,0,0,0,1,0,0,0,1,0,0,0,0,1,0,0
749,750,55,3,289.68,1,0,0,0,0,1,0,1,0,0,0,1,0,0,0,0,0
750,751,70,7,358.68,1,1,0,1,0,0,0,1,0,0,0,1,0,0,1,0,0
751,752,23,13,115.24,0,0,0,0,1,0,1,0,0,0,0,1,0,0,1,0,0
752,753,61,8,83.96,0,0,1,0,0,1,1,0,0,0,1,0,0,0,0,0,1
753,754,62,15,52.49,0,0,1,0,0,0,1,0,0,0,0,0,0,1,0,1,0
754,755,49,12,84.38,0,0,0,0,1,0,0,0,0,0,0,1,0,0,1,0,0
755,756,62,6,223.43,1,0,0,0,0,1,0,0,0,0,0,0,0,1,0,1,0
756,757,64,2,91.4,1,0,1,1,0,0,1,0,0,0,0,0,0,1,1,0,0
757,758,38,15,70.69,0,1,0,0,0,0,0,0,0,0,0,1,0,0,0,0,0
758,759,33,15,275.56,0,0,1,1,0,1,1,0,1,0,0,0,0,0,0,1,0
759,760,38,3,224.96,0,0,0,1,1,1,1,0,0,0,0,0,0,1,0,1,0
760,761,28,7,44.18,1,0,0,0,0,0,0,0,0,0,1,0,0,0,0,0,0
761,762,54,1,307.34,0,0,0,0,0,1,0,0,0,1,0,0,0,0,1,0,0
762,763,53,9,327.78,1,0,0,0,0,1,0,0,0,1,0,0,0,0,0,1,0
763,764,52,3,120.28,1,0,0,0,0,0,0,0,0,0,0,0,0,1,1,0,0
764,765,36,7,112.01,0,0,0,1,0,0,1,0,0,0,0,1,0,0,0,0,1
765,766,37,3,242.16,0,0,1,0,0,1,1,0,0,0,0,1,0,0,1,0,0
766,767,35,12,45.87,0,1,0,1,0,1,0,1,0,1,0,0,0,0,0,0,0
767,768,64,9,39.47,0,1,0,1,0,1,0,0,0,0,0,0,0,0,0,0,0
768,769,58,10,178.14,0,0,0,1,0,1,0,1,0,0,0,1,0,0,0,1,0
769,770,66,12,401.22,1,0,0,0,0,1,0,0,0,0,0,1,0,0,0,1,0
770,771,31,9,89.13,1,0,0,0,1,0,1,0,0,1,0,0,0,0,0,0,1
771,772,32,1,182.55,0,0,0,0,0,1,1,0,1,0,0,0,0,0,0,1,0
772,773,48,5,182.6,0,0,0,0,0,0,1,0,0,0,0,1,0,0,0,0,1
773,774,18,14,81.51,0,1,0,1,0,1,1,0,0,0,0,0,0,1,0,1,0
774,775,70,5,164.78,1,0,0,1,0,1,0,0,0,1,0,0,0,0,0,1,0
775,776,20,7,213.68,0,0,1,0,0,0,0,0,0,0,0,0,1,0,0,1,0
776,777,33,7,161.63,0,0,0,0,0,1,0,1,0,0,0,0,0,1,1,0,0
777,778,40,5,52.45,0,0,1,1,0,0,0,0,0,0,0,0,1,0,0,0,0
778,779,28,12,59.66,1,0,1,0,0,0,0,0,0,1,0,0,0,0,0,1,0
779,780,29,1,141.61,0,1,1,1,0,1,0,0,0,0,0,0,0,0,1,0,0
780,781,27,5,82.5,0,0,0,0,0,0,0,0,0,0,0,0,0,1,0,0,1
781,782,49,5,152.44,0,1,0,0,0,1,1,0,0,0,1,0,0,0,0,0,0
782,783,33,6,178.63,0,0,0,0,0,0,1,0,1,0,0,0,0,0,0,1,0
783,784,25,13,159.75,0,0,0,0,0,1,0,0,1,0,0,0,0,0,0,1,0
784,785,55,6,127.69,0,0,0,0,0,1,0,0,0,0,0,0,0,1,1,0,0
785,786,29,15,57.72,0,0,1,0,0,1,1,0,0,0,0,0,1,0,1,0,0
786,787,41,8,126.98,0,0,0,1,0,0,1,0,0,0,0,0,0,0,0,0,1
787,788,45,10,150.13,0,0,0,0,0,1,0,1,0,0,0,1,0,0,0,0,0
788,789,70,5,203.0,0,1,1,1,0,0,0,1,0,0,0,0,0,1,0,1,0
789,790,25,14,118.68,0,0,1,1,0,0,0,1,0,0,0,1,0,0,0,0,0
790,791,45,9,55.14,0,0,1,0,0,0,1,0,1,0,0,0,0,0,1,0,0
791,792,53,15,136.0,1,0,0,0,0,0,1,0,0,0,0,0,0,1,0,0,0
792,793,43,12,139.29,0,0,0,0,0,1,0,0,0,0,0,0,0,1,0,0,1
793,794,25,5,43.33,0,0,1,0,0,0,1,0,0,0,0,0,0,1,0,0,0
794,795,67,13,107.49,1,1,0,1,0,1,0,0,0,0,0,0,0,1,0,0,0
795,796,45,3,126.6,0,1,0,0,0,1,0,1,0,0,0,0,0,0,0,1,0
796,797,45,9,94.27,0,0,1,1,0,0,1,0,0,0,0,0,1,0,0,1,0
797,798,54,12,111.49,0,0,0,0,1,1,1,0,0,0,0,0,0,1,1,0,0
798,799,58,4,53.98,1,0,0,1,0,0,0,0,0,0,0,1,0,0,1,0,0
799,800,53,15,64.51,0,0,0,0,1,0,1,0,0,0,0,0,0,0,0,1,0
800,801,44,3,198.83,0,0,0,0,0,0,0,0,0,0,0,0,0,1,0,0,0
801,802,34,3,105.56,0,0,0,1,0,1,0,0,0,0,0,0,0,0,1,0,0
802,803,26,6,97.84,0,1,1,0,0,1,0,0,0,0,0,0,0,1,1,0,0
803,804,50,8,131.69,0,0,0,0,0,0,0,0,0,0,0,1,0,0,0,0,0
804,805,70,11,70.44,0,1,0,0,0,0,1,0,0,0,0,0,0,1,1,0,0
805,806,37,5,326.71,0,0,0,1,0,1,1,0,0,0,0,1,0,0,0,1,0
806,807,30,1,131.4,0,0,1,0,0,0,0,1,0,0,0,0,0,1,1,0,0
807,808,45,1,170.21,0,0,1,0,0,1,1,0,0,0,1,0,0,0,1,0,0
808,809,65,3,94.54,0,0,0,0,0,1,0,0,0,0,0,0,1,0,0,1,0
809,810,46,12,23.45,0,0,0,1,0,0,0,1,0,1,0,0,0,0,1,0,0
810,811,30,13,76.53,0,0,1,0,0,1,1,0,0,1,0,0,0,0,0,0,0
811,812,63,6,73.14,0,0,0,0,1,0,1,0,0,0,0,0,0,1,0,1,0
812,813,52,4,51.08,1,1,0,0,0,1,1,0,0,0,0,0,1,0,0,0,0
813,814,23,1,124.71,0,0,1,0,0,1,1,0,0,1,0,0,0,0,0,0,0
814,815,35,15,121.07,1,0,1,0,0,0,0,0,0,0,0,0,1,0,1,0,0
815,816,68,7,399.86,1,0,0,1,0,0,0,0,0,0,0,0,0,1,0,1,0
816,817,22,15,276.87,0,0,1,0,0,1,1,0,0,0,0,0,0,1,1,0,0
817,818,64,14,92.68,0,0,0,0,1,1,0,0,0,1,0,0,0,0,0,1,0
818,819,42,12,144.34,0,0,0,1,0,0,0,1,0,0,0,0,0,1,0,1,0
819,820,19,2,97.61,0,0,1,1,0,1,1,0,0,0,0,1,0,0,0,0,0
820,821,27,8,69.22,0,0,0,0,0,0,1,0,0,0,0,0,0,1,0,0,0
821,822,47,2,105.91,0,0,0,0,0,0,1,0,1,0,0,0,0,0,0,0,1
822,823,67,11,28.77,0,1,0,1,0,1,0,0,0,0,0,0,1,0,1,0,0
823,824,62,1,79.14,0,0,0,1,0,0,0,1,0,0,0,0,0,1,0,0,0
824,825,22,10,92.43,0,0,0,1,0,1,0,1,0,0,0,0,0,0,0,0,1
825,826,50,4,150.32,0,0,0,0,0,0,1,0,0,0,0,0,0,0,0,0,0
826,827,18,2,137.85,0,0,0,0,0,1,0,1,0,0,0,1,0,0,0,1,0
827,828,35,7,50.54,0,1,0,0,0,0,0,0,0,1,0,0,0,0,0,0,0
828,829,49,1,169.3,0,0,0,1,0,1,0,1,0,0,0,0,0,1,0,0,1
829,830,64,3,200.11,1,0,0,0,0,1,0,0,0,0,0,0,0,1,1,0,0
830,831,66,5,160.13,0,0,0,0,0,0,0,0,0,0,0,0,0,0,1,0,0
831,832,28,12,184.6,0,0,1,1,0,1,0,0,0,0,1,0,0,0,1,0,0
832,833,38,7,188.66,0,1,1,0,0,0,0,0,1,0,0,0,0,0,1,0,0
833,834,43,14,252.08,0,0,0,0,0,0,0,0,0,0,0,0,0,1,1,0,0
834,835,42,6,161.55,0,0,0,0,0,1,0,1,0,0,0,1,0,0,0,1,0
835,836,39,8,206.12,1,1,0,1,1,0,0,1,0,0,1,0,0,0,0,1,0
836,837,44,1,136.63,0,0,0,0,0,1,0,0,0,0,0,0,0,1,0,0,0
837,838,66,7,188.4,0,1,0,0,0,1,0,0,0,0,0,1,0,0,1,0,0
838,839,30,9,88.54,0,0,1,0,0,1,0,1,0,0,0,0,0,0,1,0,0
839,840,50,7,138.66,0,0,0,0,0,0,0,0,0,0,0,1,0,0,0,0,0
840,841,51,6,136.48,1,0,0,1,0,0,0,0,0,0,0,1,0,0,0,1,0
841,842,58,11,113.47,1,0,0,0,0,0,1,0,0,0,1,0,0,0,0,1,0
842,843,52,15,80.61,0,0,1,0,1,1,1,0,0,0,0,0,0,1,1,0,0
843,844,18,4,82.45,1,0,0,0,0,1,0,0,0,0,0,0,1,0,0,1,0
844,845,38,12,156.85,0,1,1,1,0,1,1,0,0,0,0,0,0,1,1,0,0
845,846,65,11,73.2,0,0,0,0,1,0,1,0,0,1,0,0,0,0,0,1,0
846,847,23,6,166.76,0,0,0,0,1,0,0,0,0,0,1,0,0,0,1,0,0
847,848,45,6,161.5,0,1,1,0,1,0,0,1,0,0,0,0,1,0,1,0,0
848,849,34,14,54.62,0,0,0,1,0,0,1,0,0,1,0,0,0,0,1,0,0
849,850,22,10,163.54,0,0,1,0,0,0,0,0,0,0,0,1,0,0,0,0,0
850,851,48,14,96.38,0,0,1,0,0,0,0,0,0,0,0,0,0,1,1,0,0
851,852,22,3,157.73,0,0,1,0,0,0,0,0,0,0,0,0,0,1,0,0,0
852,853,55,8,443.71,1,0,1,0,0,0,1,0,0,0,0,1,0,0,0,0,1
853,854,20,1,363.09,0,0,0,0,0,0,0,0,0,0,0,0,0,0,0,0,0
854,855,70,11,144.92,0,0,0,1,0,0,1,0,0,0,0,0,0,0,0,1,0
855,856,40,8,86.56,0,1,0,0,0,0,0,0,0,0,0,1,0,0,1,0,0
856,857,54,9,133.33,1,0,0,1,1,0,1,0,0,1,0,0,0,0,0,0,0
857,858,70,8,35.88,0,1,1,0,1,1,1,0,0,0,0,0,0,1,1,0,0
858,859,54,10,112.86,1,0,0,0,0,0,1,0,0,1,0,0,0,0,0,1,0
859,860,27,15,223.08,0,1,0,0,0,0,1,0,1,0,0,0,0,0,0,1,0
860,861,27,4,223.52,0,0,0,0,1,0,0,1,1,0,0,0,0,0,0,0,1
861,862,36,15,153.97,0,0,1,0,1,0,1,0,0,1,0,0,0,0,0,0,1
862,863,34,6,167.91,1,0,0,0,0,0,0,0,0,0,0,0,0,1,0,0,0
863,864,38,15,130.28,1,0,1,0,0,0,1,0,0,0,0,1,0,0,0,1,0
864,865,31,11,71.31,0,1,0,1,0,1,0,1,0,0,0,1,0,0,0,0,0
865,866,26,12,206.46,0,0,0,0,0,0,0,0,0,0,0,0,0,1,0,1,0
866,867,63,7,160.93,0,0,0,0,0,0,0,0,0,0,0,0,0,0,0,0,0
867,868,18,4,62.14,0,0,0,0,0,1,1,0,0,0,1,0,0,0,0,0,0
868,869,68,7,27.6,0,0,0,1,0,0,1,0,0,0,0,0,0,0,1,0,0
869,870,62,10,99.24,1,0,0,0,0,0,1,0,0,1,0,0,0,0,0,1,0
870,871,30,15,160.08,0,0,0,0,1,1,0,0,0,0,0,1,0,0,1,0,0
871,872,21,4,77.08,0,0,0,0,0,1,0,0,0,0,0,0,0,1,1,0,0
872,873,18,5,159.26,0,0,0,0,0,0,0,1,0,0,0,0,0,1,1,0,0
873,874,66,8,93.1,1,0,0,0,0,0,0,0,1,0,0,0,0,0,0,0,0
874,875,57,3,97.58,0,0,0,0,0,0,0,0,0,0,0,0,0,1,1,0,0
875,876,49,6,91.16,0,0,0,0,0,0,1,0,0,1,0,0,0,0,1,0,0
876,877,51,15,67.46,0,1,0,0,0,1,1,0,0,0,0,0,0,0,1,0,0
877,878,45,1,51.91,0,1,1,1,0,0,1,0,1,0,0,0,0,0,0,1,0
878,879,48,4,89.56,0,0,0,0,1,0,0,1,0,0,0,0,1,0,0,1,0
879,880,25,14,219.89,0,1,0,0,0,1,0,0,0,0,0,0,0,1,1,0,0
880,881,56,6,64.24,0,1,0,0,1,1,0,0,0,0,0,1,0,0,0,0,0
881,882,43,3,96.58,0,0,0,0,1,0,0,0,0,0,0,0,0,0,0,0,1
882,883,51,1,80.0,1,0,0,0,1,1,0,1,0,0,0,0,0,0,0,0,0
883,884,20,8,103.46,0,0,0,0,0,0,1,0,0,0,0,1,0,0,0,1,0
884,885,67,14,326.3,1,0,0,0,0,1,0,0,0,0,0,0,0,1,0,0,0
885,886,29,4,62.48,0,1,1,1,1,0,1,0,0,0,1,0,0,0,0,0,0
886,887,18,8,183.92,1,0,0,0,0,0,0,0,0,0,0,1,0,0,0,0,0
887,888,61,9,321.52,0,0,1,1,0,0,1,0,0,1,0,0,0,0,1,0,0
888,889,22,11,114.29,0,0,0,0,0,0,0,1,0,0,0,1,0,0,1,0,0
889,890,47,7,77.89,1,0,0,0,0,0,0,0,0,0,0,0,0,1,0,1,0
890,891,47,13,137.46,0,0,0,0,0,1,0,0,0,0,0,1,0,0,1,0,0
891,892,34,12,110.2,0,0,0,1,0,1,0,0,0,0,0,0,0,1,1,0,0
892,893,65,8,96.31,0,0,0,0,1,0,0,0,0,1,0,0,0,0,0,0,0
893,894,64,7,90.9,1,0,0,0,1,0,0,0,0,0,0,1,0,0,1,0,0
894,895,40,5,173.05,0,0,0,0,0,0,1,0,0,0,0,0,1,0,0,0,0
895,896,32,10,101.32,0,0,0,0,1,1,0,0,0,0,0,0,0,1,0,0,0
896,897,54,8,57.48,0,0,0,0,0,1,0,1,0,0,0,0,0,0,1,0,0
897,898,38,14,196.07,0,0,0,0,1,1,0,0,0,0,0,0,0,0,1,0,0
898,899,31,8,137.27,1,0,0,1,0,1,0,0,0,1,0,0,0,0,0,1,0
899,900,19,11,157.85,1,0,0,0,0,0,0,0,0,0,0,0,0,1,0,0,0
900,901,28,9,95.5,0,1,0,0,0,0,1,0,0,0,0,1,0,0,0,0,0
901,902,68,15,63.77,0,0,0,0,0,1,1,0,0,0,0,0,0,1,0,1,0
902,903,56,14,260.86,0,1,0,0,0,1,1,0,1,0,0,0,0,0,1,0,0
903,904,55,15,136.26,0,0,0,0,0,0,1,0,0,0,0,0,0,0,0,0,0
904,905,51,10,189.45,1,0,0,0,0,0,0,1,1,0,0,0,0,0,0,1,0
905,906,55,7,60.79,1,0,0,0,0,1,1,0,0,0,0,0,0,1,0,0,0
906,907,67,2,64.63,1,0,0,0,0,0,0,0,0,0,0,0,1,0,0,1,0
907,908,51,10,124.38,0,1,1,0,1,0,1,0,0,0,0,0,0,1,1,0,0
908,909,35,13,243.49,0,1,1,0,0,1,0,1,0,0,0,0,1,0,0,0,0
909,910,47,10,90.39,1,0,0,0,0,0,0,1,0,1,0,0,0,0,0,1,0
910,911,32,15,191.36,0,0,0,0,0,0,0,0,0,0,0,0,0,0,0,0,1
911,912,44,1,72.54,0,0,0,1,0,1,1,0,0,0,0,0,0,1,0,0,0
912,913,68,9,68.79,0,1,0,1,0,1,0,0,0,0,0,0,0,1,0,0,0
913,914,51,9,73.91,1,0,0,0,0,1,0,0,0,0,0,1,0,0,1,0,0
914,915,69,6,24.04,1,1,1,0,0,0,1,0,0,0,0,1,0,0,0,0,0
915,916,55,10,84.34,0,0,0,1,0,0,0,1,0,0,0,1,0,0,0,0,1
916,917,50,6,107.77,0,0,1,0,0,1,1,0,0,0,0,0,0,1,1,0,0
917,918,41,6,51.12,0,0,0,0,1,1,0,1,0,0,0,0,0,1,0,0,1
918,919,32,11,85.5,0,0,0,1,0,0,0,0,0,0,0,0,1,0,0,0,0
919,920,47,4,77.47,0,0,1,0,0,1,0,0,0,0,0,0,1,0,0,0,0
920,921,59,3,61.03,1,0,1,0,0,0,1,0,0,1,0,0,0,0,1,0,0
921,922,68,1,200.91,1,0,0,1,0,0,0,0,0,0,0,1,0,0,0,0,1
922,923,34,1,57.28,0,0,0,0,0,0,0,1,0,0,0,0,1,0,0,0,1
923,924,22,5,72.69,1,0,1,1,0,0,0,0,1,0,0,0,0,0,1,0,0
924,925,46,15,22.89,0,0,0,0,1,0,1,0,0,0,0,0,0,1,1,0,0
925,926,21,15,58.9,0,0,0,0,0,1,1,0,0,0,0,0,1,0,0,1,0
926,927,27,7,86.96,0,0,0,0,0,1,0,0,0,1,0,0,0,0,0,0,0
927,928,34,1,146.34,1,0,0,0,0,1,0,1,0,0,0,1,0,0,0,1,0
928,929,27,1,213.7,0,0,0,0,0,0,1,0,0,1,0,0,0,0,0,1,0
929,930,34,14,164.1,0,0,1,0,0,0,1,0,0,0,0,1,0,0,0,0,0
930,931,37,15,27.46,0,1,0,1,0,0,1,0,0,0,0,1,0,0,0,1,0
931,932,41,12,110.45,0,1,0,1,0,0,0,0,0,1,0,0,0,0,0,1,0
932,933,22,13,141.74,0,0,0,0,0,1,1,0,0,0,0,0,0,0,0,0,1
933,934,51,12,211.73,0,0,0,1,0,1,0,0,0,0,0,1,0,0,0,0,0
934,935,23,6,22.97,1,0,0,0,0,1,0,0,0,0,0,0,0,0,0,1,0
935,936,70,11,177.02,0,0,0,0,0,0,0,1,0,0,0,0,0,1,1,0,0
936,937,19,3,200.43,0,0,1,0,1,0,1,0,0,0,0,0,0,1,1,0,0
937,938,30,2,85.45,1,1,0,0,0,0,0,0,0,0,0,1,0,0,0,0,0
938,939,60,14,500.0,1,0,0,0,0,0,1,0,0,0,0,0,1,0,0,1,0
939,940,60,13,56.32,0,1,0,0,0,1,0,1,0,0,0,0,1,0,0,1,0
940,941,65,7,184.53,1,0,0,0,0,1,0,0,0,1,0,0,0,0,0,0,0
941,942,28,15,156.68,0,0,0,1,0,0,0,0,0,0,0,0,0,0,0,1,0
942,943,68,11,38.56,1,0,0,0,1,1,1,0,0,0,0,0,0,1,1,0,0
943,944,64,8,354.15,0,0,1,0,0,1,0,0,0,0,1,0,0,0,1,0,0
944,945,40,2,281.5,0,0,1,0,1,0,0,0,0,0,0,0,0,1,1,0,0
945,946,33,14,152.47,0,0,0,0,0,1,0,1,0,1,0,0,0,0,0,0,0
946,947,48,7,196.76,0,0,0,1,0,0,0,0,0,0,0,1,0,0,0,0,0
947,948,28,7,264.15,0,0,0,0,1,0,1,0,1,0,0,0,0,0,0,0,0
948,949,33,14,64.27,0,0,1,0,0,1,1,0,0,0,0,0,0,1,0,0,0
949,950,25,13,52.77,0,0,0,0,0,1,1,0,0,1,0,0,0,0,1,0,0
950,951,21,11,112.58,0,0,0,0,0,0,1,0,0,0,0,0,0,0,0,0,1
951,952,57,14,259.53,1,0,1,0,0,0,1,0,0,0,0,1,0,0,0,1,0
952,953,21,14,61.67,0,1,0,1,0,1,0,0,0,0,0,0,0,1,0,0,1
953,954,42,13,126.37,0,0,1,1,0,1,0,0,0,0,0,1,0,0,0,0,1
954,955,20,4,49.55,0,1,0,1,0,1,1,0,0,0,0,0,0,0,0,1,0
955,956,49,12,259.34,0,1,0,0,0,0,0,0,0,0,0,0,1,0,0,1,0
956,957,20,14,111.89,0,0,1,0,0,1,0,0,0,0,0,0,0,1,0,0,0
957,958,44,10,87.07,0,1,0,0,0,0,0,1,0,0,0,0,0,1,0,0,0
958,959,46,14,140.8,0,0,1,0,0,1,0,1,0,0,0,0,1,0,0,1,0
959,960,49,4,117.5,0,0,0,1,0,0,0,0,0,0,0,1,0,0,0,1,0
960,961,67,15,201.42,0,0,0,0,0,1,0,0,0,0,0,0,1,0,0,0,1
961,962,68,6,69.82,0,1,1,1,0,0,1,0,0,0,0,0,1,0,0,1,0
962,963,36,10,142.1,0,0,1,0,0,0,1,0,0,0,0,0,0,1,0,0,0
963,964,38,7,253.55,0,0,1,0,0,0,0,0,0,0,0,0,0,1,1,0,0
964,965,22,7,96.1,0,1,0,0,0,0,0,0,0,0,0,0,0,1,0,0,1
965,966,35,15,78.37,0,0,1,1,0,1,1,0,0,0,1,0,0,0,0,0,0
966,967,45,4,52.82,0,0,0,0,0,1,0,1,0,0,0,0,0,0,0,1,0
967,968,59,9,408.98,0,1,0,0,1,1,1,0,0,0,0,0,0,1,1,0,0
968,969,39,8,381.3,0,0,0,0,0,0,0,0,0,0,0,0,0,1,1,0,0
969,970,38,12,45.17,0,0,1,0,0,1,1,0,1,0,0,0,0,0,0,0,1
970,971,23,5,120.06,0,0,1,0,1,1,1,0,0,0,0,0,1,0,0,1,0
971,972,18,13,77.32,0,0,0,0,0,0,0,0,1,0,0,0,0,0,1,0,0
972,973,22,6,151.41,1,0,0,0,0,0,0,0,0,1,0,0,0,0,0,0,0
973,974,58,4,182.38,0,0,0,0,0,1,0,0,0,0,0,1,0,0,0,0,1
974,975,29,2,91.4,1,0,1,0,1,1,1,0,0,0,0,0,0,1,0,0,0
975,976,43,7,76.42,0,0,0,0,0,1,1,0,0,0,0,0,0,1,0,0,0
976,977,63,11,312.65,0,0,1,1,0,0,1,0,0,0,0,0,0,1,0,1,0
977,978,51,15,117.72,0,1,0,0,0,1,1,0,0,0,0,0,0,1,0,0,0
978,979,66,11,128.87,0,0,0,1,1,0,0,1,0,0,0,1,0,0,0,0,0
979,980,31,3,120.4,0,0,1,1,0,1,1,0,1,0,0,0,0,0,0,1,0
980,981,43,1,204.27,0,0,0,1,0,1,0,0,0,0,0,0,0,1,0,0,0
981,982,62,2,80.92,0,1,0,0,0,0,0,0,1,0,0,0,0,0,0,0,0
982,983,44,3,282.36,0,0,0,1,1,1,1,0,0,1,0,0,0,0,1,0,0
983,984,26,8,173.98,1,1,1,1,0,0,0,0,0,1,0,0,0,0,0,1,0
984,985,43,4,142.19,0,0,0,0,0,1,0,1,0,1,0,0,0,0,1,0,0
985,986,64,3,304.37,0,0,1,0,0,0,0,0,0,1,0,0,0,0,1,0,0
986,987,39,4,39.02,0,0,0,0,0,0,0,0,0,0,0,0,0,1,0,1,0
987,988,64,12,41.71,1,0,0,1,1,0,1,0,0,0,0,1,0,0,0,1,0
988,989,47,3,91.22,0,0,1,0,0,0,1,0,0,0,0,0,1,0,1,0,0
989,990,60,2,91.75,0,1,0,0,0,0,1,0,0,0,0,0,1,0,0,1,0
990,991,65,5,80.61,1,0,0,0,1,1,1,0,0,1,0,0,0,0,0,1,0
991,992,34,7,321.62,0,0,0,1,0,1,0,0,0,0,0,0,1,0,0,0,0
992,993,43,9,145.45,1,0,0,0,0,1,0,0,0,0,0,1,0,0,0,0,0
993,994,53,7,359.39,0,0,0,0,0,0,0,1,0,0,1,0,0,0,0,0,0
994,995,18,11,171.69,0,0,1,0,1,1,0,0,0,1,0,0,0,0,0,0,1
995,996,25,5,104.07,0,0,1,0,1,0,0,0,0,0,1,0,0,0,0,0,1
996,997,66,3,52.67,0,0,0,0,0,1,1,0,0,0,0,1,0,0,1,0,0
997,998,52,8,116.08,1,1,0,0,0,0,0,0,0,0,0,0,1,0,0,0,0
998,999,69,14,46.13,0,0,0,0,1,1,1,0,0,0,0,0,0,1,0,0,1
999,1000,32,9,200.94,0,0,1,0,0,1,1,0,0,0,0,0,0,0,1,0,0
1000,1001,64,6,169.22,0,0,1,0,1,1,1,0,0,0,0,0,0,0,1,0,0
1001,1002,39,1,132.54,0,0,1,0,0,0,1,0,0,0,0,0,0,1,0,0,0
1002,1003,31,13,211.06,0,0,0,0,1,0,0,0,0,1,0,0,0,0,0,1,0
1003,1004,43,4,31.04,0,0,0,0,1,0,1,0,0,0,1,0,0,0,0,0,1
1004,1005,45,11,151.88,0,1,0,0,0,1,0,0,0,1,0,0,0,0,0,0,0
1005,1006,40,8,61.47,0,0,1,0,0,1,0,0,0,0,0,0,0,1,0,0,1
1006,1007,31,4,114.19,0,0,0,0,0,0,1,0,0,0,0,0,0,0,0,1,0
1007,1008,41,9,32.57,0,0,0,1,0,1,0,0,0,0,0,0,0,1,0,0,1
1008,1009,19,14,26.89,0,0,1,0,0,1,1,0,0,0,0,0,0,0,0,1,0
1009,1010,62,6,121.73,0,0,1,1,0,1,1,0,0,0,0,1,0,0,0,0,0
1010,1011,43,15,127.01,0,0,0,0,0,0,0,1,0,1,0,0,0,0,1,0,0
1011,1012,31,15,141.35,0,1,0,1,1,0,1,0,0,0,0,0,1,0,1,0,0
1012,1013,68,7,134.86,1,0,0,0,0,0,0,0,0,0,0,0,0,1,1,0,0
1013,1014,24,10,105.55,1,0,1,1,0,1,0,0,1,0,0,0,0,0,0,0,0
1014,1015,20,12,489.95,0,1,1,1,0,0,0,0,0,0,1,0,0,0,0,1,0
1015,1016,64,7,117.97,1,1,1,0,0,0,0,0,0,0,0,0,0,1,0,0,0
1016,1017,40,12,114.86,0,0,0,0,0,1,0,0,0,0,0,0,1,0,0,0,0
1017,1018,63,8,76.07,1,0,0,0,0,1,0,0,0,0,0,0,0,0,1,0,0
1018,1019,60,8,75.85,0,0,1,0,0,1,1,0,0,0,0,0,0,0,0,1,0
1019,1020,64,11,65.77,1,0,0,0,0,0,1,0,0,0,0,0,0,1,0,0,0
1020,1021,62,4,114.59,0,0,0,0,1,0,1,0,0,1,0,0,0,0,0,0,1
1021,1022,35,14,243.4,0,1,1,0,0,1,1,0,0,0,1,0,0,0,0,1,0
1022,1023,55,12,81.2,1,0,0,0,0,0,1,0,0,0,0,0,0,1,1,0,0
1023,1024,52,9,49.07,0,0,0,0,1,0,1,0,0,0,0,0,0,1,0,1,0
1024,1025,68,7,67.15,1,0,0,0,0,0,1,0,0,0,0,0,0,1,0,1,0
1025,1026,32,15,29.04,0,0,0,0,0,0,0,0,0,0,0,0,0,0,1,0,0
1026,1027,42,12,41.86,0,0,0,1,1,0,1,0,0,0,1,0,0,0,0,0,0
1027,1028,54,12,117.08,1,1,0,0,1,1,1,0,0,0,0,0,0,0,0,0,0
1028,1029,45,7,129.7,1,0,0,0,0,1,0,0,0,0,0,0,0,1,1,0,0
1029,1030,27,3,126.28,0,0,1,0,0,1,0,0,0,1,0,0,0,0,1,0,0
1030,1031,56,10,231.39,0,0,0,0,0,0,0,0,0,1,0,0,0,0,0,0,1
1031,1032,34,13,237.26,1,0,1,0,0,0,1,0,0,0,0,0,0,1,1,0,0
1032,1033,56,7,25.61,1,0,0,0,0,0,1,0,0,0,0,0,0,0,0,0,0
1033,1034,39,7,188.05,0,1,0,0,0,1,0,0,0,0,0,0,0,1,0,0,0
1034,1035,43,2,354.15,0,1,0,1,0,0,0,0,0,0,0,0,1,0,1,0,0
1035,1036,61,8,234.15,0,0,0,0,0,1,0,1,0,0,0,0,0,0,0,0,0
1036,1037,42,7,498.96,1,0,0,1,0,1,0,0,0,0,0,0,1,0,0,1,0
1037,1038,34,9,145.0,1,1,0,0,1,0,0,0,0,0,1,0,0,0,0,1,0
1038,1039,30,12,98.35,0,0,1,0,0,0,0,0,0,0,1,0,0,0,0,0,0
1039,1040,37,6,196.56,0,0,0,1,0,1,1,0,0,0,0,0,0,1,0,1,0
1040,1041,42,9,251.69,1,0,0,0,0,1,1,0,0,0,1,0,0,0,0,1,0
1041,1042,21,1,93.6,1,1,1,0,1,0,1,0,0,0,0,0,1,0,1,0,0
1042,1043,27,5,91.81,0,0,0,1,0,0,0,1,0,0,0,0,1,0,0,1,0
1043,1044,20,11,67.17,0,0,0,0,0,1,1,0,0,0,0,0,0,1,1,0,0
1044,1045,58,7,68.63,1,1,0,0,0,0,0,0,0,0,0,0,0,1,1,0,0
1045,1046,62,6,60.92,0,0,1,0,0,0,1,0,0,0,1,0,0,0,0,1,0
1046,1047,35,13,198.98,1,0,0,0,0,0,0,0,0,0,0,0,0,1,0,1,0
1047,1048,64,15,125.21,0,0,0,1,0,1,1,0,0,0,0,0,0,1,0,1,0
1048,1049,53,7,83.95,0,0,0,0,0,0,0,0,0,1,0,0,0,0,0,0,0
1049,1050,64,14,51.08,0,0,1,1,1,0,1,0,1,0,0,0,0,0,1,0,0
1050,1051,39,12,112.97,1,0,0,0,0,0,0,0,0,0,0,0,0,0,0,0,0
1051,1052,51,15,202.57,0,0,0,0,0,1,0,1,1,0,0,0,0,0,0,0,0
1052,1053,64,9,137.35,1,1,0,0,0,1,0,0,0,1,0,0,0,0,0,0,0
1053,1054,25,14,279.05,0,0,1,1,1,1,1,0,0,0,0,0,0,1,1,0,0
1054,1055,57,14,57.13,1,0,0,0,0,1,0,0,0,0,0,0,0,0,0,1,0
1055,1056,66,5,126.0,1,0,0,1,0,1,0,1,0,0,0,1,0,0,1,0,0
1056,1057,61,7,144.51,0,0,0,0,1,0,1,0,0,1,0,0,0,0,1,0,0
1057,1058,36,2,239.82,0,0,0,0,0,0,0,0,0,1,0,0,0,0,0,1,0
1058,1059,59,14,25.0,1,0,0,0,0,1,0,1,0,0,0,0,0,1,0,0,0
1059,1060,58,5,221.41,1,0,1,1,0,0,0,0,0,0,0,0,0,1,0,1,0
1060,1061,54,9,102.45,0,0,1,0,0,0,1,0,0,0,0,1,0,0,0,0,0
1061,1062,23,4,75.04,0,0,1,0,1,1,1,0,0,1,0,0,0,0,0,1,0
1062,1063,69,2,18.38,1,0,0,0,0,0,0,0,0,0,0,0,0,1,0,1,0
1063,1064,43,8,148.25,0,0,0,0,0,0,0,1,0,0,0,0,0,1,0,0,0
1064,1065,51,4,92.58,0,0,0,0,0,1,0,0,0,1,0,0,0,0,1,0,0
1065,1066,62,14,241.39,0,0,0,0,0,1,0,0,1,0,0,0,0,0,0,0,1
1066,1067,23,13,84.72,0,0,1,0,0,0,0,1,0,1,0,0,0,0,1,0,0
1067,1068,54,5,72.36,0,0,0,0,0,1,1,0,0,0,0,0,0,1,0,0,0
1068,1069,50,14,119.93,0,0,0,0,0,1,0,0,0,1,0,0,0,0,0,0,1
1069,1070,70,12,61.73,1,0,0,1,0,1,0,0,0,0,0,1,0,0,0,0,0
1070,1071,39,9,71.77,1,0,1,0,0,0,1,0,0,0,0,1,0,0,0,1,0
1071,1072,38,11,123.21,0,1,0,0,0,0,0,0,0,0,0,0,0,1,0,0,0
1072,1073,23,5,245.65,0,0,1,0,0,1,0,1,0,0,0,1,0,0,0,0,0
1073,1074,23,15,192.78,0,0,1,0,0,1,1,0,0,0,0,1,0,0,0,0,0
1074,1075,65,15,190.64,0,0,0,0,0,1,0,0,0,0,0,0,0,1,1,0,0
1075,1076,21,10,147.38,0,1,0,0,0,0,0,0,0,0,0,0,0,1,0,1,0
1076,1077,47,4,486.67,0,0,0,1,0,0,1,0,0,0,0,0,0,0,0,0,0
1077,1078,28,15,82.07,1,0,1,0,0,1,0,0,0,0,0,1,0,0,0,0,0
1078,1079,47,8,113.18,1,0,1,0,0,0,1,0,0,0,1,0,0,0,1,0,0
1079,1080,48,13,50.59,0,0,0,0,0,1,0,1,0,1,0,0,0,0,0,0,1
1080,1081,41,4,199.94,0,0,0,1,1,0,1,0,0,0,0,0,1,0,1,0,0
1081,1082,26,12,86.28,0,1,0,0,0,0,1,0,0,0,0,0,0,1,0,0,0
1082,1083,20,12,250.78,0,0,0,0,0,1,0,0,1,0,0,0,0,0,1,0,0
1083,1084,68,6,114.58,1,0,0,0,1,1,1,0,0,0,0,1,0,0,0,1,0
1084,1085,48,15,43.81,0,0,0,0,0,0,1,0,0,0,0,1,0,0,0,0,1
1085,1086,57,3,195.09,1,0,0,0,0,0,1,0,0,0,0,0,0,1,1,0,0
1086,1087,54,5,90.0,0,0,0,1,0,1,0,0,0,0,0,0,0,1,0,0,0
1087,1088,53,8,120.83,1,0,1,1,0,0,0,1,0,0,0,1,0,0,1,0,0
1088,1089,41,4,174.76,0,0,0,1,0,1,0,0,0,0,0,0,0,1,0,0,0
1089,1090,48,12,235.33,1,0,0,0,1,1,1,0,0,0,0,0,0,1,0,1,0
1090,1091,23,13,39.92,0,0,0,0,1,0,1,0,0,0,0,0,0,1,1,0,0
1091,1092,19,15,42.67,0,0,1,0,0,1,1,0,0,0,0,0,0,1,0,0,0
1092,1093,37,2,123.59,1,1,0,1,1,0,0,0,0,0,0,1,0,0,0,0,1
1093,1094,45,9,246.47,0,0,0,0,1,1,1,0,0,1,0,0,0,0,0,0,0
1094,1095,28,6,128.21,0,0,0,0,0,0,0,0,0,0,0,0,0,1,1,0,0
1095,1096,21,4,55.05,0,0,1,0,0,1,1,0,0,1,0,0,0,0,1,0,0
1096,1097,32,13,93.4,0,0,0,0,0,0,0,0,0,0,0,0,1,0,1,0,0
1097,1098,23,14,52.21,0,1,0,0,1,0,0,0,1,0,0,0,0,0,0,0,0
1098,1099,66,10,149.79,0,0,0,0,1,1,0,0,0,0,0,0,0,0,0,0,0
1099,1100,47,12,146.87,0,0,1,1,1,1,1,0,0,0,0,0,0,0,1,0,0
1100,1101,55,6,100.76,0,0,1,0,0,1,1,0,0,0,0,0,0,1,1,0,0
1101,1102,68,7,171.48,0,0,1,0,0,0,1,0,0,0,0,0,0,0,0,0,0
1102,1103,19,9,99.31,1,0,0,0,0,1,1,0,0,0,0,1,0,0,0,0,0
1103,1104,32,7,211.36,1,0,1,0,0,0,1,0,0,0,0,0,0,0,0,0,1
1104,1105,28,9,218.87,0,0,1,0,0,0,0,0,0,1,0,0,0,0,1,0,0
1105,1106,25,1,97.33,0,0,1,0,0,1,1,0,0,0,0,1,0,0,1,0,0
1106,1107,43,13,55.02,0,0,0,1,0,0,1,0,0,0,1,0,0,0,1,0,0
1107,1108,68,15,178.92,1,0,0,0,0,1,0,0,1,0,0,0,0,0,0,0,0
1108,1109,62,10,244.18,0,0,0,1,0,1,0,0,0,0,0,0,1,0,0,0,1
1109,1110,61,4,184.29,1,0,0,0,0,1,0,0,0,0,0,0,0,1,0,0,0
1110,1111,22,1,116.48,0,0,1,0,0,1,0,0,0,0,0,0,0,1,0,0,0
1111,1112,23,2,36.08,0,0,0,0,0,1,0,0,0,0,0,0,1,0,0,1,0
1112,1113,43,2,49.88,1,0,0,1,0,0,0,0,0,0,0,0,0,1,0,0,0
1113,1114,21,11,288.64,1,0,1,0,0,1,1,0,0,0,0,1,0,0,0,0,0
1114,1115,36,11,136.25,1,0,1,0,0,0,0,0,0,1,0,0,0,0,1,0,0
1115,1116,37,5,104.87,1,0,0,0,0,0,0,0,0,0,0,0,0,0,1,0,0
1116,1117,50,1,112.54,0,0,1,0,1,1,0,1,0,0,0,0,0,0,0,0,1
1117,1118,37,12,125.47,0,0,0,1,0,1,1,0,1,0,0,0,0,0,0,1,0
1118,1119,66,14,130.22,0,0,0,0,1,1,0,0,0,0,0,0,0,1,1,0,0
1119,1120,29,3,117.97,0,0,0,0,1,0,1,0,0,0,0,0,1,0,1,0,0
1120,1121,64,11,103.74,1,0,0,0,0,1,0,0,0,0,0,0,1,0,0,1,0
1121,1122,18,6,168.86,1,0,0,0,0,0,0,0,0,0,1,0,0,0,0,0,0
1122,1123,43,1,301.77,1,0,0,0,0,1,0,0,0,0,0,0,0,0,0,0,0
1123,1124,31,12,96.84,0,0,0,0,0,1,0,1,0,0,0,0,0,0,0,1,0
1124,1125,55,12,186.46,0,0,1,0,0,1,1,0,0,0,1,0,0,0,0,1,0
1125,1126,54,1,71.97,1,0,1,0,0,0,1,0,0,0,0,0,0,0,1,0,0
1126,1127,28,3,62.83,0,0,1,1,0,0,0,1,0,0,0,0,0,0,1,0,0
1127,1128,53,9,57.02,0,0,0,0,0,0,0,1,0,1,0,0,0,0,1,0,0
1128,1129,30,2,146.49,0,0,1,0,0,1,1,0,0,0,0,0,0,1,1,0,0
1129,1130,60,15,260.04,0,0,0,0,0,1,1,0,0,1,0,0,0,0,0,1,0
1130,1131,20,12,96.41,1,0,0,0,0,0,0,0,0,0,0,1,0,0,0,1,0
1131,1132,50,6,177.94,0,0,0,0,0,1,0,0,0,0,0,1,0,0,0,1,0
1132,1133,23,4,61.1,0,0,0,0,0,1,1,0,0,0,0,0,0,1,0,0,0
1133,1134,67,6,28.13,0,0,0,0,1,1,1,0,0,0,0,0,1,0,0,0,1
1134,1135,27,11,120.88,0,0,0,0,0,1,0,1,0,0,0,0,0,0,1,0,0
1135,1136,22,11,145.05,0,1,1,0,0,1,1,0,0,0,0,0,0,0,0,1,0
1136,1137,40,8,130.27,0,0,0,0,0,0,1,0,0,0,1,0,0,0,0,1,0
1137,1138,27,14,109.85,0,0,1,0,0,0,1,0,0,0,0,0,0,1,1,0,0
1138,1139,61,13,139.13,1,0,0,1,0,0,0,0,0,0,0,0,1,0,1,0,0
1139,1140,19,8,86.1,0,0,0,0,0,1,1,0,0,0,0,0,0,0,1,0,0
1140,1141,30,14,187.59,0,0,0,0,0,1,1,0,0,0,0,1,0,0,0,1,0
1141,1142,57,2,138.59,1,0,1,0,1,1,1,0,0,1,0,0,0,0,0,0,0
1142,1143,19,5,227.02,0,0,0,0,0,0,1,0,0,0,0,0,0,1,0,0,0
1143,1144,37,4,240.2,0,0,1,1,0,0,0,0,0,0,0,0,0,0,1,0,0
1144,1145,18,8,151.72,0,0,0,1,1,0,1,0,0,1,0,0,0,0,0,1,0
1145,1146,54,5,234.68,0,0,0,0,0,0,1,0,0,0,0,0,0,1,0,1,0
1146,1147,26,3,48.27,0,0,1,0,0,1,1,0,0,0,0,0,1,0,1,0,0
1147,1148,34,11,68.25,0,0,0,0,0,1,1,0,0,0,0,0,0,0,0,1,0
1148,1149,26,1,62.85,0,0,0,0,0,1,0,0,0,0,0,0,1,0,1,0,0
1149,1150,28,2,216.36,0,0,0,0,0,1,0,0,0,0,0,0,0,0,0,1,0
1150,1151,32,7,84.72,0,0,0,1,0,0,0,0,0,0,0,0,0,0,0,1,0
1151,1152,41,12,344.68,0,0,0,0,0,0,1,0,0,0,1,0,0,0,1,0,0
1152,1153,55,3,72.86,0,0,0,0,0,0,1,0,0,0,1,0,0,0,0,0,0
1153,1154,52,6,149.55,0,0,0,1,0,1,0,1,0,0,0,0,0,1,0,1,0
1154,1155,47,8,80.5,1,1,0,1,0,1,0,0,1,0,0,0,0,0,0,1,0
1155,1156,48,5,55.99,0,0,0,0,0,0,0,0,0,1,0,0,0,0,0,0,1
1156,1157,66,2,27.46,0,0,1,0,0,0,1,0,0,0,0,0,0,1,1,0,0
1157,1158,22,12,42.08,0,0,0,0,0,0,1,0,0,0,0,0,0,0,0,0,1
1158,1159,61,15,145.54,0,0,0,0,0,0,1,0,0,0,1,0,0,0,1,0,0
1159,1160,67,14,113.13,0,1,1,0,1,0,1,0,0,0,1,0,0,0,1,0,0
1160,1161,31,3,196.74,0,0,1,0,0,0,1,0,0,0,0,0,0,1,0,0,0
1161,1162,70,11,196.09,0,0,1,0,0,0,0,0,0,0,0,0,1,0,1,0,0
1162,1163,28,2,18.09,1,1,0,0,0,1,0,1,0,0,0,0,1,0,0,0,0
1163,1164,26,6,203.03,0,0,0,0,0,1,0,0,0,1,0,0,0,0,1,0,0
1164,1165,51,15,88.14,1,0,0,0,0,0,1,0,0,0,0,1,0,0,1,0,0
1165,1166,29,5,22.22,0,0,1,0,0,0,1,0,0,0,0,0,0,0,1,0,0
1166,1167,52,7,140.14,0,0,0,0,0,0,1,0,0,0,0,0,0,1,0,0,0
1167,1168,52,2,37.51,0,0,0,1,0,0,0,0,0,0,0,0,1,0,1,0,0
1168,1169,18,14,66.71,0,0,0,0,1,0,0,0,0,0,0,0,0,1,0,0,0
1169,1170,57,14,281.73,0,0,0,0,0,1,1,0,0,1,0,0,0,0,0,0,0
1170,1171,39,6,88.53,1,0,0,0,0,1,0,0,0,0,0,0,0,1,0,0,1
1171,1172,46,11,214.32,0,1,0,1,0,1,0,0,0,0,0,1,0,0,0,0,0
1172,1173,25,6,102.8,1,0,0,0,0,0,1,0,0,0,0,0,0,0,0,1,0
1173,1174,28,7,290.74,0,0,1,0,0,1,1,0,0,1,0,0,0,0,1,0,0
1174,1175,58,15,62.2,1,0,1,0,0,0,1,0,0,0,0,1,0,0,1,0,0
1175,1176,54,15,73.99,1,1,0,0,0,0,0,0,0,0,0,0,0,1,0,0,1
1176,1177,31,7,166.12,0,0,1,0,1,1,1,0,1,0,0,0,0,0,1,0,0
1177,1178,47,7,151.03,0,0,0,1,0,1,0,0,0,0,0,0,0,0,0,1,0
1178,1179,52,5,216.08,1,0,1,0,0,1,0,1,0,1,0,0,0,0,0,1,0
1179,1180,38,15,76.22,0,0,0,0,0,1,1,0,0,0,0,0,0,1,0,1,0
1180,1181,54,15,123.07,1,1,1,0,0,1,1,0,0,0,0,0,0,1,0,1,0
1181,1182,22,13,19.46,1,0,0,0,0,1,0,1,1,0,0,0,0,0,1,0,0
1182,1183,36,7,121.79,1,0,1,1,0,1,0,0,0,0,0,0,0,0,0,0,0
1183,1184,31,1,105.89,1,0,0,0,0,1,0,0,0,0,0,1,0,0,0,0,0
1184,1185,43,15,89.11,0,1,0,0,1,1,1,0,0,0,0,0,0,1,1,0,0
1185,1186,21,9,134.57,0,0,0,1,0,1,0,0,0,0,0,1,0,0,0,0,0
1186,1187,42,8,157.49,0,0,0,0,0,1,1,0,1,0,0,0,0,0,0,1,0
1187,1188,62,9,81.78,0,0,1,0,1,0,0,0,0,0,0,0,0,1,1,0,0
1188,1189,59,1,117.08,1,0,0,0,0,1,0,1,0,0,0,0,0,0,0,1,0
1189,1190,42,2,23.28,0,1,1,0,0,0,1,0,0,0,1,0,0,0,0,0,0
1190,1191,35,7,54.08,1,0,0,0,1,0,0,0,0,0,0,1,0,0,1,0,0
1191,1192,57,5,86.91,0,0,1,0,0,0,1,0,0,0,0,0,0,1,0,0,1
1192,1193,25,14,157.25,1,1,0,0,1,1,0,0,0,1,0,0,0,0,0,1,0
1193,1194,56,13,122.32,0,0,0,0,0,1,0,0,0,0,0,0,0,1,0,0,0
1194,1195,57,10,199.94,1,0,0,1,1,0,0,0,1,0,0,0,0,0,1,0,0
1195,1196,31,15,102.98,0,0,0,0,0,0,1,0,0,0,0,1,0,0,0,0,0
1196,1197,49,2,155.69,0,1,1,0,0,0,1,0,0,0,1,0,0,0,0,0,0
1197,1198,68,6,152.31,0,0,1,0,0,1,1,0,0,0,0,0,0,1,0,1,0
1198,1199,55,4,79.55,0,0,0,0,1,0,0,0,0,1,0,0,0,0,1,0,0
1199,1200,50,6,190.1,0,0,0,0,0,0,0,1,0,0,0,0,0,1,0,0,1
1200,1201,40,15,111.44,0,0,0,1,0,0,1,0,0,1,0,0,0,0,0,0,1
1201,1202,32,7,54.75,1,0,0,0,0,0,0,0,0,0,0,0,0,1,1,0,0
1202,1203,50,15,68.94,0,1,1,0,0,0,1,0,0,1,0,0,0,0,0,1,0
1203,1204,42,11,160.22,0,0,1,0,0,1,1,0,0,0,0,0,1,0,1,0,0
1204,1205,34,3,85.02,0,1,1,0,0,0,0,0,0,0,0,0,0,1,0,0,0
1205,1206,50,6,238.68,1,0,0,0,0,1,0,0,0,0,0,0,0,0,0,0,1
1206,1207,64,2,291.67,0,1,0,0,0,0,0,0,1,0,0,0,0,0,0,0,1
1207,1208,19,12,174.99,0,0,1,0,0,0,1,0,0,0,1,0,0,0,0,0,1
1208,1209,31,12,62.64,1,0,0,0,0,0,1,0,0,0,0,0,0,1,1,0,0
1209,1210,70,13,285.87,0,0,0,1,0,1,0,0,0,0,1,0,0,0,0,0,0
1210,1211,57,4,116.57,0,1,0,0,0,1,0,0,0,0,0,0,0,1,1,0,0
1211,1212,57,15,121.94,1,0,1,0,0,1,1,0,0,1,0,0,0,0,0,0,1
1212,1213,68,12,248.75,0,0,0,0,0,1,1,0,1,0,0,0,0,0,0,0,0
1213,1214,56,13,247.46,1,0,0,0,0,0,1,0,0,0,0,0,1,0,1,0,0
1214,1215,68,9,92.43,0,0,0,0,0,1,0,1,1,0,0,0,0,0,0,0,1
1215,1216,23,14,108.43,0,0,1,0,0,1,1,0,0,0,0,0,1,0,0,0,0
1216,1217,23,9,262.28,1,0,1,0,0,0,1,0,0,0,0,0,0,1,0,1,0
1217,1218,20,2,127.01,0,0,0,0,0,1,0,0,0,0,0,0,0,0,0,1,0
1218,1219,24,6,248.59,0,0,0,1,1,0,1,0,0,1,0,0,0,0,0,1,0
1219,1220,68,14,52.23,1,0,0,1,0,0,0,0,0,0,0,0,0,0,0,0,0
1220,1221,25,4,199.98,0,0,1,0,0,0,0,0,0,0,0,0,0,1,0,0,0
1221,1222,59,8,88.66,1,0,0,0,0,0,1,0,0,1,0,0,0,0,1,0,0
1222,1223,69,12,111.44,0,1,0,0,0,1,0,0,1,0,0,0,0,0,0,0,0
1223,1224,32,8,98.13,1,0,0,1,0,0,0,0,1,0,0,0,0,0,0,0,1
1224,1225,64,1,217.91,0,0,0,0,0,0,1,0,0,0,0,1,0,0,0,0,0
1225,1226,46,8,73.51,1,0,1,0,0,0,0,0,0,0,0,0,0,0,1,0,0
1226,1227,50,10,59.77,1,0,0,0,0,1,0,0,0,0,0,1,0,0,0,1,0
1227,1228,69,7,34.74,0,1,1,0,1,1,1,0,0,0,0,1,0,0,1,0,0
1228,1229,47,15,209.38,0,0,1,0,0,0,1,0,0,0,1,0,0,0,1,0,0
1229,1230,56,14,222.45,0,0,0,0,0,0,0,0,0,0,0,0,0,1,1,0,0
1230,1231,44,1,164.3,1,0,0,1,0,0,0,1,0,1,0,0,0,0,0,0,0
1231,1232,53,3,43.88,0,0,0,1,0,1,0,0,1,0,0,0,0,0,0,1,0
1232,1233,46,15,46.57,1,1,0,0,0,0,1,0,1,0,0,0,0,0,0,0,0
1233,1234,55,5,86.94,0,0,0,1,0,0,0,0,0,0,0,0,0,0,0,1,0
1234,1235,50,5,376.31,0,1,0,1,1,0,1,0,0,0,0,0,0,1,0,0,0
1235,1236,54,3,314.64,1,0,0,1,0,1,0,0,0,0,0,0,1,0,0,0,0
1236,1237,44,1,186.47,1,0,0,1,1,1,0,0,0,0,0,1,0,0,1,0,0
1237,1238,50,8,102.56,1,0,1,0,0,0,0,0,0,0,0,0,1,0,1,0,0
1238,1239,21,10,48.26,0,1,0,1,1,0,1,0,0,0,0,0,0,0,0,0,1
1239,1240,39,7,95.7,0,0,0,0,0,0,1,0,0,0,0,0,0,1,0,0,0
1240,1241,19,1,112.99,1,1,0,0,0,1,0,0,0,0,0,0,0,1,0,1,0
1241,1242,27,1,56.54,1,0,0,0,0,1,0,1,0,0,0,0,0,0,1,0,0
1242,1243,22,9,162.62,0,0,0,0,0,1,0,0,0,0,0,0,0,1,0,0,0
1243,1244,27,15,60.46,0,0,0,0,0,1,1,0,0,0,0,0,0,1,0,0,0
1244,1245,50,1,152.76,1,0,0,1,1,0,0,0,0,1,0,0,0,0,1,0,0
1245,1246,55,11,96.13,1,0,1,0,0,1,1,0,0,1,0,0,0,0,1,0,0
1246,1247,30,15,54.12,0,0,0,0,0,1,1,0,0,0,0,0,0,1,0,0,1
1247,1248,48,3,332.41,0,0,0,0,1,0,1,0,0,0,0,0,0,1,0,0,1
1248,1249,64,3,73.79,1,0,0,0,0,1,0,0,0,0,1,0,0,0,0,0,1
1249,1250,53,13,44.2,0,1,0,0,0,0,0,0,0,0,0,0,0,1,1,0,0
1250,1251,62,4,57.75,0,0,0,0,1,0,1,0,0,1,0,0,0,0,0,0,1
1251,1252,41,5,184.31,1,0,0,0,0,1,0,0,0,1,0,0,0,0,0,1,0
1252,1253,69,6,39.39,0,0,0,0,0,1,0,0,1,0,0,0,0,0,1,0,0
1253,1254,32,14,124.45,1,0,0,1,1,1,0,0,0,1,0,0,0,0,0,1,0
1254,1255,46,6,91.54,1,1,0,0,0,0,0,0,0,0,0,0,0,1,1,0,0
1255,1256,25,10,215.66,0,0,1,0,0,1,0,0,0,0,0,0,0,1,0,1,0
1256,1257,22,13,290.19,0,0,0,1,1,1,0,1,0,0,0,1,0,0,0,0,0
1257,1258,46,15,201.33,0,0,1,0,0,0,1,0,0,0,0,1,0,0,0,1,0
1258,1259,64,15,94.27,0,1,0,0,1,1,1,0,0,1,0,0,0,0,0,0,0
1259,1260,21,9,32.5,1,1,0,0,0,1,0,0,0,0,0,0,0,1,0,0,0
1260,1261,29,3,149.83,0,0,1,0,0,0,1,0,0,1,0,0,0,0,0,1,0
1261,1262,62,10,146.86,0,0,0,0,1,1,1,0,0,0,0,1,0,0,1,0,0
1262,1263,19,4,289.18,1,0,1,0,1,0,1,0,0,0,0,1,0,0,1,0,0
1263,1264,44,7,121.31,0,0,1,1,0,0,0,0,0,0,0,0,0,1,1,0,0
1264,1265,48,15,99.84,1,1,1,0,1,0,0,1,0,0,0,0,0,0,1,0,0
1265,1266,68,6,312.54,1,0,0,0,0,1,1,0,0,0,0,0,0,1,1,0,0
1266,1267,68,9,158.88,1,0,0,0,0,0,0,1,0,0,0,1,0,0,0,0,1
1267,1268,53,2,117.17,0,0,0,0,0,1,0,0,0,0,0,1,0,0,0,0,0
1268,1269,53,15,149.86,1,0,0,0,0,0,0,0,1,0,0,0,0,0,1,0,0
1269,1270,43,11,178.69,0,0,0,0,0,1,0,0,0,1,0,0,0,0,1,0,0
1270,1271,60,4,83.0,1,0,0,0,0,1,1,0,0,0,0,0,0,0,0,0,0
1271,1272,44,7,61.23,0,1,0,0,0,1,0,0,0,0,0,0,0,1,0,1,0
1272,1273,22,15,45.11,0,0,1,1,1,0,1,0,0,0,0,0,0,1,1,0,0
1273,1274,37,14,74.58,1,0,0,1,0,1,1,0,0,0,0,0,0,1,0,1,0
1274,1275,28,11,163.44,0,1,0,0,0,1,1,0,0,0,0,0,0,1,0,0,0
1275,1276,27,7,318.79,0,0,0,1,0,1,1,0,0,0,0,0,0,1,0,1,0
1276,1277,57,9,64.28,0,0,0,0,1,0,1,0,0,0,1,0,0,0,1,0,0
1277,1278,55,13,297.14,1,0,0,0,0,1,1,0,0,0,0,1,0,0,0,0,1
1278,1279,23,8,89.9,1,1,0,0,0,0,0,0,0,0,0,0,0,1,0,1,0
1279,1280,25,15,284.99,1,1,0,0,1,1,1,0,0,0,0,0,0,1,0,1,0
1280,1281,40,8,38.97,0,0,0,1,1,1,0,1,0,1,0,0,0,0,0,1,0
1281,1282,64,4,52.07,0,0,1,1,0,0,0,0,0,1,0,0,0,0,1,0,0
1282,1283,43,10,104.83,0,0,0,0,1,0,0,1,0,0,0,0,0,1,0,0,0
1283,1284,63,7,125.94,1,0,0,1,0,0,0,0,0,0,0,0,0,0,0,0,0
1284,1285,60,1,118.95,0,0,0,0,1,1,0,0,1,0,0,0,0,0,0,1,0
1285,1286,29,4,72.86,0,0,0,1,0,1,0,0,0,0,0,0,0,0,0,0,0
1286,1287,43,12,34.14,1,0,0,1,0,0,0,0,0,0,0,0,0,0,0,0,0
1287,1288,30,14,107.88,0,0,0,0,1,0,1,0,0,0,0,0,1,0,1,0,0
1288,1289,57,14,317.55,1,0,0,0,0,0,0,1,0,0,0,0,0,1,0,1,0
1289,1290,35,14,206.68,0,0,1,1,0,0,1,0,0,0,0,0,0,1,1,0,0
1290,1291,42,5,27.23,0,1,0,1,0,0,0,1,0,0,0,0,0,0,0,0,0
1291,1292,50,14,160.1,0,0,0,0,0,1,0,0,0,0,0,1,0,0,0,0,0
1292,1293,64,10,239.18,0,0,1,0,0,0,0,0,0,0,0,0,0,0,0,0,0
1293,1294,57,13,179.88,0,0,1,0,0,1,1,0,0,0,0,0,0,1,1,0,0
1294,1295,60,14,42.76,1,0,0,0,0,1,1,0,1,0,0,0,0,0,0,0,0
1295,1296,29,12,41.28,0,0,1,0,0,0,0,0,0,1,0,0,0,0,1,0,0
1296,1297,61,7,196.44,0,0,0,0,0,1,0,1,0,0,0,0,1,0,0,1,0
1297,1298,53,12,184.67,0,0,1,0,0,1,1,0,1,0,0,0,0,0,0,1,0
1298,1299,65,6,150.89,0,1,0,0,0,0,0,1,0,1,0,0,0,0,0,1,0
1299,1300,21,4,304.93,0,0,0,0,0,0,0,0,0,0,0,0,1,0,0,0,0
1300,1301,22,15,72.68,0,0,1,1,0,0,1,0,0,0,0,1,0,0,0,1,0
1301,1302,54,3,29.3,1,0,0,0,0,0,1,0,1,0,0,0,0,0,0,1,0
1302,1303,25,11,218.04,0,0,1,0,0,0,1,0,0,0,0,0,0,1,0,0,0
1303,1304,59,14,159.62,1,0,0,0,0,0,0,0,0,0,1,0,0,0,1,0,0
1304,1305,66,6,111.38,0,1,0,0,0,0,0,1,0,0,0,0,0,1,1,0,0
1305,1306,45,10,121.33,1,0,0,0,0,0,0,1,0,0,0,0,1,0,0,0,0
1306,1307,48,15,140.11,0,0,0,0,1,0,0,0,0,1,0,0,0,0,0,0,0
1307,1308,26,14,239.79,0,1,1,0,0,0,0,0,0,0,0,0,0,1,1,0,0
1308,1309,68,13,106.54,1,1,1,0,0,0,1,0,0,0,0,0,0,1,0,0,0
1309,1310,46,13,127.29,0,0,1,1,1,1,1,0,0,1,0,0,0,0,1,0,0
1310,1311,31,7,71.52,0,0,1,0,0,0,1,0,0,1,0,0,0,0,0,0,1
1311,1312,57,14,199.96,0,0,1,0,0,1,0,0,0,0,0,0,0,1,0,0,1
1312,1313,58,12,89.51,0,0,0,0,0,0,1,0,0,0,0,0,0,1,0,0,0
1313,1314,39,3,82.83,0,0,0,0,0,1,1,0,0,1,0,0,0,0,0,0,0
1314,1315,28,4,159.58,0,0,1,0,0,0,0,0,0,1,0,0,0,0,1,0,0
1315,1316,40,3,95.23,0,0,0,0,0,1,1,0,0,1,0,0,0,0,0,0,0
1316,1317,18,9,118.08,0,0,1,1,0,1,0,0,1,0,0,0,0,0,1,0,0
1317,1318,63,7,97.5,0,0,0,0,0,0,0,0,0,0,0,1,0,0,0,0,0
1318,1319,54,12,91.84,0,0,1,0,0,1,1,0,0,0,0,0,0,1,1,0,0
1319,1320,38,14,43.46,0,1,0,1,0,1,0,1,0,0,0,0,0,0,0,1,0
1320,1321,43,10,162.65,1,1,0,0,0,0,0,0,0,0,0,0,1,0,0,1,0
1321,1322,63,3,56.79,0,0,1,0,0,1,0,0,0,0,0,0,0,1,1,0,0
1322,1323,53,8,214.7,1,1,0,0,1,1,0,0,0,1,0,0,0,0,0,0,0
1323,1324,40,8,332.46,1,0,0,1,0,0,0,0,0,0,0,0,0,0,0,1,0
1324,1325,18,13,238.57,0,0,0,0,0,0,1,0,0,0,1,0,0,0,0,0,0
1325,1326,68,1,136.2,1,0,1,0,0,1,1,0,0,0,0,0,0,0,0,1,0
1326,1327,57,14,58.97,0,0,1,0,0,1,0,0,0,0,0,1,0,0,1,0,0
1327,1328,32,5,132.83,0,1,0,0,0,1,0,1,0,1,0,0,0,0,0,0,0
1328,1329,38,5,211.68,0,0,0,0,0,1,0,0,0,0,0,0,1,0,0,1,0
1329,1330,64,12,242.21,0,0,1,1,0,0,0,1,0,1,0,0,0,0,0,0,0
1330,1331,26,3,160.76,0,1,0,0,0,1,0,1,0,1,0,0,0,0,0,1,0
1331,1332,70,2,51.58,0,0,0,0,0,0,1,0,0,0,0,0,0,0,1,0,0
1332,1333,26,1,45.19,1,0,0,0,0,0,0,0,1,0,0,0,0,0,0,0,0
1333,1334,27,15,66.8,0,0,1,1,1,1,1,0,0,0,0,0,0,1,1,0,0
1334,1335,69,4,103.83,0,0,0,0,0,1,1,0,0,0,0,0,0,1,0,1,0
1335,1336,70,12,92.48,0,0,0,1,0,0,0,1,0,0,0,1,0,0,0,0,0
1336,1337,43,12,110.75,0,0,1,0,0,1,1,0,0,0,0,0,0,0,1,0,0
1337,1338,58,10,86.74,1,1,0,0,0,0,1,0,0,0,0,0,0,1,0,1,0
1338,1339,52,4,123.2,1,0,0,0,0,0,1,0,0,0,0,0,0,1,0,1,0
1339,1340,69,5,389.85,1,1,0,0,0,1,0,1,0,1,0,0,0,0,0,0,0
1340,1341,42,14,103.54,0,0,0,1,0,0,1,0,0,0,0,0,0,0,0,1,0
1341,1342,43,11,112.74,1,0,0,1,0,0,0,1,0,0,0,0,1,0,0,0,0
1342,1343,28,12,140.51,0,0,1,0,0,0,1,0,0,0,0,0,0,1,1,0,0
1343,1344,55,13,154.73,1,1,1,1,0,1,1,0,1,0,0,0,0,0,0,1,0
1344,1345,19,3,124.71,0,0,1,0,0,0,1,0,0,1,0,0,0,0,0,0,0
1345,1346,24,1,246.24,0,0,1,0,1,0,1,0,0,0,0,0,0,1,0,0,1
1346,1347,35,10,164.86,1,0,0,0,1,1,0,0,0,0,0,0,0,0,0,0,1
1347,1348,44,12,17.91,1,0,0,1,0,0,1,0,0,0,0,1,0,0,0,1,0
1348,1349,51,13,48.58,0,1,0,1,0,0,1,0,0,0,0,0,0,1,0,1,0
1349,1350,44,10,68.49,0,0,1,0,0,1,0,0,0,0,0,1,0,0,0,0,0
1350,1351,34,10,120.04,0,1,0,1,0,0,0,0,0,0,0,0,1,0,0,1,0
1351,1352,60,11,151.75,1,0,0,0,0,1,1,0,0,0,0,0,0,1,0,1,0
1352,1353,61,3,95.73,0,0,0,0,0,0,1,0,0,0,0,0,0,1,0,1,0
1353,1354,68,10,388.73,1,0,0,0,0,0,0,0,0,0,0,0,0,1,0,1,0
1354,1355,41,6,207.7,0,0,0,0,0,0,1,0,0,0,0,0,1,0,0,0,0
1355,1356,42,3,101.21,0,1,0,1,0,0,0,1,0,0,0,0,0,1,0,0,0
1356,1357,24,3,65.6,0,1,0,0,0,1,1,0,0,0,0,0,1,0,0,1,0
1357,1358,69,8,91.69,1,0,0,0,0,0,0,0,0,0,0,0,0,0,0,0,0
1358,1359,23,2,314.59,0,0,1,0,0,0,0,1,0,0,0,0,1,0,0,0,0
1359,1360,70,11,320.71,1,0,0,0,0,1,0,1,0,0,0,0,0,0,1,0,0
1360,1361,41,8,105.54,0,0,0,0,0,1,0,0,0,1,0,0,0,0,0,0,1
1361,1362,50,12,300.94,0,1,0,1,1,0,0,0,1,0,0,0,0,0,0,0,1
1362,1363,66,3,69.12,1,0,0,0,0,0,1,0,0,0,0,1,0,0,0,0,0
1363,1364,46,8,165.66,0,0,0,0,0,0,1,0,0,0,0,0,0,0,1,0,0
1364,1365,60,4,68.64,1,0,0,1,0,0,0,0,0,0,0,1,0,0,0,1,0
1365,1366,39,5,152.82,0,1,0,0,1,0,1,0,0,0,0,1,0,0,0,0,0
1366,1367,43,2,164.71,0,0,1,0,1,1,1,0,0,1,0,0,0,0,1,0,0
1367,1368,45,10,149.7,1,0,0,0,1,1,0,1,0,1,0,0,0,0,0,0,0
1368,1369,67,13,271.3,0,1,0,0,0,0,1,0,0,1,0,0,0,0,0,1,0
1369,1370,38,13,94.29,0,1,1,0,1,0,1,0,0,0,1,0,0,0,0,1,0
1370,1371,66,1,163.9,1,0,0,0,0,0,0,1,0,0,0,1,0,0,0,0,0
1371,1372,24,11,221.96,0,0,0,0,0,0,0,0,0,0,0,0,0,1,1,0,0
1372,1373,34,7,66.36,1,0,0,0,0,0,0,0,0,0,0,0,0,0,0,0,1
1373,1374,37,6,131.89,0,0,0,0,0,1,1,0,0,0,0,0,0,1,0,1,0
1374,1375,58,3,117.27,0,0,0,0,0,1,0,0,0,0,0,0,0,1,0,0,1
1375,1376,66,14,344.21,1,0,1,1,0,1,1,0,0,1,0,0,0,0,0,1,0
1376,1377,37,12,177.13,0,1,0,1,0,1,0,0,0,0,0,0,0,0,0,0,1
1377,1378,39,2,120.47,0,1,1,0,1,0,0,0,0,0,1,0,0,0,1,0,0
1378,1379,45,10,131.41,1,0,0,0,1,1,0,1,0,0,1,0,0,0,0,1,0
1379,1380,57,4,198.09,0,0,0,0,0,0,1,0,0,0,0,0,0,1,0,0,0
1380,1381,66,13,157.68,1,1,1,0,0,0,1,0,0,0,0,0,0,0,0,1,0
1381,1382,24,15,197.9,0,0,0,0,1,1,0,0,0,0,0,0,1,0,0,0,1
1382,1383,18,8,53.37,1,0,0,0,0,0,0,0,0,0,0,0,0,1,0,0,0
1383,1384,49,11,38.98,0,0,0,0,0,1,1,0,0,0,0,0,1,0,1,0,0
1384,1385,30,7,64.8,0,0,0,0,0,0,0,0,1,0,0,0,0,0,0,1,0
1385,1386,47,13,226.82,0,0,0,1,0,1,1,0,0,0,0,1,0,0,0,0,1
1386,1387,40,14,308.01,1,0,0,1,0,1,0,0,0,1,0,0,0,0,0,1,0
1387,1388,68,12,58.57,0,1,0,0,0,1,0,0,1,0,0,0,0,0,0,1,0
1388,1389,36,15,70.25,0,0,0,0,0,1,1,0,1,0,0,0,0,0,0,0,0
1389,1390,49,15,365.69,1,0,0,0,0,0,1,0,0,0,0,1,0,0,0,0,0
1390,1391,47,7,102.59,1,0,0,0,0,1,1,0,0,1,0,0,0,0,0,1,0
1391,1392,46,6,336.46,0,0,1,1,0,1,1,0,0,0,0,0,1,0,1,0,0
1392,1393,66,13,35.34,0,0,1,0,0,1,1,0,0,1,0,0,0,0,0,1,0
1393,1394,62,11,162.09,0,0,0,0,0,1,1,0,0,0,0,0,0,1,0,0,0
1394,1395,46,3,154.39,0,0,0,0,0,1,1,0,0,0,0,0,0,0,0,0,0
1395,1396,47,1,246.05,1,0,0,1,0,1,0,0,0,0,1,0,0,0,0,1,0
1396,1397,33,1,221.08,0,1,0,0,0,1,0,0,0,0,0,0,1,0,0,0,0
1397,1398,57,6,66.38,1,0,0,1,0,1,0,1,0,0,0,1,0,0,1,0,0
1398,1399,36,15,71.45,0,1,0,0,0,1,0,0,0,0,0,0,0,0,0,1,0
1399,1400,35,4,158.66,1,0,1,0,0,0,0,0,0,1,0,0,0,0,0,0,0
1400,1401,18,8,106.23,0,0,0,1,0,0,1,0,1,0,0,0,0,0,1,0,0
1401,1402,31,12,211.82,0,0,0,0,0,0,1,0,0,0,0,0,0,0,0,1,0
1402,1403,68,10,84.66,1,1,1,0,0,0,1,0,0,0,0,0,1,0,0,0,0
1403,1404,64,10,36.88,0,0,0,0,0,0,0,0,0,0,0,0,0,0,0,1,0
1404,1405,67,1,116.04,0,0,0,1,0,1,0,1,0,0,0,0,1,0,0,1,0
1405,1406,19,13,225.02,0,0,0,0,1,0,1,0,1,0,0,0,0,0,1,0,0
1406,1407,45,7,128.31,0,0,0,1,0,0,1,0,0,1,0,0,0,0,0,1,0
1407,1408,66,7,99.58,1,0,0,0,0,1,0,0,0,0,0,0,0,1,0,0,0
1408,1409,67,1,153.28,1,0,0,0,0,1,0,0,0,0,0,0,0,1,1,0,0
1409,1410,47,2,249.0,0,0,1,1,0,1,0,0,1,0,0,0,0,0,0,1,0
1410,1411,55,9,47.85,1,0,0,1,0,1,0,0,0,0,0,1,0,0,0,0,0
1411,1412,68,9,62.4,1,0,0,0,0,1,0,0,0,0,0,1,0,0,0,0,1
1412,1413,21,6,108.29,1,1,0,1,0,0,0,0,0,1,0,0,0,0,0,0,0
1413,1414,18,12,40.63,0,0,0,0,0,1,1,0,0,0,0,1,0,0,0,1,0
1414,1415,25,6,72.54,0,0,1,0,1,1,1,0,0,0,0,1,0,0,1,0,0
1415,1416,46,9,136.13,0,1,1,1,0,0,1,0,0,0,0,0,0,1,0,1,0
1416,1417,56,5,117.4,1,0,0,0,0,0,0,0,0,0,1,0,0,0,0,0,0
1417,1418,20,15,94.63,0,0,0,0,0,1,1,0,0,1,0,0,0,0,1,0,0
1418,1419,49,3,219.6,1,0,0,0,0,0,0,0,0,1,0,0,0,0,0,1,0
1419,1420,27,5,48.14,0,0,0,0,0,1,1,0,0,1,0,0,0,0,0,1,0
1420,1421,27,4,289.58,0,1,0,0,0,0,1,0,0,0,0,0,0,1,0,0,0
1421,1422,36,14,115.3,0,1,1,0,0,1,1,0,0,0,0,1,0,0,0,0,1
1422,1423,63,6,103.88,0,0,1,0,0,1,0,1,0,0,0,0,0,1,0,0,0
1423,1424,51,4,50.42,0,0,1,0,0,0,1,0,0,0,0,0,1,0,0,1,0
1424,1425,50,9,33.2,0,0,1,1,0,0,1,0,0,1,0,0,0,0,0,0,0
1425,1426,40,4,109.28,0,1,0,0,1,1,0,1,0,0,0,0,0,0,0,0,0
1426,1427,45,15,151.19,0,1,1,1,0,1,1,0,0,0,0,1,0,0,0,0,0
1427,1428,49,8,197.79,0,0,0,0,1,1,1,0,0,0,0,0,1,0,0,0,1
1428,1429,67,12,125.66,0,1,0,0,1,0,1,0,0,0,0,0,0,1,0,0,0
1429,1430,24,15,301.44,0,0,1,0,0,1,1,0,0,0,1,0,0,0,0,0,0
1430,1431,46,3,105.04,1,0,0,0,0,0,1,0,0,0,0,1,0,0,0,1,0
1431,1432,25,9,57.61,0,1,1,0,0,0,0,0,0,0,0,0,0,1,1,0,0
1432,1433,18,5,178.63,1,0,1,0,0,0,1,0,0,1,0,0,0,0,0,0,0
1433,1434,20,15,19.78,0,0,0,0,0,1,0,1,0,1,0,0,0,0,1,0,0
1434,1435,41,5,293.47,0,0,1,1,0,0,1,0,0,0,0,0,1,0,0,0,1
1435,1436,40,15,121.05,1,0,0,1,0,0,0,0,0,1,0,0,0,0,0,1,0
1436,1437,25,5,264.46,0,0,1,0,0,1,0,0,0,1,0,0,0,0,0,0,1
1437,1438,64,12,67.6,0,1,0,0,0,1,1,0,0,0,0,0,0,1,0,1,0
1438,1439,54,1,115.07,1,1,0,0,0,0,0,1,0,0,0,0,0,1,0,0,0
1439,1440,20,14,42.74,1,0,0,0,0,0,0,0,0,0,0,1,0,0,1,0,0
1440,1441,68,4,95.63,1,0,0,1,0,0,1,0,0,0,0,1,0,0,1,0,0
1441,1442,50,4,72.26,0,0,0,0,0,0,0,1,0,0,0,0,0,1,1,0,0
1442,1443,45,14,116.36,0,0,0,0,0,1,0,0,0,0,0,0,0,1,0,0,0
1443,1444,64,4,100.33,1,0,1,0,0,0,1,0,0,1,0,0,0,0,0,0,1
1444,1445,25,12,368.62,0,1,0,0,0,1,0,0,0,0,0,1,0,0,1,0,0
1445,1446,51,6,94.11,0,0,1,0,1,1,1,0,0,0,0,0,1,0,0,0,0
1446,1447,52,10,236.84,1,1,0,0,0,0,1,0,0,0,0,0,0,1,0,0,1
1447,1448,49,5,119.19,0,0,0,0,0,1,1,0,0,1,0,0,0,0,0,0,1
1448,1449,41,3,17.51,0,1,0,0,0,0,1,0,0,1,0,0,0,0,0,0,0
1449,1450,31,3,319.14,0,0,0,0,1,0,1,0,1,0,0,0,0,0,1,0,0
1450,1451,49,7,269.75,0,1,0,0,1,0,0,1,0,0,0,0,0,0,1,0,0
1451,1452,63,15,191.55,0,0,1,0,0,0,1,0,0,0,0,0,0,1,1,0,0
1452,1453,60,4,122.83,0,0,0,0,0,0,1,0,0,1,0,0,0,0,0,1,0
1453,1454,33,15,116.77,0,1,0,1,0,0,1,0,0,1,0,0,0,0,1,0,0
1454,1455,21,6,74.55,0,0,0,0,0,1,0,0,0,0,0,1,0,0,0,0,1
1455,1456,69,12,107.68,1,0,1,0,0,1,1,0,0,0,0,0,0,1,0,1,0
1456,1457,54,15,48.4,0,0,0,1,0,1,0,1,0,1,0,0,0,0,1,0,0
1457,1458,38,6,106.66,1,0,0,0,0,0,0,0,0,0,0,1,0,0,0,0,0
1458,1459,31,1,91.28,0,0,0,0,0,1,0,1,0,0,0,0,0,1,0,1,0
1459,1460,48,4,86.59,0,1,1,0,0,1,1,0,0,0,0,1,0,0,0,1,0
1460,1461,65,11,224.82,0,0,1,1,0,1,1,0,0,1,0,0,0,0,1,0,0
1461,1462,35,12,174.65,0,0,0,0,0,1,1,0,0,0,0,0,1,0,0,0,0
1462,1463,24,14,84.38,0,0,1,0,1,1,1,0,0,0,0,0,0,1,0,0,0
1463,1464,27,12,205.57,0,0,0,0,0,0,1,0,1,0,0,0,0,0,0,0,0
1464,1465,24,7,64.44,1,0,1,0,0,1,1,0,0,0,0,0,0,1,0,0,0
1465,1466,50,2,240.06,0,1,0,0,0,0,1,0,0,0,0,0,0,1,0,1,0
1466,1467,40,15,348.99,0,1,1,0,0,1,1,0,0,0,0,0,1,0,1,0,0
1467,1468,38,15,204.66,0,0,0,0,0,0,1,0,1,0,0,0,0,0,1,0,0
1468,1469,36,14,224.23,0,0,1,0,0,0,1,0,0,0,0,0,0,1,0,1,0
1469,1470,65,2,257.62,0,1,0,0,1,0,0,0,1,0,0,0,0,0,0,0,0
1470,1471,36,4,159.49,0,1,0,0,0,1,0,0,0,0,0,0,0,1,1,0,0
1471,1472,53,14,146.97,0,0,0,1,0,0,1,0,0,0,0,1,0,0,0,1,0
1472,1473,46,13,84.8,0,0,0,0,0,0,0,0,0,0,0,0,0,1,0,0,1
1473,1474,35,15,79.12,0,0,1,0,0,1,1,0,0,1,0,0,0,0,0,0,0
1474,1475,19,9,32.31,0,0,1,0,1,1,1,0,0,0,0,0,0,0,0,1,0
1475,1476,18,6,28.49,0,1,0,0,0,0,0,0,0,0,0,1,0,0,0,0,0
1476,1477,64,14,174.5,1,0,0,0,0,0,0,0,0,0,0,0,0,0,0,0,0
1477,1478,22,8,170.77,0,0,1,0,0,1,1,0,0,0,0,0,0,0,0,1,0
1478,1479,37,15,136.09,0,0,0,1,0,1,1,0,0,0,1,0,0,0,0,1,0
1479,1480,28,6,169.5,0,0,1,0,1,1,1,0,0,0,0,0,0,1,0,1,0
1480,1481,59,11,204.5,1,0,0,1,0,1,0,1,0,0,0,0,0,1,0,0,0
1481,1482,19,3,137.47,0,0,0,0,0,0,0,0,0,0,0,1,0,0,0,0,0
1482,1483,20,7,63.68,0,0,1,0,0,1,0,0,0,0,0,0,0,1,0,0,1
1483,1484,40,15,67.72,0,0,1,0,0,1,1,0,0,0,0,0,0,0,0,0,0
1484,1485,29,8,53.48,0,0,1,1,0,1,1,0,0,0,0,0,0,0,1,0,0
1485,1486,37,2,88.89,1,1,1,0,0,0,1,0,0,1,0,0,0,0,1,0,0
1486,1487,22,1,178.62,0,0,0,0,0,1,0,1,0,0,1,0,0,0,0,0,0
1487,1488,54,11,375.01,0,0,0,0,0,1,0,1,0,0,0,0,0,1,1,0,0
1488,1489,55,8,85.19,0,1,0,0,0,0,0,0,0,0,0,0,0,1,0,0,0
1489,1490,47,3,167.38,0,1,1,1,0,1,0,0,0,0,0,0,0,1,0,0,0
1490,1491,26,8,155.06,0,1,1,0,0,1,1,0,0,0,0,0,0,1,0,0,0
1491,1492,51,7,68.52,1,0,0,0,0,1,0,0,0,1,0,0,0,0,1,0,0
1492,1493,70,8,58.75,1,0,0,0,0,1,0,0,0,0,0,1,0,0,0,0,0
1493,1494,61,8,86.37,1,0,1,0,0,1,1,0,0,0,0,1,0,0,0,0,0
1494,1495,52,8,338.1,1,0,0,0,0,1,1,0,0,0,0,0,1,0,0,1,0
1495,1496,69,5,194.29,0,0,0,0,0,0,1,0,0,0,0,0,0,1,0,0,0
1496,1497,39,3,56.98,1,0,0,0,0,0,0,0,0,0,0,0,0,1,0,1,0
1497,1498,61,15,50.16,0,0,0,0,0,0,1,0,0,0,1,0,0,0,0,0,1
1498,1499,41,4,99.33,0,0,0,0,0,1,1,0,0,0,0,0,0,1,0,0,0
1499,1500,34,7,266.41,0,0,0,0,0,1,0,0,0,0,1,0,0,0,0,1,0
1500,1501,27,8,111.88,1,0,1,0,0,1,0,0,0,0,0,0,1,0,0,1,0
1501,1502,47,15,95.06,0,0,0,0,1,1,1,0,1,0,0,0,0,0,0,0,0
1502,1503,63,8,79.83,0,0,0,1,0,1,0,1,0,1,0,0,0,0,0,1,0
1503,1504,40,13,119.52,0,1,0,0,0,1,0,1,0,0,0,0,0,1,0,0,1
1504,1505,49,3,81.47,0,0,1,0,0,0,0,0,0,0,0,1,0,0,1,0,0
1505,1506,34,2,30.33,0,0,0,0,0,1,1,0,0,0,0,1,0,0,0,0,1
1506,1507,67,14,273.98,1,0,0,0,0,0,1,0,0,0,0,0,0,1,1,0,0
1507,1508,68,11,30.57,0,0,0,0,1,1,1,0,0,0,0,0,1,0,1,0,0
1508,1509,34,7,123.19,0,0,0,0,0,1,1,0,0,0,0,0,0,1,0,0,1
1509,1510,31,10,69.81,0,0,1,0,0,1,0,0,0,0,0,0,0,0,0,0,1
1510,1511,26,3,140.12,0,0,1,0,1,0,1,0,1,0,0,0,0,0,1,0,0
1511,1512,57,5,362.98,1,0,0,0,0,0,0,0,0,0,0,0,0,1,1,0,0
1512,1513,19,1,84.56,1,0,1,0,1,1,0,0,0,0,0,0,0,1,1,0,0
1513,1514,62,2,110.78,1,1,1,0,0,1,1,0,0,0,0,0,0,1,0,1,0
1514,1515,42,9,133.03,0,0,1,0,0,0,0,1,0,0,0,0,0,1,0,0,0
1515,1516,56,10,221.28,0,0,0,0,0,1,0,0,0,0,0,0,0,1,1,0,0
1516,1517,26,12,213.47,0,0,1,0,1,0,1,0,0,0,0,0,0,1,0,0,0
1517,1518,39,10,126.8,1,0,0,0,0,1,0,0,0,0,0,0,0,1,1,0,0
1518,1519,60,3,412.05,0,0,0,0,0,1,0,1,0,0,0,0,1,0,1,0,0
1519,1520,63,8,49.13,0,0,1,0,0,1,1,0,1,0,0,0,0,0,1,0,0
1520,1521,21,10,131.23,0,0,0,1,0,1,0,0,0,1,0,0,0,0,0,1,0
1521,1522,43,8,58.46,0,0,0,0,0,1,0,0,0,0,0,0,0,1,0,0,0
1522,1523,46,15,66.98,0,1,1,1,1,1,1,0,0,0,0,0,0,1,0,1,0
1523,1524,62,5,77.36,0,0,0,0,0,0,0,0,0,0,0,1,0,0,0,0,0
1524,1525,51,8,221.96,0,0,1,1,0,0,0,0,0,0,0,1,0,0,1,0,0
1525,1526,40,4,260.18,1,0,1,0,0,0,1,0,0,0,1,0,0,0,0,1,0
1526,1527,54,4,25.32,0,0,0,0,0,1,1,0,0,0,0,0,0,1,0,1,0
1527,1528,28,12,314.78,0,0,1,1,1,0,1,0,0,0,0,0,1,0,0,0,0
1528,1529,23,4,285.36,1,0,0,0,1,0,0,0,0,0,0,0,0,0,1,0,0
1529,1530,35,8,128.6,0,0,1,0,0,0,1,0,1,0,0,0,0,0,0,1,0
1530,1531,38,3,67.97,1,1,1,0,0,0,1,0,0,0,0,0,0,0,1,0,0
1531,1532,59,4,161.79,1,0,0,0,0,0,0,0,0,1,0,0,0,0,0,0,0
1532,1533,53,9,281.19,0,0,1,0,0,1,1,0,0,0,0,1,0,0,0,1,0
1533,1534,58,3,201.96,1,0,0,0,0,1,0,0,0,0,0,0,1,0,0,0,0
1534,1535,55,8,68.79,1,0,1,0,1,1,1,0,0,0,0,0,0,1,0,0,1
1535,1536,51,12,385.95,1,1,0,0,0,1,1,0,0,0,0,0,0,1,0,0,0
1536,1537,34,4,377.79,0,0,1,0,0,0,1,0,0,1,0,0,0,0,1,0,0
1537,1538,54,14,71.86,1,1,1,0,0,1,0,0,0,0,0,0,0,1,1,0,0
1538,1539,42,1,127.2,0,0,0,0,0,0,0,0,0,1,0,0,0,0,1,0,0
1539,1540,55,15,132.37,0,0,1,0,1,0,1,0,0,0,1,0,0,0,0,1,0
1540,1541,29,15,111.39,0,0,0,0,1,1,1,0,0,0,0,0,0,0,1,0,0
1541,1542,40,14,39.2,0,0,0,0,0,0,0,0,0,0,0,1,0,0,0,0,1
1542,1543,70,6,301.1,1,0,0,1,1,1,0,0,0,0,0,1,0,0,1,0,0
1543,1544,59,8,283.17,1,0,0,0,0,0,0,0,0,0,0,0,1,0,1,0,0
1544,1545,39,11,194.53,0,0,0,0,1,1,1,0,0,0,1,0,0,0,0,0,0
1545,1546,38,10,62.79,0,0,0,0,0,0,0,0,0,0,0,1,0,0,0,0,0
1546,1547,44,8,45.14,0,0,1,0,0,0,1,0,0,0,0,0,0,0,1,0,0
1547,1548,48,2,44.25,0,1,0,1,0,1,0,0,0,1,0,0,0,0,0,0,0
1548,1549,23,2,136.91,0,0,0,0,0,0,1,0,0,1,0,0,0,0,0,0,1
1549,1550,44,7,125.07,1,0,0,0,0,0,0,0,0,1,0,0,0,0,0,0,1
1550,1551,57,8,500.0,0,0,1,0,0,0,1,0,0,1,0,0,0,0,1,0,0
1551,1552,51,13,119.42,1,0,0,1,0,1,0,0,0,0,0,1,0,0,0,0,1
1552,1553,29,12,158.45,0,1,0,1,0,1,0,0,0,0,0,1,0,0,0,0,0
1553,1554,62,13,205.33,0,1,0,0,0,0,1,0,0,0,0,0,0,1,0,0,1
1554,1555,70,3,146.07,0,0,1,0,0,1,0,0,0,0,1,0,0,0,0,0,0
1555,1556,24,6,333.0,0,0,0,0,0,1,0,0,0,1,0,0,0,0,0,1,0
1556,1557,27,8,80.11,0,0,0,0,0,1,1,0,0,0,0,0,0,0,1,0,0
1557,1558,62,14,500.0,0,0,0,1,0,1,0,1,0,0,0,1,0,0,0,0,0
1558,1559,34,9,66.92,1,0,0,0,0,0,0,0,0,0,0,1,0,0,0,0,1
1559,1560,43,1,193.18,0,0,0,0,0,1,1,0,0,1,0,0,0,0,0,0,0
1560,1561,38,14,123.43,0,0,1,0,0,0,1,0,0,0,0,0,1,0,0,0,1
1561,1562,45,3,308.77,1,0,0,0,0,0,0,0,0,0,0,0,0,1,0,1,0
1562,1563,63,5,133.05,1,0,1,1,0,1,0,1,0,0,0,0,0,0,1,0,0
1563,1564,19,4,175.11,0,0,0,0,0,1,1,0,0,0,0,0,0,1,1,0,0
1564,1565,60,8,61.89,0,0,0,1,0,0,0,1,0,0,0,1,0,0,1,0,0
1565,1566,18,10,164.19,0,0,1,0,0,0,0,0,0,0,0,0,0,1,0,0,0
1566,1567,68,6,403.33,0,0,0,0,0,1,0,0,0,0,0,0,1,0,1,0,0
1567,1568,70,2,91.57,0,0,0,0,0,0,1,0,0,0,0,0,0,1,0,0,0
1568,1569,53,2,82.31,0,0,1,0,0,0,1,0,1,0,0,0,0,0,1,0,0
1569,1570,68,10,126.01,1,0,0,0,0,0,0,0,1,0,0,0,0,0,0,0,0
1570,1571,43,5,29.33,1,0,0,1,1,0,0,1,0,1,0,0,0,0,0,1,0
1571,1572,46,12,108.64,0,0,0,0,0,1,1,0,0,1,0,0,0,0,0,1,0
1572,1573,38,9,72.12,0,0,0,1,0,0,1,0,0,0,0,1,0,0,0,0,0
1573,1574,28,11,145.86,0,0,1,0,0,1,1,0,0,0,0,0,0,1,0,0,1
1574,1575,57,10,134.43,0,0,1,0,0,0,1,0,0,0,0,0,0,1,0,0,0
1575,1576,28,1,106.64,0,0,0,0,0,1,0,0,0,0,0,0,0,1,1,0,0
1576,1577,53,3,242.11,1,1,1,1,0,1,0,1,0,0,0,0,0,0,0,0,0
1577,1578,66,13,34.09,0,0,1,0,0,1,0,0,0,0,0,0,0,1,0,0,1
1578,1579,56,6,53.65,1,0,0,1,0,1,0,0,0,0,0,0,0,1,0,0,0
1579,1580,57,5,103.28,0,0,0,0,0,1,0,1,0,0,0,1,0,0,0,1,0
1580,1581,52,4,123.58,1,0,0,0,0,0,0,1,0,0,0,0,0,1,1,0,0
1581,1582,51,15,36.39,1,0,1,0,0,1,1,0,0,0,0,0,0,1,1,0,0
1582,1583,64,2,378.25,0,1,0,0,0,1,0,1,1,0,0,0,0,0,0,0,0
1583,1584,41,14,81.66,0,0,1,0,0,0,1,0,0,0,0,1,0,0,0,0,0
1584,1585,39,12,59.85,0,0,1,0,0,0,0,1,0,1,0,0,0,0,0,1,0
1585,1586,22,12,259.11,0,1,1,0,0,1,0,0,0,0,0,0,0,1,0,0,0
1586,1587,50,4,144.45,0,0,0,0,0,1,1,0,0,0,0,1,0,0,1,0,0
1587,1588,53,7,16.57,0,0,0,0,0,0,1,0,0,0,0,0,0,1,0,0,0
1588,1589,64,15,182.42,1,1,0,0,0,0,0,0,0,0,1,0,0,0,0,0,0
1589,1590,37,13,250.73,0,0,0,0,0,1,1,0,0,0,0,1,0,0,0,0,0
1590,1591,36,3,111.19,0,0,0,0,0,1,1,0,0,0,1,0,0,0,0,1,0
1591,1592,52,12,309.35,1,0,0,1,0,1,1,0,0,0,0,0,1,0,1,0,0
1592,1593,69,1,198.14,1,0,0,0,0,1,0,0,0,0,0,0,0,0,1,0,0
1593,1594,60,9,405.65,0,0,0,1,0,1,1,0,0,0,0,1,0,0,0,1,0
1594,1595,34,7,140.45,0,0,0,0,0,1,0,0,0,0,0,0,1,0,0,1,0
1595,1596,62,9,71.72,0,0,0,0,0,1,1,0,0,0,0,0,0,0,0,1,0
1596,1597,60,10,39.21,0,1,0,0,1,1,0,1,0,0,0,0,0,1,0,0,1
1597,1598,51,7,117.48,1,0,0,0,0,1,1,0,0,0,0,0,0,0,1,0,0
1598,1599,26,1,292.43,1,0,0,0,0,0,0,0,0,0,0,0,0,1,0,0,0
1599,1600,43,8,167.38,0,0,0,1,0,0,0,0,0,0,0,1,0,0,0,0,0
1600,1601,19,3,161.35,0,0,1,0,0,1,1,0,0,0,0,1,0,0,0,0,1
1601,1602,70,12,95.98,1,0,1,0,0,0,0,1,0,0,1,0,0,0,1,0,0
1602,1603,26,3,71.98,0,0,0,0,0,0,0,1,0,0,0,1,0,0,0,1,0
1603,1604,26,8,65.8,0,0,0,1,0,0,1,0,0,0,0,0,1,0,0,0,0
1604,1605,57,4,59.7,1,0,0,0,0,1,0,0,0,0,0,0,0,1,1,0,0
1605,1606,34,5,133.39,1,0,0,0,0,0,0,0,0,1,0,0,0,0,0,0,0
1606,1607,18,9,146.73,0,0,0,0,0,0,0,0,1,0,0,0,0,0,0,0,0
1607,1608,42,11,167.16,0,0,0,0,1,0,0,0,0,0,0,0,1,0,0,0,1
1608,1609,60,7,112.1,0,0,0,1,0,1,0,0,0,0,0,1,0,0,0,0,1
1609,1610,57,10,227.72,1,0,0,0,0,0,0,0,0,0,0,0,0,1,0,0,1
1610,1611,59,12,176.95,1,0,0,0,0,0,1,0,0,0,0,1,0,0,0,1,0
1611,1612,42,7,299.05,0,1,0,0,0,0,0,0,1,0,0,0,0,0,0,1,0
1612,1613,56,3,176.05,1,0,0,0,1,1,1,0,0,0,0,0,0,1,0,0,0
1613,1614,52,1,56.68,0,0,0,0,0,0,0,1,0,0,0,1,0,0,1,0,0
1614,1615,20,15,244.72,1,0,1,0,1,0,1,0,0,1,0,0,0,0,1,0,0
1615,1616,67,9,35.33,0,0,0,0,0,1,1,0,0,0,0,0,0,1,1,0,0
1616,1617,54,10,49.6,0,1,1,0,0,1,1,0,0,0,0,0,1,0,0,0,1
1617,1618,61,1,91.04,0,0,0,0,0,1,0,0,0,0,0,0,0,1,1,0,0
1618,1619,61,10,204.62,1,1,0,0,0,1,0,0,0,0,0,0,0,1,0,1,0
1619,1620,68,15,144.76,1,0,0,1,0,1,0,0,0,0,0,0,1,0,0,0,0
1620,1621,47,2,61.68,1,0,0,0,0,0,0,0,0,0,0,1,0,0,0,0,0
1621,1622,55,6,175.46,0,0,0,0,1,1,1,0,0,0,0,0,0,1,0,0,0
1622,1623,51,9,22.56,1,0,0,0,1,0,0,1,0,0,1,0,0,0,0,1,0
1623,1624,29,7,346.59,0,0,1,0,0,1,0,1,0,0,0,0,0,1,1,0,0
1624,1625,36,13,27.55,0,0,1,1,0,0,0,0,0,0,1,0,0,0,0,1,0
1625,1626,54,13,112.47,0,0,1,1,0,0,0,1,0,0,0,1,0,0,1,0,0
1626,1627,61,12,234.68,0,0,0,1,0,1,0,0,0,1,0,0,0,0,1,0,0
1627,1628,66,9,98.11,1,0,0,0,0,0,1,0,0,0,0,0,0,1,0,1,0
1628,1629,34,12,167.02,0,0,0,1,0,1,0,0,0,1,0,0,0,0,0,1,0
1629,1630,27,10,122.33,0,1,0,1,0,0,0,0,0,0,0,0,0,1,0,0,0
1630,1631,66,7,180.01,1,0,0,0,0,0,0,0,0,0,0,1,0,0,0,1,0
1631,1632,64,5,96.6,1,0,1,0,1,1,0,1,0,1,0,0,0,0,1,0,0
1632,1633,29,1,45.29,0,0,1,0,0,1,0,0,0,0,0,0,0,1,1,0,0
1633,1634,33,5,173.65,0,0,0,0,0,1,0,0,0,0,0,0,1,0,1,0,0
1634,1635,41,8,37.56,0,1,0,1,0,0,0,1,0,0,0,0,0,1,0,0,0
1635,1636,36,12,137.66,0,0,0,0,1,1,0,1,0,0,0,1,0,0,0,0,0
1636,1637,25,12,115.54,1,0,1,1,0,1,0,0,0,0,0,0,0,1,1,0,0
1637,1638,48,8,52.21,1,1,0,0,0,1,1,0,0,0,0,1,0,0,0,1,0
1638,1639,38,15,68.72,1,0,0,0,0,0,0,0,0,0,0,1,0,0,0,1,0
1639,1640,34,7,124.32,1,0,1,0,0,1,0,0,0,0,0,0,1,0,0,0,1
1640,1641,40,15,147.03,1,1,1,0,0,1,1,0,0,0,0,0,0,1,0,0,0
1641,1642,54,3,140.41,1,1,1,0,0,1,1,0,0,0,0,0,0,1,1,0,0
1642,1643,33,3,110.72,0,0,1,0,0,1,1,0,0,0,0,0,0,1,0,1,0
1643,1644,23,5,349.67,0,0,0,0,0,1,1,0,0,0,0,0,0,1,0,1,0
1644,1645,25,10,261.44,1,1,0,0,0,0,1,0,0,0,0,0,0,1,0,0,0
1645,1646,42,15,33.66,0,1,0,0,0,0,1,0,0,0,0,0,0,0,0,0,1
1646,1647,35,2,53.43,0,1,0,0,1,1,1,0,0,0,0,1,0,0,1,0,0
1647,1648,42,14,24.6,0,0,1,1,0,0,1,0,0,0,0,0,1,0,0,1,0
1648,1649,29,2,268.13,0,0,0,0,0,0,0,0,0,1,0,0,0,0,0,0,1
1649,1650,32,7,169.46,0,0,0,1,0,0,1,0,0,0,0,0,0,0,0,0,0
1650,1651,43,5,169.01,0,0,0,0,0,0,1,0,0,0,1,0,0,0,0,1,0
1651,1652,58,15,243.26,0,1,0,0,0,1,1,0,0,0,0,0,0,0,0,1,0
1652,1653,62,6,101.86,0,1,0,1,0,1,1,0,0,0,0,0,0,0,0,0,0
1653,1654,43,12,55.93,0,0,0,1,0,0,0,0,0,0,1,0,0,0,0,0,0
1654,1655,64,9,134.93,1,1,0,0,0,0,1,0,0,0,1,0,0,0,0,1,0
1655,1656,49,12,189.03,0,0,0,0,0,1,0,0,0,1,0,0,0,0,0,0,1
1656,1657,27,9,268.16,0,0,0,1,0,1,0,1,0,0,0,1,0,0,1,0,0
1657,1658,33,15,194.83,0,0,0,0,0,1,1,0,0,0,0,0,0,0,1,0,0
1658,1659,24,8,201.75,0,0,0,1,0,1,0,0,0,0,0,1,0,0,1,0,0
1659,1660,34,13,46.41,0,1,0,0,1,0,1,0,0,0,1,0,0,0,1,0,0
1660,1661,40,14,227.31,0,0,1,1,0,1,1,0,0,1,0,0,0,0,0,0,0
1661,1662,43,1,87.43,0,0,0,0,0,1,0,0,0,0,0,0,1,0,1,0,0
1662,1663,38,14,95.13,0,0,0,0,0,1,1,0,0,0,0,1,0,0,0,0,1
1663,1664,39,13,259.83,0,1,0,0,0,1,1,0,0,0,0,0,0,1,1,0,0
1664,1665,24,4,65.83,0,1,1,0,0,0,1,0,0,0,0,0,1,0,0,0,0
1665,1666,31,5,36.82,0,0,0,1,0,1,0,0,0,1,0,0,0,0,0,0,0
1666,1667,32,15,131.0,0,0,0,0,0,1,1,0,0,0,0,0,0,1,0,0,1
1667,1668,70,9,194.38,0,0,1,1,0,0,0,1,0,0,1,0,0,0,0,1,0
1668,1669,24,6,55.53,0,1,1,0,0,0,0,1,0,1,0,0,0,0,1,0,0
1669,1670,26,15,133.27,0,0,1,0,1,0,1,0,0,0,0,0,0,0,0,0,0
1670,1671,68,6,86.69,0,0,0,1,0,0,0,1,0,0,0,0,1,0,0,0,0
1671,1672,65,14,230.77,0,0,1,0,0,0,1,0,0,0,1,0,0,0,1,0,0
1672,1673,25,3,246.41,0,0,1,0,0,0,1,0,1,0,0,0,0,0,0,1,0
1673,1674,67,14,50.19,1,0,0,0,0,1,1,0,0,0,0,0,0,0,0,0,0
1674,1675,40,14,76.86,1,0,0,0,1,0,0,0,0,0,0,0,0,0,0,1,0
1675,1676,46,4,122.24,0,0,1,0,0,0,1,0,0,0,0,0,0,1,1,0,0
1676,1677,35,2,240.95,0,0,1,0,0,1,1,0,0,0,0,0,0,0,0,1,0
1677,1678,48,15,96.03,0,0,0,1,0,1,1,0,0,0,1,0,0,0,0,1,0
1678,1679,47,7,46.88,0,0,1,0,1,1,1,0,0,0,0,1,0,0,1,0,0
1679,1680,69,5,58.27,1,0,0,0,0,0,1,0,0,0,0,0,0,1,0,0,0
1680,1681,56,12,71.83,1,0,0,0,0,1,0,0,0,0,0,0,0,1,0,1,0
1681,1682,52,10,307.42,0,0,0,0,0,0,0,0,1,0,0,0,0,0,1,0,0
1682,1683,35,1,126.78,1,1,0,1,0,1,0,0,0,0,0,0,1,0,0,0,0
1683,1684,59,14,104.26,0,0,0,0,0,0,1,0,0,0,0,0,0,0,0,0,0
1684,1685,56,5,170.43,0,0,1,0,0,1,0,0,0,0,0,1,0,0,0,0,1
1685,1686,34,15,219.96,0,1,1,1,0,0,1,0,0,0,0,0,0,1,1,0,0
1686,1687,31,11,139.76,1,0,0,0,0,1,0,0,0,0,0,0,1,0,0,1,0
1687,1688,48,3,202.82,0,0,0,1,0,1,1,0,0,0,0,1,0,0,0,0,0
1688,1689,41,9,126.54,1,0,0,1,0,0,0,1,0,0,0,1,0,0,0,1,0
1689,1690,52,9,90.87,1,0,0,0,0,0,1,0,0,1,0,0,0,0,0,1,0
1690,1691,61,14,63.3,0,0,0,0,0,1,0,0,0,1,0,0,0,0,0,0,1
1691,1692,62,5,153.74,0,0,0,1,0,1,1,0,0,0,0,0,0,1,0,0,0
1692,1693,51,15,281.98,0,1,0,1,0,1,0,0,0,0,1,0,0,0,0,0,1
1693,1694,20,11,98.51,0,1,1,1,0,0,0,0,0,0,1,0,0,0,0,1,0
1694,1695,54,1,73.51,1,0,0,0,0,0,0,0,0,0,0,0,1,0,0,1,0
1695,1696,60,11,289.15,1,0,0,0,0,1,0,0,0,0,1,0,0,0,0,0,0
1696,1697,57,8,92.91,1,1,0,0,0,1,0,0,0,0,0,1,0,0,0,0,0
1697,1698,43,5,55.48,0,0,1,0,0,1,0,0,0,0,0,0,0,1,1,0,0
1698,1699,40,1,314.23,0,0,0,0,0,1,0,0,0,0,0,0,1,0,1,0,0
1699,1700,61,15,125.12,0,0,1,0,1,1,1,0,0,1,0,0,0,0,0,0,0
1700,1701,56,2,16.58,1,0,1,0,0,1,0,1,0,1,0,0,0,0,1,0,0
1701,1702,32,15,157.08,0,0,0,1,0,0,0,1,0,0,0,0,0,1,1,0,0
1702,1703,66,5,244.23,1,0,0,0,0,0,0,0,0,1,0,0,0,0,0,0,1
1703,1704,21,15,167.47,1,0,0,0,0,1,1,0,0,0,0,1,0,0,0,0,0
1704,1705,46,14,75.8,0,1,0,0,0,0,0,1,0,0,0,0,0,1,1,0,0
1705,1706,39,9,318.54,0,0,1,0,0,0,0,0,0,0,0,0,0,1,0,0,0
1706,1707,42,11,125.74,0,0,0,0,1,0,1,0,0,0,0,1,0,0,1,0,0
1707,1708,30,10,210.98,0,0,1,0,0,0,1,0,0,0,0,0,1,0,1,0,0
1708,1709,35,11,58.57,0,1,0,1,0,1,0,1,0,0,0,0,0,0,0,1,0
1709,1710,50,10,233.35,0,1,0,0,0,1,0,1,0,0,0,0,0,1,0,0,0
1710,1711,33,8,89.23,0,0,0,0,0,0,1,0,0,1,0,0,0,0,0,0,1
1711,1712,62,15,202.94,0,0,0,0,0,0,1,0,0,0,0,0,1,0,0,0,0
1712,1713,59,9,179.38,0,0,0,1,0,1,0,0,0,0,0,1,0,0,1,0,0
1713,1714,61,2,96.61,1,0,0,0,0,0,0,0,0,0,0,0,0,1,0,1,0
1714,1715,19,9,199.94,0,0,0,0,0,1,1,0,0,0,1,0,0,0,1,0,0
1715,1716,52,10,170.13,1,1,1,0,0,1,0,0,0,0,0,0,0,1,1,0,0
1716,1717,59,5,98.48,0,1,0,0,0,0,0,0,0,0,0,0,0,1,0,0,0
1717,1718,51,3,155.41,0,0,0,0,0,1,0,0,0,0,0,0,0,0,0,0,0
1718,1719,47,10,112.8,1,0,0,0,0,1,0,1,0,1,0,0,0,0,0,1,0
1719,1720,30,14,109.27,0,0,0,0,0,0,0,0,0,0,1,0,0,0,0,1,0
1720,1721,30,8,49.87,0,0,0,0,0,1,0,0,0,0,0,0,0,1,0,0,0
1721,1722,35,2,92.15,0,0,1,1,0,0,1,0,0,1,0,0,0,0,1,0,0
1722,1723,49,5,295.98,0,1,0,0,0,0,1,0,0,1,0,0,0,0,0,0,1
1723,1724,49,13,184.81,0,1,1,0,0,1,0,0,0,0,0,0,0,0,1,0,0
1724,1725,52,12,136.85,0,0,1,0,0,1,0,1,0,0,0,0,0,1,1,0,0
1725,1726,56,5,369.93,0,0,1,0,0,1,1,0,0,0,0,0,0,1,1,0,0
1726,1727,63,6,29.07,0,0,1,0,0,0,1,0,0,0,0,0,0,1,1,0,0
1727,1728,69,4,19.13,0,0,0,0,1,0,0,0,0,0,0,0,0,0,1,0,0
1728,1729,46,15,64.25,1,0,0,1,0,1,1,0,0,0,0,0,1,0,0,0,0
1729,1730,66,5,81.63,1,0,0,1,0,0,1,0,0,0,0,1,0,0,0,0,0
1730,1731,46,3,302.74,1,1,0,1,0,1,0,0,0,0,0,0,0,0,0,1,0
1731,1732,70,5,252.27,1,0,1,0,0,1,0,0,0,1,0,0,0,0,1,0,0
1732,1733,61,15,107.23,1,0,0,0,0,1,0,0,1,0,0,0,0,0,0,1,0
1733,1734,33,15,91.78,0,1,0,0,0,1,0,1,0,0,0,0,0,0,0,1,0
1734,1735,61,12,68.72,1,0,0,1,0,0,0,0,0,0,0,0,0,1,0,0,0
1735,1736,64,10,174.99,0,0,0,1,0,0,0,1,0,0,0,1,0,0,0,0,1
1736,1737,27,13,147.42,0,0,0,0,0,0,0,0,0,0,0,1,0,0,1,0,0
1737,1738,47,6,71.55,0,0,0,1,1,1,1,0,0,1,0,0,0,0,0,0,0
1738,1739,42,13,96.1,1,0,1,0,0,1,1,0,0,0,0,0,0,1,1,0,0
1739,1740,56,1,66.0,1,0,0,1,0,1,0,0,0,0,0,0,0,1,0,0,1
1740,1741,37,13,227.39,0,0,0,0,0,1,1,0,0,0,0,0,1,0,0,0,0
1741,1742,22,4,110.34,0,0,1,0,0,1,0,0,0,0,0,0,0,1,0,0,0
1742,1743,18,10,105.36,0,0,0,0,0,0,0,0,0,0,0,1,0,0,0,0,0
1743,1744,47,14,202.32,0,1,1,0,0,0,1,0,0,0,0,0,0,1,0,0,0
1744,1745,66,15,186.97,1,1,0,0,1,0,0,0,0,0,0,0,0,1,0,0,1
1745,1746,20,12,142.32,1,0,1,0,0,1,1,0,0,0,0,0,0,1,1,0,0
1746,1747,62,6,63.61,0,0,0,0,0,0,0,0,0,0,0,0,0,1,1,0,0
1747,1748,31,13,134.59,1,1,0,0,1,1,0,0,0,0,0,0,0,1,1,0,0
1748,1749,47,2,101.75,1,0,0,0,0,1,1,0,0,0,0,1,0,0,0,0,1
1749,1750,67,10,309.45,0,1,1,0,0,1,1,0,0,0,0,0,0,0,0,0,0
1750,1751,21,5,49.01,0,0,1,0,0,1,0,0,0,0,0,0,1,0,0,0,0
1751,1752,35,11,103.74,0,0,0,0,0,0,1,0,0,0,0,0,0,1,0,1,0
1752,1753,54,9,243.51,0,0,0,0,0,0,0,0,1,0,0,0,0,0,1,0,0
1753,1754,42,3,88.13,0,0,1,0,0,1,0,1,0,0,1,0,0,0,1,0,0
1754,1755,65,3,224.54,0,1,0,0,0,0,0,0,0,0,0,0,0,1,1,0,0
1755,1756,18,9,115.16,1,0,1,1,0,0,0,0,0,0,1,0,0,0,1,0,0
1756,1757,70,15,259.52,0,1,0,0,0,1,1,0,0,0,0,0,0,1,0,0,0
1757,1758,63,3,300.62,0,0,0,1,0,0,0,0,0,0,0,1,0,0,0,1,0
1758,1759,32,4,47.61,1,0,0,0,0,1,0,0,0,0,0,0,0,1,0,1,0
1759,1760,26,12,313.57,0,0,0,0,0,1,0,0,0,0,0,0,0,0,1,0,0
1760,1761,32,9,113.91,0,1,0,0,0,0,0,1,0,0,0,0,0,0,1,0,0
1761,1762,66,4,99.02,1,0,0,0,0,0,0,1,0,1,0,0,0,0,1,0,0
1762,1763,41,7,32.47,0,1,0,0,0,0,1,0,0,0,0,1,0,0,0,1,0
1763,1764,21,4,291.22,0,0,0,0,0,1,1,0,0,0,0,1,0,0,0,1,0
1764,1765,29,10,95.75,0,0,1,1,0,0,1,0,0,0,0,0,0,0,1,0,0
1765,1766,54,14,141.0,1,0,1,0,1,1,1,0,0,0,1,0,0,0,0,1,0
1766,1767,54,9,100.26,0,1,0,0,0,0,0,0,0,0,1,0,0,0,0,0,0
1767,1768,60,10,222.8,1,0,1,0,0,0,0,1,0,0,1,0,0,0,0,1,0
1768,1769,23,4,245.84,0,0,1,0,0,0,0,0,1,0,0,0,0,0,0,0,0
1769,1770,56,3,103.07,0,1,0,0,0,0,0,0,0,0,0,0,0,1,0,0,0
1770,1771,63,15,60.6,0,1,0,0,0,0,0,1,0,1,0,0,0,0,0,1,0
1771,1772,41,6,157.76,0,0,1,0,1,1,1,0,0,0,0,0,0,1,1,0,0
1772,1773,28,13,163.21,0,0,1,0,0,1,0,0,0,0,1,0,0,0,0,0,0
1773,1774,30,13,80.81,0,0,0,0,1,0,0,0,0,0,0,0,0,1,0,1,0
1774,1775,51,8,148.93,1,0,0,1,0,0,1,0,0,1,0,0,0,0,1,0,0
1775,1776,42,2,117.42,0,0,0,1,1,1,1,0,0,0,0,0,0,1,1,0,0
1776,1777,24,13,28.82,0,0,1,0,1,1,1,0,0,0,0,0,0,1,0,1,0
1777,1778,69,11,104.01,1,0,0,1,0,0,0,0,0,0,0,0,0,1,0,1,0
1778,1779,21,2,103.4,1,0,0,0,0,1,0,1,0,0,0,1,0,0,0,1,0
1779,1780,25,10,156.73,0,0,1,0,0,0,0,0,0,0,0,0,0,1,0,0,0
1780,1781,37,7,76.84,0,1,1,1,0,1,1,0,0,0,0,0,0,0,1,0,0
1781,1782,46,10,116.21,0,0,0,0,0,0,1,0,0,0,0,0,1,0,0,1,0
1782,1783,70,15,179.46,1,0,0,1,0,0,0,0,0,0,0,0,1,0,0,0,0
1783,1784,68,13,200.86,0,0,0,0,0,1,0,0,0,0,0,0,0,1,0,1,0
1784,1785,62,6,135.62,0,1,0,0,0,0,0,1,1,0,0,0,0,0,0,0,0
1785,1786,63,3,148.12,1,0,1,0,0,1,0,1,0,0,0,0,1,0,0,1,0
1786,1787,27,3,54.76,0,0,1,0,1,0,0,0,0,0,0,0,0,1,0,0,1
1787,1788,60,13,180.82,0,0,1,0,0,1,0,1,0,0,0,1,0,0,1,0,0
1788,1789,51,7,75.4,0,1,0,0,0,1,0,0,0,0,0,1,0,0,0,0,0
1789,1790,43,3,140.54,0,0,0,0,0,0,1,0,0,0,0,0,0,0,0,0,1
1790,1791,58,15,160.05,1,0,0,1,0,1,0,0,0,0,0,0,0,1,0,1,0
1791,1792,66,10,33.1,1,1,0,0,0,1,0,1,0,0,0,0,0,0,0,1,0
1792,1793,20,3,48.45,0,0,0,1,0,1,0,0,0,0,0,0,1,0,0,0,1
1793,1794,23,12,96.54,0,0,1,0,1,1,1,0,0,0,0,0,0,1,0,0,0
1794,1795,22,14,192.08,0,0,0,0,1,1,1,0,0,0,0,1,0,0,0,0,1
1795,1796,22,7,204.47,0,0,0,0,0,0,0,0,0,1,0,0,0,0,1,0,0
1796,1797,64,9,50.55,1,0,0,1,0,0,1,0,0,0,0,0,0,0,0,0,1
1797,1798,40,9,212.39,0,0,1,0,0,1,0,0,0,1,0,0,0,0,1,0,0
1798,1799,66,3,278.92,1,1,1,1,0,1,1,0,0,1,0,0,0,0,0,1,0
1799,1800,26,8,67.66,1,0,0,0,0,0,0,0,1,0,0,0,0,0,1,0,0
1800,1801,52,3,68.37,0,1,0,0,1,1,1,0,0,0,0,0,1,0,0,1,0
1801,1802,37,14,34.9,0,0,0,0,0,1,0,1,0,1,0,0,0,0,1,0,0
1802,1803,66,12,26.44,0,1,0,0,0,0,0,0,0,1,0,0,0,0,0,0,0
1803,1804,59,8,246.62,0,0,0,0,1,0,0,0,0,0,0,1,0,0,1,0,0
1804,1805,52,12,168.7,0,0,1,0,0,1,1,0,0,0,0,0,1,0,1,0,0
1805,1806,67,3,189.49,0,0,0,0,1,0,1,0,0,0,0,1,0,0,1,0,0
1806,1807,35,4,196.47,0,0,0,1,0,1,0,1,0,0,0,0,0,0,1,0,0
1807,1808,34,7,221.88,0,0,0,1,0,1,0,0,0,0,1,0,0,0,1,0,0
1808,1809,41,6,54.47,0,0,1,1,0,0,0,0,0,0,0,0,1,0,0,0,0
1809,1810,20,13,226.47,0,0,0,0,1,0,1,0,0,0,0,0,0,1,0,0,1
1810,1811,49,11,32.9,1,0,1,0,0,0,1,0,0,0,0,0,0,0,1,0,0
1811,1812,52,14,66.31,0,0,0,0,0,0,1,0,0,1,0,0,0,0,1,0,0
1812,1813,55,8,56.22,1,1,1,0,0,1,0,0,0,0,0,0,1,0,0,0,1
1813,1814,30,2,151.61,0,0,0,0,0,0,0,0,0,0,0,0,0,1,0,1,0
1814,1815,64,13,87.44,0,0,0,0,0,1,0,0,0,1,0,0,0,0,0,0,0
1815,1816,42,4,116.64,0,1,0,0,1,0,0,1,0,1,0,0,0,0,1,0,0
1816,1817,26,1,180.38,0,0,0,0,0,0,0,0,0,0,0,0,0,1,0,1,0
1817,1818,21,8,79.86,0,0,1,0,0,0,1,0,0,1,0,0,0,0,0,0,0
1818,1819,31,15,93.76,0,0,1,0,1,0,1,0,0,0,0,1,0,0,1,0,0
1819,1820,54,4,35.76,0,0,0,0,0,0,0,0,0,1,0,0,0,0,0,1,0
1820,1821,51,8,206.35,1,0,0,1,0,0,0,0,0,0,0,1,0,0,0,0,1
1821,1822,28,2,31.28,0,0,1,0,1,1,1,0,0,0,0,1,0,0,0,0,1
1822,1823,58,15,291.26,1,1,0,1,0,1,0,0,0,0,0,1,0,0,0,0,0
1823,1824,20,8,94.73,0,0,0,1,1,0,0,0,0,0,0,0,0,0,1,0,0
1824,1825,45,2,117.0,1,0,0,0,0,0,0,0,0,0,0,0,0,1,0,1,0
1825,1826,46,13,98.05,0,0,0,0,0,0,1,0,0,0,0,0,0,1,1,0,0
1826,1827,26,8,202.57,0,0,0,0,0,0,0,1,0,0,0,0,1,0,0,0,0
1827,1828,20,15,106.12,0,0,0,0,0,0,1,0,0,0,0,0,0,0,1,0,0
1828,1829,42,15,264.96,1,0,0,1,0,0,1,0,0,0,0,1,0,0,0,1,0
1829,1830,51,1,42.73,0,0,0,0,0,0,1,0,0,0,0,0,0,0,1,0,0
1830,1831,29,13,55.07,0,0,1,0,0,0,1,0,0,0,0,0,0,1,1,0,0
1831,1832,59,2,255.21,0,0,0,1,0,0,0,1,0,0,0,0,1,0,0,1,0
1832,1833,26,6,89.13,0,0,1,0,1,0,1,0,0,0,0,0,0,1,1,0,0
1833,1834,32,1,92.3,0,0,0,0,0,1,0,0,0,0,1,0,0,0,0,0,1
1834,1835,57,12,155.19,1,0,1,0,0,0,0,1,0,0,0,0,0,1,1,0,0
1835,1836,42,7,115.55,0,0,1,0,0,0,1,0,0,0,0,0,0,0,1,0,0
1836,1837,22,5,398.85,0,0,0,0,0,1,0,0,0,0,0,0,0,1,0,0,0
1837,1838,28,7,56.08,0,0,1,0,0,1,0,1,1,0,0,0,0,0,1,0,0
1838,1839,51,2,221.84,1,0,0,1,0,1,0,0,0,0,1,0,0,0,0,1,0
1839,1840,41,2,220.6,0,0,0,1,0,1,0,0,0,0,0,0,0,1,0,0,0
1840,1841,32,15,72.57,0,1,0,0,0,0,1,0,0,0,0,0,0,1,0,0,0
1841,1842,55,12,51.52,0,1,0,0,1,1,0,0,0,0,0,0,0,1,1,0,0
1842,1843,25,15,138.35,1,1,0,0,1,1,1,0,0,0,0,0,1,0,0,1,0
1843,1844,22,6,98.51,1,0,0,0,0,0,0,0,0,1,0,0,0,0,0,1,0
1844,1845,65,14,229.17,0,1,0,0,0,1,0,0,0,0,0,1,0,0,1,0,0
1845,1846,43,13,118.46,0,0,1,1,0,1,1,0,0,0,0,0,0,1,0,1,0
1846,1847,35,15,86.29,0,0,0,0,0,0,1,0,0,0,0,1,0,0,0,0,0
1847,1848,23,10,55.5,1,0,0,0,0,0,0,0,0,0,0,0,0,0,0,1,0
1848,1849,54,3,160.23,1,1,0,0,0,0,0,1,0,0,0,1,0,0,0,0,0
1849,1850,65,14,21.79,0,0,0,0,0,0,1,0,0,0,0,0,1,0,0,0,1
1850,1851,30,13,49.08,1,0,1,0,1,0,0,0,0,0,0,0,0,1,1,0,0
1851,1852,45,8,99.71,0,1,0,1,0,1,0,0,0,0,0,0,0,0,0,1,0
1852,1853,22,5,81.2,0,0,1,0,0,1,1,0,0,0,0,1,0,0,0,0,0
1853,1854,30,11,180.73,0,0,1,0,1,0,1,0,0,0,0,0,0,0,0,0,1
1854,1855,34,4,145.03,0,0,0,1,1,1,0,0,0,0,0,0,0,1,0,0,1
1855,1856,67,14,51.91,0,0,0,0,0,0,0,0,0,0,0,0,1,0,0,1,0
1856,1857,57,15,69.66,0,0,0,0,0,0,1,0,0,0,1,0,0,0,1,0,0
1857,1858,62,7,41.56,1,0,0,1,0,1,0,0,0,0,1,0,0,0,0,0,0
1858,1859,49,3,104.26,0,1,0,0,0,1,1,0,0,0,0,0,1,0,0,0,0
1859,1860,46,1,367.16,0,0,0,0,0,1,0,1,0,1,0,0,0,0,0,1,0
1860,1861,68,9,294.74,0,0,0,0,0,1,0,0,0,1,0,0,0,0,0,0,1
1861,1862,20,15,170.99,0,0,0,0,1,1,0,1,0,0,0,0,0,1,1,0,0
1862,1863,57,12,188.45,0,0,0,0,0,1,0,1,0,1,0,0,0,0,0,1,0
1863,1864,51,6,111.98,1,1,0,0,0,0,0,1,0,0,0,0,0,1,1,0,0
1864,1865,57,5,216.05,0,0,0,0,0,1,0,1,0,0,0,0,0,1,0,0,0
1865,1866,44,4,76.46,0,0,0,0,1,1,1,0,1,0,0,0,0,0,0,1,0
1866,1867,30,2,173.73,0,0,1,0,0,1,1,0,0,0,1,0,0,0,0,0,0
1867,1868,62,7,152.18,0,0,0,0,0,0,1,0,0,0,1,0,0,0,1,0,0
1868,1869,50,7,161.67,0,0,0,1,0,1,1,0,0,0,0,0,0,1,0,1,0
1869,1870,23,12,175.26,0,0,1,1,0,1,0,1,1,0,0,0,0,0,0,0,0
1870,1871,41,14,125.84,1,0,0,1,0,0,0,0,0,0,0,0,0,1,0,0,0
1871,1872,36,13,174.98,0,0,0,0,0,1,0,0,0,0,0,0,0,0,1,0,0
1872,1873,33,8,149.79,0,0,0,0,0,0,0,0,0,0,0,1,0,0,0,1,0
1873,1874,57,5,63.7,1,0,0,0,0,0,1,0,0,0,0,0,0,0,0,1,0
1874,1875,45,3,182.11,0,0,0,0,0,1,1,0,0,0,1,0,0,0,0,0,0
1875,1876,50,13,60.64,0,0,1,0,1,0,1,0,0,1,0,0,0,0,0,0,0
1876,1877,65,5,75.71,0,0,0,0,0,0,0,0,0,0,0,0,0,0,1,0,0
1877,1878,58,11,105.25,0,0,0,0,0,1,1,0,0,0,0,0,0,1,0,0,1
1878,1879,30,4,365.69,0,0,0,0,0,1,0,0,1,0,0,0,0,0,0,1,0
1879,1880,60,14,184.09,0,0,0,0,0,0,1,0,0,1,0,0,0,0,1,0,0
1880,1881,62,8,62.23,0,0,0,1,0,1,0,0,0,0,0,1,0,0,0,1,0
1881,1882,42,6,236.82,0,1,0,1,0,1,0,1,0,0,0,1,0,0,0,1,0
1882,1883,70,9,40.5,0,0,0,0,0,1,1,0,0,0,0,1,0,0,0,0,0
1883,1884,59,15,160.45,0,0,0,0,0,1,1,0,0,0,0,0,0,0,1,0,0
1884,1885,53,7,64.57,1,0,0,0,1,1,1,0,0,0,0,0,0,1,1,0,0
1885,1886,44,2,272.54,0,0,0,1,0,0,1,0,0,0,0,1,0,0,1,0,0
1886,1887,55,9,130.45,0,0,0,1,0,0,0,0,0,0,1,0,0,0,0,1,0
1887,1888,24,13,156.9,0,0,0,0,0,1,1,0,0,0,0,0,1,0,1,0,0
1888,1889,22,13,163.12,0,0,0,0,1,1,0,1,0,0,0,0,0,1,1,0,0
1889,1890,60,6,94.8,0,0,0,0,0,0,1,0,0,0,0,0,0,1,0,0,0
1890,1891,62,12,124.43,1,1,0,1,0,1,1,0,0,0,0,0,0,0,0,0,1
1891,1892,68,11,146.79,0,0,0,0,0,1,0,1,0,0,0,0,1,0,0,1,0
1892,1893,48,7,183.21,0,0,1,0,0,0,1,0,0,1,0,0,0,0,1,0,0
1893,1894,40,12,58.48,0,0,0,1,0,0,1,0,0,0,0,1,0,0,0,0,0
1894,1895,59,2,88.33,0,0,0,0,0,0,1,0,0,0,1,0,0,0,1,0,0
1895,1896,27,9,27.85,0,0,0,0,1,1,0,1,0,0,0,0,0,0,1,0,0
1896,1897,49,1,309.79,0,0,0,0,0,0,0,1,0,0,0,0,0,1,0,0,0
1897,1898,60,6,76.33,0,0,0,0,1,0,0,1,1,0,0,0,0,0,0,0,1
1898,1899,70,15,306.7,1,0,0,0,0,1,1,0,0,0,0,0,0,0,0,1,0
1899,1900,47,8,25.94,1,0,1,0,0,1,0,0,0,1,0,0,0,0,0,1,0
1900,1901,56,2,30.74,1,0,0,0,1,0,0,0,0,1,0,0,0,0,0,0,1
1901,1902,48,3,37.42,1,0,0,0,0,0,0,0,0,1,0,0,0,0,0,1,0
1902,1903,35,10,175.5,0,0,0,0,1,1,0,1,0,0,0,1,0,0,0,0,0
1903,1904,53,15,95.82,0,0,0,0,0,1,0,1,0,1,0,0,0,0,1,0,0
1904,1905,19,10,374.21,0,0,1,0,1,1,1,0,0,1,0,0,0,0,1,0,0
1905,1906,31,7,139.87,0,0,1,0,1,1,1,0,0,0,0,1,0,0,0,0,1
1906,1907,30,13,80.75,0,0,0,0,1,0,0,0,0,0,0,0,0,1,1,0,0
1907,1908,46,14,182.92,0,0,0,1,0,0,1,0,0,0,0,0,0,1,1,0,0
1908,1909,29,12,234.72,1,0,0,0,0,0,1,0,0,0,0,1,0,0,0,0,1
1909,1910,56,12,240.43,1,0,0,0,0,0,1,0,1,0,0,0,0,0,0,0,0
1910,1911,19,1,266.22,0,1,0,0,0,1,0,0,0,0,0,0,0,1,0,0,0
1911,1912,49,5,154.47,0,1,1,0,0,0,1,0,0,0,0,0,0,1,1,0,0
1912,1913,30,11,80.76,1,0,0,1,0,0,0,0,0,0,0,1,0,0,0,1,0
1913,1914,63,6,97.22,0,0,0,0,0,1,0,1,0,0,0,1,0,0,0,1,0
1914,1915,44,10,71.74,0,0,1,0,0,0,0,0,0,1,0,0,0,0,1,0,0
1915,1916,66,7,113.13,0,0,0,0,0,0,0,1,0,0,0,0,0,1,0,0,1
1916,1917,58,13,205.72,0,0,0,0,0,0,0,0,0,0,0,0,0,1,0,0,0
1917,1918,34,10,131.82,1,0,0,1,0,1,0,0,0,0,0,0,1,0,0,1,0
1918,1919,57,12,286.18,1,0,0,0,0,1,1,0,0,0,0,0,0,0,0,0,0
1919,1920,48,15,247.69,0,0,0,0,0,0,1,0,1,0,0,0,0,0,0,0,0
1920,1921,51,8,225.81,0,1,1,1,0,1,1,0,0,0,0,0,0,0,0,0,0
1921,1922,41,3,51.92,0,0,0,0,1,1,0,0,0,0,0,1,0,0,1,0,0
1922,1923,62,14,219.99,1,0,0,0,0,1,0,0,0,0,1,0,0,0,0,1,0
1923,1924,52,9,84.23,1,0,0,0,1,1,1,0,0,0,0,0,0,1,0,0,0
1924,1925,65,1,174.73,0,0,0,0,0,1,0,0,0,0,0,0,0,0,1,0,0
1925,1926,23,11,124.99,0,0,1,0,0,1,0,0,0,0,0,0,0,1,1,0,0
1926,1927,36,5,56.74,0,0,0,0,0,0,1,0,0,1,0,0,0,0,0,1,0
1927,1928,47,15,63.02,0,0,0,0,1,0,0,0,0,0,0,0,0,1,0,0,0
1928,1929,24,7,134.09,1,0,0,0,0,0,0,0,0,0,0,0,0,1,0,1,0
1929,1930,27,7,94.84,0,1,0,0,0,1,0,0,0,0,1,0,0,0,0,0,1
1930,1931,58,4,60.75,1,0,0,1,0,1,0,1,0,0,0,1,0,0,0,1,0
1931,1932,49,1,236.77,1,0,0,1,1,1,0,0,1,0,0,0,0,0,0,0,1
1932,1933,51,15,50.36,0,0,1,0,0,0,0,1,0,1,0,0,0,0,1,0,0
1933,1934,45,14,30.17,0,0,1,0,1,1,0,0,0,0,0,1,0,0,0,0,0
1934,1935,32,15,212.36,0,1,1,1,0,1,1,0,0,0,0,0,0,1,0,0,0
1935,1936,47,8,67.32,1,0,1,0,0,1,0,0,0,0,0,0,0,0,1,0,0
1936,1937,54,4,38.94,1,0,1,1,1,1,1,0,0,0,0,0,0,0,0,1,0
1937,1938,46,2,163.17,0,0,0,0,0,1,1,0,0,0,0,0,0,1,0,1,0
1938,1939,39,5,105.89,0,0,0,0,0,1,1,0,0,0,0,0,1,0,0,1,0
1939,1940,21,10,212.24,0,0,1,0,1,1,1,0,0,0,0,0,0,1,1,0,0
1940,1941,37,9,302.62,0,0,0,0,1,1,1,0,0,0,0,0,0,0,0,0,0
1941,1942,49,5,24.01,0,1,1,0,0,0,0,0,0,0,0,0,0,0,0,0,1
1942,1943,53,15,94.84,0,1,0,1,0,0,1,0,0,0,1,0,0,0,0,1,0
1943,1944,67,3,37.07,0,0,1,1,0,1,1,0,0,0,0,0,0,1,1,0,0
1944,1945,21,7,191.01,0,1,0,1,0,0,0,1,0,0,0,0,0,0,0,1,0
1945,1946,44,3,72.9,0,0,1,1,0,1,0,0,0,0,0,0,0,0,0,0,0
1946,1947,34,6,40.26,0,0,1,0,0,0,0,1,0,0,0,0,0,1,0,1,0
1947,1948,29,10,86.52,0,0,0,0,0,1,1,0,0,0,0,1,0,0,0,0,1
1948,1949,39,13,249.12,0,1,0,0,0,0,1,0,0,0,0,0,0,1,0,1,0
1949,1950,34,5,55.61,0,0,1,0,0,0,0,0,0,0,0,0,0,1,1,0,0
1950,1951,27,11,90.97,1,0,0,0,0,1,1,0,0,0,0,0,0,1,0,1,0
1951,1952,18,6,47.13,0,0,0,0,1,0,1,0,0,0,0,0,1,0,1,0,0
1952,1953,39,9,227.13,0,0,1,0,1,0,1,0,0,0,0,0,0,1,0,0,0
1953,1954,43,1,42.45,0,0,0,0,0,0,0,1,0,0,0,0,0,0,0,1,0
1954,1955,35,5,259.85,0,0,0,0,0,1,1,0,0,0,0,0,0,1,1,0,0
1955,1956,67,15,155.65,0,0,0,0,0,0,1,0,0,0,0,0,0,1,0,1,0
1956,1957,31,11,361.77,0,1,0,0,0,1,0,1,0,0,0,0,0,1,0,0,0
1957,1958,64,14,40.6,1,0,0,1,0,1,1,0,0,0,0,0,0,0,0,1,0
1958,1959,46,2,147.61,0,0,1,1,0,1,1,0,0,0,0,0,0,1,1,0,0
1959,1960,29,12,21.4,1,1,1,0,0,1,0,0,0,0,0,0,0,1,0,0,0
1960,1961,53,13,23.22,1,1,0,1,0,1,0,0,0,0,0,0,1,0,0,1,0
1961,1962,52,11,165.87,0,0,1,0,1,0,1,0,0,0,0,0,0,0,1,0,0
1962,1963,69,8,45.65,0,0,0,0,0,1,0,1,0,0,0,0,0,1,0,1,0
1963,1964,29,8,81.53,0,0,1,0,1,0,0,0,0,0,0,0,0,0,0,0,0
1964,1965,24,14,219.83,0,0,0,0,0,1,0,0,0,0,0,0,0,1,1,0,0
1965,1966,46,15,201.03,0,0,0,0,0,0,1,0,0,0,0,1,0,0,0,0,1
1966,1967,28,7,117.48,0,1,0,1,1,1,0,0,0,1,0,0,0,0,0,1,0
1967,1968,50,10,147.93,0,0,1,1,0,0,1,0,0,0,0,0,0,1,1,0,0
1968,1969,23,15,378.78,0,0,0,0,0,0,1,0,0,0,0,0,0,1,0,0,0
1969,1970,64,11,135.44,1,0,0,0,0,1,0,0,0,1,0,0,0,0,0,0,0
1970,1971,32,11,188.96,0,0,0,0,1,1,0,1,0,0,0,0,1,0,0,0,0
1971,1972,49,13,139.64,0,0,1,1,0,0,1,0,0,0,0,0,0,1,0,1,0
1972,1973,68,4,49.13,0,0,1,0,0,1,1,0,0,0,0,0,0,1,0,0,0
1973,1974,28,7,53.41,0,0,0,1,0,1,0,0,0,0,0,0,0,0,1,0,0
1974,1975,40,8,85.32,0,0,1,0,0,1,1,0,0,0,0,0,0,0,0,0,0
1975,1976,43,5,149.6,0,0,0,1,0,1,0,1,0,0,0,0,0,1,0,1,0
1976,1977,51,15,358.6,1,0,0,0,0,0,0,0,0,0,0,0,0,1,0,1,0
1977,1978,63,9,194.93,0,1,1,0,0,0,0,0,0,0,0,0,0,1,0,0,0
1978,1979,51,4,48.34,0,0,0,0,0,1,0,0,0,0,0,0,0,1,0,0,0
1979,1980,46,3,198.37,1,0,0,0,0,1,0,0,0,1,0,0,0,0,0,1,0
1980,1981,21,13,161.53,1,0,1,0,1,0,0,0,0,0,0,0,0,1,0,0,0
1981,1982,34,11,77.04,1,0,0,0,0,0,0,0,0,0,0,1,0,0,1,0,0
1982,1983,52,3,101.05,0,0,0,0,0,1,0,1,0,0,1,0,0,0,0,1,0
1983,1984,30,3,22.91,0,0,1,0,1,0,1,0,0,0,0,1,0,0,1,0,0
1984,1985,58,1,295.96,1,0,0,0,0,0,0,0,0,1,0,0,0,0,0,0,1
1985,1986,56,3,88.71,1,0,0,0,0,0,1,0,0,0,0,1,0,0,0,1,0
1986,1987,32,8,79.98,0,0,1,0,0,0,0,0,0,0,0,0,0,0,0,1,0
1987,1988,46,13,231.93,0,0,1,0,1,0,1,0,0,0,0,0,1,0,0,0,0
1988,1989,46,6,60.95,1,1,1,0,0,1,0,0,0,0,0,1,0,0,0,1,0
1989,1990,28,2,139.55,0,0,0,1,0,0,0,0,0,0,0,1,0,0,1,0,0
1990,1991,69,8,136.84,1,0,0,1,0,0,0,1,0,0,0,0,0,1,0,0,0
1991,1992,49,13,92.18,0,1,0,0,0,0,0,0,0,1,0,0,0,0,0,0,0
1992,1993,19,7,59.98,0,0,0,0,0,0,1,0,0,1,0,0,0,0,0,1,0
1993,1994,64,14,154.44,0,0,0,0,1,0,1,0,0,0,0,0,0,1,0,1,0
1994,1995,31,4,84.3,1,0,1,0,0,0,0,0,0,1,0,0,0,0,0,1,0
1995,1996,37,15,174.35,0,0,0,0,0,1,1,0,0,0,0,0,0,0,0,0,0
1996,1997,39,3,134.33,0,0,1,0,0,0,1,0,0,0,0,1,0,0,0,1,0
1997,1998,28,12,72.75,1,0,1,0,0,0,0,0,0,0,1,0,0,0,1,0,0
1998,1999,44,13,248.16,0,0,0,0,0,0,0,0,0,0,0,0,0,1,0,1,0
1999,2000,20,1,22.89,0,0,0,0,1,1,0,0,0,0,0,0,0,1,1,0,0
2000,2001,34,4,105.07,1,1,1,1,0,1,0,1,1,0,0,0,0,0,0,0,0
2001,2002,61,12,31.16,0,0,0,0,1,0,1,0,0,0,1,0,0,0,0,1,0
2002,2003,45,15,242.72,1,0,1,1,0,1,0,0,0,0,0,0,0,0,0,1,0
2003,2004,46,13,158.3,0,0,1,1,0,0,0,1,0,0,0,0,0,1,1,0,0
2004,2005,38,9,144.58,0,0,0,0,0,1,0,0,0,0,0,0,0,0,0,0,0
2005,2006,64,10,91.86,0,0,0,0,0,0,0,0,0,0,0,0,0,1,0,1,0
2006,2007,33,10,124.18,1,1,1,0,0,1,0,0,1,0,0,0,0,0,0,1,0
2007,2008,54,7,90.31,1,0,1,0,0,1,1,0,0,0,0,1,0,0,0,0,1
2008,2009,37,1,210.86,0,0,1,0,0,0,0,0,0,0,0,0,0,1,1,0,0
2009,2010,23,14,100.23,0,0,1,0,1,1,1,0,1,0,0,0,0,0,0,0,0
2010,2011,36,8,40.62,0,0,0,1,0,1,0,1,0,0,0,1,0,0,0,0,0
2011,2012,22,12,20.0,0,0,0,0,1,0,0,0,0,0,1,0,0,0,0,0,0
2012,2013,20,9,412.1,0,0,0,0,0,0,0,0,0,0,1,0,0,0,0,1,0
2013,2014,18,2,124.66,0,0,0,0,0,0,0,0,0,0,0,0,0,1,1,0,0
2014,2015,55,8,236.57,0,0,0,0,1,1,1,0,0,0,0,0,0,1,1,0,0
2015,2016,32,15,169.13,0,0,1,1,0,1,0,1,0,0,0,0,0,0,0,0,0
2016,2017,51,7,203.65,1,0,0,0,0,0,0,0,0,0,1,0,0,0,1,0,0
2017,2018,52,11,146.24,1,0,0,0,0,1,0,0,0,0,1,0,0,0,0,0,0
2018,2019,66,13,178.29,0,1,0,0,0,1,0,0,0,0,0,0,0,0,0,1,0
2019,2020,42,1,83.33,0,0,0,0,0,1,0,0,0,0,0,0,0,1,0,1,0
2020,2021,41,14,297.52,0,0,0,1,0,1,1,0,0,0,0,0,0,1,0,0,0
2021,2022,29,11,139.77,1,0,0,0,0,1,0,0,0,0,0,0,1,0,0,1,0
2022,2023,35,5,164.23,0,0,0,0,0,0,0,0,0,0,0,1,0,0,0,0,0
2023,2024,32,13,114.76,0,0,0,0,0,0,1,0,0,0,0,0,0,0,0,1,0
2024,2025,61,11,66.88,1,0,1,1,0,1,0,0,0,0,0,0,0,0,0,1,0
2025,2026,33,5,66.04,0,1,0,0,0,0,1,0,0,0,0,1,0,0,0,0,1
2026,2027,44,3,237.31,1,0,0,0,0,1,0,0,1,0,0,0,0,0,0,0,1
2027,2028,25,2,21.89,0,1,1,0,0,0,0,1,0,1,0,0,0,0,0,0,0
2028,2029,63,14,160.96,1,1,0,0,1,0,0,0,0,0,0,0,0,1,1,0,0
2029,2030,42,1,95.93,0,1,0,1,0,1,0,1,0,0,0,1,0,0,1,0,0
2030,2031,34,15,106.5,0,1,1,1,0,1,0,0,1,0,0,0,0,0,1,0,0
2031,2032,46,8,195.1,0,0,0,1,0,0,1,0,0,1,0,0,0,0,0,1,0
2032,2033,70,7,87.21,0,0,0,1,0,1,0,0,0,0,0,0,0,1,0,0,0
2033,2034,25,3,112.39,0,0,1,0,0,1,1,0,0,0,0,0,0,1,0,0,0
2034,2035,32,2,79.55,0,0,0,0,0,1,0,0,0,0,0,0,0,1,0,0,0
2035,2036,44,15,221.79,0,0,1,0,1,0,1,0,0,0,0,0,0,1,0,1,0
2036,2037,63,6,264.74,0,0,0,0,0,1,1,0,0,0,0,1,0,0,1,0,0
2037,2038,67,5,154.41,0,1,0,0,0,1,1,0,0,0,0,0,0,1,0,1,0
2038,2039,69,15,56.7,0,0,0,1,0,0,1,0,0,0,0,1,0,0,0,1,0
2039,2040,24,3,202.69,0,1,0,0,0,1,0,0,0,0,0,0,0,1,0,0,0
2040,2041,20,3,52.37,0,0,0,0,0,1,0,0,0,0,0,0,0,1,0,1,0
2041,2042,46,15,83.62,0,0,0,0,0,1,1,0,0,0,0,0,0,0,1,0,0
2042,2043,61,1,164.22,1,0,0,1,0,1,0,0,0,0,0,0,0,0,1,0,0
2043,2044,70,3,24.17,1,0,0,0,0,0,0,0,0,0,0,0,0,1,1,0,0
2044,2045,41,9,130.0,1,1,0,1,0,0,0,0,0,0,0,0,1,0,0,0,0
2045,2046,20,2,199.82,0,0,0,0,0,1,0,0,0,0,0,0,0,1,0,0,0
2046,2047,37,2,88.21,0,0,0,0,0,1,1,0,0,1,0,0,0,0,1,0,0
2047,2048,63,11,123.88,0,0,0,0,0,1,1,0,0,0,0,0,0,0,0,0,0
2048,2049,32,5,70.61,0,0,1,0,0,1,0,1,1,0,0,0,0,0,0,0,0
2049,2050,42,8,144.99,0,0,0,0,0,0,0,0,0,1,0,0,0,0,0,0,0
2050,2051,47,11,500.0,0,1,1,0,0,0,0,1,0,1,0,0,0,0,0,0,1
2051,2052,31,5,122.59,0,0,0,1,0,0,1,0,0,0,0,0,0,0,0,0,1
2052,2053,24,8,180.31,0,0,0,0,0,0,0,1,0,1,0,0,0,0,0,1,0
2053,2054,34,14,111.85,0,0,1,1,0,1,1,0,0,0,0,1,0,0,0,1,0
2054,2055,61,7,259.77,0,0,1,0,0,0,1,0,0,0,0,0,0,1,1,0,0
2055,2056,37,6,210.92,0,0,1,1,0,1,0,0,0,0,0,0,1,0,0,1,0
2056,2057,53,6,269.24,1,1,0,0,0,0,0,0,0,0,0,0,0,1,0,1,0
2057,2058,26,6,41.05,0,0,1,0,0,1,0,0,0,0,1,0,0,0,0,1,0
2058,2059,55,2,133.34,1,0,0,1,0,1,0,1,0,1,0,0,0,0,0,0,0
2059,2060,65,10,68.89,1,1,0,0,0,0,0,1,1,0,0,0,0,0,0,0,0
2060,2061,39,11,353.51,0,1,1,0,0,0,1,0,0,1,0,0,0,0,0,0,0
2061,2062,70,9,208.58,0,1,0,0,0,0,0,1,0,0,0,0,0,1,0,0,1
2062,2063,70,7,127.78,0,1,1,1,0,1,0,1,0,0,0,0,0,1,0,0,0
2063,2064,19,3,206.3,0,0,0,0,0,0,1,0,1,0,0,0,0,0,0,1,0
2064,2065,41,4,77.79,0,0,1,0,0,1,1,0,0,1,0,0,0,0,0,0,0
2065,2066,25,5,106.26,0,0,0,0,0,1,1,0,0,1,0,0,0,0,0,1,0
2066,2067,28,9,174.66,0,0,0,1,0,1,1,0,0,0,0,0,0,1,0,0,1
2067,2068,30,9,176.42,0,0,0,0,1,0,0,0,0,0,1,0,0,0,0,1,0
2068,2069,34,11,196.95,0,0,0,0,0,1,1,0,0,0,0,0,0,1,0,0,1
2069,2070,25,3,68.51,0,0,1,0,0,0,1,0,0,0,0,0,0,1,0,0,0
2070,2071,38,15,277.21,1,1,0,0,1,0,1,0,0,0,1,0,0,0,1,0,0
2071,2072,35,6,53.74,0,0,0,0,0,1,0,1,1,0,0,0,0,0,1,0,0
2072,2073,47,8,155.86,0,0,0,0,0,1,0,0,0,0,0,0,0,1,0,0,1
2073,2074,35,3,56.05,1,0,1,0,0,0,0,0,1,0,0,0,0,0,1,0,0
2074,2075,63,11,73.62,0,0,0,0,0,0,1,0,0,0,0,0,0,1,1,0,0
2075,2076,64,9,184.72,0,0,1,0,0,0,1,0,0,0,0,0,0,1,1,0,0
2076,2077,48,4,85.46,1,0,0,0,1,1,0,0,0,0,0,0,1,0,1,0,0
2077,2078,55,7,168.45,0,1,0,0,0,0,1,0,0,0,0,0,1,0,0,0,1
2078,2079,49,14,254.68,1,0,1,0,0,1,1,0,0,0,0,0,0,1,0,1,0
2079,2080,28,12,110.84,1,0,1,0,0,1,0,1,0,0,0,0,0,1,0,1,0
2080,2081,62,9,212.49,0,0,0,0,0,1,1,0,0,0,0,0,0,1,0,1,0
2081,2082,42,14,163.8,1,0,1,0,0,0,0,0,0,0,0,0,1,0,0,0,0
2082,2083,50,12,157.77,0,1,0,0,0,1,1,0,0,0,1,0,0,0,1,0,0
2083,2084,55,11,38.86,1,0,0,1,0,1,0,1,0,0,0,0,0,1,0,1,0
2084,2085,58,6,37.32,0,0,0,0,0,1,1,0,0,0,0,0,1,0,0,0,0
2085,2086,25,5,184.58,0,0,1,0,1,0,1,0,0,0,0,0,0,1,1,0,0
2086,2087,28,4,52.57,0,1,1,0,0,0,0,0,0,0,0,1,0,0,1,0,0
2087,2088,39,5,299.01,0,0,0,0,0,0,0,1,0,0,0,0,0,1,1,0,0
2088,2089,68,3,85.61,0,0,0,1,0,1,1,0,0,0,0,1,0,0,0,1,0
2089,2090,41,9,150.96,0,0,0,0,0,1,1,0,0,0,0,0,0,1,0,0,1
2090,2091,58,12,81.53,1,1,0,0,0,1,0,0,1,0,0,0,0,0,0,1,0
2091,2092,34,2,58.11,1,0,1,0,0,0,0,1,0,0,0,0,0,1,1,0,0
2092,2093,29,12,75.15,0,0,1,0,0,0,1,0,0,1,0,0,0,0,0,1,0
2093,2094,63,7,376.7,1,0,0,1,0,0,0,1,0,0,0,0,1,0,0,1,0
2094,2095,49,4,368.69,0,0,0,0,0,0,0,0,0,1,0,0,0,0,0,0,1
2095,2096,32,8,51.29,1,0,1,0,0,0,0,0,0,0,0,0,0,1,1,0,0
2096,2097,33,7,312.55,0,0,1,0,0,1,0,0,0,0,0,0,0,0,0,0,0
2097,2098,39,9,119.61,0,0,1,0,0,1,1,0,0,0,0,0,1,0,1,0,0
2098,2099,45,4,95.53,0,0,0,0,0,1,1,0,0,1,0,0,0,0,0,0,0
2099,2100,37,12,52.63,0,0,0,0,0,0,1,0,0,0,0,0,0,1,0,1,0
2100,2101,50,2,492.25,0,0,1,0,1,0,1,0,0,1,0,0,0,0,1,0,0
2101,2102,27,8,87.5,0,0,0,0,0,0,1,0,0,0,1,0,0,0,1,0,0
2102,2103,57,12,106.66,0,1,0,0,0,1,0,0,0,0,0,0,0,1,0,0,1
2103,2104,49,9,88.08,1,0,0,0,0,0,0,0,0,1,0,0,0,0,0,0,0
2104,2105,67,6,147.14,0,1,1,0,0,1,0,1,0,0,0,1,0,0,1,0,0
2105,2106,50,7,76.62,0,1,1,0,0,0,1,0,0,0,0,0,0,1,0,0,0
2106,2107,19,6,272.68,0,0,1,0,1,1,1,0,0,1,0,0,0,0,0,0,0
2107,2108,50,2,241.8,0,0,1,0,0,1,1,0,0,0,1,0,0,0,0,0,0
2108,2109,50,14,167.35,0,1,0,1,1,0,1,0,0,0,0,0,0,1,0,0,1
2109,2110,58,9,154.03,1,1,0,0,0,1,0,0,0,0,0,0,1,0,0,1,0
2110,2111,30,6,125.59,0,1,1,0,0,0,1,0,0,0,0,0,1,0,0,1,0
2111,2112,47,12,99.64,0,1,0,0,0,1,0,1,0,0,0,0,0,1,1,0,0
2112,2113,50,15,68.73,0,0,0,1,0,0,1,0,0,0,0,0,0,1,0,1,0
2113,2114,30,3,191.39,0,0,1,0,0,0,0,0,1,0,0,0,0,0,0,0,1
2114,2115,69,4,204.27,1,0,1,1,0,1,1,0,0,0,0,0,1,0,0,1,0
2115,2116,43,4,350.81,0,1,0,0,0,1,0,0,0,0,0,0,0,1,1,0,0
2116,2117,39,13,133.76,0,0,1,0,0,0,0,0,0,0,0,0,0,1,0,0,0
2117,2118,56,12,93.04,0,1,0,0,0,1,0,1,0,0,0,1,0,0,0,1,0
2118,2119,19,9,147.1,0,0,0,0,0,0,0,0,0,1,0,0,0,0,1,0,0
2119,2120,55,11,108.72,0,0,0,0,0,0,0,1,0,0,0,0,0,0,1,0,0
2120,2121,56,7,139.57,1,0,0,0,0,1,1,0,0,0,1,0,0,0,0,1,0
2121,2122,43,4,52.91,1,0,0,0,0,0,1,0,0,1,0,0,0,0,0,1,0
2122,2123,63,6,136.01,1,1,1,0,0,0,1,0,1,0,0,0,0,0,0,0,0
2123,2124,67,12,36.82,0,0,0,0,0,1,0,0,0,0,0,1,0,0,0,0,0
2124,2125,32,15,304.01,1,1,0,1,1,0,1,0,0,0,0,0,0,1,0,0,0
2125,2126,51,7,89.82,0,0,0,1,0,1,0,1,0,0,0,1,0,0,0,0,0
2126,2127,59,8,172.63,0,0,0,0,0,0,1,0,0,0,0,0,0,0,0,0,0
2127,2128,61,6,197.75,0,0,1,1,0,0,1,0,0,0,0,0,0,1,0,0,0
2128,2129,66,8,66.64,0,0,0,0,0,0,0,1,0,0,0,0,0,1,0,0,0
2129,2130,57,8,34.84,1,0,1,0,0,1,0,0,0,0,0,0,0,0,0,1,0
2130,2131,28,14,326.1,0,0,0,0,0,1,0,0,0,0,0,1,0,0,1,0,0
2131,2132,20,4,82.52,0,0,0,0,0,0,0,0,0,0,1,0,0,0,1,0,0
2132,2133,23,9,127.37,0,1,0,1,0,0,1,0,1,0,0,0,0,0,0,1,0
2133,2134,26,13,80.1,0,0,0,0,0,1,1,0,0,0,0,0,0,1,0,1,0
2134,2135,23,14,85.66,0,1,1,0,0,0,1,0,0,0,0,0,1,0,0,1,0
2135,2136,26,9,93.15,0,1,1,1,0,1,0,1,0,0,0,0,0,1,1,0,0
2136,2137,56,12,183.73,0,0,1,0,0,0,1,0,0,0,0,0,0,1,0,0,0
2137,2138,48,4,100.73,1,0,0,0,0,1,0,0,0,0,0,0,0,1,0,0,0
2138,2139,49,9,32.04,0,0,0,0,1,0,0,0,0,0,0,1,0,0,0,0,1
2139,2140,58,12,214.54,0,1,0,0,0,1,0,1,0,0,0,0,0,1,0,0,0
2140,2141,67,4,92.59,0,0,0,0,0,1,0,0,0,1,0,0,0,0,1,0,0
2141,2142,29,2,108.19,0,0,1,1,0,0,1,0,0,0,0,0,0,1,0,1,0
2142,2143,25,4,449.5,1,0,1,0,0,0,0,0,0,1,0,0,0,0,0,0,0
2143,2144,25,2,123.76,0,0,1,0,0,1,0,0,0,0,1,0,0,0,0,1,0
2144,2145,67,7,128.68,0,1,1,0,0,1,1,0,0,0,1,0,0,0,0,0,0
2145,2146,45,13,280.72,0,0,0,1,0,0,0,0,0,0,0,1,0,0,0,0,0
2146,2147,37,15,67.13,0,0,0,0,0,0,0,1,0,0,0,0,0,0,1,0,0
2147,2148,64,15,394.35,0,0,0,0,1,1,1,0,0,0,0,1,0,0,1,0,0
2148,2149,24,9,31.21,0,0,0,1,0,0,1,0,0,0,0,0,1,0,0,1,0
2149,2150,28,7,212.6,0,0,1,0,0,1,1,0,0,0,0,1,0,0,1,0,0
2150,2151,37,9,211.73,0,0,0,1,1,0,1,0,0,0,0,0,0,1,0,1,0
2151,2152,33,6,96.54,1,0,0,0,1,1,0,1,0,1,0,0,0,0,0,0,0
2152,2153,21,11,74.35,0,0,0,0,0,1,0,0,0,1,0,0,0,0,1,0,0
2153,2154,23,7,114.68,1,0,1,0,1,1,0,0,0,1,0,0,0,0,1,0,0
2154,2155,39,12,56.07,1,0,0,0,0,0,0,0,0,1,0,0,0,0,0,0,0
2155,2156,43,5,62.22,0,0,0,1,0,1,0,1,0,0,0,0,1,0,0,1,0
2156,2157,20,8,63.18,1,0,0,0,1,0,0,1,0,0,0,1,0,0,0,0,0
2157,2158,58,2,76.89,1,0,0,0,0,1,0,0,0,0,0,0,0,1,0,1,0
2158,2159,59,3,93.57,1,0,1,0,1,1,1,0,0,0,0,0,0,1,0,0,1
2159,2160,31,11,218.31,0,1,0,0,0,0,0,0,0,0,0,1,0,0,0,0,0
2160,2161,28,8,94.65,1,1,1,0,0,1,0,0,0,0,0,0,0,1,0,0,1
2161,2162,35,8,258.15,0,1,0,0,0,0,1,0,0,0,0,0,0,1,0,0,1
2162,2163,29,2,139.34,0,0,0,0,0,1,0,0,0,0,0,0,1,0,0,0,0
2163,2164,40,6,116.47,1,0,1,0,0,1,1,0,0,0,0,0,0,0,0,1,0
2164,2165,29,13,28.98,0,0,1,0,1,1,1,0,1,0,0,0,0,0,1,0,0
2165,2166,30,11,129.77,0,0,0,1,0,0,1,0,0,0,0,0,1,0,0,1,0
2166,2167,42,9,66.5,1,1,0,1,1,0,1,0,1,0,0,0,0,0,0,0,0
2167,2168,62,6,105.13,1,0,0,1,0,1,1,0,0,0,0,0,0,1,0,1,0
2168,2169,68,11,200.86,0,0,0,1,0,0,1,0,0,0,0,0,0,1,0,0,0
2169,2170,36,6,84.82,0,0,0,0,0,0,0,0,0,0,0,0,0,1,0,1,0
2170,2171,63,14,170.55,0,0,0,0,1,0,1,0,0,0,0,0,0,1,0,0,0
2171,2172,53,3,142.53,0,0,1,0,0,0,0,0,0,0,0,0,0,0,1,0,0
2172,2173,62,9,184.18,0,0,0,0,1,1,0,0,0,0,0,0,1,0,0,0,1
2173,2174,25,10,57.36,0,0,1,0,0,0,1,0,0,0,1,0,0,0,0,1,0
2174,2175,46,15,209.49,0,0,0,0,1,1,0,1,1,0,0,0,0,0,0,0,0
2175,2176,70,5,104.29,0,0,0,0,0,0,0,0,0,0,0,0,0,0,0,0,0
2176,2177,49,6,477.81,0,0,0,0,0,0,0,0,0,0,0,1,0,0,0,1,0
2177,2178,68,4,70.55,1,0,0,0,0,0,0,0,0,0,0,0,0,1,1,0,0
2178,2179,61,3,54.8,0,0,0,0,1,0,0,0,0,1,0,0,0,0,1,0,0
2179,2180,35,12,154.69,0,0,0,0,0,0,1,0,1,0,0,0,0,0,0,1,0
2180,2181,23,14,41.49,0,0,0,0,0,1,0,0,0,0,0,0,0,1,1,0,0
2181,2182,35,7,123.61,0,0,1,0,1,0,1,0,0,0,0,0,0,0,1,0,0
2182,2183,36,14,229.3,1,1,0,0,1,0,1,0,1,0,0,0,0,0,0,1,0
2183,2184,39,5,160.56,0,0,0,1,0,0,1,0,0,0,0,0,0,1,1,0,0
2184,2185,54,13,42.86,0,0,0,0,0,0,1,0,0,0,1,0,0,0,0,0,0
2185,2186,49,2,184.03,0,0,0,0,0,1,0,0,0,0,0,0,0,1,1,0,0
2186,2187,58,15,124.5,0,0,0,0,0,1,0,0,1,0,0,0,0,0,0,0,0
2187,2188,20,7,120.36,0,1,1,1,0,0,1,0,0,1,0,0,0,0,0,1,0
2188,2189,45,14,73.85,0,0,1,1,0,0,0,0,0,0,0,0,0,1,1,0,0
2189,2190,27,9,70.94,0,1,1,0,0,1,1,0,0,0,0,0,0,1,0,0,0
2190,2191,68,14,27.14,1,0,0,1,0,0,0,0,0,0,0,1,0,0,1,0,0
2191,2192,52,3,120.08,1,0,0,0,0,1,0,0,1,0,0,0,0,0,0,1,0
2192,2193,46,6,58.56,1,0,0,1,0,0,0,0,0,0,0,1,0,0,1,0,0
2193,2194,32,11,338.27,1,0,0,0,0,1,0,0,1,0,0,0,0,0,0,0,0
2194,2195,50,14,153.04,0,0,1,0,0,1,0,1,0,0,0,0,1,0,1,0,0
2195,2196,24,9,106.86,0,0,1,0,0,1,0,0,0,0,0,0,0,1,1,0,0
2196,2197,29,15,199.11,1,0,1,1,0,0,0,1,0,0,0,1,0,0,0,0,0
2197,2198,66,15,94.69,0,0,0,0,0,0,1,0,0,1,0,0,0,0,0,1,0
2198,2199,47,1,99.59,0,0,0,1,1,0,0,1,0,0,0,0,0,0,1,0,0
2199,2200,38,4,72.84,0,0,0,0,0,0,1,0,0,0,0,0,0,1,0,0,0
2200,2201,48,13,140.25,0,0,0,0,0,0,0,1,0,0,0,0,0,1,0,0,1
2201,2202,41,2,291.06,0,0,0,1,0,0,0,0,0,0,0,1,0,0,0,0,0
2202,2203,37,14,173.49,0,1,0,0,0,1,1,0,0,0,0,0,0,1,1,0,0
2203,2204,54,8,148.64,1,0,0,0,0,1,0,0,0,0,0,1,0,0,1,0,0
2204,2205,21,10,500.0,0,0,0,0,1,0,1,0,1,0,0,0,0,0,1,0,0
2205,2206,45,12,64.29,0,1,1,0,1,0,1,0,0,0,0,0,0,1,1,0,0
2206,2207,61,8,97.5,0,1,0,0,1,1,1,0,0,0,0,0,1,0,0,1,0
2207,2208,37,3,104.95,0,0,1,0,0,0,0,0,0,0,0,1,0,0,0,0,0
2208,2209,41,10,124.44,0,0,0,0,0,1,0,0,0,0,0,0,0,1,0,0,0
2209,2210,67,9,312.46,0,0,0,1,1,0,1,0,0,0,0,0,1,0,0,0,0
2210,2211,66,11,205.46,0,0,0,1,0,0,1,0,0,0,0,0,0,1,0,0,0
2211,2212,68,15,152.93,1,0,0,0,0,0,0,0,0,0,0,0,0,1,0,0,0
2212,2213,49,7,30.01,1,0,0,1,0,0,0,1,0,0,0,0,0,1,0,0,0
2213,2214,58,14,313.22,0,1,0,1,0,1,0,1,0,0,0,0,0,0,0,0,0
2214,2215,53,2,46.39,0,0,0,1,0,1,0,1,0,0,0,0,0,0,1,0,0
2215,2216,70,13,39.97,0,0,0,0,0,0,1,0,0,1,0,0,0,0,0,1,0
2216,2217,51,7,154.9,0,0,0,0,0,1,0,0,0,0,0,0,0,1,0,0,0
2217,2218,53,1,102.79,0,0,0,0,1,0,0,1,0,0,0,0,1,0,1,0,0
2218,2219,19,9,267.35,0,0,0,0,0,1,1,0,1,0,0,0,0,0,0,1,0
2219,2220,32,12,77.92,1,0,0,0,0,1,0,0,0,0,0,0,0,0,0,0,0
2220,2221,51,5,33.37,0,1,0,0,0,0,1,0,0,0,0,0,0,1,0,0,0
2221,2222,53,9,68.26,0,1,0,0,0,0,0,0,0,0,0,0,0,1,1,0,0
2222,2223,23,13,179.02,0,1,0,0,0,0,1,0,1,0,0,0,0,0,0,0,0
2223,2224,56,11,205.57,1,0,0,1,0,1,0,0,0,0,0,0,0,1,0,1,0
2224,2225,59,12,208.29,0,0,0,0,1,1,1,0,0,0,0,0,0,1,0,0,0
2225,2226,68,3,74.15,1,0,0,0,0,1,1,0,0,0,0,0,0,0,0,1,0
2226,2227,68,12,195.49,1,1,0,0,0,1,1,0,0,0,0,1,0,0,1,0,0
2227,2228,29,7,30.89,0,0,0,0,0,0,0,0,0,0,0,0,0,0,1,0,0
2228,2229,20,10,38.71,0,0,1,0,1,0,1,0,0,0,0,0,0,1,1,0,0
2229,2230,62,3,290.6,0,0,0,1,0,1,1,0,0,0,0,1,0,0,0,0,0
2230,2231,35,14,267.1,0,0,0,0,0,0,0,0,0,0,0,1,0,0,1,0,0
2231,2232,57,6,64.38,0,0,0,0,0,1,0,1,0,0,0,1,0,0,0,0,0
2232,2233,38,15,68.36,0,0,0,0,0,0,1,0,0,0,0,0,0,1,0,1,0
2233,2234,32,11,81.15,1,0,1,1,0,0,0,1,0,0,0,0,1,0,0,1,0
2234,2235,50,2,199.65,1,0,0,1,0,0,0,0,0,0,0,0,0,0,1,0,0
2235,2236,52,8,59.95,0,0,0,0,0,1,0,0,0,0,0,0,0,0,0,0,1
2236,2237,43,6,258.38,0,0,0,0,0,0,0,0,0,0,0,0,0,0,0,1,0
2237,2238,25,13,497.82,0,0,1,1,1,1,1,0,0,0,0,0,0,1,1,0,0
2238,2239,53,15,56.8,0,0,0,0,0,0,0,0,0,0,0,0,0,1,1,0,0
2239,2240,65,11,107.0,0,0,0,1,1,1,1,0,0,0,0,0,0,1,0,0,0
2240,2241,47,12,108.77,0,0,1,0,0,1,0,0,0,1,0,0,0,0,1,0,0
2241,2242,40,3,269.36,0,0,0,1,0,0,0,0,0,0,0,0,0,0,0,1,0
2242,2243,59,5,128.4,0,0,0,0,0,1,1,0,0,0,0,1,0,0,1,0,0
2243,2244,61,7,166.12,0,1,0,0,0,0,0,1,0,0,0,0,0,1,1,0,0
2244,2245,31,9,88.16,1,0,0,0,0,0,0,0,1,0,0,0,0,0,0,0,0
2245,2246,31,11,78.84,0,0,1,0,1,0,1,0,0,0,0,0,0,1,1,0,0
2246,2247,19,10,147.55,0,0,0,0,0,1,1,0,0,1,0,0,0,0,0,1,0
2247,2248,54,4,109.15,0,0,0,0,0,1,1,0,0,0,0,0,0,1,1,0,0
2248,2249,22,9,49.65,0,0,0,1,1,1,0,1,0,0,0,1,0,0,0,1,0
2249,2250,55,15,139.16,0,0,1,0,0,1,0,1,0,0,0,1,0,0,1,0,0
2250,2251,62,6,96.38,0,0,1,0,0,1,0,0,1,0,0,0,0,0,0,0,0
2251,2252,58,3,156.08,0,0,0,0,0,0,1,0,0,1,0,0,0,0,1,0,0
2252,2253,64,9,164.66,0,0,1,0,0,1,1,0,0,0,0,0,0,1,0,0,0
2253,2254,31,4,153.24,0,0,1,0,1,0,1,0,0,0,0,1,0,0,1,0,0
2254,2255,56,11,405.81,1,0,0,0,0,1,0,0,0,0,0,1,0,0,0,0,0
2255,2256,42,13,83.86,1,1,0,0,0,1,0,1,0,0,1,0,0,0,0,1,0
2256,2257,37,15,126.48,0,0,0,1,0,1,1,0,0,0,0,0,0,1,0,0,0
2257,2258,19,8,186.48,0,0,0,0,0,1,0,0,0,0,0,1,0,0,1,0,0
2258,2259,56,11,140.75,1,0,0,0,0,0,0,0,0,0,0,0,0,1,0,0,0
2259,2260,23,7,266.42,0,0,1,1,0,1,0,1,0,0,0,0,0,0,0,0,0
2260,2261,34,7,130.2,1,0,1,0,0,0,0,0,0,0,0,0,0,1,1,0,0
2261,2262,42,12,264.93,0,0,1,0,0,1,1,0,0,0,0,1,0,0,1,0,0
2262,2263,45,13,207.92,1,0,0,1,0,1,0,0,0,0,0,1,0,0,0,1,0
2263,2264,19,14,113.48,0,0,1,0,0,1,0,0,0,0,0,0,0,1,0,0,0
2264,2265,52,7,69.65,0,0,0,0,0,1,0,0,0,1,0,0,0,0,0,1,0
2265,2266,54,2,115.34,1,1,0,1,0,0,0,0,0,1,0,0,0,0,1,0,0
2266,2267,22,8,72.22,0,0,0,0,0,0,0,0,0,0,0,0,0,1,1,0,0
2267,2268,18,4,63.07,0,0,1,0,0,1,1,0,0,0,0,0,0,1,1,0,0
2268,2269,57,3,106.59,0,0,0,0,0,0,1,0,0,1,0,0,0,0,1,0,0
2269,2270,29,10,126.17,0,1,0,1,0,0,0,0,0,0,0,0,1,0,0,0,0
2270,2271,53,8,90.07,0,0,0,0,0,1,1,0,0,1,0,0,0,0,0,0,0
2271,2272,62,9,177.88,1,0,0,0,0,1,1,0,0,1,0,0,0,0,0,0,0
2272,2273,40,13,122.79,1,0,0,0,0,1,1,0,0,0,1,0,0,0,0,1,0
2273,2274,64,7,158.83,0,0,1,0,1,0,1,0,0,0,0,0,0,1,0,0,1
2274,2275,48,4,98.94,0,1,0,1,0,1,1,0,0,0,0,0,1,0,0,0,0
2275,2276,28,5,35.8,0,0,1,0,0,0,0,1,0,0,0,0,0,0,0,0,1
2276,2277,27,7,241.74,0,0,0,0,0,1,1,0,0,0,1,0,0,0,1,0,0
2277,2278,20,8,245.87,0,0,1,0,1,0,0,0,0,1,0,0,0,0,1,0,0
2278,2279,31,4,100.09,0,0,1,0,0,1,1,0,0,0,0,1,0,0,1,0,0
2279,2280,33,6,94.29,0,0,0,0,0,0,0,0,0,0,0,0,0,1,0,1,0
2280,2281,27,12,191.27,0,0,0,1,0,0,0,0,1,0,0,0,0,0,0,0,0
2281,2282,46,11,88.07,0,0,1,1,0,1,1,0,0,1,0,0,0,0,1,0,0
2282,2283,27,10,146.14,0,0,1,0,0,1,1,0,0,0,0,0,0,0,0,1,0
2283,2284,29,14,500.0,1,1,1,0,0,0,0,0,0,0,0,0,0,1,0,1,0
2284,2285,47,11,166.2,0,0,0,0,0,1,0,1,0,0,1,0,0,0,1,0,0
2285,2286,58,12,114.52,0,0,0,0,0,0,0,0,0,0,0,1,0,0,0,0,1
2286,2287,18,5,276.13,0,0,0,0,0,1,0,0,0,0,0,0,0,1,1,0,0
2287,2288,22,4,50.25,0,0,1,0,0,1,0,1,0,0,0,0,0,1,0,1,0
2288,2289,37,11,108.39,0,0,0,0,0,0,1,0,0,1,0,0,0,0,0,0,1
2289,2290,25,4,403.24,0,0,1,0,0,1,1,0,0,0,0,0,0,1,1,0,0
2290,2291,60,4,65.13,0,0,0,1,0,0,1,0,0,1,0,0,0,0,1,0,0
2291,2292,29,13,175.36,0,0,1,0,0,0,0,1,0,0,1,0,0,0,0,0,0
2292,2293,18,7,61.34,0,0,1,1,0,1,0,0,0,0,0,1,0,0,1,0,0
2293,2294,37,5,248.53,0,0,0,0,0,1,0,0,1,0,0,0,0,0,1,0,0
2294,2295,45,3,59.47,0,0,0,0,0,0,1,0,0,1,0,0,0,0,1,0,0
2295,2296,60,10,66.62,0,0,1,0,0,0,1,0,0,0,0,1,0,0,0,0,0
2296,2297,54,13,134.55,0,0,0,0,0,0,1,0,0,0,0,0,0,0,1,0,0
2297,2298,64,1,60.37,1,0,0,0,0,1,0,0,0,1,0,0,0,0,0,0,1
2298,2299,54,9,84.07,0,0,1,0,0,0,0,0,0,0,0,0,0,0,1,0,0
2299,2300,29,1,115.09,0,0,1,0,0,0,1,0,0,1,0,0,0,0,0,1,0
2300,2301,54,4,121.58,0,0,0,0,0,0,0,0,0,0,1,0,0,0,0,0,0
2301,2302,66,10,105.65,1,0,1,0,0,0,0,0,0,0,0,0,0,0,0,0,0
2302,2303,66,4,53.8,1,0,0,0,0,0,0,0,0,0,0,0,1,0,1,0,0
2303,2304,61,11,265.9,0,1,0,0,0,0,0,0,0,0,0,1,0,0,1,0,0
2304,2305,45,15,264.18,1,1,0,0,0,0,1,0,0,0,0,0,0,0,0,1,0
2305,2306,64,10,148.97,1,0,0,0,1,0,1,0,0,0,0,0,0,0,0,0,1
2306,2307,32,1,94.37,0,0,0,0,0,1,0,0,0,1,0,0,0,0,1,0,0
2307,2308,23,10,71.9,1,0,0,0,0,0,0,0,0,0,0,0,0,1,0,1,0
2308,2309,61,14,84.71,0,1,0,0,1,1,1,0,0,0,0,0,1,0,0,0,0
2309,2310,37,9,136.8,1,1,0,0,0,1,0,0,1,0,0,0,0,0,0,1,0
2310,2311,67,4,49.07,0,0,1,0,0,1,1,0,0,0,0,0,0,1,1,0,0
2311,2312,31,7,253.88,0,0,0,0,0,1,1,0,1,0,0,0,0,0,0,1,0
2312,2313,19,9,87.74,0,0,1,1,1,0,0,1,0,0,0,0,0,1,1,0,0
2313,2314,26,11,152.53,0,0,1,0,1,0,1,0,0,0,0,0,0,0,1,0,0
2314,2315,54,7,169.25,1,0,0,0,0,0,0,0,0,1,0,0,0,0,0,0,0
2315,2316,37,2,75.47,0,0,1,1,0,0,1,0,0,0,0,0,0,1,0,1,0
2316,2317,43,6,45.86,0,1,1,0,0,1,0,0,0,0,0,0,0,1,1,0,0
2317,2318,46,13,343.89,0,0,0,0,0,1,0,0,0,1,0,0,0,0,0,0,0
2318,2319,18,6,86.74,0,0,1,0,0,1,0,0,0,0,0,0,0,1,0,0,1
2319,2320,52,3,151.04,0,0,0,1,1,0,1,0,0,0,0,0,0,1,0,0,0
2320,2321,23,4,90.81,1,0,0,0,0,1,0,0,0,0,0,0,0,1,0,1,0
2321,2322,54,6,100.04,1,0,1,0,0,0,0,0,0,0,0,0,0,1,1,0,0
2322,2323,70,13,363.9,0,0,1,1,1,0,1,0,0,0,0,0,0,1,1,0,0
2323,2324,22,6,89.19,0,0,0,0,0,0,0,1,0,0,0,0,0,0,0,1,0
2324,2325,50,1,121.37,0,0,0,0,0,1,0,0,0,0,0,0,1,0,0,0,0
2325,2326,66,11,82.46,0,0,0,1,1,0,1,0,0,0,0,0,0,1,1,0,0
2326,2327,68,8,26.99,1,0,0,0,1,1,0,0,0,0,0,0,0,1,0,1,0
2327,2328,31,9,151.13,0,0,0,0,0,1,0,1,0,0,0,1,0,0,0,1,0
2328,2329,29,2,30.29,0,0,0,0,0,1,0,0,0,0,0,0,0,1,1,0,0
2329,2330,59,4,94.09,0,0,0,0,0,0,0,1,0,0,0,1,0,0,1,0,0
2330,2331,37,11,118.1,0,1,1,0,0,1,0,0,0,0,0,0,0,1,1,0,0
2331,2332,70,7,99.38,0,0,0,0,0,1,1,0,0,0,0,0,0,1,0,0,0
2332,2333,67,2,248.13,1,0,0,1,0,0,0,0,0,0,0,0,0,1,0,0,0
2333,2334,41,11,164.09,1,1,0,0,0,0,0,0,0,0,0,0,0,1,0,0,0
2334,2335,60,7,62.77,0,0,0,0,0,0,0,0,0,0,0,0,1,0,1,0,0
2335,2336,51,6,24.2,0,0,0,0,0,0,0,0,0,0,0,0,0,1,1,0,0
2336,2337,42,10,121.09,1,0,0,1,0,1,1,0,0,0,1,0,0,0,0,0,0
2337,2338,67,15,64.48,0,0,0,0,0,1,1,0,0,1,0,0,0,0,0,0,0
2338,2339,46,9,53.9,1,0,1,0,0,0,1,0,1,0,0,0,0,0,1,0,0
2339,2340,56,10,137.73,0,0,1,0,0,1,0,1,0,0,0,0,0,1,0,0,0
2340,2341,48,2,178.57,0,0,1,0,0,1,1,0,0,0,0,0,0,1,0,1,0
2341,2342,64,10,57.29,1,1,0,0,1,0,0,1,0,0,0,0,0,0,0,1,0
2342,2343,60,10,41.44,0,1,0,0,0,1,0,0,0,0,0,0,0,1,1,0,0
2343,2344,67,5,23.24,1,0,0,0,0,1,0,1,0,0,0,0,1,0,0,0,1
2344,2345,40,6,45.97,0,0,1,0,0,1,0,0,0,1,0,0,0,0,0,0,0
2345,2346,61,15,24.76,0,1,0,0,0,0,1,0,0,0,0,1,0,0,0,0,0
2346,2347,55,9,73.53,0,0,0,0,0,1,1,0,0,0,0,0,0,1,0,1,0
2347,2348,37,5,307.11,0,1,0,0,0,0,1,0,0,0,0,1,0,0,0,1,0
2348,2349,40,15,71.58,1,0,0,0,0,1,1,0,0,0,0,1,0,0,0,0,0
2349,2350,62,9,234.92,0,0,0,0,0,0,0,0,0,0,0,0,1,0,0,0,0
2350,2351,69,1,102.27,0,0,0,0,0,1,0,1,0,0,0,0,0,1,1,0,0
2351,2352,33,3,87.13,0,0,0,1,0,0,0,1,0,0,1,0,0,0,0,0,0
2352,2353,67,10,45.31,1,0,0,0,0,0,0,1,0,0,1,0,0,0,1,0,0
2353,2354,59,2,81.24,0,0,0,0,0,1,0,1,1,0,0,0,0,0,1,0,0
2354,2355,25,15,240.24,1,0,0,0,0,0,1,0,0,0,0,0,0,0,0,1,0
2355,2356,67,2,82.23,0,0,1,0,0,1,0,1,0,1,0,0,0,0,0,1,0
2356,2357,38,1,258.19,1,0,0,0,1,1,0,1,0,0,0,0,0,1,0,0,1
2357,2358,18,14,179.16,0,0,1,0,1,1,1,0,0,0,1,0,0,0,1,0,0
2358,2359,25,5,147.51,0,0,1,0,0,0,1,0,0,0,1,0,0,0,0,0,0
2359,2360,46,10,209.84,0,0,0,0,0,1,0,1,0,0,0,0,0,1,0,1,0
2360,2361,49,6,23.46,0,0,1,0,0,1,1,0,0,1,0,0,0,0,0,0,1
2361,2362,55,8,84.79,0,0,0,0,0,1,1,0,1,0,0,0,0,0,0,1,0
2362,2363,22,8,116.33,0,1,0,0,0,0,0,0,0,0,0,0,0,1,0,1,0
2363,2364,64,5,142.84,0,0,0,0,0,0,1,0,0,0,0,0,0,1,0,0,1
2364,2365,39,1,353.58,0,1,1,1,0,1,0,1,0,0,1,0,0,0,1,0,0
2365,2366,64,12,21.71,0,0,0,0,0,0,0,0,0,0,0,0,1,0,1,0,0
2366,2367,51,9,102.56,0,0,0,0,0,0,0,0,1,0,0,0,0,0,0,1,0
2367,2368,18,3,106.72,1,0,0,1,0,0,0,0,0,0,0,0,0,1,0,0,0
2368,2369,43,8,211.05,0,0,0,0,0,1,1,0,0,0,0,0,0,1,1,0,0
2369,2370,60,14,94.62,0,0,0,0,0,1,0,0,0,0,0,1,0,0,1,0,0
2370,2371,27,5,168.66,0,0,0,0,0,1,1,0,0,0,0,0,0,0,0,0,0
2371,2372,47,11,98.02,0,0,0,1,0,0,0,1,0,0,0,0,0,1,0,0,1
2372,2373,67,15,146.14,0,0,0,0,0,0,1,0,1,0,0,0,0,0,0,1,0
2373,2374,35,15,94.21,0,1,0,1,0,1,0,0,1,0,0,0,0,0,0,1,0
2374,2375,34,3,118.52,0,1,0,0,1,1,0,1,0,0,0,0,0,1,0,0,0
2375,2376,43,4,82.11,1,1,0,0,0,1,1,0,0,0,0,0,0,1,1,0,0
2376,2377,25,4,58.84,0,0,0,0,1,1,0,0,0,0,0,0,0,1,1,0,0
2377,2378,64,6,335.54,1,0,1,0,0,0,1,0,0,0,0,0,0,0,1,0,0
2378,2379,57,12,137.77,1,0,0,0,0,1,1,0,0,0,0,0,0,1,0,1,0
2379,2380,66,15,23.19,1,0,0,1,0,0,1,0,0,0,0,0,0,0,0,0,1
2380,2381,29,7,112.65,1,0,1,0,0,0,0,1,0,0,0,0,0,0,0,0,0
2381,2382,44,2,223.7,1,1,0,1,0,1,0,0,1,0,0,0,0,0,0,1,0
2382,2383,25,8,117.02,1,0,0,1,0,0,0,0,0,0,0,0,0,1,1,0,0
2383,2384,42,11,30.35,1,1,0,0,0,0,0,0,0,0,0,0,0,0,0,1,0
2384,2385,63,14,46.22,0,0,0,0,0,0,1,0,0,0,0,1,0,0,0,0,0
2385,2386,21,4,70.17,0,1,1,0,0,0,1,0,0,0,0,1,0,0,0,0,0
2386,2387,50,3,161.31,0,1,1,0,1,1,1,0,0,0,1,0,0,0,0,1,0
2387,2388,18,8,75.35,0,0,0,0,0,0,0,0,0,0,0,1,0,0,0,0,0
2388,2389,36,15,89.83,1,1,1,0,0,0,0,1,1,0,0,0,0,0,0,0,0
2389,2390,48,4,103.45,0,1,0,0,0,0,0,1,0,0,0,0,0,1,0,0,0
2390,2391,33,6,87.88,1,0,1,0,0,0,0,0,0,0,0,0,0,0,0,0,0
2391,2392,31,14,217.16,1,1,0,0,0,0,1,0,0,0,0,0,0,0,1,0,0
2392,2393,70,2,105.0,1,0,1,0,0,1,1,0,0,0,1,0,0,0,0,1,0
2393,2394,65,3,186.96,1,0,0,1,0,0,0,0,0,0,0,0,0,1,1,0,0
2394,2395,22,7,274.17,0,1,0,0,0,1,0,0,0,0,0,0,0,1,1,0,0
2395,2396,58,7,85.05,0,0,1,0,0,1,0,0,0,0,0,1,0,0,1,0,0
2396,2397,43,11,60.86,0,1,1,0,0,1,0,0,0,0,0,0,0,1,1,0,0
2397,2398,45,9,185.76,0,0,1,0,0,0,1,0,0,0,0,1,0,0,0,1,0
2398,2399,19,14,57.0,0,0,0,0,0,0,0,0,0,0,1,0,0,0,0,1,0
2399,2400,67,2,276.94,0,0,0,0,0,1,0,0,0,0,1,0,0,0,1,0,0
2400,2401,23,9,124.94,0,0,1,0,1,1,1,0,0,0,0,0,0,1,1,0,0
2401,2402,26,4,135.07,0,0,0,1,0,1,0,0,0,0,0,0,0,1,0,1,0
2402,2403,50,15,12.74,1,0,0,0,0,1,1,0,0,0,0,0,0,0,0,0,0
2403,2404,58,6,76.09,0,0,0,0,0,1,1,0,0,0,0,1,0,0,1,0,0
2404,2405,42,6,184.55,0,0,0,0,1,1,1,0,0,0,0,1,0,0,1,0,0
2405,2406,65,15,62.17,0,0,0,0,0,1,0,1,0,0,0,1,0,0,1,0,0
2406,2407,30,9,322.23,0,0,1,0,1,0,0,0,0,0,0,1,0,0,0,1,0
2407,2408,26,14,158.53,0,0,1,0,1,1,1,0,0,0,0,0,0,1,0,1,0
2408,2409,70,1,32.92,0,0,0,0,1,1,0,0,0,0,0,0,1,0,0,0,0
2409,2410,30,1,136.93,0,0,1,0,0,0,0,1,0,0,0,0,0,1,0,1,0
2410,2411,48,5,88.22,1,0,1,0,0,1,1,0,0,0,0,0,0,1,0,0,1
2411,2412,58,5,22.67,1,0,0,0,0,1,0,0,0,0,0,0,1,0,0,1,0
2412,2413,28,12,151.77,0,0,0,0,0,1,1,0,0,0,0,0,0,0,0,1,0
2413,2414,21,8,36.2,0,0,0,0,0,1,0,0,0,0,0,1,0,0,0,1,0
2414,2415,51,7,309.71,0,0,0,1,0,0,0,1,0,1,0,0,0,0,1,0,0
2415,2416,55,11,82.78,1,1,0,0,0,1,0,0,0,0,0,0,0,1,0,0,0
2416,2417,63,5,500.0,0,0,1,1,1,1,1,0,0,1,0,0,0,0,1,0,0
2417,2418,21,8,53.39,0,0,1,0,0,1,0,0,0,0,0,1,0,0,0,0,1
2418,2419,55,14,158.31,0,0,0,0,0,0,1,0,0,0,0,0,0,1,0,0,0
2419,2420,36,4,79.16,0,0,0,1,0,0,0,1,0,0,0,1,0,0,0,1,0
2420,2421,23,3,164.46,1,0,0,0,0,1,0,1,0,0,0,0,1,0,1,0,0
2421,2422,51,2,41.23,1,1,0,0,0,0,0,0,0,0,0,0,0,0,1,0,0
2422,2423,35,11,319.81,0,0,1,0,0,0,1,0,1,0,0,0,0,0,0,1,0
2423,2424,30,14,72.41,0,0,0,1,0,1,0,0,1,0,0,0,0,0,0,1,0
2424,2425,58,13,162.36,0,1,0,0,0,0,1,0,1,0,0,0,0,0,1,0,0
2425,2426,40,7,93.26,0,0,0,1,0,0,0,0,0,0,0,1,0,0,0,0,0
2426,2427,36,5,373.58,1,0,0,0,0,0,0,0,0,1,0,0,0,0,0,0,0
2427,2428,62,9,68.94,0,0,0,0,0,0,1,0,0,0,0,0,0,0,1,0,0
2428,2429,28,3,310.17,0,0,0,1,0,1,0,0,0,0,0,1,0,0,0,1,0
2429,2430,18,14,222.06,0,0,1,0,1,0,1,0,0,0,0,0,0,1,1,0,0
2430,2431,41,13,93.73,1,0,0,1,0,0,0,0,0,0,0,1,0,0,0,1,0
2431,2432,24,13,108.02,1,0,0,1,1,1,0,0,0,0,0,0,0,0,0,1,0
2432,2433,42,6,135.14,0,0,0,0,0,1,1,0,0,0,0,0,0,1,1,0,0
2433,2434,38,8,122.08,1,0,0,0,0,1,0,0,0,0,0,0,0,0,0,1,0
2434,2435,32,9,158.29,0,1,0,0,0,0,0,0,0,0,0,0,0,1,1,0,0
2435,2436,18,5,83.7,0,0,1,0,1,0,1,0,0,0,0,0,0,1,0,1,0
2436,2437,29,3,146.26,0,0,0,0,0,1,1,0,1,0,0,0,0,0,0,1,0
2437,2438,24,9,171.02,0,0,0,0,0,0,1,0,0,0,0,0,0,0,0,1,0
2438,2439,32,10,142.85,0,0,0,1,0,1,0,0,0,0,0,0,0,0,1,0,0
2439,2440,38,3,221.53,1,0,0,0,0,0,0,0,0,0,0,0,0,1,0,0,0
2440,2441,36,6,80.16,0,0,0,0,0,0,0,1,0,0,0,0,0,0,0,0,0
2441,2442,46,4,144.62,0,1,0,1,0,1,0,1,0,0,0,0,0,1,0,0,0
2442,2443,42,6,143.66,0,0,0,1,0,1,0,0,0,0,0,1,0,0,1,0,0
2443,2444,50,14,126.58,1,0,0,0,0,1,1,0,0,0,0,0,1,0,0,1,0
2444,2445,66,3,120.66,0,0,0,1,0,0,0,0,1,0,0,0,0,0,0,0,1
2445,2446,49,7,181.44,0,0,0,0,0,0,0,0,0,0,0,0,0,1,0,0,1
2446,2447,66,2,88.22,0,0,0,1,0,1,0,0,0,0,0,0,0,0,0,0,0
2447,2448,52,6,14.6,0,0,1,0,0,1,1,0,0,0,0,0,1,0,0,0,0
2448,2449,61,3,151.92,0,0,1,1,0,0,0,0,0,0,0,0,0,1,1,0,0
2449,2450,55,5,54.41,0,0,0,0,0,0,0,1,0,0,0,0,0,1,0,0,0
2450,2451,43,5,129.89,0,0,0,1,0,0,1,0,0,0,0,0,1,0,1,0,0
2451,2452,28,9,48.3,0,0,0,0,0,1,0,0,0,0,0,0,1,0,0,1,0
2452,2453,52,8,72.0,0,0,0,0,1,1,1,0,0,1,0,0,0,0,0,0,0
2453,2454,25,14,149.18,0,1,1,0,0,1,0,0,0,0,0,0,0,1,0,0,1
2454,2455,63,4,118.95,0,0,0,0,0,0,1,0,0,0,0,0,0,0,0,1,0
2455,2456,31,8,130.3,1,0,1,0,0,1,0,0,0,1,0,0,0,0,0,1,0
2456,2457,27,14,163.96,1,0,1,1,0,0,0,0,0,0,0,0,0,0,1,0,0
2457,2458,19,8,26.18,0,1,1,1,0,1,0,0,0,1,0,0,0,0,0,0,1
2458,2459,63,10,122.38,0,0,0,0,0,1,0,0,0,0,0,0,0,0,0,1,0
2459,2460,26,3,42.08,0,0,0,0,1,0,0,0,0,0,0,1,0,0,0,0,1
2460,2461,20,10,138.68,0,0,1,0,1,0,0,0,0,0,0,0,1,0,1,0,0
2461,2462,38,5,76.59,0,1,0,0,0,0,0,1,0,0,0,1,0,0,0,0,1
2462,2463,43,2,95.35,0,0,0,0,0,0,0,0,0,0,0,0,0,1,1,0,0
2463,2464,25,10,89.17,0,1,1,1,0,1,0,0,0,1,0,0,0,0,1,0,0
2464,2465,65,6,64.71,0,0,0,1,0,1,0,1,0,0,0,0,0,1,1,0,0
2465,2466,19,4,29.53,1,0,0,0,0,1,1,0,0,0,0,0,0,0,0,1,0
2466,2467,23,15,290.27,0,0,1,0,1,1,1,0,0,0,1,0,0,0,0,0,1
2467,2468,45,4,18.75,1,1,0,0,0,1,0,0,0,0,0,1,0,0,0,1,0
2468,2469,70,15,150.37,0,1,0,0,0,0,1,0,0,0,0,0,0,1,0,1,0
2469,2470,46,3,36.45,0,0,0,1,0,0,0,0,0,0,0,0,0,1,1,0,0
2470,2471,43,1,75.6,0,0,1,0,0,1,1,0,0,0,0,0,0,1,0,1,0
2471,2472,42,8,319.45,0,0,0,1,0,0,0,1,0,0,0,0,0,1,1,0,0
2472,2473,29,10,57.19,0,0,1,0,0,1,1,0,0,0,0,0,0,0,1,0,0
2473,2474,22,1,95.27,1,0,0,1,0,0,0,0,0,1,0,0,0,0,0,1,0
2474,2475,51,13,366.46,0,0,0,1,0,1,1,0,0,0,0,0,0,1,0,1,0
2475,2476,65,8,281.69,1,0,1,0,0,1,1,0,0,0,0,0,0,1,0,0,0
2476,2477,54,12,295.58,0,1,0,1,0,0,1,0,0,0,0,1,0,0,0,0,1
2477,2478,32,2,94.2,1,1,1,1,0,0,1,0,0,0,0,0,0,0,1,0,0
2478,2479,61,13,187.09,1,0,0,0,0,1,1,0,0,0,0,0,1,0,0,1,0
2479,2480,53,11,42.33,1,0,1,0,0,0,1,0,0,0,0,0,0,1,0,0,1
2480,2481,32,1,89.68,1,0,1,0,0,0,0,1,0,0,0,0,1,0,0,1,0
2481,2482,60,15,163.19,0,1,1,1,0,1,1,0,0,0,0,0,0,0,0,0,0
2482,2483,65,3,276.57,1,0,0,1,0,0,0,0,0,0,0,0,0,1,0,1,0
2483,2484,40,11,64.29,0,0,0,0,0,1,1,0,0,0,0,0,0,1,0,0,0
2484,2485,23,1,160.0,1,0,1,0,1,1,0,0,0,1,0,0,0,0,1,0,0
2485,2486,63,15,207.66,0,0,0,1,1,0,1,0,0,0,0,0,0,0,0,0,0
2486,2487,67,2,143.19,0,1,0,0,0,1,0,0,0,0,0,0,0,1,1,0,0
2487,2488,61,4,64.36,0,1,1,0,1,1,1,0,0,0,0,0,1,0,1,0,0
2488,2489,60,7,116.31,0,0,0,0,0,0,1,0,0,0,0,0,0,1,0,1,0
2489,2490,62,8,49.09,1,0,1,0,0,0,0,0,0,0,0,0,0,0,0,0,0
2490,2491,38,2,143.42,0,0,0,0,0,0,1,0,0,1,0,0,0,0,0,1,0
2491,2492,40,2,150.93,0,0,0,0,1,0,1,0,0,0,0,0,0,0,1,0,0
2492,2493,60,5,86.74,1,0,0,0,0,0,0,0,1,0,0,0,0,0,0,0,0
2493,2494,33,10,233.45,0,0,0,0,0,0,1,0,0,0,1,0,0,0,0,1,0
2494,2495,64,15,155.02,1,1,0,0,0,0,0,1,0,0,0,0,0,1,0,0,0
2495,2496,70,1,303.62,0,1,0,0,0,1,0,0,0,1,0,0,0,0,0,0,1
2496,2497,32,3,238.39,0,0,1,1,0,1,1,0,0,0,0,0,1,0,1,0,0
2497,2498,42,6,95.27,1,1,1,0,0,1,1,0,0,1,0,0,0,0,0,0,1
2498,2499,53,13,147.43,0,1,0,0,0,1,0,1,0,0,0,1,0,0,0,0,0
2499,2500,28,1,100.03,0,0,1,0,1,1,1,0,0,0,1,0,0,0,0,0,1
2500,2501,68,14,184.38,1,0,0,0,0,1,1,0,0,0,0,1,0,0,0,0,0
2501,2502,32,3,244.2,0,1,0,0,1,1,0,1,0,0,0,0,0,1,1,0,0
2502,2503,21,13,273.21,0,1,0,0,1,0,1,0,0,0,0,0,1,0,0,0,0
2503,2504,38,3,236.58,0,0,0,1,0,1,1,0,0,0,1,0,0,0,0,1,0
2504,2505,30,4,170.95,0,0,0,0,1,0,0,0,0,0,0,1,0,0,1,0,0
2505,2506,39,9,153.18,0,0,1,1,1,0,0,0,0,1,0,0,0,0,1,0,0
2506,2507,36,13,171.48,0,0,1,0,0,1,1,0,0,0,1,0,0,0,1,0,0
2507,2508,51,6,46.08,0,1,0,0,0,0,1,0,0,0,1,0,0,0,0,0,0
2508,2509,31,14,39.59,0,0,1,0,0,0,0,0,0,0,1,0,0,0,1,0,0
2509,2510,21,3,182.65,0,0,0,0,0,1,0,0,0,1,0,0,0,0,0,1,0
2510,2511,65,10,68.38,0,1,0,0,0,1,1,0,0,0,0,0,1,0,0,1,0
2511,2512,70,7,218.59,0,0,0,0,0,1,0,0,0,0,0,1,0,0,1,0,0
2512,2513,69,14,278.21,1,0,0,1,0,1,0,0,0,0,0,0,0,1,0,0,0
2513,2514,63,6,174.96,0,0,0,0,0,0,0,0,0,0,0,0,0,0,0,0,1
2514,2515,44,11,72.24,0,0,0,0,0,0,1,0,0,0,0,1,0,0,0,0,0
2515,2516,46,11,52.16,0,1,0,0,0,1,1,0,1,0,0,0,0,0,0,0,1
2516,2517,64,4,84.95,0,0,0,0,0,0,0,0,1,0,0,0,0,0,1,0,0
2517,2518,45,4,117.85,0,1,0,0,0,1,0,0,0,0,0,0,0,1,0,0,0
2518,2519,52,10,77.5,0,0,0,0,1,0,1,0,0,0,0,0,0,0,0,0,0
2519,2520,25,4,101.76,0,0,1,0,1,0,1,0,0,0,0,0,0,0,1,0,0
2520,2521,33,12,104.38,0,0,0,0,0,1,1,0,1,0,0,0,0,0,1,0,0
2521,2522,59,2,37.99,1,1,0,0,0,1,0,0,0,0,0,0,0,1,0,0,0
2522,2523,53,11,62.98,0,0,0,0,0,1,1,0,0,0,0,1,0,0,1,0,0
2523,2524,47,7,62.64,1,1,0,1,0,0,0,1,0,0,0,1,0,0,0,0,0
2524,2525,35,5,132.86,0,1,0,0,0,0,0,0,1,0,0,0,0,0,1,0,0
2525,2526,19,15,192.94,0,0,0,0,0,0,1,0,0,0,0,0,0,0,0,0,1
2526,2527,66,5,122.07,0,1,0,0,0,0,0,0,0,0,0,1,0,0,0,1,0
2527,2528,30,9,133.1,0,0,1,1,1,0,0,0,0,0,1,0,0,0,1,0,0
2528,2529,21,13,110.59,1,0,0,0,1,0,0,0,0,0,0,1,0,0,0,0,0
2529,2530,43,15,181.54,0,0,1,0,0,1,1,0,0,0,0,0,0,1,0,0,0
2530,2531,42,10,114.26,0,1,0,1,1,0,0,0,0,0,0,0,0,1,1,0,0
2531,2532,47,5,122.24,0,0,0,0,0,1,0,0,0,0,0,0,1,0,0,0,0
2532,2533,28,9,385.02,1,0,0,0,0,1,0,0,0,1,0,0,0,0,0,1,0
2533,2534,24,8,28.45,0,0,1,0,0,0,0,0,0,0,0,1,0,0,1,0,0
2534,2535,48,8,73.01,0,0,0,0,1,0,1,0,0,0,0,1,0,0,0,0,0
2535,2536,61,5,131.28,1,1,0,0,0,0,0,0,0,0,1,0,0,0,0,0,0
2536,2537,27,13,103.12,1,0,0,0,0,1,0,0,0,0,0,0,0,0,0,1,0
2537,2538,56,5,33.99,1,0,0,0,0,0,1,0,0,0,0,1,0,0,0,1,0
2538,2539,30,7,135.51,0,0,0,1,1,0,1,0,0,0,0,0,0,1,0,1,0
2539,2540,48,15,88.77,1,0,0,1,1,1,1,0,0,0,0,0,0,0,1,0,0
2540,2541,24,1,110.52,0,1,0,0,1,0,0,0,0,0,0,0,0,1,0,0,0
2541,2542,66,13,69.5,1,0,0,0,0,1,1,0,0,0,0,0,1,0,0,0,0
2542,2543,59,5,89.61,1,0,0,0,0,1,0,0,0,0,0,0,1,0,0,1,0
2543,2544,59,3,173.65,0,1,1,0,1,1,0,0,0,0,0,0,0,1,0,1,0
2544,2545,53,7,115.69,0,0,1,0,0,0,1,0,0,1,0,0,0,0,0,1,0
2545,2546,37,9,122.96,0,0,0,0,0,1,0,1,0,0,0,1,0,0,1,0,0
2546,2547,21,13,106.15,0,1,1,1,0,1,1,0,0,0,0,1,0,0,0,1,0
2547,2548,24,15,147.77,0,0,0,0,0,0,0,0,0,0,0,1,0,0,0,0,1
2548,2549,18,3,44.54,0,1,0,0,1,0,0,1,0,0,1,0,0,0,0,0,0
2549,2550,61,1,97.3,1,0,0,0,0,0,0,0,1,0,0,0,0,0,0,0,0
2550,2551,62,8,336.52,0,1,0,1,0,1,0,1,0,1,0,0,0,0,0,0,0
2551,2552,59,12,36.97,0,1,0,0,0,1,0,0,0,1,0,0,0,0,0,0,0
2552,2553,64,13,66.98,1,0,1,0,0,1,0,0,0,0,0,1,0,0,1,0,0
2553,2554,30,15,168.34,0,0,1,0,1,1,1,0,0,0,0,0,1,0,1,0,0
2554,2555,39,14,392.71,1,0,0,1,0,0,0,1,0,0,0,0,0,0,0,1,0
2555,2556,38,9,195.45,1,0,0,0,1,0,0,1,0,0,0,1,0,0,1,0,0
2556,2557,39,11,158.01,0,0,1,0,0,1,1,0,0,0,0,0,0,1,1,0,0
2557,2558,45,5,138.79,0,1,1,0,0,1,1,0,1,0,0,0,0,0,0,0,1
2558,2559,26,10,186.49,0,0,1,0,1,0,1,0,0,0,0,0,1,0,0,0,0
2559,2560,43,14,128.65,0,0,1,0,0,1,1,0,0,1,0,0,0,0,0,1,0
2560,2561,26,15,128.98,0,0,0,0,0,1,1,0,0,1,0,0,0,0,0,0,0
2561,2562,32,13,102.96,1,1,0,0,0,1,0,0,0,0,0,0,0,1,0,0,0
2562,2563,27,5,125.6,0,0,0,0,0,1,0,0,0,0,0,0,1,0,1,0,0
2563,2564,41,3,94.87,0,0,1,0,0,1,0,1,0,0,0,0,1,0,0,0,1
2564,2565,59,14,71.61,0,1,0,1,0,0,0,1,0,0,0,1,0,0,0,1,0
2565,2566,25,13,265.04,0,0,1,0,0,1,0,0,0,0,0,0,0,1,1,0,0
2566,2567,41,8,96.14,0,1,1,0,0,0,0,0,0,0,0,0,0,1,0,0,1
2567,2568,33,3,34.67,0,0,0,0,0,1,0,1,0,0,0,0,0,0,0,0,1
2568,2569,66,5,109.33,0,0,1,0,0,0,1,0,0,0,0,0,0,1,1,0,0
2569,2570,43,11,63.91,0,0,1,0,0,1,1,0,0,1,0,0,0,0,1,0,0
2570,2571,44,12,30.46,0,1,0,0,0,0,0,0,0,0,0,0,0,1,0,1,0
2571,2572,54,7,82.63,0,0,0,0,1,0,0,1,0,1,0,0,0,0,0,0,1
2572,2573,21,2,66.41,1,1,0,0,0,0,0,0,0,0,0,1,0,0,0,0,0
2573,2574,67,1,56.46,1,0,0,1,0,1,0,0,1,0,0,0,0,0,0,1,0
2574,2575,41,4,33.73,0,1,0,0,0,1,0,0,0,1,0,0,0,0,0,0,0
2575,2576,36,8,279.39,0,0,0,0,0,0,0,1,0,0,0,1,0,0,1,0,0
2576,2577,53,15,67.41,0,0,1,0,0,1,1,0,0,0,0,0,0,1,0,0,0
2577,2578,56,1,114.12,0,0,0,0,0,1,1,0,0,0,0,0,0,0,1,0,0
2578,2579,27,10,93.4,1,0,0,0,0,1,0,0,1,0,0,0,0,0,0,0,0
2579,2580,42,14,146.25,0,0,0,0,0,0,0,1,0,0,0,0,0,1,0,0,0
2580,2581,35,14,137.26,1,0,0,0,0,1,1,0,0,0,0,0,0,1,0,1,0
2581,2582,36,5,96.9,0,0,0,0,0,1,1,0,0,0,0,0,0,1,0,0,0
2582,2583,53,4,114.32,0,0,0,0,0,1,0,1,0,0,0,0,0,0,0,1,0
2583,2584,27,4,28.68,0,1,0,0,0,1,0,0,0,0,0,1,0,0,0,0,0
2584,2585,50,5,294.91,0,0,0,0,0,1,1,0,0,0,0,0,0,1,0,1,0
2585,2586,67,3,141.9,0,0,1,0,0,1,0,1,0,0,0,0,0,1,1,0,0
2586,2587,22,14,253.22,0,0,1,0,0,0,1,0,1,0,0,0,0,0,0,0,0
2587,2588,64,8,105.32,0,0,0,0,1,0,1,0,0,0,0,0,0,0,1,0,0
2588,2589,66,8,102.09,0,0,0,0,0,0,0,0,0,0,0,0,0,0,0,0,0
2589,2590,52,15,165.44,0,0,0,0,0,0,1,0,0,0,1,0,0,0,0,1,0
2590,2591,61,13,60.01,1,0,0,0,0,1,1,0,0,1,0,0,0,0,1,0,0
2591,2592,51,10,54.45,0,1,0,0,0,1,0,0,1,0,0,0,0,0,1,0,0
2592,2593,50,14,93.37,0,0,0,0,0,1,0,1,0,0,1,0,0,0,0,1,0
2593,2594,38,4,167.87,0,0,1,0,0,0,0,0,0,0,0,0,0,1,0,1,0
2594,2595,34,11,167.28,1,0,0,0,1,1,0,0,0,0,0,0,0,0,0,0,1
2595,2596,39,13,37.03,0,0,0,0,0,0,1,0,0,0,0,0,0,0,0,0,0
2596,2597,65,15,340.45,0,1,0,1,0,0,1,0,1,0,0,0,0,0,0,1,0
2597,2598,54,8,239.96,1,0,0,1,0,0,0,0,0,1,0,0,0,0,0,1,0
2598,2599,32,8,27.94,0,1,0,1,0,1,0,0,0,0,0,0,1,0,1,0,0
2599,2600,52,6,241.72,0,0,0,1,0,0,0,0,0,0,1,0,0,0,1,0,0
2600,2601,45,1,88.9,0,0,0,0,0,1,0,0,0,0,0,0,1,0,0,0,0
2601,2602,24,7,199.02,0,0,0,1,1,0,0,0,1,0,0,0,0,0,0,1,0
2602,2603,49,7,35.83,0,0,0,0,0,1,0,0,0,0,0,1,0,0,0,0,0
2603,2604,28,5,215.5,0,0,0,0,0,1,0,0,1,0,0,0,0,0,0,0,0
2604,2605,27,8,139.2,0,1,1,0,0,1,1,0,0,0,0,0,0,1,0,0,0
2605,2606,26,14,43.67,1,0,0,0,1,1,0,1,0,0,0,1,0,0,0,1,0
2606,2607,31,11,117.88,0,0,0,0,0,1,1,0,0,0,0,1,0,0,0,1,0
2607,2608,30,4,146.56,0,0,1,0,0,1,1,0,0,1,0,0,0,0,1,0,0
2608,2609,42,12,253.66,1,0,1,0,0,1,0,0,0,0,0,0,0,1,1,0,0
2609,2610,19,4,100.84,0,0,1,1,1,0,1,0,0,0,0,1,0,0,1,0,0
2610,2611,52,9,51.46,1,0,0,1,0,0,1,0,0,0,0,0,0,1,0,0,0
2611,2612,24,15,81.73,0,0,1,0,0,0,1,0,0,1,0,0,0,0,0,0,1
2612,2613,38,13,370.23,0,0,0,0,0,1,0,0,0,1,0,0,0,0,0,0,1
2613,2614,35,10,203.95,0,0,0,0,0,1,0,0,0,0,1,0,0,0,0,1,0
2614,2615,20,15,151.29,0,1,1,0,0,1,1,0,0,0,0,0,0,1,0,0,0
2615,2616,59,13,126.03,0,0,0,0,0,1,1,0,0,0,0,0,1,0,1,0,0
2616,2617,56,2,178.8,0,0,0,1,0,0,0,1,0,0,0,0,0,1,1,0,0
2617,2618,58,14,176.82,1,1,0,0,0,1,0,0,0,0,0,0,0,0,0,0,1
2618,2619,66,13,254.14,0,0,0,0,0,1,0,0,0,0,0,0,0,0,1,0,0
2619,2620,28,10,53.5,0,0,1,0,0,0,1,0,0,0,0,1,0,0,0,0,0
2620,2621,56,15,39.23,1,0,0,0,0,1,0,1,0,0,0,0,1,0,0,0,0
2621,2622,41,5,250.12,0,1,0,1,0,0,0,0,0,0,0,0,1,0,0,0,0
2622,2623,63,3,105.75,0,0,0,0,1,1,1,0,0,0,0,0,1,0,1,0,0
2623,2624,36,8,242.6,0,0,0,0,0,0,0,0,0,1,0,0,0,0,0,0,1
2624,2625,21,13,89.75,0,0,0,0,0,1,1,0,0,0,0,1,0,0,0,1,0
2625,2626,43,10,41.27,0,0,0,0,0,1,1,0,0,0,0,0,0,0,1,0,0
2626,2627,55,1,49.69,0,0,1,1,0,0,0,1,0,0,0,0,0,1,0,0,0
2627,2628,59,5,315.61,1,0,0,0,0,0,0,0,1,0,0,0,0,0,0,0,0
2628,2629,49,14,103.35,0,0,1,0,0,0,0,0,1,0,0,0,0,0,1,0,0
2629,2630,56,11,96.04,0,0,0,0,1,1,1,0,0,1,0,0,0,0,0,0,0
2630,2631,62,11,316.16,1,0,0,1,0,1,0,0,1,0,0,0,0,0,0,0,0
2631,2632,63,4,121.06,1,0,0,0,0,0,1,0,0,0,0,0,1,0,0,0,0
2632,2633,53,14,175.12,0,0,1,1,0,0,1,0,0,1,0,0,0,0,0,0,0
2633,2634,57,1,39.54,1,0,0,0,0,1,0,0,0,1,0,0,0,0,0,0,0
2634,2635,54,10,113.02,0,0,1,0,1,1,1,0,0,0,1,0,0,0,0,1,0
2635,2636,50,15,107.48,0,1,0,0,0,1,0,0,0,0,0,1,0,0,0,1,0
2636,2637,53,6,143.24,1,0,0,1,0,0,0,1,0,1,0,0,0,0,1,0,0
2637,2638,20,14,59.13,0,0,1,0,1,1,1,0,0,0,0,1,0,0,1,0,0
2638,2639,26,15,401.44,0,0,1,1,0,1,1,0,0,0,0,0,0,0,1,0,0
2639,2640,25,2,71.01,0,0,0,0,1,1,0,0,0,0,0,0,0,0,1,0,0
2640,2641,50,3,151.41,0,0,1,0,0,1,0,1,0,0,0,1,0,0,0,0,1
2641,2642,23,5,220.97,0,0,1,0,0,1,1,0,0,0,0,0,0,0,1,0,0
2642,2643,58,1,181.89,0,0,0,0,0,1,0,0,0,0,0,1,0,0,0,0,0
2643,2644,56,2,298.14,0,0,0,0,0,0,0,0,1,0,0,0,0,0,0,1,0
2644,2645,21,11,125.62,0,0,0,0,0,1,0,0,0,0,1,0,0,0,0,0,0
2645,2646,30,12,101.93,0,0,1,0,0,0,0,1,0,0,0,1,0,0,1,0,0
2646,2647,66,1,335.67,0,0,0,0,0,0,0,1,1,0,0,0,0,0,1,0,0
2647,2648,19,14,45.22,0,1,0,0,1,0,0,1,1,0,0,0,0,0,1,0,0
2648,2649,22,15,147.95,0,0,0,0,0,1,1,0,0,0,0,0,0,1,0,0,0
2649,2650,61,11,183.26,1,0,1,0,0,0,1,0,0,0,1,0,0,0,1,0,0
2650,2651,44,7,50.62,1,0,0,1,0,0,0,0,0,0,0,0,0,1,0,0,0
2651,2652,49,7,101.43,0,0,0,0,1,0,0,0,0,1,0,0,0,0,0,0,1
2652,2653,38,10,93.57,0,0,1,0,0,0,0,0,0,0,0,1,0,0,1,0,0
2653,2654,25,15,53.05,0,1,1,0,0,0,1,0,0,0,0,0,0,0,1,0,0
2654,2655,55,14,40.35,1,0,0,0,0,1,0,1,0,0,0,0,0,0,0,0,0
2655,2656,25,5,261.11,0,0,0,0,1,1,0,1,0,0,0,0,1,0,0,0,0
2656,2657,67,10,61.34,0,0,0,1,0,0,0,0,0,0,0,0,0,1,0,1,0
2657,2658,20,7,119.13,1,0,0,0,1,1,1,0,0,0,1,0,0,0,0,1,0
2658,2659,61,14,174.23,0,0,0,0,0,1,1,0,0,1,0,0,0,0,0,1,0
2659,2660,20,3,287.3,0,0,0,0,1,0,1,0,0,0,1,0,0,0,0,0,1
2660,2661,39,11,172.73,0,0,1,0,0,1,1,0,0,1,0,0,0,0,0,1,0
2661,2662,23,2,68.11,1,0,0,1,0,1,0,0,0,0,0,1,0,0,0,1,0
2662,2663,19,10,87.41,0,0,1,1,0,0,0,1,0,0,0,0,0,0,0,0,0
2663,2664,40,15,120.22,1,0,0,0,1,0,1,0,0,0,0,1,0,0,0,0,0
2664,2665,61,15,164.41,0,0,0,0,0,1,1,0,0,0,0,0,0,1,0,0,1
2665,2666,19,9,218.3,1,0,0,0,0,1,0,0,0,1,0,0,0,0,0,1,0
2666,2667,55,2,226.64,1,0,0,0,0,0,0,0,0,0,0,0,0,1,0,0,1
2667,2668,34,14,309.94,0,0,0,0,0,1,0,0,0,0,0,1,0,0,0,1,0
2668,2669,52,3,47.28,0,0,0,0,0,1,1,0,0,0,1,0,0,0,0,0,1
2669,2670,51,9,53.95,1,0,0,0,0,1,0,1,0,0,0,0,0,1,0,0,0
2670,2671,40,10,284.79,0,0,0,1,0,1,1,0,0,0,0,1,0,0,1,0,0
2671,2672,47,10,63.02,0,0,1,0,0,0,1,0,0,0,0,0,1,0,0,0,0
2672,2673,69,7,43.31,0,0,0,0,1,1,1,0,0,0,0,0,0,1,1,0,0
2673,2674,25,9,68.48,0,0,1,0,0,1,0,0,0,0,0,0,0,1,1,0,0
2674,2675,39,12,116.45,0,0,1,0,0,0,1,0,0,0,0,0,0,1,0,1,0
2675,2676,61,5,69.07,1,0,0,0,0,1,1,0,0,0,0,0,0,1,0,1,0
2676,2677,53,8,188.18,1,0,0,0,0,1,0,0,0,0,0,0,0,1,0,0,1
2677,2678,22,1,152.93,1,0,1,0,0,0,0,0,0,1,0,0,0,0,0,0,0
2678,2679,30,1,145.72,0,0,1,0,0,1,1,0,0,1,0,0,0,0,0,0,1
2679,2680,46,11,219.28,0,0,1,1,1,0,0,0,0,0,0,0,1,0,1,0,0
2680,2681,48,13,77.35,0,0,1,0,0,0,0,1,0,0,0,0,1,0,0,0,0
2681,2682,64,15,104.11,0,0,1,0,0,0,1,0,0,0,0,0,1,0,0,1,0
2682,2683,33,15,106.69,0,1,1,0,0,0,0,0,0,0,0,0,0,0,0,0,1
2683,2684,59,6,240.51,0,0,0,0,0,1,0,0,0,1,0,0,0,0,1,0,0
2684,2685,47,15,59.92,0,1,0,0,0,0,0,1,0,1,0,0,0,0,0,1,0
2685,2686,33,12,368.99,0,0,0,0,0,1,1,0,0,1,0,0,0,0,1,0,0
2686,2687,29,8,202.26,0,1,0,0,0,0,1,0,0,0,0,1,0,0,0,1,0
2687,2688,34,8,188.61,0,0,0,0,0,1,0,0,0,0,1,0,0,0,1,0,0
2688,2689,33,10,89.65,1,0,1,0,0,1,0,1,0,0,0,0,0,1,0,1,0
2689,2690,29,3,59.65,0,0,1,0,0,1,1,0,0,0,0,0,0,0,0,1,0
2690,2691,25,11,43.82,0,0,1,0,0,0,1,0,0,0,0,1,0,0,0,1,0
2691,2692,37,15,32.87,0,1,0,1,0,0,0,1,0,0,0,0,1,0,0,1,0
2692,2693,20,1,205.89,0,0,0,1,0,0,0,0,0,0,0,0,0,1,0,0,0
2693,2694,33,10,354.08,0,0,0,1,1,1,1,0,0,0,0,0,0,1,1,0,0
2694,2695,47,9,112.34,0,0,0,0,0,0,0,0,1,0,0,0,0,0,1,0,0
2695,2696,62,9,128.18,0,1,0,0,0,1,1,0,0,0,0,0,0,1,1,0,0
2696,2697,40,1,205.53,1,0,0,1,0,1,0,0,0,0,0,1,0,0,0,0,0
2697,2698,45,13,87.01,0,0,0,0,0,0,0,1,1,0,0,0,0,0,0,0,0
2698,2699,68,10,178.76,0,0,0,0,0,1,0,0,1,0,0,0,0,0,0,0,1
2699,2700,57,3,91.51,0,0,0,0,0,1,1,0,0,0,0,0,0,1,0,0,0
2700,2701,22,8,115.74,0,0,0,1,1,1,0,1,0,1,0,0,0,0,0,1,0
2701,2702,37,8,296.54,1,0,0,0,0,0,0,1,0,0,0,0,0,1,0,0,0
2702,2703,57,13,133.25,0,0,1,0,1,0,1,0,0,0,0,0,0,0,0,0,0
2703,2704,61,15,208.19,0,1,0,0,0,0,1,0,0,0,0,1,0,0,0,1,0
2704,2705,18,5,56.31,1,0,0,0,0,1,0,0,0,0,1,0,0,0,1,0,0
2705,2706,47,2,139.88,0,0,1,1,0,1,0,0,0,0,0,0,0,0,0,0,1
2706,2707,38,3,414.25,0,0,0,0,0,0,1,0,0,0,0,0,0,0,0,0,0
2707,2708,37,5,65.98,0,0,1,0,0,1,0,0,0,1,0,0,0,0,1,0,0
2708,2709,23,3,134.94,1,0,0,1,0,0,0,0,0,0,0,0,0,1,0,1,0
2709,2710,39,10,83.22,0,0,0,0,0,1,0,0,0,1,0,0,0,0,0,0,0
2710,2711,35,1,102.59,0,0,0,0,0,1,1,0,0,0,0,0,0,1,1,0,0
2711,2712,25,15,193.07,0,0,1,1,0,1,1,0,0,0,0,0,1,0,0,0,0
2712,2713,56,6,136.76,1,0,0,1,0,1,0,0,0,0,0,0,0,0,0,1,0
2713,2714,49,14,67.11,0,0,1,0,0,0,0,0,0,0,0,0,0,1,1,0,0
2714,2715,50,6,63.75,0,0,1,0,1,0,1,0,0,0,0,0,0,0,1,0,0
2715,2716,70,4,107.72,0,1,0,0,0,1,1,0,0,0,0,0,0,1,1,0,0
2716,2717,33,10,500.0,0,1,0,1,1,0,1,0,0,0,0,0,0,1,0,1,0
2717,2718,29,10,169.45,0,0,1,0,0,0,1,0,1,0,0,0,0,0,0,1,0
2718,2719,55,8,140.4,0,0,0,1,0,1,0,0,0,0,1,0,0,0,0,0,0
2719,2720,69,7,110.98,0,0,0,0,0,0,0,0,0,0,0,0,0,1,0,1,0
2720,2721,51,12,76.45,0,1,1,0,0,1,0,0,0,0,0,0,1,0,1,0,0
2721,2722,31,14,37.3,0,0,1,0,1,1,1,0,0,0,0,0,0,0,1,0,0
2722,2723,53,15,74.25,0,0,1,0,0,1,1,0,0,1,0,0,0,0,0,0,0
2723,2724,50,15,281.02,1,0,0,0,0,1,0,0,0,0,0,1,0,0,0,0,1
2724,2725,40,13,88.71,0,0,0,0,1,1,1,0,0,0,0,0,0,1,0,1,0
2725,2726,67,12,83.83,1,0,0,1,0,1,1,0,0,0,0,0,0,1,1,0,0
2726,2727,62,2,61.28,0,0,1,1,0,1,0,1,0,0,0,0,0,1,0,1,0
2727,2728,19,15,109.74,0,0,0,0,0,0,1,0,0,0,0,0,0,1,0,1,0
2728,2729,58,10,388.92,1,0,0,0,0,1,1,0,0,0,0,0,0,1,0,1,0
2729,2730,38,7,106.26,0,0,0,0,0,1,1,0,0,1,0,0,0,0,0,0,1
2730,2731,19,5,247.19,0,0,1,0,0,0,0,1,0,0,0,0,0,0,0,0,0
2731,2732,44,6,386.06,1,0,0,0,0,0,0,1,0,0,0,1,0,0,0,1,0
2732,2733,26,7,125.59,1,0,1,0,1,1,1,0,0,1,0,0,0,0,1,0,0
2733,2734,18,4,154.16,0,0,0,1,1,0,1,0,0,0,0,0,0,1,0,1,0
2734,2735,28,11,226.36,1,0,1,1,0,1,1,0,0,0,0,0,0,1,0,1,0
2735,2736,20,4,108.33,0,0,1,0,0,1,1,0,1,0,0,0,0,0,1,0,0
2736,2737,69,2,45.52,1,0,0,0,0,0,1,0,0,0,0,0,0,1,0,1,0
2737,2738,40,11,218.67,0,0,0,0,0,1,0,0,1,0,0,0,0,0,0,0,1
2738,2739,43,1,87.86,1,1,0,0,0,0,0,1,0,1,0,0,0,0,1,0,0
2739,2740,21,5,33.05,0,0,0,0,0,1,1,0,0,0,1,0,0,0,0,1,0
2740,2741,35,14,114.66,0,0,0,0,0,0,1,0,0,1,0,0,0,0,0,1,0
2741,2742,23,5,87.23,0,0,1,0,0,1,1,0,0,0,0,0,0,1,1,0,0
2742,2743,52,15,16.69,0,0,1,1,0,0,1,0,0,0,0,0,0,0,0,0,0
2743,2744,39,7,299.9,1,1,0,0,0,0,0,0,0,0,0,1,0,0,0,0,0
2744,2745,60,9,261.76,0,0,0,0,0,0,1,0,0,0,0,1,0,0,1,0,0
2745,2746,32,4,106.94,0,0,1,0,0,0,1,0,0,1,0,0,0,0,1,0,0
2746,2747,39,10,231.57,0,0,0,1,0,1,0,0,0,0,0,0,0,1,1,0,0
2747,2748,54,14,50.81,0,0,1,0,1,0,0,1,0,0,0,1,0,0,0,0,1
2748,2749,69,15,167.75,1,0,0,1,1,1,0,0,0,0,1,0,0,0,0,1,0
2749,2750,59,15,167.16,1,0,0,1,0,1,1,0,0,0,1,0,0,0,0,1,0
2750,2751,29,13,172.51,0,0,1,0,0,1,0,0,0,0,0,1,0,0,1,0,0
2751,2752,64,2,89.25,0,0,0,0,0,1,0,1,0,0,0,0,0,1,0,0,0
2752,2753,66,10,375.98,0,0,0,0,0,1,0,0,0,0,0,0,0,1,0,0,0
2753,2754,59,6,167.08,0,0,1,0,1,0,1,0,0,0,0,0,1,0,1,0,0
2754,2755,55,8,144.15,1,0,0,0,0,0,0,0,0,0,0,0,1,0,0,0,0
2755,2756,35,2,81.6,0,0,0,0,1,1,1,0,0,0,1,0,0,0,0,1,0
2756,2757,62,5,257.61,0,0,0,0,0,1,0,1,0,0,0,0,0,0,1,0,0
2757,2758,52,13,51.87,0,0,0,0,0,1,0,0,1,0,0,0,0,0,1,0,0
2758,2759,47,9,92.18,0,0,0,0,0,0,1,0,0,0,0,0,1,0,0,1,0
2759,2760,41,10,89.49,1,0,1,1,0,0,0,0,0,0,0,1,0,0,0,0,0
2760,2761,59,7,104.15,1,0,1,0,0,0,1,0,0,0,0,0,1,0,0,0,0
2761,2762,47,13,274.82,0,0,0,0,0,1,1,0,0,0,0,0,0,1,0,1,0
2762,2763,31,15,162.51,0,0,0,0,1,1,1,0,0,0,0,1,0,0,0,1,0
2763,2764,23,11,128.33,0,0,0,0,1,0,1,0,0,0,1,0,0,0,0,1,0
2764,2765,20,4,53.16,1,0,1,0,0,0,1,0,0,0,0,0,0,1,1,0,0
2765,2766,33,4,224.38,0,1,0,1,0,1,0,0,0,0,0,1,0,0,0,0,0
2766,2767,24,7,103.84,1,0,0,0,1,1,1,0,0,1,0,0,0,0,0,0,1
2767,2768,69,12,117.33,1,0,0,0,0,0,0,0,0,0,0,0,1,0,0,1,0
2768,2769,31,10,133.6,0,0,1,0,0,1,1,0,0,0,0,1,0,0,0,0,1
2769,2770,26,5,49.57,0,0,1,0,0,1,1,0,1,0,0,0,0,0,0,0,0
2770,2771,32,5,67.32,1,0,0,1,0,1,0,0,0,0,0,1,0,0,0,1,0
2771,2772,38,4,56.41,0,1,0,0,0,1,0,0,0,1,0,0,0,0,0,1,0
2772,2773,52,9,52.82,0,0,1,0,0,0,0,0,0,0,0,0,0,1,1,0,0
2773,2774,19,12,149.79,0,0,0,0,0,0,0,1,0,0,0,0,1,0,1,0,0
2774,2775,44,11,148.76,0,0,0,0,0,1,1,0,0,1,0,0,0,0,1,0,0
2775,2776,19,4,47.8,1,0,0,0,0,0,0,0,0,0,0,1,0,0,1,0,0
2776,2777,52,3,386.77,0,0,1,0,0,1,1,0,0,0,0,0,0,1,0,1,0
2777,2778,35,9,58.26,0,0,0,1,0,1,0,0,1,0,0,0,0,0,0,1,0
2778,2779,31,8,24.55,0,0,0,1,0,1,1,0,0,1,0,0,0,0,0,1,0
2779,2780,37,10,183.23,1,0,0,0,0,0,1,0,1,0,0,0,0,0,0,1,0
2780,2781,35,4,133.6,0,0,0,1,1,0,1,0,0,0,0,1,0,0,1,0,0
2781,2782,27,3,118.13,0,0,0,0,0,1,0,1,0,0,0,0,0,1,0,0,1
2782,2783,42,11,86.15,1,0,1,0,0,0,1,0,0,0,0,0,0,0,0,1,0
2783,2784,19,8,140.65,0,0,1,0,0,1,0,0,1,0,0,0,0,0,1,0,0
2784,2785,42,5,200.44,0,1,1,0,0,1,1,0,0,0,0,0,1,0,0,1,0
2785,2786,50,10,114.2,0,0,1,0,0,0,1,0,0,1,0,0,0,0,0,1,0
2786,2787,53,3,125.83,0,1,0,1,0,1,0,1,0,0,1,0,0,0,0,1,0
2787,2788,48,15,144.41,1,1,0,0,0,0,0,0,0,0,0,0,0,1,0,1,0
2788,2789,31,14,141.97,0,0,0,1,0,0,1,0,0,1,0,0,0,0,0,1,0
2789,2790,18,6,49.26,0,1,0,0,0,1,1,0,0,0,0,1,0,0,0,0,0
2790,2791,63,4,428.45,1,0,0,1,0,1,1,0,0,0,0,0,0,1,0,0,0
2791,2792,33,12,39.43,0,0,0,0,1,1,0,0,0,0,0,0,0,0,0,0,0
2792,2793,63,11,164.42,0,0,0,0,0,1,0,1,0,0,0,1,0,0,0,0,0
2793,2794,69,4,400.96,1,0,0,0,0,1,0,0,0,0,0,1,0,0,0,0,0
2794,2795,20,7,124.15,0,0,1,0,0,0,0,0,0,0,0,0,0,1,0,0,1
2795,2796,52,15,236.9,1,1,0,0,0,0,0,1,0,0,0,1,0,0,1,0,0
2796,2797,58,13,59.43,1,0,0,1,0,1,0,0,0,0,0,0,0,0,0,0,1
2797,2798,23,3,51.42,1,0,1,0,0,0,0,0,0,0,0,0,0,0,0,0,0
2798,2799,42,3,138.23,0,0,1,0,0,1,1,0,0,0,0,0,1,0,1,0,0
2799,2800,30,10,117.8,0,0,0,0,1,1,0,0,0,0,0,0,0,1,0,1,0
2800,2801,70,8,131.64,0,1,0,0,0,1,0,1,0,0,0,0,1,0,1,0,0
2801,2802,51,6,211.63,0,0,0,0,0,0,1,0,0,0,0,0,1,0,0,1,0
2802,2803,25,15,84.98,0,1,0,1,0,0,1,0,0,0,0,1,0,0,0,1,0
2803,2804,38,3,58.02,0,0,0,1,0,0,0,0,0,0,0,0,0,0,0,1,0
2804,2805,51,8,20.54,1,0,0,0,0,1,0,0,0,1,0,0,0,0,0,0,0
2805,2806,21,8,92.21,0,0,1,0,1,1,1,0,0,1,0,0,0,0,0,0,0
2806,2807,42,3,92.3,0,0,0,0,1,1,1,0,0,0,0,1,0,0,0,0,1
2807,2808,32,10,79.59,0,0,0,1,0,1,1,0,0,0,0,0,0,0,0,1,0
2808,2809,21,11,313.09,0,0,0,0,1,0,0,0,0,1,0,0,0,0,1,0,0
2809,2810,62,10,170.99,1,0,0,0,0,1,1,0,0,0,0,1,0,0,0,0,0
2810,2811,29,9,303.05,0,0,0,0,0,1,0,0,0,0,0,0,1,0,1,0,0
2811,2812,49,15,124.08,0,0,0,0,1,0,1,0,0,0,0,0,0,1,1,0,0
2812,2813,49,13,33.17,0,0,0,0,0,0,1,0,0,0,1,0,0,0,0,0,0
2813,2814,45,12,147.09,0,1,0,1,0,1,0,0,0,0,0,0,0,1,0,0,0
2814,2815,30,7,318.54,0,1,0,0,0,1,1,0,0,0,0,0,0,0,1,0,0
2815,2816,48,6,201.45,1,0,0,0,1,0,0,0,0,0,0,0,0,0,0,0,0
2816,2817,31,14,318.0,0,1,0,0,0,1,1,0,0,0,0,0,0,1,0,0,0
2817,2818,37,5,183.89,0,0,0,1,0,0,1,0,1,0,0,0,0,0,1,0,0
2818,2819,35,8,165.89,0,0,0,1,1,0,0,0,0,0,0,0,0,0,0,1,0
2819,2820,46,9,101.92,0,1,0,0,0,1,0,1,0,0,0,0,0,1,0,0,0
2820,2821,23,14,292.46,1,0,0,0,0,1,1,0,0,0,0,1,0,0,0,1,0
2821,2822,49,7,218.92,0,0,1,1,0,1,0,1,0,0,0,1,0,0,1,0,0
2822,2823,46,7,131.33,0,1,0,0,0,0,0,0,0,0,1,0,0,0,1,0,0
2823,2824,60,13,62.35,1,0,0,0,0,0,0,1,0,1,0,0,0,0,0,1,0
2824,2825,19,2,174.77,1,0,0,0,0,0,0,0,0,0,0,0,0,1,0,0,0
2825,2826,40,4,66.55,0,1,0,0,0,0,1,0,0,0,0,0,0,1,0,0,0
2826,2827,36,12,76.29,0,1,1,0,0,0,0,1,0,0,0,1,0,0,0,0,0
2827,2828,48,15,337.09,0,0,0,0,0,0,0,0,0,0,0,1,0,0,1,0,0
2828,2829,68,10,49.49,0,0,0,0,0,0,0,0,0,0,1,0,0,0,1,0,0
2829,2830,22,12,40.91,0,0,0,0,0,0,1,0,0,0,0,1,0,0,1,0,0
2830,2831,36,4,104.41,1,0,0,0,0,1,1,0,0,0,1,0,0,0,0,0,1
2831,2832,51,4,159.73,0,0,1,0,0,0,1,0,0,0,1,0,0,0,1,0,0
2832,2833,27,9,140.56,0,0,0,0,0,0,0,0,0,1,0,0,0,0,1,0,0
2833,2834,42,6,79.02,0,0,0,0,0,1,1,0,0,0,0,0,0,1,1,0,0
2834,2835,19,2,76.22,0,0,0,0,0,0,0,0,0,0,0,0,0,1,1,0,0
2835,2836,28,4,39.91,0,0,1,0,0,1,0,1,0,1,0,0,0,0,1,0,0
2836,2837,67,9,104.14,1,0,0,1,0,0,1,0,0,0,0,0,0,0,1,0,0
2837,2838,48,6,114.06,0,0,0,0,0,0,1,0,0,0,0,0,0,1,0,1,0
2838,2839,32,11,84.32,0,0,1,0,0,0,0,0,0,1,0,0,0,0,0,0,1
2839,2840,26,8,130.54,0,0,0,0,0,0,0,1,0,1,0,0,0,0,1,0,0
2840,2841,40,1,85.18,0,0,0,1,0,1,1,0,0,0,0,0,0,1,0,1,0
2841,2842,36,14,131.46,0,1,1,1,0,1,0,1,0,1,0,0,0,0,1,0,0
2842,2843,26,13,131.0,0,0,0,1,0,0,0,0,0,0,0,0,0,1,0,0,0
2843,2844,52,14,133.32,1,0,1,0,1,0,1,0,0,1,0,0,0,0,1,0,0
2844,2845,38,15,174.72,0,0,0,1,0,1,1,0,0,0,0,0,0,1,0,0,1
2845,2846,26,5,184.14,1,0,0,0,1,0,0,0,0,0,0,0,1,0,0,1,0
2846,2847,45,5,236.78,0,0,0,0,0,1,1,0,0,0,0,0,0,1,1,0,0
2847,2848,63,3,146.95,0,0,0,0,0,0,0,0,1,0,0,0,0,0,1,0,0
2848,2849,68,7,24.42,1,1,0,0,0,1,0,0,0,0,0,1,0,0,1,0,0
2849,2850,24,10,79.91,0,1,0,0,0,0,0,0,0,0,0,0,0,0,0,0,0
2850,2851,33,13,119.67,0,0,0,0,1,0,1,0,0,0,0,0,0,0,0,1,0
2851,2852,33,1,288.39,0,0,1,0,0,1,1,0,0,1,0,0,0,0,0,0,0
2852,2853,50,8,74.09,0,1,0,0,0,1,1,0,0,0,0,0,0,1,0,1,0
2853,2854,21,8,109.97,0,1,0,0,0,1,0,0,0,0,0,0,1,0,0,0,0
2854,2855,21,3,133.03,0,1,0,0,1,1,1,0,1,0,0,0,0,0,1,0,0
2855,2856,56,6,109.62,0,0,0,0,0,1,0,1,0,0,1,0,0,0,0,0,1
2856,2857,57,11,231.99,0,1,0,1,0,0,0,0,0,0,0,1,0,0,0,1,0
2857,2858,34,1,53.76,0,0,0,0,1,1,0,0,0,1,0,0,0,0,0,1,0
2858,2859,54,15,358.69,0,1,1,0,0,0,1,0,0,0,0,0,0,0,1,0,0
2859,2860,56,13,72.24,1,0,0,1,0,1,1,0,0,0,0,1,0,0,0,0,0
2860,2861,69,8,162.05,0,0,1,0,0,1,1,0,0,0,0,0,1,0,0,0,1
2861,2862,46,7,164.52,0,0,0,0,1,0,1,0,0,1,0,0,0,0,1,0,0
2862,2863,69,5,166.83,0,0,0,0,0,0,0,0,1,0,0,0,0,0,1,0,0
2863,2864,53,7,212.41,0,0,0,0,0,0,1,0,0,1,0,0,0,0,0,1,0
2864,2865,55,15,104.97,0,0,0,0,0,0,1,0,0,0,0,0,0,0,0,1,0
2865,2866,56,5,251.16,1,0,0,0,0,1,0,0,0,0,1,0,0,0,0,0,0
2866,2867,67,15,123.56,1,0,0,0,0,0,0,0,0,0,1,0,0,0,0,1,0
2867,2868,54,15,76.39,1,0,1,0,1,0,1,0,0,0,0,1,0,0,1,0,0
2868,2869,69,8,133.27,0,0,1,0,0,1,1,0,0,1,0,0,0,0,0,0,0
2869,2870,52,2,219.06,0,0,0,1,0,1,1,0,0,0,0,0,0,1,0,0,0
2870,2871,24,6,76.9,0,0,1,1,0,1,0,1,0,0,0,0,0,1,1,0,0
2871,2872,44,5,500.0,0,0,0,0,0,1,0,0,0,0,0,1,0,0,0,0,0
2872,2873,45,10,33.06,0,1,1,1,0,1,0,1,0,0,0,0,0,0,0,0,0
2873,2874,39,4,201.65,0,0,1,1,0,1,1,0,0,0,0,0,0,0,1,0,0
2874,2875,31,11,57.68,0,1,1,0,1,1,1,0,0,0,0,0,0,0,0,0,0
2875,2876,24,13,34.19,0,0,0,1,0,1,0,1,0,0,0,0,0,0,0,1,0
2876,2877,54,9,46.61,0,0,0,1,0,0,1,0,0,0,0,0,0,0,0,0,0
2877,2878,39,4,92.06,1,0,0,0,0,0,0,0,1,0,0,0,0,0,0,0,0
2878,2879,22,6,97.2,0,0,1,1,0,1,0,1,0,0,0,0,0,1,0,0,0
2879,2880,19,6,43.44,0,0,1,0,0,1,1,0,0,0,0,0,1,0,0,1,0
2880,2881,44,6,127.29,0,0,1,0,0,1,1,0,0,1,0,0,0,0,0,1,0
2881,2882,38,13,120.94,0,0,0,0,0,1,0,1,0,0,0,1,0,0,0,0,0
2882,2883,55,4,122.49,0,0,0,0,0,1,1,0,0,0,1,0,0,0,0,1,0
2883,2884,32,14,164.16,0,1,1,1,0,1,1,0,0,1,0,0,0,0,1,0,0
2884,2885,38,13,56.17,0,1,1,0,0,1,1,0,0,0,0,0,0,1,1,0,0
2885,2886,27,8,185.19,0,0,1,0,0,1,1,0,0,0,0,0,0,1,1,0,0
2886,2887,40,5,79.01,1,0,0,1,0,0,0,0,0,0,0,0,0,1,0,1,0
2887,2888,56,15,143.37,0,0,0,0,0,0,1,0,0,0,0,1,0,0,0,1,0
2888,2889,22,3,74.64,0,1,0,0,1,1,0,0,0,0,0,0,0,1,1,0,0
2889,2890,18,6,41.9,0,0,0,0,0,0,1,0,0,0,0,0,0,1,1,0,0
2890,2891,30,8,385.1,0,0,0,0,0,1,0,1,0,0,0,1,0,0,1,0,0
2891,2892,38,11,172.05,0,0,0,0,0,0,0,0,0,0,0,0,0,0,0,0,0
2892,2893,43,10,43.53,1,0,0,0,0,1,0,0,0,1,0,0,0,0,0,0,0
2893,2894,67,10,119.43,0,1,0,0,0,1,0,0,0,0,0,0,0,0,1,0,0
2894,2895,62,13,81.79,0,0,0,0,0,1,1,0,0,0,0,1,0,0,0,0,1
2895,2896,38,2,53.41,0,0,0,0,0,0,0,1,0,0,0,0,0,1,0,0,1
2896,2897,70,11,78.08,0,0,1,1,0,1,1,0,0,0,0,0,0,0,0,0,1
2897,2898,35,10,117.33,1,1,0,1,1,1,0,0,0,0,0,0,1,0,0,0,1
2898,2899,54,13,136.56,0,0,1,0,0,0,1,0,0,1,0,0,0,0,1,0,0
2899,2900,62,5,173.8,0,1,0,0,0,1,1,0,0,0,0,0,1,0,0,1,0
2900,2901,49,3,70.56,0,0,0,0,0,0,0,0,0,0,0,0,1,0,1,0,0
2901,2902,53,8,71.55,0,0,1,0,0,0,1,0,0,0,0,0,1,0,0,1,0
2902,2903,34,10,156.42,1,0,0,0,0,0,0,0,0,0,0,1,0,0,0,1,0
2903,2904,52,8,161.27,1,0,0,0,1,1,1,0,0,0,0,1,0,0,1,0,0
2904,2905,66,8,139.08,1,0,1,0,0,1,0,0,0,0,0,0,1,0,1,0,0
2905,2906,28,14,78.3,1,0,0,0,0,1,0,0,0,0,0,1,0,0,1,0,0
2906,2907,38,4,72.46,0,0,1,1,0,0,0,1,0,0,0,0,0,0,0,0,0
2907,2908,69,15,91.14,0,0,0,0,0,0,1,0,0,0,0,0,0,1,0,0,0
2908,2909,70,15,102.2,1,0,0,0,1,1,0,0,0,1,0,0,0,0,0,0,1
2909,2910,43,10,94.18,0,1,0,0,0,1,0,1,0,0,0,0,0,1,1,0,0
2910,2911,21,3,121.06,0,0,1,0,0,1,1,0,0,1,0,0,0,0,0,0,0
2911,2912,51,6,122.97,1,0,0,0,1,0,0,0,0,0,0,0,0,0,1,0,0
2912,2913,69,15,161.1,0,0,0,1,0,0,1,0,0,0,1,0,0,0,0,0,1
2913,2914,65,3,266.97,1,0,1,0,0,1,0,1,0,0,1,0,0,0,0,0,0
2914,2915,35,9,138.61,0,0,0,0,1,1,1,0,0,0,0,0,1,0,0,1,0
2915,2916,57,3,200.87,1,0,0,1,0,0,0,0,0,0,1,0,0,0,0,0,0
2916,2917,52,4,243.39,1,0,1,0,0,0,1,0,0,0,1,0,0,0,0,0,0
2917,2918,58,14,279.24,0,0,0,0,0,1,1,0,1,0,0,0,0,0,0,1,0
2918,2919,46,14,130.52,0,0,0,0,0,0,1,0,0,0,0,0,0,1,0,0,0
2919,2920,69,9,54.94,1,0,0,1,0,1,0,0,0,1,0,0,0,0,0,0,0
2920,2921,46,10,38.75,0,0,1,0,1,0,1,0,0,0,0,0,0,0,0,1,0
2921,2922,55,9,215.68,1,0,1,1,0,0,0,0,0,0,0,0,0,1,0,1,0
2922,2923,59,4,183.06,0,0,1,0,0,1,1,0,0,0,0,0,1,0,0,0,1
2923,2924,38,2,500.0,0,1,0,0,0,0,0,1,0,0,0,0,0,1,1,0,0
2924,2925,59,14,212.75,0,1,0,0,0,1,0,0,0,1,0,0,0,0,0,0,0
2925,2926,30,14,108.56,1,1,1,0,0,1,0,0,0,0,0,0,0,1,0,0,0
2926,2927,66,5,116.53,0,1,0,1,0,0,1,0,0,0,0,0,0,0,0,0,0
2927,2928,58,2,282.14,1,0,0,0,1,0,1,0,0,0,0,1,0,0,1,0,0
2928,2929,34,8,25.56,0,0,0,1,0,1,0,0,0,0,0,1,0,0,1,0,0
2929,2930,26,10,315.1,0,0,1,0,0,0,1,0,0,1,0,0,0,0,0,0,1
2930,2931,58,1,141.65,0,0,1,0,0,0,0,1,0,0,0,1,0,0,1,0,0
2931,2932,18,2,388.07,0,0,0,0,0,0,1,0,0,0,0,1,0,0,0,0,1
2932,2933,19,8,41.13,0,0,1,0,0,1,1,0,0,0,0,0,1,0,0,1,0
2933,2934,65,9,323.42,0,0,0,0,0,1,0,0,0,1,0,0,0,0,0,0,1
2934,2935,46,10,70.38,0,1,1,1,0,1,0,1,0,0,0,0,0,1,1,0,0
2935,2936,50,12,88.62,0,0,0,0,0,0,0,0,0,0,0,0,0,1,0,1,0
2936,2937,27,5,283.74,0,0,0,1,0,1,0,0,0,0,0,0,1,0,0,1,0
2937,2938,67,5,76.4,0,1,0,0,0,1,0,0,0,1,0,0,0,0,0,0,0
2938,2939,57,3,26.29,0,1,1,0,0,1,1,0,0,0,0,0,0,1,0,1,0
2939,2940,38,8,168.52,0,0,1,0,0,1,0,1,0,0,0,0,0,1,1,0,0
2940,2941,45,12,128.03,0,0,0,0,0,1,0,0,0,0,0,0,1,0,1,0,0
2941,2942,28,6,96.28,0,0,1,0,0,1,1,0,0,0,0,1,0,0,0,0,0
2942,2943,51,10,160.15,0,0,1,0,0,1,1,0,0,0,0,0,0,0,0,1,0
2943,2944,25,13,77.5,0,0,1,0,0,0,1,0,0,0,0,1,0,0,0,0,1
2944,2945,39,2,194.8,1,0,0,0,0,0,1,0,0,0,0,0,0,1,0,1,0
2945,2946,25,12,121.91,0,0,0,1,0,0,0,0,0,1,0,0,0,0,0,1,0
2946,2947,66,12,126.02,1,1,1,1,0,0,0,0,0,1,0,0,0,0,0,0,0
2947,2948,32,5,217.19,0,0,0,0,0,0,0,1,0,1,0,0,0,0,0,0,1
2948,2949,34,4,71.34,0,0,1,0,0,1,1,0,1,0,0,0,0,0,1,0,0
2949,2950,40,11,46.13,0,0,1,0,0,0,0,0,0,0,0,1,0,0,0,0,0
2950,2951,41,11,76.59,0,1,0,0,1,1,1,0,0,0,0,1,0,0,0,0,0
2951,2952,62,9,122.09,0,1,1,0,0,1,0,1,0,0,0,0,0,1,0,0,0
2952,2953,36,5,110.08,0,0,1,0,0,0,1,0,0,0,0,0,0,1,0,1,0
2953,2954,22,8,103.02,1,0,1,0,0,1,0,0,0,0,0,0,0,1,1,0,0
2954,2955,49,3,122.67,1,0,0,0,0,1,1,0,0,0,0,1,0,0,0,1,0
2955,2956,61,5,107.24,0,1,0,0,0,0,1,0,0,1,0,0,0,0,0,0,0
2956,2957,18,9,97.48,0,0,0,0,1,0,0,0,0,1,0,0,0,0,0,0,0
2957,2958,40,3,189.11,1,0,0,0,0,0,0,0,0,0,0,1,0,0,0,1,0
2958,2959,54,13,369.51,1,1,0,1,0,1,1,0,0,0,1,0,0,0,0,0,1
2959,2960,25,13,48.74,0,0,0,0,0,0,1,0,0,0,0,0,0,1,0,0,0
2960,2961,30,6,285.72,0,0,1,1,0,1,0,0,0,0,0,0,0,1,0,1,0
2961,2962,25,11,53.24,0,0,0,0,0,1,0,0,0,0,0,0,0,1,1,0,0
2962,2963,40,10,317.86,1,0,0,0,0,0,0,0,0,0,0,1,0,0,0,1,0
2963,2964,60,6,460.08,0,0,0,1,0,1,0,0,0,0,0,0,0,1,0,1,0
2964,2965,18,11,49.43,0,1,1,0,0,0,0,0,0,0,0,1,0,0,0,0,0
2965,2966,62,8,138.49,1,0,0,1,0,1,1,0,0,0,0,1,0,0,0,1,0
2966,2967,68,6,133.33,0,0,0,0,0,0,1,0,0,0,0,0,0,1,0,0,1
2967,2968,41,8,73.22,1,0,0,1,0,1,1,0,0,0,0,0,0,1,0,1,0
2968,2969,52,4,114.45,1,0,1,0,1,0,1,0,0,1,0,0,0,0,0,1,0
2969,2970,41,6,409.31,0,0,0,0,0,1,0,0,0,0,0,0,0,1,1,0,0
2970,2971,34,10,98.17,0,0,1,1,0,1,1,0,0,0,0,0,0,1,0,1,0
2971,2972,22,5,119.18,0,1,0,0,1,0,0,0,0,0,0,0,0,0,0,0,1
2972,2973,37,3,120.98,0,0,0,0,0,1,0,0,0,0,0,1,0,0,0,0,0
2973,2974,38,2,59.92,0,0,0,1,0,0,0,0,0,0,0,0,0,1,0,1,0
2974,2975,57,12,99.12,0,0,0,0,0,1,0,1,0,0,0,0,0,0,0,1,0
2975,2976,48,15,147.97,0,0,0,0,0,1,0,0,0,0,0,0,0,1,0,0,0
2976,2977,63,1,176.36,1,0,0,1,0,0,0,1,0,0,0,1,0,0,0,0,0
2977,2978,53,8,171.41,1,0,0,0,0,0,0,0,0,0,0,0,1,0,0,1,0
2978,2979,28,2,133.97,0,1,1,0,0,0,1,0,0,0,0,0,1,0,1,0,0
2979,2980,69,7,71.04,0,0,0,0,0,1,1,0,0,1,0,0,0,0,0,0,0
2980,2981,32,5,83.19,0,0,0,1,0,0,0,0,0,0,0,0,0,0,0,0,0
2981,2982,36,1,183.36,0,0,0,0,0,0,0,0,0,0,0,0,1,0,0,1,0
2982,2983,24,9,268.95,0,0,0,0,0,0,0,1,0,0,0,0,0,1,0,0,0
2983,2984,68,7,86.82,0,0,0,0,1,0,1,0,0,0,0,1,0,0,0,1,0
2984,2985,45,9,143.44,0,0,0,0,0,1,0,0,0,0,0,0,1,0,0,1,0
2985,2986,68,11,151.94,0,1,0,0,0,0,0,0,0,1,0,0,0,0,0,0,1
2986,2987,60,6,118.55,1,0,0,0,0,1,0,1,0,0,0,0,0,0,0,0,0
2987,2988,22,7,40.2,0,0,0,1,0,1,0,1,0,0,0,1,0,0,0,1,0
2988,2989,22,8,97.67,0,0,1,1,0,1,1,0,0,0,0,0,0,1,0,1,0
2989,2990,47,2,64.01,0,1,1,0,0,0,0,0,0,1,0,0,0,0,0,0,0
2990,2991,49,15,112.25,0,0,1,0,0,1,1,0,0,0,0,0,0,1,1,0,0
2991,2992,25,5,112.36,0,1,0,0,0,1,0,0,0,0,0,0,0,1,0,1,0
2992,2993,27,4,85.16,1,0,1,0,1,0,1,0,0,0,0,0,0,1,0,0,0
2993,2994,55,6,193.06,1,0,0,0,0,0,1,0,0,1,0,0,0,0,0,0,0
2994,2995,64,12,32.49,1,1,0,0,1,0,0,0,0,0,0,0,0,1,0,0,1
2995,2996,49,5,90.99,0,0,0,0,0,0,1,0,0,0,0,1,0,0,0,1,0
2996,2997,65,12,85.25,1,1,0,0,0,0,0,1,0,1,0,0,0,0,1,0,0
2997,2998,45,14,128.63,0,0,0,1,0,1,1,0,0,0,0,0,0,1,0,1,0
2998,2999,34,11,49.03,0,0,0,0,0,0,0,0,0,0,0,0,0,1,0,0,0
2999,3000,48,6,134.8,0,0,1,0,0,1,0,0,0,0,0,0,0,1,0,0,0
3000,3001,25,11,119.71,1,0,0,0,0,1,0,0,0,1,0,0,0,0,0,1,0
3001,3002,57,15,139.76,0,0,0,0,0,0,0,0,0,0,0,0,0,1,0,0,0
3002,3003,42,5,178.27,0,1,1,0,0,1,1,0,0,0,0,1,0,0,0,0,0
3003,3004,26,3,24.03,0,1,0,0,1,0,1,0,0,1,0,0,0,0,0,0,0
3004,3005,19,15,76.74,0,0,0,1,0,1,0,0,0,1,0,0,0,0,0,1,0
3005,3006,32,2,373.73,0,0,0,0,0,0,0,0,0,0,0,1,0,0,0,1,0
3006,3007,67,13,98.06,1,0,0,1,0,1,0,0,0,0,0,0,0,0,0,1,0
3007,3008,20,8,406.95,0,0,1,0,1,1,1,0,0,0,0,0,0,0,0,1,0
3008,3009,66,9,52.62,1,0,0,0,1,0,1,0,0,0,0,0,1,0,1,0,0
3009,3010,53,1,90.46,1,0,0,1,0,0,1,0,0,0,0,0,0,1,0,0,0
3010,3011,21,5,252.61,0,0,1,0,0,1,1,0,0,0,1,0,0,0,0,1,0
3011,3012,31,15,82.23,0,0,0,1,0,0,1,0,1,0,0,0,0,0,1,0,0
3012,3013,58,15,66.47,0,0,0,0,0,1,1,0,0,0,0,0,0,1,0,0,0
3013,3014,58,15,259.04,1,1,1,0,0,1,0,0,1,0,0,0,0,0,0,0,1
3014,3015,42,11,54.05,0,0,0,0,0,0,1,0,0,0,0,0,1,0,1,0,0
3015,3016,67,3,57.89,0,0,0,1,0,0,0,0,0,0,1,0,0,0,1,0,0
3016,3017,27,12,201.31,1,0,0,0,0,0,0,0,0,0,0,1,0,0,0,1,0
3017,3018,38,12,180.02,0,0,0,0,0,0,0,1,0,0,0,1,0,0,1,0,0
3018,3019,53,11,190.21,1,1,0,1,0,1,0,0,0,0,0,0,0,1,1,0,0
3019,3020,29,14,65.58,0,0,0,0,1,1,1,0,0,0,0,0,0,0,1,0,0
3020,3021,44,5,128.52,0,0,1,0,1,0,1,0,0,0,0,0,0,1,0,1,0
3021,3022,57,5,182.09,1,0,0,0,0,0,0,0,0,1,0,0,0,0,1,0,0
3022,3023,19,13,148.47,0,1,0,1,0,0,0,0,0,0,1,0,0,0,1,0,0
3023,3024,30,14,158.72,0,1,0,0,0,0,1,0,0,0,0,0,0,1,0,0,0
3024,3025,70,10,330.36,0,0,0,0,0,1,0,0,0,0,0,1,0,0,1,0,0
3025,3026,49,10,98.69,0,0,0,0,0,0,0,0,0,0,0,0,0,1,0,1,0
3026,3027,48,11,202.53,0,1,0,0,1,1,0,1,0,0,0,0,0,1,1,0,0
3027,3028,33,4,121.57,0,0,0,0,0,1,1,0,0,0,0,0,0,0,1,0,0
3028,3029,49,5,79.55,0,0,1,1,0,1,0,0,0,0,0,0,0,1,0,1,0
3029,3030,49,4,156.33,0,0,0,0,0,0,0,0,0,0,1,0,0,0,1,0,0
3030,3031,51,14,66.58,0,1,1,0,0,1,1,0,0,0,0,0,0,1,1,0,0
3031,3032,28,1,155.31,0,0,0,0,0,1,0,0,0,0,0,0,0,1,0,1,0
3032,3033,27,12,25.97,1,0,0,0,0,1,0,0,0,0,0,0,0,1,0,1,0
3033,3034,32,2,62.07,0,0,0,0,1,0,1,0,0,1,0,0,0,0,1,0,0
3034,3035,34,1,459.85,0,0,1,1,0,0,0,0,0,0,0,0,0,1,0,0,0
3035,3036,57,9,258.07,0,0,0,0,0,1,1,0,0,0,0,0,0,0,0,0,0
3036,3037,35,15,382.33,0,0,1,0,0,0,1,0,0,0,0,0,0,0,1,0,0
3037,3038,26,3,197.15,0,0,0,1,0,0,0,0,0,0,0,0,0,1,0,0,1
3038,3039,42,9,286.34,1,0,1,0,0,1,0,0,0,0,0,0,0,1,0,0,0
3039,3040,57,15,82.73,0,0,0,1,0,0,1,0,0,0,0,0,1,0,0,1,0
3040,3041,31,11,217.05,0,1,1,0,0,0,1,0,0,0,0,0,0,0,1,0,0
3041,3042,42,2,99.27,0,1,1,0,0,0,0,0,0,1,0,0,0,0,1,0,0
3042,3043,67,9,104.62,0,0,0,0,0,1,0,0,0,0,0,1,0,0,1,0,0
3043,3044,39,11,47.99,0,1,0,1,0,0,0,1,0,0,0,1,0,0,0,1,0
3044,3045,69,9,160.88,1,0,0,1,0,1,0,0,0,0,0,0,1,0,0,0,0
3045,3046,47,15,86.27,0,0,0,0,0,0,0,1,0,0,0,0,1,0,0,0,0
3046,3047,37,4,43.45,1,0,1,0,0,0,0,0,0,0,0,0,0,1,1,0,0
3047,3048,38,4,154.98,0,0,1,0,0,1,0,0,0,0,0,0,0,1,0,1,0
3048,3049,61,5,125.97,0,0,0,0,0,0,1,0,0,1,0,0,0,0,0,0,1
3049,3050,49,12,320.11,0,0,0,0,1,1,0,0,1,0,0,0,0,0,0,0,0
3050,3051,68,1,95.54,0,1,0,0,0,0,0,0,0,0,0,0,0,1,1,0,0
3051,3052,63,5,95.57,1,0,0,0,0,0,0,0,0,0,0,0,0,0,0,0,0
3052,3053,66,13,242.19,0,0,1,0,0,0,0,1,0,0,0,1,0,0,1,0,0
3053,3054,38,6,133.29,0,1,0,1,1,0,0,0,0,0,0,0,0,0,0,0,1
3054,3055,52,4,108.12,0,0,0,0,0,1,1,0,0,0,0,0,0,1,0,0,1
3055,3056,49,8,117.73,0,0,1,0,0,1,1,0,0,1,0,0,0,0,0,0,1
3056,3057,47,15,245.58,1,1,0,0,0,0,1,0,0,0,0,0,0,1,0,1,0
3057,3058,56,15,182.65,1,1,0,0,0,1,1,0,0,0,0,0,0,1,0,0,0
3058,3059,66,14,33.5,1,0,0,0,0,1,0,0,0,0,0,0,0,1,0,1,0
3059,3060,29,14,221.2,0,1,0,0,0,0,0,0,0,0,0,1,0,0,0,0,0
3060,3061,58,3,175.1,1,1,0,0,1,0,0,0,1,0,0,0,0,0,0,1,0
3061,3062,64,11,149.52,0,0,0,1,0,1,0,0,0,0,0,1,0,0,1,0,0
3062,3063,35,9,90.77,0,0,0,0,0,1,0,0,0,0,0,1,0,0,1,0,0
3063,3064,38,13,327.58,1,0,0,0,0,1,0,0,0,0,0,0,0,0,0,0,0
3064,3065,30,7,166.84,1,0,1,0,0,1,0,1,0,0,0,0,0,1,1,0,0
3065,3066,38,8,193.45,0,0,0,1,0,1,0,1,0,0,0,0,0,1,0,1,0
3066,3067,25,7,79.99,0,0,0,0,0,0,0,0,0,1,0,0,0,0,1,0,0
3067,3068,63,9,49.77,1,0,0,0,0,0,0,0,0,0,0,0,1,0,0,1,0
3068,3069,57,2,105.49,0,0,0,0,0,0,0,0,0,0,1,0,0,0,0,0,0
3069,3070,63,15,44.11,1,0,0,1,0,1,0,0,0,1,0,0,0,0,0,0,0
3070,3071,24,15,159.56,0,0,1,0,0,1,0,0,0,1,0,0,0,0,1,0,0
3071,3072,40,4,97.52,0,0,0,1,0,1,0,1,0,1,0,0,0,0,0,0,1
3072,3073,61,2,142.08,0,0,0,0,0,1,0,0,0,1,0,0,0,0,0,1,0
3073,3074,49,8,325.49,0,0,0,0,0,1,0,0,0,0,0,1,0,0,0,1,0
3074,3075,28,2,70.01,1,0,1,0,0,1,0,0,0,0,0,1,0,0,1,0,0
3075,3076,39,8,167.62,0,0,0,0,0,0,0,1,0,0,0,0,1,0,0,0,0
3076,3077,39,6,248.44,1,1,1,0,0,1,0,1,0,0,0,1,0,0,0,0,0
3077,3078,60,8,124.29,0,0,0,0,1,1,1,0,0,1,0,0,0,0,0,1,0
3078,3079,42,11,103.56,0,1,0,0,0,0,1,0,0,0,1,0,0,0,1,0,0
3079,3080,39,15,108.78,0,0,0,0,0,1,0,0,0,0,0,1,0,0,0,1,0
3080,3081,45,13,250.2,0,1,0,1,0,1,0,0,0,1,0,0,0,0,0,0,0
3081,3082,46,8,212.22,0,0,0,0,0,0,1,0,0,1,0,0,0,0,0,1,0
3082,3083,30,15,120.09,0,0,1,0,0,0,1,0,0,0,0,0,1,0,0,0,1
3083,3084,35,12,110.85,1,0,0,0,0,1,0,0,0,1,0,0,0,0,0,1,0
3084,3085,19,9,286.04,1,0,0,0,0,1,0,0,0,0,0,0,0,0,1,0,0
3085,3086,46,4,183.63,0,1,1,0,0,1,1,0,0,0,0,0,0,1,0,1,0
3086,3087,38,1,72.87,0,0,1,0,0,0,0,0,0,0,0,0,1,0,0,0,0
3087,3088,32,11,84.23,0,0,0,0,0,0,1,0,0,0,0,0,0,0,0,0,1
3088,3089,69,13,70.49,1,0,0,0,0,0,0,0,0,0,0,0,0,0,0,1,0
3089,3090,44,10,34.74,0,0,1,1,0,0,0,0,1,0,0,0,0,0,0,0,1
3090,3091,67,9,116.88,1,0,1,0,0,0,1,0,1,0,0,0,0,0,0,0,1
3091,3092,48,1,226.57,0,0,0,1,0,1,0,1,0,0,0,0,1,0,1,0,0
3092,3093,32,13,145.47,0,0,1,1,0,0,0,0,0,0,0,0,0,1,0,1,0
3093,3094,68,10,279.43,1,0,1,0,0,0,0,0,0,1,0,0,0,0,1,0,0
3094,3095,40,6,136.12,0,1,1,0,0,0,0,0,0,1,0,0,0,0,0,0,1
3095,3096,41,14,238.74,0,0,1,0,0,0,1,0,0,0,0,0,0,1,0,0,1
3096,3097,61,12,270.43,0,0,1,1,1,1,1,0,1,0,0,0,0,0,1,0,0
3097,3098,30,12,332.87,0,0,0,0,0,1,0,0,1,0,0,0,0,0,0,0,0
3098,3099,39,12,146.09,1,0,0,1,0,1,0,0,0,0,0,0,0,0,1,0,0
3099,3100,60,15,151.53,0,1,0,1,0,0,0,1,0,0,0,0,0,1,0,0,0
3100,3101,54,5,175.18,1,0,1,0,0,0,1,0,0,0,0,0,0,1,0,0,0
3101,3102,50,15,146.88,0,1,1,0,1,0,1,0,0,1,0,0,0,0,1,0,0
3102,3103,20,15,154.87,0,0,1,0,0,0,0,0,0,0,0,0,0,1,1,0,0
3103,3104,36,11,122.8,0,0,0,1,0,1,0,0,0,0,0,1,0,0,1,0,0
3104,3105,40,2,41.48,0,1,1,0,0,0,1,0,0,0,0,1,0,0,1,0,0
3105,3106,46,4,205.43,0,1,0,0,0,1,1,0,1,0,0,0,0,0,0,1,0
3106,3107,47,12,47.32,0,0,1,0,1,0,1,0,0,0,0,0,0,1,0,0,0
3107,3108,56,13,42.86,0,0,1,1,0,1,0,0,0,1,0,0,0,0,0,0,0
3108,3109,61,13,92.45,0,0,0,1,1,1,1,0,1,0,0,0,0,0,0,1,0
3109,3110,64,11,54.37,1,1,0,0,1,1,1,0,0,0,0,0,0,0,0,0,0
3110,3111,42,5,222.13,0,1,0,1,0,1,0,1,0,0,0,0,0,1,0,0,1
3111,3112,54,7,59.13,0,1,0,0,0,1,0,0,0,0,0,0,0,1,0,0,0
3112,3113,64,15,77.34,0,0,0,0,0,1,1,0,0,0,0,0,1,0,0,0,0
3113,3114,25,14,64.56,0,0,1,0,0,0,1,0,0,0,0,1,0,0,0,0,0
3114,3115,59,15,235.66,0,0,0,0,0,0,0,1,1,0,0,0,0,0,1,0,0
3115,3116,33,3,20.21,0,1,0,0,0,1,1,0,0,0,0,0,0,1,0,0,0
3116,3117,25,8,69.75,0,0,0,0,0,1,0,1,0,0,0,0,1,0,0,0,0
3117,3118,18,3,351.06,1,0,0,0,0,0,0,1,0,0,0,1,0,0,0,1,0
3118,3119,61,1,78.64,1,1,1,0,0,0,0,0,0,0,0,0,0,1,0,0,0
3119,3120,22,14,101.7,0,0,1,0,1,1,1,0,0,0,1,0,0,0,1,0,0
3120,3121,20,9,166.81,0,0,1,0,0,0,1,0,0,0,0,0,0,0,1,0,0
3121,3122,18,11,170.08,1,0,0,0,0,0,0,0,1,0,0,0,0,0,0,1,0
3122,3123,21,11,50.01,0,0,0,0,0,0,0,0,1,0,0,0,0,0,0,0,1
3123,3124,57,9,50.87,1,0,0,0,0,1,0,0,0,1,0,0,0,0,0,1,0
3124,3125,52,10,117.31,0,0,1,0,0,0,1,0,0,0,0,0,0,0,0,1,0
3125,3126,49,1,132.26,0,0,1,1,0,1,0,0,0,1,0,0,0,0,1,0,0
3126,3127,59,12,152.41,0,0,0,1,0,0,0,1,0,0,0,1,0,0,1,0,0
3127,3128,51,9,75.28,1,0,0,0,0,1,1,0,0,0,0,1,0,0,0,1,0
3128,3129,60,9,275.6,0,0,0,0,0,1,1,0,0,0,0,0,1,0,1,0,0
3129,3130,42,4,103.57,1,0,0,0,0,0,0,0,0,0,0,0,0,1,0,1,0
3130,3131,27,15,123.38,0,0,1,0,0,1,1,0,0,0,0,1,0,0,0,0,1
3131,3132,38,13,319.32,0,0,0,0,1,0,1,0,0,1,0,0,0,0,1,0,0
3132,3133,63,13,263.59,1,1,0,0,0,0,0,0,0,0,0,0,0,1,0,1,0
3133,3134,56,12,91.08,0,0,0,1,0,1,1,0,0,0,0,0,1,0,0,1,0
3134,3135,44,9,242.2,0,0,0,1,0,0,1,0,0,0,0,0,0,1,0,0,0
3135,3136,44,5,108.06,0,0,0,0,0,1,0,0,0,0,0,0,0,1,1,0,0
3136,3137,19,15,101.56,0,0,1,0,1,0,1,0,0,0,0,0,0,1,1,0,0
3137,3138,58,12,346.92,1,0,0,0,0,0,0,0,0,1,0,0,0,0,0,0,1
3138,3139,65,4,192.29,0,0,1,0,0,0,1,0,0,1,0,0,0,0,0,0,0
3139,3140,30,15,232.14,0,0,1,0,0,1,1,0,0,0,0,1,0,0,1,0,0
3140,3141,26,5,83.49,0,1,0,0,0,0,0,0,0,0,0,1,0,0,0,0,0
3141,3142,69,11,236.84,0,1,0,0,0,1,1,0,0,1,0,0,0,0,0,0,0
3142,3143,53,4,367.26,1,0,0,0,1,0,1,0,0,1,0,0,0,0,1,0,0
3143,3144,39,6,24.42,0,0,0,1,0,0,1,0,0,0,0,0,0,1,0,1,0
3144,3145,59,10,16.95,1,0,0,0,0,1,0,0,0,0,0,1,0,0,0,1,0
3145,3146,43,8,33.16,0,0,0,0,1,1,0,0,0,1,0,0,0,0,1,0,0
3146,3147,29,7,138.81,0,0,0,0,0,0,0,0,0,0,0,0,0,1,0,0,0
3147,3148,34,12,110.46,0,1,0,1,0,1,0,1,0,0,0,0,0,1,0,0,1
3148,3149,31,8,240.46,1,0,0,1,0,0,0,0,0,1,0,0,0,0,0,1,0
3149,3150,31,14,18.74,0,0,0,1,0,1,1,0,0,0,0,1,0,0,0,0,0
3150,3151,51,7,90.38,1,0,0,0,0,1,0,1,0,0,0,0,0,1,0,0,0
3151,3152,70,8,283.47,0,0,0,0,0,1,1,0,0,0,0,0,0,1,0,0,0
3152,3153,37,12,192.1,0,0,0,1,0,1,1,0,0,0,0,0,0,1,0,0,1
3153,3154,28,7,163.87,0,0,0,0,0,0,0,1,0,0,1,0,0,0,0,0,0
3154,3155,33,2,28.38,1,0,1,0,0,1,0,0,0,0,0,1,0,0,0,0,0
3155,3156,68,3,232.27,1,0,0,0,0,1,0,0,0,0,0,0,0,1,0,0,0
3156,3157,48,1,203.28,0,0,0,0,0,0,0,0,0,0,0,0,0,1,1,0,0
3157,3158,23,15,96.0,0,0,0,0,0,0,0,0,1,0,0,0,0,0,0,0,0
3158,3159,36,4,115.75,0,1,1,1,1,1,1,0,0,0,0,0,0,1,1,0,0
3159,3160,54,10,126.63,1,0,1,0,0,1,0,0,0,0,1,0,0,0,1,0,0
3160,3161,21,6,154.61,1,0,0,0,0,0,1,0,0,0,0,0,0,1,0,1,0
3161,3162,64,2,95.26,0,1,1,0,0,1,0,0,0,0,0,0,0,1,0,0,1
3162,3163,21,1,72.11,0,0,0,0,0,1,0,0,0,0,0,1,0,0,1,0,0
3163,3164,37,15,49.63,0,0,0,0,0,0,1,0,0,0,0,1,0,0,0,0,0
3164,3165,27,8,88.84,0,0,0,1,0,0,0,0,0,0,1,0,0,0,1,0,0
3165,3166,41,9,103.93,0,0,1,0,0,1,1,0,0,0,0,0,1,0,1,0,0
3166,3167,52,7,96.89,1,1,0,0,0,0,0,1,0,1,0,0,0,0,1,0,0
3167,3168,43,5,66.72,1,0,0,0,0,0,1,0,0,0,0,1,0,0,0,1,0
3168,3169,54,1,81.68,1,0,0,0,0,1,0,0,0,0,0,0,1,0,1,0,0
3169,3170,55,4,35.06,1,0,0,1,0,1,0,1,0,0,0,0,0,0,0,1,0
3170,3171,38,13,136.48,0,0,0,1,1,1,0,0,0,0,0,0,0,1,0,1,0
3171,3172,57,12,163.21,0,0,1,0,0,1,1,0,0,0,0,0,0,1,1,0,0
3172,3173,56,15,93.35,0,0,0,0,1,0,0,0,0,0,0,0,0,1,1,0,0
3173,3174,38,11,110.4,0,0,1,1,0,0,0,0,0,0,0,0,1,0,1,0,0
3174,3175,27,3,310.23,0,1,1,1,0,1,0,1,0,1,0,0,0,0,1,0,0
3175,3176,55,15,150.66,0,0,0,0,0,0,0,0,0,0,0,0,0,1,1,0,0
3176,3177,63,11,69.7,1,0,1,0,0,1,1,0,0,0,0,0,1,0,0,0,1
3177,3178,21,3,44.2,1,0,1,0,0,0,0,0,0,0,0,0,0,1,0,0,0
3178,3179,62,3,65.75,0,1,0,0,1,0,1,0,0,0,0,1,0,0,0,1,0
3179,3180,37,11,20.82,0,0,0,0,1,0,0,1,1,0,0,0,0,0,1,0,0
3180,3181,34,12,193.82,0,1,0,0,1,1,1,0,0,1,0,0,0,0,0,0,0
3181,3182,24,3,202.57,0,0,1,0,0,0,1,0,0,0,0,0,0,1,0,1,0
3182,3183,21,12,192.88,0,0,1,0,1,0,1,0,0,0,0,0,0,0,1,0,0
3183,3184,46,5,59.61,0,0,0,0,0,0,0,1,0,0,0,1,0,0,0,0,0
3184,3185,31,15,98.99,1,0,1,0,0,1,0,0,0,0,0,0,0,0,0,0,0
3185,3186,20,5,107.72,0,0,1,0,1,0,1,0,0,0,0,0,0,1,1,0,0
3186,3187,41,1,33.18,1,0,0,0,0,0,0,0,0,0,0,0,0,1,0,1,0
3187,3188,54,1,256.3,1,0,0,1,0,0,0,0,0,0,0,1,0,0,0,1,0
3188,3189,33,1,234.99,0,0,0,1,0,1,0,0,0,1,0,0,0,0,0,0,0
3189,3190,69,12,77.03,0,0,0,0,1,0,1,0,0,0,0,0,1,0,0,1,0
3190,3191,21,10,243.52,0,0,0,1,1,0,0,1,0,0,0,1,0,0,0,0,0
3191,3192,41,9,99.84,0,0,0,0,1,0,0,0,0,0,0,1,0,0,0,0,0
3192,3193,51,11,322.38,1,0,0,0,1,1,1,0,1,0,0,0,0,0,1,0,0
3193,3194,47,9,109.16,0,1,1,1,0,1,1,0,0,0,0,0,0,1,1,0,0
3194,3195,35,15,112.33,1,1,1,0,0,1,1,0,0,0,0,0,0,1,0,0,0
3195,3196,36,10,334.03,1,1,0,1,1,1,0,1,0,0,0,1,0,0,0,1,0
3196,3197,48,4,114.64,0,1,1,1,0,1,0,0,0,0,0,0,0,1,0,0,0
3197,3198,36,4,47.78,1,0,0,0,0,0,0,0,0,0,0,1,0,0,1,0,0
3198,3199,66,14,171.13,1,1,0,0,0,1,0,0,0,0,1,0,0,0,0,1,0
3199,3200,63,14,35.69,1,0,1,0,0,1,0,1,1,0,0,0,0,0,1,0,0
3200,3201,36,10,246.53,1,0,0,0,0,1,0,1,0,0,0,1,0,0,0,0,0
3201,3202,39,7,104.22,0,0,1,0,0,0,0,0,1,0,0,0,0,0,0,0,1
3202,3203,41,13,284.77,1,1,0,0,1,1,0,0,0,0,0,0,0,1,0,0,0
3203,3204,62,3,184.08,0,0,0,0,1,0,1,0,0,0,0,0,0,0,1,0,0
3204,3205,29,11,227.81,0,0,0,1,0,1,1,0,0,1,0,0,0,0,1,0,0
3205,3206,47,5,140.13,1,0,0,0,0,0,1,0,0,1,0,0,0,0,0,0,0
3206,3207,55,4,245.66,0,1,0,1,0,0,0,1,0,0,0,0,0,1,1,0,0
3207,3208,70,11,45.21,0,1,0,0,0,0,1,0,1,0,0,0,0,0,1,0,0
3208,3209,48,6,133.42,0,0,0,0,0,0,0,1,0,0,0,0,1,0,1,0,0
3209,3210,53,3,106.64,0,1,0,0,1,1,1,0,0,0,0,1,0,0,1,0,0
3210,3211,36,11,173.96,0,0,0,1,0,0,0,0,0,0,0,0,0,1,0,1,0
3211,3212,65,15,188.92,0,0,0,1,0,0,1,0,0,1,0,0,0,0,0,1,0
3212,3213,62,5,114.42,0,0,0,1,0,1,1,0,1,0,0,0,0,0,0,1,0
3213,3214,53,12,48.68,1,0,0,0,0,0,0,0,0,0,0,1,0,0,1,0,0
3214,3215,47,15,290.66,1,0,0,1,0,1,0,0,0,0,0,1,0,0,0,1,0
3215,3216,66,15,89.23,1,0,1,0,1,0,1,0,1,0,0,0,0,0,1,0,0
3216,3217,50,6,61.04,0,1,0,0,0,0,1,0,0,0,0,0,0,0,0,0,0
3217,3218,35,12,62.41,0,0,0,0,0,1,1,0,0,0,0,1,0,0,0,1,0
3218,3219,69,15,191.97,0,1,0,1,0,1,0,0,0,1,0,0,0,0,0,0,0
3219,3220,66,6,143.63,0,0,0,0,0,0,1,0,0,1,0,0,0,0,0,0,0
3220,3221,45,8,139.37,0,0,0,0,0,1,0,0,0,0,0,1,0,0,1,0,0
3221,3222,64,9,119.71,0,1,0,0,0,1,1,0,0,1,0,0,0,0,0,0,0
3222,3223,28,8,268.35,0,0,0,0,0,1,1,0,0,0,0,0,0,0,0,0,0
3223,3224,62,12,99.91,0,0,1,0,0,0,1,0,0,0,0,0,0,1,1,0,0
3224,3225,50,13,93.31,0,0,0,0,0,0,1,0,0,0,0,0,0,1,0,0,0
3225,3226,34,10,94.01,1,0,0,0,0,1,1,0,0,0,0,0,0,0,0,0,0
3226,3227,23,14,65.24,0,1,1,0,1,1,1,0,0,0,0,0,0,1,1,0,0
3227,3228,21,15,293.51,0,0,1,0,0,0,1,0,1,0,0,0,0,0,0,1,0
3228,3229,37,14,476.33,1,0,0,1,0,1,0,0,0,1,0,0,0,0,0,0,0
3229,3230,65,15,189.84,0,0,0,0,1,0,1,0,0,0,0,1,0,0,0,0,0
3230,3231,64,9,102.7,1,1,1,0,1,0,1,0,0,0,0,0,0,1,0,0,0
3231,3232,44,10,219.64,0,1,0,0,0,0,1,0,0,0,0,0,0,1,0,1,0
3232,3233,32,13,162.14,1,1,0,0,0,1,0,0,0,1,0,0,0,0,0,1,0
3233,3234,23,1,12.54,0,0,1,0,0,0,0,1,1,0,0,0,0,0,0,0,0
3234,3235,64,7,83.63,1,0,0,1,0,1,0,0,0,1,0,0,0,0,0,1,0
3235,3236,31,14,117.7,0,0,0,0,0,1,0,0,0,0,0,0,1,0,0,1,0
3236,3237,28,9,114.89,0,0,1,0,0,1,0,1,0,0,0,0,0,1,0,1,0
3237,3238,56,2,105.76,0,1,0,0,0,1,1,0,0,0,0,0,0,1,0,0,0
3238,3239,26,10,50.58,0,0,0,0,0,1,0,0,0,0,0,0,1,0,0,1,0
3239,3240,43,1,118.04,0,1,0,0,0,1,0,1,0,0,0,0,0,0,1,0,0
3240,3241,33,10,68.38,1,0,1,0,0,0,0,0,0,0,0,0,0,0,1,0,0
3241,3242,22,13,202.56,0,0,1,0,1,0,1,0,0,0,0,0,0,1,1,0,0
3242,3243,69,4,40.38,0,0,0,0,0,0,1,0,0,0,0,0,0,1,1,0,0
3243,3244,27,15,180.08,0,0,1,1,0,0,1,0,0,0,0,0,0,0,1,0,0
3244,3245,67,5,127.38,0,0,0,0,0,1,1,0,1,0,0,0,0,0,0,0,0
3245,3246,20,13,139.44,1,1,0,0,1,0,0,0,0,0,0,0,0,1,0,1,0
3246,3247,30,12,259.39,0,0,0,1,0,1,0,0,1,0,0,0,0,0,0,1,0
3247,3248,60,9,65.16,1,1,1,0,0,1,1,0,0,0,0,0,0,1,0,0,0
3248,3249,66,13,149.3,0,0,0,1,0,1,0,0,0,0,0,0,0,0,0,1,0
3249,3250,47,8,151.03,0,0,0,0,0,0,0,1,0,0,0,0,0,1,0,0,1
3250,3251,62,12,108.04,1,0,0,0,0,1,1,0,0,1,0,0,0,0,0,0,1
3251,3252,23,4,137.27,0,0,1,1,0,0,0,0,0,0,0,0,0,1,0,1,0
3252,3253,34,8,131.26,0,0,0,0,1,0,1,0,0,0,0,0,0,1,0,0,0
3253,3254,62,7,21.71,1,0,1,0,0,1,0,0,0,0,1,0,0,0,0,0,0
3254,3255,68,9,96.78,0,0,0,1,0,1,0,0,0,0,0,1,0,0,1,0,0
3255,3256,70,15,271.48,1,0,0,0,0,0,1,0,0,0,0,1,0,0,1,0,0
3256,3257,36,9,206.5,0,0,0,1,0,1,0,1,0,0,0,0,0,1,0,1,0
3257,3258,59,4,104.31,1,1,1,0,0,0,1,0,1,0,0,0,0,0,1,0,0
3258,3259,52,13,103.13,0,0,0,1,0,0,0,0,0,0,0,0,0,0,1,0,0
3259,3260,63,15,59.89,0,0,0,1,0,0,1,0,1,0,0,0,0,0,0,0,0
3260,3261,43,11,402.48,1,0,0,0,0,1,0,0,0,0,0,0,0,1,0,0,0
3261,3262,68,8,195.63,1,1,0,0,0,1,0,0,0,0,0,0,0,1,0,0,1
3262,3263,22,6,36.64,0,0,0,0,1,0,1,0,0,0,1,0,0,0,1,0,0
3263,3264,46,15,154.41,0,0,0,0,0,0,0,1,0,1,0,0,0,0,1,0,0
3264,3265,54,5,65.11,1,1,0,1,0,1,0,0,1,0,0,0,0,0,0,1,0
3265,3266,37,8,135.11,0,1,0,0,0,0,1,0,0,1,0,0,0,0,0,0,0
3266,3267,66,15,38.73,1,1,0,0,0,0,0,1,0,0,0,0,0,0,1,0,0
3267,3268,38,6,76.67,1,0,0,0,0,1,0,0,1,0,0,0,0,0,0,1,0
3268,3269,27,10,152.56,1,0,0,0,0,0,0,0,0,0,0,1,0,0,0,0,0
3269,3270,22,10,182.3,1,0,0,1,0,1,0,1,0,0,0,1,0,0,0,1,0
3270,3271,53,3,121.12,1,1,0,0,0,0,1,0,0,0,0,0,0,1,0,0,0
3271,3272,23,4,208.78,0,1,1,0,0,1,0,0,0,0,0,0,0,1,0,1,0
3272,3273,43,9,424.52,1,0,0,0,0,0,0,0,0,0,0,0,0,1,0,1,0
3273,3274,21,5,242.85,0,0,0,0,0,1,0,0,0,0,0,0,0,0,0,0,0
3274,3275,56,15,41.11,0,0,0,0,0,0,1,0,0,0,0,0,1,0,0,0,1
3275,3276,56,6,67.66,0,1,0,0,0,1,1,0,0,1,0,0,0,0,0,0,0
3276,3277,67,12,153.56,0,1,0,0,0,1,1,0,0,0,0,0,0,0,0,0,0
3277,3278,52,13,324.96,0,0,1,0,0,0,1,0,0,0,0,0,1,0,1,0,0
3278,3279,18,10,211.61,1,1,1,1,0,0,0,0,0,0,0,0,0,1,0,1,0
3279,3280,41,1,241.98,1,0,0,1,0,1,0,0,1,0,0,0,0,0,0,1,0
3280,3281,53,9,60.07,0,0,0,0,0,1,0,0,0,0,1,0,0,0,0,1,0
3281,3282,23,10,148.36,1,0,1,0,1,0,1,0,0,0,0,0,0,1,1,0,0
3282,3283,58,3,165.07,0,1,0,0,0,0,1,0,0,0,0,0,0,1,1,0,0
3283,3284,63,9,35.06,0,0,0,0,0,1,0,0,0,0,0,0,0,1,0,1,0
3284,3285,61,1,82.67,1,0,1,0,1,0,1,0,0,0,0,0,1,0,1,0,0
3285,3286,48,15,132.48,0,1,0,0,0,1,1,0,0,0,0,0,0,1,0,0,1
3286,3287,37,6,111.36,0,0,0,1,0,1,1,0,0,0,0,1,0,0,0,1,0
3287,3288,41,5,96.07,0,1,0,0,1,1,0,0,0,1,0,0,0,0,1,0,0
3288,3289,42,4,42.14,0,0,0,0,0,0,0,0,0,0,0,0,1,0,0,0,0
3289,3290,53,4,153.24,0,0,1,1,0,0,0,0,0,0,0,0,1,0,0,0,0
3290,3291,38,10,267.4,0,0,1,0,1,1,1,0,0,0,1,0,0,0,0,0,0
3291,3292,47,15,98.5,0,0,1,0,1,1,1,0,0,0,0,0,0,1,1,0,0
3292,3293,41,6,87.48,0,0,0,0,1,1,1,0,0,0,0,0,0,1,0,0,0
3293,3294,61,1,68.15,1,1,0,1,0,0,0,1,0,0,0,0,0,1,1,0,0
3294,3295,59,14,70.42,0,1,0,0,0,0,0,1,0,1,0,0,0,0,0,0,0
3295,3296,47,7,135.11,0,0,0,0,0,0,0,0,0,0,0,0,0,0,0,1,0
3296,3297,39,6,112.18,0,0,0,0,0,1,0,0,0,0,1,0,0,0,1,0,0
3297,3298,45,15,104.94,0,1,1,0,0,0,1,0,0,0,0,0,1,0,0,1,0
3298,3299,24,9,148.94,0,0,0,0,0,0,0,0,0,0,0,0,0,1,0,0,0
3299,3300,52,4,119.81,1,0,0,0,0,0,1,0,0,0,0,0,1,0,0,1,0
3300,3301,45,14,232.29,0,1,0,0,0,0,0,1,0,0,0,0,0,1,0,0,0
3301,3302,31,10,200.24,0,1,1,0,0,1,1,0,0,0,0,0,0,1,0,0,0
3302,3303,27,6,81.51,1,1,1,0,0,1,0,0,0,0,0,0,1,0,1,0,0
3303,3304,33,10,255.87,1,1,0,1,0,0,0,0,0,0,1,0,0,0,0,1,0
3304,3305,33,7,138.15,1,1,0,1,0,0,0,0,0,0,0,0,0,1,0,0,0
3305,3306,48,6,92.78,0,0,0,0,0,0,1,0,0,0,0,0,1,0,0,0,0
3306,3307,59,12,62.83,0,1,0,1,0,0,0,0,1,0,0,0,0,0,1,0,0
3307,3308,42,9,241.74,0,0,0,0,0,0,0,0,0,0,0,0,0,1,0,0,0
3308,3309,30,13,99.37,1,0,0,0,0,1,0,0,0,0,0,0,0,1,1,0,0
3309,3310,23,14,92.17,0,1,1,0,1,0,0,1,0,0,0,1,0,0,0,1,0
3310,3311,61,2,51.42,0,1,1,0,0,0,1,0,0,0,0,0,1,0,1,0,0
3311,3312,26,1,121.76,1,0,0,0,1,0,0,1,0,1,0,0,0,0,0,1,0
3312,3313,62,5,124.25,0,0,1,0,0,1,1,0,0,0,0,0,0,1,1,0,0
3313,3314,53,11,63.94,1,0,0,0,0,1,1,0,0,0,0,1,0,0,0,1,0
3314,3315,60,5,44.85,0,0,0,0,0,1,0,0,0,0,0,1,0,0,0,0,0
3315,3316,37,1,12.14,0,0,0,1,0,1,0,0,0,0,0,0,0,0,0,0,0
3316,3317,35,12,177.43,0,0,1,0,0,1,1,0,0,0,0,0,0,1,1,0,0
3317,3318,60,5,75.54,0,0,0,0,0,0,0,1,0,0,0,0,1,0,0,1,0
3318,3319,38,6,63.68,0,0,0,0,0,1,0,0,0,0,0,1,0,0,1,0,0
3319,3320,21,4,70.63,0,0,0,1,1,0,0,0,1,0,0,0,0,0,0,0,1
3320,3321,67,9,332.28,0,0,0,0,0,0,1,0,0,0,1,0,0,0,0,1,0
3321,3322,50,11,113.17,0,0,0,0,0,1,0,0,0,0,0,0,1,0,0,0,1
3322,3323,44,3,68.78,0,0,0,0,1,0,1,0,0,0,1,0,0,0,0,1,0
3323,3324,24,5,220.63,0,0,1,0,0,1,0,0,0,0,1,0,0,0,1,0,0
3324,3325,23,6,167.92,1,0,0,0,1,0,0,0,0,0,0,1,0,0,0,0,1
3325,3326,32,7,133.63,0,0,0,0,0,1,0,0,0,0,0,1,0,0,0,0,1
3326,3327,35,11,46.67,0,0,1,0,1,1,1,0,0,0,0,1,0,0,0,0,0
3327,3328,49,15,131.99,0,1,0,0,1,1,1,0,0,0,0,1,0,0,1,0,0
3328,3329,28,2,146.67,1,1,0,1,0,1,0,0,0,0,0,0,0,1,0,1,0
3329,3330,37,5,159.0,1,1,0,0,0,1,0,1,0,1,0,0,0,0,0,0,0
3330,3331,41,13,141.56,1,1,1,1,0,1,0,0,0,0,0,0,0,1,0,0,0
3331,3332,32,7,91.43,0,0,0,0,0,0,0,0,0,1,0,0,0,0,0,0,0
3332,3333,65,8,158.44,1,0,1,0,1,0,1,0,0,0,0,0,0,1,1,0,0
3333,3334,24,12,230.85,1,0,1,0,1,1,0,0,1,0,0,0,0,0,0,1,0
3334,3335,38,4,72.32,0,0,0,0,0,1,1,0,0,0,0,0,0,0,0,0,1
3335,3336,59,8,65.33,1,0,0,0,0,1,0,1,0,0,0,0,0,1,1,0,0
3336,3337,43,15,113.34,0,0,0,0,0,1,1,0,0,0,0,1,0,0,1,0,0
3337,3338,61,3,107.36,0,0,1,0,0,1,1,0,0,0,0,0,0,1,1,0,0
3338,3339,31,6,211.84,0,0,1,0,1,0,1,0,0,0,0,0,1,0,1,0,0
3339,3340,54,3,68.54,1,0,0,0,0,0,0,0,0,1,0,0,0,0,0,1,0
3340,3341,38,5,131.51,0,0,1,0,0,0,1,0,0,1,0,0,0,0,0,0,0
3341,3342,35,11,217.15,0,0,0,1,0,0,0,0,1,0,0,0,0,0,0,0,0
3342,3343,22,9,145.27,0,0,0,0,0,1,0,1,0,0,0,0,0,0,0,1,0
3343,3344,20,11,418.72,0,0,1,0,0,1,0,0,1,0,0,0,0,0,0,0,0
3344,3345,40,14,234.47,0,0,1,0,1,1,1,0,0,1,0,0,0,0,1,0,0
3345,3346,43,15,63.62,0,0,1,0,0,0,0,1,0,1,0,0,0,0,0,1,0
3346,3347,54,10,107.2,0,0,1,1,0,0,1,0,0,0,0,0,0,0,0,0,0
3347,3348,41,11,207.57,0,0,0,0,0,0,0,1,0,0,0,0,0,1,0,0,0
3348,3349,66,6,78.11,0,0,1,0,0,1,1,0,0,0,0,0,0,1,0,1,0
3349,3350,36,13,187.46,1,0,0,1,0,0,0,0,0,0,0,0,0,1,1,0,0
3350,3351,68,8,41.59,0,0,1,0,0,0,1,0,0,0,0,0,1,0,1,0,0
3351,3352,42,1,59.91,0,0,0,0,0,0,0,0,0,0,0,1,0,0,0,0,1
3352,3353,38,12,59.42,0,1,0,0,0,0,0,0,0,0,0,0,0,1,0,0,0
3353,3354,29,10,121.59,0,0,1,0,0,1,1,0,0,0,0,0,0,1,0,0,0
3354,3355,58,11,146.84,0,0,1,0,0,0,1,0,0,0,1,0,0,0,0,0,0
3355,3356,50,2,157.49,0,0,1,0,0,0,0,1,0,0,0,0,0,1,0,0,1
3356,3357,67,6,118.77,1,0,0,0,0,0,0,1,0,0,0,0,0,0,0,0,0
3357,3358,70,6,190.61,1,0,0,1,0,0,0,1,0,0,0,0,0,0,0,0,0
3358,3359,21,3,87.88,0,0,0,0,0,1,0,0,0,0,0,1,0,0,0,1,0
3359,3360,59,14,172.01,0,0,1,0,0,1,1,0,0,0,0,0,0,1,0,1,0
3360,3361,24,6,256.13,0,0,1,0,0,0,1,0,0,0,1,0,0,0,0,1,0
3361,3362,39,2,138.59,0,0,0,0,0,1,0,1,0,1,0,0,0,0,1,0,0
3362,3363,50,11,311.43,0,0,0,1,0,0,0,0,0,0,0,0,0,1,1,0,0
3363,3364,34,8,100.29,0,0,1,0,0,1,0,0,0,1,0,0,0,0,0,0,0
3364,3365,41,8,164.83,0,0,0,0,0,0,0,1,0,1,0,0,0,0,0,0,0
3365,3366,51,13,214.79,0,0,0,0,0,0,0,0,0,0,0,0,0,1,0,0,0
3366,3367,45,5,146.5,0,0,1,0,0,1,1,0,1,0,0,0,0,0,1,0,0
3367,3368,60,7,176.59,1,0,0,0,0,1,0,0,0,0,0,0,0,1,1,0,0
3368,3369,58,10,174.11,0,0,0,0,0,1,1,0,1,0,0,0,0,0,0,0,1
3369,3370,56,12,96.66,1,0,0,0,0,0,1,0,0,1,0,0,0,0,0,1,0
3370,3371,39,4,103.81,0,0,1,0,0,0,0,0,0,0,0,0,0,1,1,0,0
3371,3372,66,4,218.02,0,0,0,0,0,1,1,0,0,0,0,0,0,1,0,0,1
3372,3373,34,14,199.56,1,0,0,1,0,0,0,0,0,0,0,0,0,0,1,0,0
3373,3374,51,15,88.78,1,0,0,0,0,0,0,0,0,0,0,1,0,0,0,0,0
3374,3375,23,5,137.21,0,0,0,0,1,0,0,0,1,0,0,0,0,0,1,0,0
3375,3376,63,8,79.32,0,1,0,0,1,0,1,0,0,0,0,1,0,0,1,0,0
3376,3377,23,15,225.91,0,0,1,0,0,0,0,0,0,0,0,0,0,0,0,0,0
3377,3378,51,14,60.87,0,0,0,1,0,0,1,0,0,0,0,0,0,1,0,1,0
3378,3379,18,6,102.35,0,1,0,0,1,0,1,0,1,0,0,0,0,0,1,0,0
3379,3380,27,4,220.91,0,1,1,0,1,1,1,0,1,0,0,0,0,0,1,0,0
3380,3381,38,6,136.07,0,1,0,0,1,0,1,0,0,1,0,0,0,0,0,0,1
3381,3382,22,10,186.11,0,0,1,0,0,0,1,0,0,0,0,0,0,1,0,1,0
3382,3383,19,9,288.54,1,0,1,0,0,1,0,0,0,0,0,1,0,0,1,0,0
3383,3384,39,15,124.8,0,1,1,1,1,1,1,0,0,0,0,0,1,0,0,1,0
3384,3385,65,11,42.72,1,1,0,0,0,0,0,0,0,0,0,0,0,0,0,0,1
3385,3386,19,10,45.07,0,1,0,0,0,1,0,1,0,1,0,0,0,0,0,1,0
3386,3387,27,8,47.75,0,1,1,0,0,0,1,0,1,0,0,0,0,0,0,0,0
3387,3388,51,11,261.76,0,1,0,1,0,1,0,0,0,0,0,0,0,1,0,1,0
3388,3389,33,8,115.8,0,0,0,0,1,0,1,0,0,1,0,0,0,0,1,0,0
3389,3390,65,7,87.22,1,0,0,0,0,0,0,1,0,0,0,0,0,1,0,0,0
3390,3391,68,1,265.37,0,1,0,0,0,1,0,0,0,0,0,0,0,1,1,0,0
3391,3392,56,9,79.52,1,0,0,0,1,1,1,0,0,0,1,0,0,0,0,0,0
3392,3393,39,11,500.0,0,0,0,1,0,0,0,0,0,0,0,0,0,0,0,0,0
3393,3394,29,12,282.93,0,0,0,1,0,0,1,0,0,0,0,0,1,0,0,0,0
3394,3395,41,4,76.27,1,0,0,0,0,0,0,1,0,0,0,0,0,0,0,1,0
3395,3396,64,13,70.54,0,1,0,0,0,1,1,0,0,0,0,0,1,0,0,1,0
3396,3397,57,1,199.55,0,1,0,0,0,0,1,0,0,0,0,0,0,0,1,0,0
3397,3398,55,1,116.41,0,1,1,0,1,0,0,1,0,0,0,0,0,1,0,0,0
3398,3399,27,5,192.86,0,0,1,0,0,0,1,0,1,0,0,0,0,0,0,1,0
3399,3400,52,13,50.51,0,0,1,0,0,1,1,0,0,0,0,0,0,1,0,0,0
3400,3401,68,3,132.07,1,0,0,0,0,1,1,0,0,0,0,0,0,0,0,1,0
3401,3402,66,10,323.58,1,0,0,1,0,1,1,0,0,0,0,0,0,0,0,0,0
3402,3403,49,1,102.74,0,0,0,0,0,0,1,0,0,0,0,0,0,1,0,0,1
3403,3404,24,8,170.36,0,0,0,0,0,1,0,1,0,0,0,0,0,1,0,0,0
3404,3405,38,6,234.67,0,0,1,1,1,1,1,0,0,0,0,0,1,0,1,0,0
3405,3406,37,12,86.12,0,0,1,0,1,1,1,0,0,1,0,0,0,0,1,0,0
3406,3407,43,4,156.3,0,0,1,0,1,0,0,0,0,1,0,0,0,0,0,0,0
3407,3408,21,15,32.2,0,0,0,1,0,0,1,0,0,0,0,0,0,0,1,0,0
3408,3409,63,8,35.17,0,0,1,0,0,1,1,0,0,1,0,0,0,0,0,0,0
3409,3410,69,11,158.57,0,0,0,0,0,0,1,0,0,0,0,0,1,0,0,0,0
3410,3411,39,9,145.26,0,0,1,0,0,1,0,0,1,0,0,0,0,0,1,0,0
3411,3412,32,12,147.67,0,0,1,0,0,1,0,1,0,0,0,0,0,1,1,0,0
3412,3413,57,8,27.32,0,0,0,0,0,1,0,0,0,0,0,1,0,0,0,0,1
3413,3414,38,15,92.94,0,0,1,0,0,1,0,0,0,1,0,0,0,0,1,0,0
3414,3415,32,2,94.76,0,0,0,0,1,1,1,0,0,0,0,1,0,0,0,0,0
3415,3416,39,12,176.2,0,0,0,0,0,0,1,0,0,0,0,0,0,0,1,0,0
3416,3417,69,10,168.96,1,0,0,1,0,0,0,0,0,1,0,0,0,0,1,0,0
3417,3418,45,11,113.6,0,0,1,0,0,0,1,0,0,0,0,0,0,1,1,0,0
3418,3419,31,2,59.65,0,1,0,0,0,1,0,0,0,0,0,0,0,0,1,0,0
3419,3420,44,3,203.92,0,0,0,0,0,0,0,0,0,0,0,0,0,1,0,0,1
3420,3421,58,11,171.15,0,0,0,0,0,0,0,0,0,0,0,0,0,1,0,1,0
3421,3422,57,5,60.01,0,1,0,0,0,1,0,1,0,0,1,0,0,0,0,0,0
3422,3423,45,5,155.99,0,0,0,0,0,1,0,0,0,1,0,0,0,0,1,0,0
3423,3424,43,13,212.53,1,0,0,0,0,1,0,0,0,0,0,1,0,0,0,0,0
3424,3425,66,12,126.15,0,0,1,0,0,1,1,0,0,0,0,0,0,1,1,0,0
3425,3426,19,9,101.75,0,0,0,0,0,1,1,0,1,0,0,0,0,0,0,0,0
3426,3427,42,4,128.14,1,0,0,0,0,1,1,0,0,0,0,0,0,1,0,0,0
3427,3428,20,2,129.93,0,0,0,0,0,1,0,1,0,1,0,0,0,0,0,1,0
3428,3429,25,9,244.91,0,0,0,0,1,1,1,0,0,0,0,1,0,0,1,0,0
3429,3430,61,1,353.66,1,0,0,1,0,1,0,0,1,0,0,0,0,0,0,1,0
3430,3431,50,10,490.03,0,0,1,0,0,1,1,0,0,0,0,0,1,0,1,0,0
3431,3432,59,4,272.99,1,0,0,1,0,1,1,0,0,0,0,0,0,1,0,0,1
3432,3433,69,12,14.72,1,0,0,0,0,0,0,0,0,0,0,0,1,0,0,1,0
3433,3434,52,5,323.28,1,0,0,1,0,0,0,0,0,0,0,1,0,0,0,1,0
3434,3435,23,4,98.26,1,0,1,0,0,0,1,0,0,0,1,0,0,0,0,1,0
3435,3436,56,5,343.58,1,0,0,0,0,0,0,0,0,0,1,0,0,0,0,0,0
3436,3437,69,12,50.22,0,0,0,0,0,0,0,1,0,0,0,0,0,0,0,1,0
3437,3438,40,8,22.29,0,1,0,0,0,0,1,0,0,0,0,1,0,0,0,0,0
3438,3439,42,8,138.09,1,0,1,1,0,0,0,0,0,0,0,0,0,0,0,0,0
3439,3440,67,6,36.31,1,0,0,0,0,1,0,0,0,0,0,1,0,0,0,0,0
3440,3441,60,9,93.04,1,0,1,0,0,1,0,1,0,0,0,0,0,1,1,0,0
3441,3442,36,7,217.24,1,1,1,1,0,0,0,0,0,0,0,0,0,1,0,0,1
3442,3443,22,4,39.84,0,0,1,0,0,1,1,0,0,0,0,0,0,1,0,1,0
3443,3444,68,3,55.45,1,0,1,0,0,1,1,0,0,0,1,0,0,0,1,0,0
3444,3445,28,8,253.92,0,0,1,0,0,1,0,1,0,0,0,0,0,1,0,1,0
3445,3446,29,1,142.09,0,0,0,0,0,1,1,0,0,0,0,0,0,1,0,1,0
3446,3447,27,8,55.08,1,0,1,0,0,0,0,0,0,1,0,0,0,0,0,0,0
3447,3448,25,12,257.79,1,0,0,0,0,0,0,0,0,0,0,1,0,0,0,0,0
3448,3449,41,10,124.37,0,0,0,0,0,0,1,0,0,0,1,0,0,0,0,1,0
3449,3450,45,1,224.5,1,0,0,1,0,0,0,1,0,0,0,1,0,0,0,0,0
3450,3451,58,7,34.53,1,0,0,1,0,1,0,0,0,0,0,0,0,1,0,0,1
3451,3452,53,7,293.03,0,0,0,0,0,0,1,0,0,0,1,0,0,0,0,1,0
3452,3453,54,13,332.88,1,1,0,0,0,0,0,0,0,0,0,0,0,1,1,0,0
3453,3454,38,14,80.23,0,0,1,1,0,0,0,1,0,0,1,0,0,0,1,0,0
3454,3455,25,9,253.55,0,0,1,0,0,0,1,0,0,0,0,0,0,1,0,1,0
3455,3456,26,4,82.1,0,0,1,0,0,1,0,0,0,0,0,0,1,0,0,0,0
3456,3457,64,15,35.49,1,1,0,0,0,1,0,0,0,0,0,0,0,1,0,1,0
3457,3458,32,2,34.53,1,0,0,1,0,0,0,0,0,0,1,0,0,0,0,1,0
3458,3459,65,7,195.18,0,0,0,1,1,0,1,0,0,0,0,0,0,1,0,1,0
3459,3460,63,14,500.0,0,1,0,0,0,0,1,0,0,0,0,0,0,1,0,1,0
3460,3461,57,7,147.39,1,0,0,1,0,0,0,0,1,0,0,0,0,0,0,1,0
3461,3462,35,8,151.69,0,0,1,1,0,1,0,1,0,0,0,0,0,1,0,1,0
3462,3463,59,14,40.36,0,0,1,0,0,0,1,0,0,0,0,0,1,0,0,0,0
3463,3464,37,11,119.2,0,1,0,0,0,1,1,0,0,0,0,1,0,0,0,0,0
3464,3465,23,14,41.41,0,0,0,0,0,1,0,0,0,0,0,1,0,0,0,0,1
3465,3466,29,6,176.1,1,1,0,0,0,0,0,0,0,1,0,0,0,0,0,1,0
3466,3467,19,3,132.33,0,0,0,0,0,0,1,0,1,0,0,0,0,0,1,0,0
3467,3468,24,7,149.2,0,1,0,0,1,1,1,0,1,0,0,0,0,0,0,0,1
3468,3469,33,14,119.55,1,0,0,0,0,1,1,0,0,1,0,0,0,0,0,1,0
3469,3470,20,14,79.81,0,0,0,0,0,0,0,1,0,0,0,0,0,1,0,0,0
3470,3471,62,3,170.53,0,0,0,0,1,1,1,0,0,0,0,0,0,1,0,0,0
3471,3472,20,10,168.01,0,1,0,0,0,1,0,0,0,0,0,0,0,1,0,0,1
3472,3473,44,9,107.03,0,0,0,0,0,0,0,1,0,0,0,0,0,0,1,0,0
3473,3474,67,7,166.82,1,1,0,1,0,1,1,0,1,0,0,0,0,0,0,0,0
3474,3475,60,7,156.93,0,0,0,0,0,0,0,0,0,0,0,0,1,0,1,0,0
3475,3476,57,10,287.1,0,0,0,1,0,1,0,0,0,0,0,0,1,0,1,0,0
3476,3477,55,9,152.93,0,0,1,0,0,1,1,0,0,1,0,0,0,0,0,0,0
3477,3478,50,8,141.17,0,1,1,0,1,1,1,0,0,1,0,0,0,0,1,0,0
3478,3479,45,12,212.84,0,0,0,0,0,0,0,0,0,0,0,0,1,0,1,0,0
3479,3480,18,10,22.98,0,0,0,1,0,0,0,0,0,0,0,0,1,0,0,1,0
3480,3481,25,4,49.36,0,0,1,0,0,1,1,0,0,0,0,1,0,0,1,0,0
3481,3482,54,4,26.52,0,0,1,0,0,1,0,1,0,0,0,0,0,1,0,0,0
3482,3483,49,13,151.8,0,0,0,0,0,1,0,0,0,0,0,1,0,0,1,0,0
3483,3484,65,3,165.89,0,0,1,1,0,1,0,1,0,1,0,0,0,0,0,0,0
3484,3485,60,4,95.02,0,1,0,1,0,1,0,0,0,0,0,0,0,1,0,0,1
3485,3486,54,9,31.63,0,0,0,0,0,0,0,0,0,0,0,1,0,0,1,0,0
3486,3487,21,5,180.41,0,0,1,0,0,0,0,0,0,0,0,0,0,1,0,0,0
3487,3488,47,14,45.23,1,0,0,0,1,0,0,0,1,0,0,0,0,0,0,0,1
3488,3489,23,6,107.54,1,0,0,1,1,1,0,0,0,0,0,0,0,1,0,0,0
3489,3490,63,4,78.51,0,0,0,0,0,1,0,1,0,0,0,0,0,0,0,1,0
3490,3491,36,13,91.26,1,1,0,1,0,1,0,0,0,0,0,0,1,0,0,0,0
3491,3492,49,1,257.17,0,0,0,0,0,0,0,0,0,1,0,0,0,0,0,0,0
3492,3493,26,13,194.19,0,0,1,0,0,0,0,0,0,0,0,0,1,0,0,0,0
3493,3494,29,9,381.99,1,0,0,0,1,0,1,0,0,0,0,1,0,0,1,0,0
3494,3495,28,13,122.97,0,0,0,1,0,1,0,1,1,0,0,0,0,0,1,0,0
3495,3496,63,7,98.93,0,0,0,0,0,0,0,0,0,1,0,0,0,0,0,0,0
3496,3497,33,8,219.75,0,0,1,1,1,0,1,0,0,0,0,0,0,1,1,0,0
3497,3498,18,4,113.99,0,0,0,0,0,0,0,0,0,1,0,0,0,0,1,0,0
3498,3499,62,12,251.48,0,0,1,1,0,1,1,0,0,0,0,0,1,0,0,0,1
3499,3500,70,13,109.61,0,1,0,0,0,0,0,0,0,0,0,0,0,0,0,0,1
3500,3501,38,8,175.46,0,0,0,0,0,1,1,0,0,0,0,0,0,1,0,1,0
3501,3502,47,14,119.8,0,1,1,0,1,1,1,0,0,0,0,0,0,1,1,0,0
3502,3503,30,14,145.59,0,0,0,0,0,1,1,0,0,1,0,0,0,0,0,0,0
3503,3504,51,8,47.63,1,0,1,0,0,1,0,0,0,0,0,1,0,0,1,0,0
3504,3505,21,1,326.67,0,1,1,0,0,0,0,0,0,0,0,0,0,1,1,0,0
3505,3506,45,15,147.54,0,0,1,0,0,0,1,0,0,1,0,0,0,0,0,1,0
3506,3507,55,11,55.96,0,0,0,0,1,1,1,0,0,0,0,0,0,1,0,0,1
3507,3508,48,8,500.0,1,0,0,1,0,1,0,0,0,0,0,1,0,0,1,0,0
3508,3509,44,2,150.03,0,0,0,0,0,1,1,0,1,0,0,0,0,0,0,0,1
3509,3510,22,11,42.78,0,0,0,1,0,1,1,0,0,0,0,0,0,0,0,1,0
3510,3511,42,4,124.35,0,0,0,0,0,0,0,0,0,0,0,0,0,1,1,0,0
3511,3512,20,10,168.06,1,0,1,1,0,0,0,0,0,0,0,0,0,1,1,0,0
3512,3513,50,15,86.76,0,0,0,1,1,1,0,1,0,1,0,0,0,0,0,0,0
3513,3514,21,14,78.17,0,0,0,0,0,0,0,0,0,0,0,1,0,0,1,0,0
3514,3515,42,12,273.19,0,0,1,1,0,0,0,1,0,0,0,0,0,0,1,0,0
3515,3516,37,8,86.65,0,1,0,0,1,1,1,0,1,0,0,0,0,0,1,0,0
3516,3517,51,14,139.78,0,0,0,0,1,0,0,0,0,0,1,0,0,0,0,1,0
3517,3518,43,4,56.02,0,0,0,0,0,0,1,0,0,0,0,0,0,1,1,0,0
3518,3519,22,10,352.54,1,0,1,1,0,1,0,0,0,0,0,0,0,1,1,0,0
3519,3520,52,4,83.76,1,1,0,0,1,1,0,0,0,1,0,0,0,0,1,0,0
3520,3521,45,2,261.04,1,0,0,0,0,0,0,0,0,1,0,0,0,0,0,0,0
3521,3522,46,12,87.47,0,0,0,1,0,1,0,1,0,0,0,1,0,0,0,0,0
3522,3523,26,10,99.48,0,0,1,0,0,1,1,0,0,0,0,0,1,0,0,1,0
3523,3524,69,15,39.61,0,1,1,1,0,0,0,0,0,0,0,0,0,1,1,0,0
3524,3525,55,9,72.36,1,1,0,0,0,0,0,0,0,0,0,0,1,0,0,0,0
3525,3526,67,15,153.3,0,0,0,0,1,0,1,0,0,0,0,1,0,0,0,0,0
3526,3527,23,5,76.48,0,0,1,0,0,1,0,0,0,0,1,0,0,0,1,0,0
3527,3528,36,3,115.64,1,0,0,0,0,0,0,0,0,0,0,1,0,0,0,1,0
3528,3529,61,3,230.99,0,0,0,0,0,1,0,0,0,0,0,1,0,0,0,0,1
3529,3530,28,3,151.89,0,0,1,0,0,1,1,0,0,0,0,0,0,1,0,0,0
3530,3531,19,13,58.18,0,0,1,1,1,1,0,0,0,0,0,0,1,0,0,0,1
3531,3532,64,10,189.16,1,0,0,0,0,1,1,0,0,0,0,0,0,1,0,1,0
3532,3533,61,4,165.1,1,0,0,0,0,1,1,0,0,0,0,1,0,0,0,0,0
3533,3534,61,12,268.25,0,1,0,1,0,0,0,1,0,0,0,0,0,1,0,0,0
3534,3535,26,5,73.85,0,0,1,0,1,0,1,0,0,0,0,0,0,1,1,0,0
3535,3536,38,2,99.39,0,0,0,0,0,1,1,0,0,0,0,0,0,1,0,1,0
3536,3537,41,10,64.2,0,0,0,0,0,0,1,0,0,0,0,0,0,1,0,0,0
3537,3538,51,3,181.21,0,0,0,0,0,0,0,1,0,1,0,0,0,0,0,0,1
3538,3539,39,15,178.13,0,1,0,0,0,1,1,0,0,0,1,0,0,0,0,1,0
3539,3540,20,14,192.48,0,0,0,0,0,1,1,0,0,1,0,0,0,0,1,0,0
3540,3541,29,11,91.71,0,0,0,0,0,0,0,0,0,0,0,0,1,0,1,0,0
3541,3542,45,2,92.26,0,1,1,1,0,1,0,1,0,0,0,0,0,1,0,1,0
3542,3543,47,1,203.72,0,1,1,0,0,0,0,0,0,0,0,0,0,0,1,0,0
3543,3544,43,13,272.17,0,0,0,0,0,1,0,0,0,0,0,0,0,1,0,0,0
3544,3545,65,15,123.11,1,0,0,0,0,0,1,0,0,0,0,0,0,1,0,0,0
3545,3546,38,11,192.03,0,1,0,1,1,1,1,0,0,0,0,0,0,1,0,0,0
3546,3547,45,3,114.81,0,1,0,0,1,0,1,0,0,1,0,0,0,0,1,0,0
3547,3548,43,2,205.89,0,0,0,0,0,1,1,0,0,0,0,0,0,1,0,1,0
3548,3549,50,14,113.24,0,0,1,0,0,0,1,0,1,0,0,0,0,0,0,0,0
3549,3550,38,6,145.7,0,0,0,0,1,0,1,0,0,1,0,0,0,0,1,0,0
3550,3551,52,11,139.85,1,0,0,0,0,0,1,0,0,0,0,0,1,0,0,1,0
3551,3552,69,2,110.42,0,0,0,0,0,0,1,0,0,0,1,0,0,0,0,0,1
3552,3553,51,15,260.71,0,0,0,1,0,0,0,1,0,0,0,1,0,0,0,1,0
3553,3554,58,1,159.43,0,0,1,0,0,0,1,0,1,0,0,0,0,0,0,0,0
3554,3555,68,6,140.83,0,0,0,0,0,1,0,1,0,0,0,0,0,1,1,0,0
3555,3556,64,5,85.94,1,0,0,0,0,1,0,0,0,0,0,0,1,0,0,1,0
3556,3557,35,1,333.06,0,1,0,1,0,0,0,0,0,0,0,0,0,1,1,0,0
3557,3558,28,6,77.65,0,0,1,1,0,1,0,0,0,0,0,0,0,0,0,0,1
3558,3559,40,14,56.94,0,0,0,0,0,0,1,0,0,0,0,1,0,0,0,1,0
3559,3560,65,8,97.87,0,1,0,0,0,1,0,1,1,0,0,0,0,0,0,0,0
3560,3561,39,13,215.93,0,0,0,0,0,0,0,0,1,0,0,0,0,0,0,1,0
3561,3562,34,5,190.64,1,0,0,0,0,1,0,0,0,0,0,0,0,1,1,0,0
3562,3563,22,3,56.89,0,0,0,0,0,0,0,0,0,1,0,0,0,0,0,1,0
3563,3564,61,4,126.88,0,0,1,1,0,1,1,0,0,0,0,0,1,0,0,0,0
3564,3565,28,13,85.46,1,0,0,0,0,0,0,0,0,0,0,1,0,0,1,0,0
3565,3566,47,11,172.25,1,0,0,0,0,0,0,0,0,0,0,0,0,1,0,0,0
3566,3567,32,14,197.66,0,0,1,0,0,0,1,0,0,1,0,0,0,0,0,1,0
3567,3568,44,2,181.06,0,1,1,0,0,1,0,0,0,0,0,0,1,0,0,0,1
3568,3569,52,9,221.92,0,0,1,1,0,1,1,0,0,0,0,1,0,0,0,0,0
3569,3570,50,10,144.0,0,1,0,1,0,1,1,0,0,1,0,0,0,0,0,0,0
3570,3571,37,7,236.18,0,0,0,1,0,1,1,0,0,0,0,1,0,0,0,1,0
3571,3572,33,1,66.53,1,0,1,0,0,1,0,0,0,0,0,0,0,0,1,0,0
3572,3573,51,1,192.72,1,1,0,0,0,1,0,1,1,0,0,0,0,0,0,0,0
3573,3574,19,6,70.12,1,0,0,0,0,0,1,0,0,0,0,1,0,0,0,1,0
3574,3575,52,12,323.5,1,0,0,0,0,1,0,0,0,1,0,0,0,0,0,0,0
3575,3576,57,2,174.63,0,0,0,1,0,0,0,0,1,0,0,0,0,0,0,0,1
3576,3577,45,13,171.32,1,0,0,0,0,1,0,0,0,0,0,0,0,1,0,1,0
3577,3578,64,4,59.83,0,0,0,0,0,1,1,0,1,0,0,0,0,0,0,1,0
3578,3579,56,2,34.08,0,1,0,0,0,1,1,0,0,0,0,1,0,0,0,0,0
3579,3580,23,15,106.58,1,0,0,0,0,1,0,0,0,0,1,0,0,0,0,0,0
3580,3581,26,1,234.36,0,0,1,0,0,1,0,0,0,0,0,0,0,1,1,0,0
3581,3582,37,3,154.16,0,0,0,0,0,1,0,1,0,0,0,1,0,0,1,0,0
3582,3583,18,7,177.66,0,0,1,0,0,0,0,1,0,0,0,0,1,0,0,1,0
3583,3584,25,12,103.29,0,1,0,0,0,0,1,0,0,0,0,1,0,0,0,0,0
3584,3585,40,11,131.83,0,0,0,0,0,1,1,0,0,0,0,0,0,1,0,1,0
3585,3586,20,11,306.29,1,0,1,1,0,1,1,0,0,0,0,0,0,1,0,0,0
3586,3587,21,10,175.65,0,0,1,0,0,0,1,0,0,0,0,0,0,0,1,0,0
3587,3588,42,10,303.19,0,0,0,0,1,0,1,0,0,1,0,0,0,0,0,0,0
3588,3589,64,6,114.37,1,0,0,0,0,0,0,0,0,0,0,1,0,0,0,1,0
3589,3590,55,3,77.56,1,0,1,0,0,0,1,0,0,1,0,0,0,0,0,1,0
3590,3591,32,8,87.92,1,0,0,0,0,1,0,0,1,0,0,0,0,0,1,0,0
3591,3592,38,8,355.12,0,0,0,1,0,1,0,0,0,1,0,0,0,0,0,0,1
3592,3593,52,15,254.03,1,0,1,0,0,1,1,0,0,0,0,0,0,1,0,0,0
3593,3594,70,13,201.57,0,1,0,0,0,1,1,0,0,0,0,0,0,1,0,1,0
3594,3595,70,9,56.27,0,0,0,1,0,1,0,1,0,0,0,1,0,0,0,0,1
3595,3596,63,12,307.66,0,0,0,1,1,0,1,0,0,0,0,0,0,0,0,0,0
3596,3597,69,11,163.75,0,1,0,0,0,0,0,1,0,0,0,0,0,0,0,0,0
3597,3598,31,12,182.92,1,0,1,0,0,0,0,0,0,0,0,0,1,0,1,0,0
3598,3599,53,7,287.22,0,0,0,0,0,0,1,0,0,1,0,0,0,0,0,1,0
3599,3600,29,3,49.69,1,1,0,1,0,0,0,0,0,0,1,0,0,0,0,0,0
3600,3601,34,6,157.58,1,0,0,0,1,0,0,0,0,0,1,0,0,0,0,0,1
3601,3602,56,8,111.42,0,1,0,0,0,0,0,0,0,0,0,0,0,1,0,1,0
3602,3603,26,7,144.12,0,0,1,0,1,0,1,0,1,0,0,0,0,0,1,0,0
3603,3604,52,13,92.61,1,0,0,0,0,1,0,0,0,0,0,1,0,0,0,0,0
3604,3605,30,10,203.76,0,0,1,0,1,0,1,0,0,0,0,0,0,0,0,0,1
3605,3606,32,3,58.44,1,0,0,0,0,1,0,0,0,0,0,1,0,0,0,1,0
3606,3607,35,8,121.06,0,0,1,0,0,0,0,0,0,0,0,0,1,0,1,0,0
3607,3608,68,7,65.63,0,0,0,0,0,1,1,0,0,0,1,0,0,0,0,0,0
3608,3609,50,7,83.16,0,1,0,0,0,1,0,1,0,0,0,0,0,0,0,0,0
3609,3610,23,13,186.59,0,0,1,0,0,1,0,0,0,0,0,0,0,1,0,1,0
3610,3611,44,6,337.8,0,0,1,0,1,1,1,0,0,0,0,1,0,0,1,0,0
3611,3612,40,3,93.62,0,0,1,1,0,0,0,1,0,0,0,0,0,1,0,1,0
3612,3613,44,6,200.33,0,0,0,1,0,0,1,0,0,0,0,1,0,0,1,0,0
3613,3614,51,11,93.66,0,1,0,0,0,0,1,0,0,0,0,0,1,0,0,0,0
3614,3615,63,4,217.2,1,0,0,0,0,0,0,0,0,1,0,0,0,0,1,0,0
3615,3616,55,14,112.66,0,0,0,0,0,0,1,0,0,0,0,0,0,1,0,1,0
3616,3617,31,9,183.95,0,0,0,0,0,1,0,0,0,0,0,1,0,0,0,1,0
3617,3618,53,4,140.44,0,0,0,0,0,1,1,0,0,1,0,0,0,0,0,0,0
3618,3619,70,8,203.21,0,0,0,0,1,1,1,0,0,0,0,0,0,1,0,0,0
3619,3620,25,12,141.31,0,0,1,1,0,1,1,0,0,0,0,1,0,0,0,0,0
3620,3621,52,5,170.04,1,0,0,1,1,1,0,0,0,0,1,0,0,0,1,0,0
3621,3622,36,9,86.71,0,1,0,1,1,1,0,1,0,0,0,1,0,0,0,1,0
3622,3623,47,6,47.12,0,0,1,1,0,1,1,0,0,0,0,0,0,0,1,0,0
3623,3624,31,2,46.01,1,0,0,1,0,0,0,1,0,0,0,1,0,0,0,1,0
3624,3625,37,6,198.17,0,1,1,1,1,0,1,0,0,0,0,0,0,1,0,1,0
3625,3626,66,14,81.43,1,0,0,0,0,1,0,0,0,0,0,0,1,0,0,0,1
3626,3627,42,5,87.09,0,0,0,0,0,1,1,0,0,0,0,1,0,0,0,0,0
3627,3628,57,12,77.4,0,1,0,0,0,1,1,0,0,0,1,0,0,0,1,0,0
3628,3629,41,11,85.37,1,1,1,0,0,0,0,0,0,0,1,0,0,0,0,1,0
3629,3630,31,9,73.23,0,0,0,0,0,1,1,0,0,1,0,0,0,0,0,1,0
3630,3631,43,13,138.75,0,0,0,0,0,0,1,0,0,0,1,0,0,0,0,0,0
3631,3632,55,3,58.39,0,0,1,0,1,0,1,0,0,0,1,0,0,0,0,0,0
3632,3633,40,12,151.0,0,0,0,1,0,0,0,0,0,0,0,1,0,0,0,1,0
3633,3634,39,11,115.91,0,0,0,1,0,0,1,0,0,1,0,0,0,0,0,1,0
3634,3635,65,10,150.54,1,0,0,0,0,0,0,0,0,0,0,0,1,0,0,1,0
3635,3636,36,3,126.68,0,0,0,0,0,0,1,0,0,0,0,0,0,1,0,0,0
3636,3637,63,1,52.57,0,1,0,0,0,0,0,0,0,0,0,1,0,0,1,0,0
3637,3638,68,4,59.18,0,0,0,1,0,0,0,0,0,0,0,0,0,1,0,0,0
3638,3639,20,13,117.43,1,0,1,0,1,1,0,0,0,0,0,1,0,0,1,0,0
3639,3640,59,6,215.98,1,0,0,0,0,1,0,0,0,0,1,0,0,0,0,1,0
3640,3641,36,14,87.84,0,1,0,1,0,0,1,0,0,0,0,0,0,1,1,0,0
3641,3642,26,2,59.56,1,0,0,0,0,0,0,1,0,0,0,0,1,0,0,1,0
3642,3643,45,1,153.67,0,0,1,0,0,1,1,0,0,0,0,0,0,1,0,0,0
3643,3644,37,14,208.77,0,1,1,1,0,1,1,0,0,0,0,1,0,0,0,1,0
3644,3645,62,4,261.83,1,0,0,1,0,0,0,1,0,0,0,1,0,0,0,0,0
3645,3646,24,8,122.33,0,1,1,0,0,1,0,1,0,0,0,0,0,1,1,0,0
3646,3647,31,6,116.43,0,0,1,1,0,1,0,1,0,0,0,1,0,0,0,0,0
3647,3648,26,12,78.28,0,0,0,0,0,0,0,0,1,0,0,0,0,0,0,0,1
3648,3649,36,6,85.31,0,0,1,0,0,0,1,0,0,1,0,0,0,0,1,0,0
3649,3650,64,1,118.88,1,1,0,0,0,0,1,0,0,0,0,1,0,0,0,1,0
3650,3651,69,3,73.66,0,0,1,0,0,1,1,0,0,0,0,1,0,0,0,0,0
3651,3652,31,15,35.82,0,0,0,0,0,0,1,0,0,0,0,0,0,1,0,0,1
3652,3653,55,7,167.94,0,1,0,1,1,0,0,0,1,0,0,0,0,0,0,1,0
3653,3654,70,15,166.64,0,0,0,1,0,0,0,1,0,0,0,0,0,0,1,0,0
3654,3655,53,14,32.06,0,0,0,1,0,1,1,0,0,1,0,0,0,0,0,0,1
3655,3656,57,10,155.04,0,0,0,0,0,1,0,0,0,0,0,0,0,1,1,0,0
3656,3657,34,3,212.91,0,0,0,0,0,1,0,0,0,0,0,0,0,0,1,0,0
3657,3658,47,6,185.96,0,0,1,0,0,1,1,0,0,0,0,1,0,0,1,0,0
3658,3659,26,15,157.65,0,1,1,0,0,0,0,0,0,0,0,1,0,0,1,0,0
3659,3660,50,6,244.64,0,1,1,1,0,1,0,0,0,0,0,1,0,0,0,0,0
3660,3661,69,9,179.49,0,1,0,0,0,1,0,1,0,0,0,0,1,0,0,1,0
3661,3662,42,11,249.98,0,1,0,0,0,0,0,0,0,1,0,0,0,0,1,0,0
3662,3663,31,3,224.49,0,0,0,0,0,1,1,0,0,0,0,0,0,0,0,0,1
3663,3664,28,15,28.7,0,0,0,0,1,1,1,0,0,0,1,0,0,0,0,0,0
3664,3665,70,7,36.7,0,0,0,0,0,1,1,0,0,0,1,0,0,0,0,0,0
3665,3666,52,11,103.6,1,0,0,0,0,0,0,0,0,1,0,0,0,0,0,0,0
3666,3667,58,3,248.55,1,0,1,0,0,1,1,0,0,0,0,1,0,0,1,0,0
3667,3668,31,9,126.49,0,0,0,0,0,1,0,0,0,0,0,0,0,1,0,1,0
3668,3669,47,12,134.22,0,1,0,0,0,0,0,0,0,0,0,0,0,1,1,0,0
3669,3670,58,10,132.62,0,1,0,0,0,0,1,0,0,0,0,0,1,0,0,0,1
3670,3671,21,7,91.84,0,0,0,0,0,0,0,1,0,1,0,0,0,0,0,1,0
3671,3672,21,15,111.8,0,1,0,0,0,1,1,0,0,0,0,0,0,1,0,0,1
3672,3673,45,11,50.63,0,0,1,0,1,1,0,0,0,0,0,0,1,0,0,0,1
3673,3674,25,10,210.77,1,0,1,0,1,0,1,0,1,0,0,0,0,0,0,0,1
3674,3675,19,4,69.26,0,0,0,0,0,0,0,0,0,0,1,0,0,0,0,0,0
3675,3676,58,10,42.95,0,0,1,1,0,0,1,0,0,0,0,1,0,0,0,0,0
3676,3677,63,1,92.52,0,0,0,0,0,1,0,0,0,0,0,0,0,0,1,0,0
3677,3678,39,1,38.56,0,0,0,0,0,0,0,1,0,0,0,0,0,1,0,0,0
3678,3679,58,2,60.98,0,0,0,0,0,1,0,0,0,0,0,0,1,0,0,1,0
3679,3680,33,10,293.46,0,0,0,0,0,1,0,0,0,0,1,0,0,0,0,0,1
3680,3681,46,15,161.38,0,0,1,0,0,1,1,0,1,0,0,0,0,0,1,0,0
3681,3682,66,11,500.0,1,0,0,1,0,0,0,0,0,0,0,0,1,0,0,1,0
3682,3683,65,4,75.03,1,0,0,0,0,0,1,0,0,0,0,0,0,1,0,1,0
3683,3684,47,14,224.31,0,0,1,0,0,0,0,1,0,1,0,0,0,0,1,0,0
3684,3685,29,2,152.54,1,0,0,1,0,0,0,0,0,1,0,0,0,0,1,0,0
3685,3686,52,4,270.01,0,0,0,0,0,0,0,0,1,0,0,0,0,0,0,0,0
3686,3687,28,8,320.52,0,0,0,1,0,1,0,1,0,0,0,0,0,1,0,1,0
3687,3688,63,5,155.06,0,0,1,0,0,0,1,0,0,0,0,0,0,0,1,0,0
3688,3689,67,4,181.13,0,0,0,0,0,0,0,1,0,0,0,0,0,1,0,0,0
3689,3690,38,2,107.84,0,0,0,0,0,0,0,0,0,0,0,1,0,0,0,1,0
3690,3691,38,1,51.76,0,0,0,0,0,0,0,0,0,0,0,0,1,0,0,0,0
3691,3692,22,14,61.65,1,0,1,0,0,1,0,0,0,0,0,1,0,0,0,0,0
3692,3693,65,8,53.55,1,1,1,0,0,0,0,0,0,0,0,0,1,0,0,0,0
3693,3694,37,8,190.7,0,0,1,0,1,0,1,0,0,0,0,1,0,0,1,0,0
3694,3695,54,10,105.91,0,0,1,0,0,1,0,0,0,0,0,0,0,1,0,0,0
3695,3696,20,2,135.31,0,0,1,0,0,0,1,0,0,1,0,0,0,0,0,0,1
3696,3697,61,8,23.17,0,0,1,0,0,0,0,0,0,0,1,0,0,0,1,0,0
3697,3698,50,14,93.18,0,0,1,1,0,0,1,0,0,0,0,0,0,1,1,0,0
3698,3699,70,10,140.44,1,1,1,0,0,0,0,0,0,0,0,0,0,1,0,1,0
3699,3700,26,3,195.82,0,0,0,1,0,0,0,0,0,1,0,0,0,0,1,0,0
3700,3701,26,8,64.58,0,0,1,0,1,0,1,0,0,1,0,0,0,0,0,0,1
3701,3702,21,1,134.58,0,0,1,1,0,1,0,0,0,0,0,0,0,0,0,0,0
3702,3703,52,13,69.34,0,0,0,0,0,0,1,0,0,0,0,0,0,0,0,0,0
3703,3704,34,15,180.06,0,1,1,0,0,1,1,0,0,0,1,0,0,0,0,0,0
3704,3705,51,15,115.24,1,1,0,0,1,1,0,1,0,0,0,0,1,0,0,1,0
3705,3706,41,15,300.38,0,1,1,0,0,1,1,0,0,0,0,0,0,1,0,0,0
3706,3707,49,4,124.61,0,0,0,0,0,0,1,0,0,0,0,1,0,0,0,1,0
3707,3708,18,9,382.87,1,0,1,1,0,0,0,1,0,0,0,0,1,0,0,1,0
3708,3709,25,15,158.45,0,1,1,0,0,1,0,1,1,0,0,0,0,0,0,0,0
3709,3710,62,5,173.9,0,0,0,0,0,1,1,0,0,1,0,0,0,0,1,0,0
3710,3711,40,1,162.98,0,0,0,1,1,1,1,0,0,1,0,0,0,0,1,0,0
3711,3712,64,13,169.43,0,0,0,0,1,0,1,0,0,0,0,0,1,0,0,0,1
3712,3713,57,14,458.88,0,0,0,0,0,1,0,0,0,0,0,0,1,0,0,0,0
3713,3714,29,6,175.21,0,0,1,0,1,0,0,1,0,0,0,0,0,0,0,0,0
3714,3715,29,2,134.53,0,1,0,0,0,0,1,0,0,0,0,0,0,1,1,0,0
3715,3716,63,10,129.1,0,0,0,0,0,0,0,0,0,0,0,1,0,0,1,0,0
3716,3717,64,1,222.19,1,0,1,1,0,0,0,0,0,0,0,0,0,1,0,1,0
3717,3718,32,2,137.05,1,0,0,0,1,0,0,0,0,0,0,0,0,1,0,0,0
3718,3719,58,15,63.89,1,0,0,0,0,1,0,0,0,1,0,0,0,0,0,0,1
3719,3720,36,14,108.77,1,1,0,0,1,1,0,0,0,1,0,0,0,0,0,1,0
3720,3721,43,4,239.2,1,0,0,0,1,1,1,0,0,0,0,0,0,0,0,1,0
3721,3722,69,13,218.11,1,0,0,0,1,0,0,0,0,1,0,0,0,0,0,0,0
3722,3723,46,4,81.5,0,1,0,0,0,1,1,0,0,0,0,0,0,1,0,0,1
3723,3724,39,8,36.64,0,0,0,0,0,0,0,0,0,0,0,0,0,1,0,1,0
3724,3725,57,6,188.67,0,0,0,0,0,0,0,0,0,0,0,0,0,1,1,0,0
3725,3726,38,15,280.49,0,0,1,0,0,0,1,0,0,1,0,0,0,0,0,1,0
3726,3727,68,1,57.41,1,0,1,0,0,0,0,1,0,0,0,0,0,1,0,0,0
3727,3728,55,7,120.22,0,0,0,1,0,0,1,0,0,0,0,0,0,1,0,0,0
3728,3729,37,1,158.09,0,0,0,1,0,0,1,0,0,0,0,0,0,0,0,1,0
3729,3730,46,10,157.56,0,0,1,0,1,1,1,0,0,0,0,0,0,1,0,0,1
3730,3731,68,14,132.78,1,0,0,0,0,1,0,0,0,0,0,0,0,1,1,0,0
3731,3732,21,3,88.99,1,0,0,0,0,0,0,0,0,0,0,0,1,0,0,0,0
3732,3733,24,12,51.89,0,0,0,1,0,1,0,0,0,0,0,0,0,0,0,1,0
3733,3734,45,3,117.99,0,0,1,1,0,1,1,0,1,0,0,0,0,0,0,0,0
3734,3735,45,2,79.68,0,0,0,0,1,1,1,0,0,0,0,0,0,0,0,0,1
3735,3736,21,3,91.04,0,1,0,0,0,1,1,0,1,0,0,0,0,0,0,1,0
3736,3737,39,13,173.95,0,0,0,0,0,0,0,0,0,0,0,0,0,1,0,0,0
3737,3738,29,8,62.0,1,0,0,0,0,1,1,0,0,0,0,1,0,0,0,0,0
3738,3739,62,1,202.83,1,0,0,0,0,1,0,0,0,0,0,0,0,0,0,1,0
3739,3740,20,7,106.98,1,1,0,1,0,1,0,0,1,0,0,0,0,0,0,1,0
3740,3741,39,11,60.73,1,0,1,0,1,1,0,0,0,1,0,0,0,0,1,0,0
3741,3742,61,13,181.14,0,0,0,0,1,1,1,0,1,0,0,0,0,0,0,0,0
3742,3743,19,4,80.95,1,0,0,0,0,1,0,0,0,0,0,0,0,0,1,0,0
3743,3744,41,8,76.69,0,1,1,0,0,0,1,0,0,0,0,1,0,0,0,0,1
3744,3745,51,4,419.54,1,0,0,1,0,0,0,1,1,0,0,0,0,0,0,0,0
3745,3746,44,11,86.86,0,0,1,0,0,0,0,0,0,0,1,0,0,0,0,0,0
3746,3747,58,4,119.12,0,0,0,0,0,0,1,0,0,0,0,1,0,0,1,0,0
3747,3748,18,14,173.21,0,0,0,1,0,0,0,0,0,1,0,0,0,0,1,0,0
3748,3749,25,4,26.54,0,0,0,0,0,1,0,0,0,0,0,0,0,1,0,1,0
3749,3750,40,10,38.39,1,0,1,1,1,1,0,0,0,1,0,0,0,0,0,1,0
3750,3751,55,12,66.99,1,1,0,1,0,1,0,1,0,0,0,0,0,1,1,0,0
3751,3752,23,10,78.45,0,0,0,0,0,1,1,0,0,0,0,0,0,1,0,1,0
3752,3753,39,10,173.71,0,0,1,1,0,1,1,0,0,0,0,1,0,0,1,0,0
3753,3754,42,2,106.63,0,0,0,0,0,1,0,0,0,0,0,0,1,0,1,0,0
3754,3755,35,9,24.54,0,0,1,0,0,1,1,0,0,0,0,0,0,1,0,1,0
3755,3756,34,10,215.31,0,0,0,0,0,1,0,1,0,0,0,0,0,0,1,0,0
3756,3757,29,13,148.03,0,0,1,0,1,0,1,0,0,1,0,0,0,0,1,0,0
3757,3758,23,1,28.85,1,1,0,0,0,0,0,1,1,0,0,0,0,0,0,0,0
3758,3759,43,13,96.95,0,0,1,0,0,0,0,0,0,0,0,0,0,1,1,0,0
3759,3760,44,8,135.81,0,1,0,0,0,1,1,0,0,0,0,0,0,0,0,1,0
3760,3761,25,7,270.09,0,0,1,0,0,1,1,0,0,0,1,0,0,0,1,0,0
3761,3762,36,7,79.47,0,0,1,0,0,0,1,0,0,1,0,0,0,0,1,0,0
3762,3763,59,14,67.61,1,0,0,0,0,0,0,1,0,0,0,1,0,0,1,0,0
3763,3764,18,4,137.27,1,1,0,1,0,1,0,0,1,0,0,0,0,0,0,1,0
3764,3765,46,5,19.06,0,0,0,1,0,1,0,0,0,0,0,0,0,1,0,0,0
3765,3766,62,1,50.44,1,0,0,0,0,0,0,0,0,0,1,0,0,0,0,0,1
3766,3767,66,2,164.74,1,0,0,0,0,1,0,1,0,0,0,0,1,0,0,0,0
3767,3768,52,10,217.15,0,0,0,0,0,1,0,1,0,0,0,0,0,1,1,0,0
3768,3769,57,8,59.58,0,1,0,0,0,1,1,0,0,1,0,0,0,0,0,0,1
3769,3770,31,2,84.02,0,1,0,0,0,0,1,0,0,0,0,1,0,0,0,0,0
3770,3771,52,8,107.76,1,1,0,1,0,0,1,0,1,0,0,0,0,0,0,0,0
3771,3772,65,9,103.8,0,0,0,0,0,0,1,0,0,0,0,0,0,1,0,0,1
3772,3773,62,10,123.55,0,1,0,1,0,0,0,0,0,0,0,1,0,0,0,0,1
3773,3774,37,9,197.5,1,0,0,0,0,1,1,0,0,0,0,0,0,1,0,0,0
3774,3775,66,5,191.89,0,1,1,0,0,0,1,0,0,0,0,0,1,0,1,0,0
3775,3776,30,2,208.17,0,0,0,0,0,1,1,0,0,0,0,1,0,0,0,0,1
3776,3777,55,7,370.46,1,0,0,0,0,0,0,0,0,0,0,0,0,0,0,1,0
3777,3778,66,1,139.92,0,1,0,1,0,1,1,0,0,0,0,1,0,0,0,1,0
3778,3779,63,15,106.03,0,1,0,0,0,0,1,0,1,0,0,0,0,0,0,0,0
3779,3780,66,7,58.15,0,0,0,0,0,1,1,0,0,1,0,0,0,0,0,0,0
3780,3781,25,11,78.04,0,1,1,0,1,1,1,0,0,0,0,0,1,0,1,0,0
3781,3782,60,6,178.56,1,0,0,0,0,1,1,0,0,0,0,0,0,1,1,0,0
3782,3783,37,15,142.12,0,0,0,0,0,0,1,0,0,0,0,1,0,0,0,1,0
3783,3784,50,15,36.01,0,1,0,0,0,0,0,0,0,0,0,0,1,0,0,0,1
3784,3785,43,2,138.25,0,1,0,0,0,1,1,0,0,1,0,0,0,0,0,1,0
3785,3786,56,11,94.31,0,0,1,0,0,0,1,0,0,0,0,0,1,0,0,0,0
3786,3787,38,15,159.55,0,0,0,0,0,0,1,0,0,0,0,0,0,0,0,0,0
3787,3788,70,1,500.0,0,1,0,0,0,0,1,0,0,0,1,0,0,0,1,0,0
3788,3789,66,10,239.48,1,1,0,0,0,1,1,0,0,0,0,0,0,1,0,1,0
3789,3790,59,13,149.58,0,1,0,0,0,1,1,0,0,0,0,0,0,1,0,1,0
3790,3791,60,5,328.43,0,0,0,0,0,0,1,0,0,0,0,0,1,0,0,0,1
3791,3792,58,8,45.49,1,0,1,0,0,0,1,0,0,0,0,0,1,0,0,0,1
3792,3793,26,4,372.19,0,0,1,0,0,0,1,0,0,0,0,0,0,0,0,1,0
3793,3794,41,13,169.35,1,0,0,1,0,1,0,1,0,0,1,0,0,0,0,1,0
3794,3795,54,15,222.07,0,0,0,1,0,0,1,0,0,0,0,1,0,0,1,0,0
3795,3796,66,3,158.8,0,0,0,0,0,0,0,0,0,0,1,0,0,0,1,0,0
3796,3797,58,3,126.33,0,1,0,0,0,1,1,0,0,0,0,0,0,0,0,0,1
3797,3798,34,4,104.87,0,1,1,0,0,1,1,0,0,0,0,0,0,1,0,0,0
3798,3799,41,9,418.1,0,0,1,1,0,1,0,1,0,1,0,0,0,0,0,1,0
3799,3800,38,11,345.09,1,0,0,0,1,1,1,0,0,0,1,0,0,0,1,0,0
3800,3801,68,5,167.26,1,0,0,1,1,0,0,0,0,1,0,0,0,0,0,0,0
3801,3802,56,7,153.44,0,0,0,0,1,1,0,0,0,0,1,0,0,0,1,0,0
3802,3803,58,15,134.93,0,1,0,0,0,0,1,0,0,0,0,0,1,0,0,0,1
3803,3804,56,15,52.99,0,0,1,0,0,1,1,0,0,1,0,0,0,0,0,0,0
3804,3805,30,15,368.61,0,1,1,0,0,0,1,0,0,0,0,0,0,0,0,1,0
3805,3806,28,9,127.32,0,0,0,0,0,1,0,0,0,0,0,1,0,0,1,0,0
3806,3807,63,1,331.38,0,1,0,0,0,1,1,0,0,0,0,1,0,0,0,0,0
3807,3808,36,14,171.69,1,1,0,1,0,0,1,0,0,0,0,0,0,1,0,0,0
3808,3809,28,2,23.85,1,0,0,1,0,1,0,0,0,0,1,0,0,0,0,0,1
3809,3810,30,14,470.75,1,0,0,0,0,0,0,0,0,0,0,1,0,0,0,0,0
3810,3811,63,6,111.31,1,0,0,1,0,0,0,0,0,0,1,0,0,0,0,1,0
3811,3812,62,3,56.94,0,0,0,0,0,0,0,0,0,0,0,1,0,0,0,0,0
3812,3813,18,11,63.97,0,0,0,0,0,0,0,0,0,1,0,0,0,0,0,1,0
3813,3814,57,12,131.13,1,1,0,1,0,0,0,0,0,0,0,0,0,0,0,1,0
3814,3815,61,11,108.31,0,0,0,0,0,1,0,1,0,0,0,0,1,0,1,0,0
3815,3816,36,14,123.32,0,0,1,0,0,0,0,0,0,1,0,0,0,0,1,0,0
3816,3817,29,7,58.31,0,0,1,0,0,0,0,0,0,0,1,0,0,0,0,0,0
3817,3818,25,5,186.29,0,0,0,1,0,0,0,0,0,0,0,0,0,0,0,0,0
3818,3819,25,12,44.44,1,0,0,0,1,1,1,0,0,0,1,0,0,0,0,0,0
3819,3820,70,10,115.11,0,0,0,0,0,1,1,0,1,0,0,0,0,0,0,1,0
3820,3821,62,13,264.95,0,0,0,0,1,1,0,0,0,0,0,0,1,0,0,0,0
3821,3822,29,1,45.66,0,0,0,1,1,1,1,0,0,0,0,0,0,0,1,0,0
3822,3823,65,15,83.8,0,0,0,0,0,1,1,0,0,0,0,1,0,0,1,0,0
3823,3824,50,9,70.0,1,0,1,1,1,1,0,0,0,0,0,0,1,0,0,0,1
3824,3825,62,15,25.1,0,1,0,0,1,1,1,0,0,0,0,0,0,0,1,0,0
3825,3826,43,13,159.01,0,0,0,0,0,0,1,0,0,0,0,1,0,0,0,0,0
3826,3827,56,10,154.18,0,0,0,1,0,1,0,0,0,0,0,0,1,0,0,0,0
3827,3828,45,7,131.22,0,0,0,0,0,1,1,0,0,0,0,0,0,0,0,1,0
3828,3829,22,14,416.24,0,0,1,1,0,1,1,0,0,0,0,0,0,0,1,0,0
3829,3830,25,6,153.14,0,0,1,0,0,1,1,0,0,0,0,0,0,1,0,0,0
3830,3831,42,8,93.61,0,1,0,0,0,1,0,0,0,0,0,0,0,1,1,0,0
3831,3832,44,12,83.39,0,1,0,0,0,1,0,1,1,0,0,0,0,0,0,0,0
3832,3833,63,12,13.12,1,0,0,0,0,0,1,0,0,0,0,0,1,0,0,0,1
3833,3834,40,4,108.39,0,0,0,1,0,0,0,0,0,0,0,0,0,1,0,0,0
3834,3835,47,14,167.43,0,0,0,1,1,0,1,0,1,0,0,0,0,0,0,0,0
3835,3836,62,14,96.86,0,1,0,1,0,1,1,0,0,0,0,0,0,1,1,0,0
3836,3837,64,10,166.11,0,0,1,0,0,1,1,0,0,0,0,0,0,0,0,0,0
3837,3838,40,5,109.5,1,0,0,0,0,1,0,0,0,0,0,0,0,1,1,0,0
3838,3839,66,1,195.9,1,0,0,0,0,1,0,0,0,0,1,0,0,0,0,1,0
3839,3840,64,9,321.98,0,0,0,0,1,1,1,0,0,0,1,0,0,0,1,0,0
3840,3841,37,9,487.45,0,0,0,1,0,1,0,1,0,0,0,1,0,0,0,1,0
3841,3842,35,5,61.43,0,0,0,1,0,1,0,0,0,1,0,0,0,0,0,1,0
3842,3843,35,13,117.41,0,0,1,1,0,1,1,0,0,0,0,0,0,0,1,0,0
3843,3844,19,7,68.81,0,0,0,0,0,1,1,0,0,0,0,0,1,0,0,0,0
3844,3845,21,8,53.28,0,1,0,0,0,0,1,0,0,0,0,0,0,1,0,1,0
3845,3846,47,9,148.19,0,0,0,0,1,1,1,0,0,1,0,0,0,0,1,0,0
3846,3847,50,5,53.28,1,0,1,1,0,0,0,0,0,0,0,1,0,0,0,0,1
3847,3848,53,3,133.47,0,0,0,0,0,0,1,0,0,1,0,0,0,0,0,1,0
3848,3849,35,3,152.32,0,1,0,0,0,1,0,1,0,0,0,0,0,1,0,0,0
3849,3850,54,11,74.71,1,0,0,0,0,1,0,0,0,0,0,0,0,0,1,0,0
3850,3851,36,10,121.47,0,1,0,0,1,1,1,0,0,0,0,1,0,0,1,0,0
3851,3852,64,3,91.91,1,0,0,1,0,0,0,0,0,0,1,0,0,0,0,0,1
3852,3853,45,9,86.25,0,0,0,1,0,0,0,0,0,0,0,0,0,1,0,1,0
3853,3854,57,10,77.8,0,0,0,0,0,0,1,0,0,0,0,0,0,0,0,0,0
3854,3855,37,13,124.12,0,1,1,0,0,0,0,0,0,1,0,0,0,0,0,1,0
3855,3856,66,13,136.01,1,1,0,0,0,0,1,0,0,0,0,0,0,1,0,0,0
3856,3857,50,15,129.33,0,0,0,0,0,0,1,0,0,0,0,1,0,0,0,1,0
3857,3858,29,6,128.63,0,1,0,1,0,0,0,1,0,0,0,0,0,1,0,1,0
3858,3859,68,5,313.11,1,1,1,0,0,0,0,0,0,0,0,0,0,1,0,0,0
3859,3860,32,10,193.77,0,0,0,0,0,0,0,0,0,0,0,0,1,0,0,1,0
3860,3861,58,2,48.25,0,0,0,0,0,1,0,0,0,0,0,0,0,0,0,0,1
3861,3862,56,11,161.42,1,0,0,0,0,0,1,0,0,0,1,0,0,0,1,0,0
3862,3863,19,11,119.21,0,0,0,0,1,1,1,0,0,1,0,0,0,0,0,1,0
3863,3864,46,8,280.98,0,0,1,0,1,1,0,0,0,0,0,0,0,0,1,0,0
3864,3865,58,14,86.17,0,0,0,0,0,0,0,1,0,1,0,0,0,0,0,0,1
3865,3866,27,5,21.97,0,0,0,0,0,1,0,1,0,0,0,0,0,1,0,0,0
3866,3867,19,6,140.89,0,1,0,1,0,1,1,0,1,0,0,0,0,0,0,0,0
3867,3868,68,15,101.75,1,0,0,0,0,1,0,0,0,0,0,1,0,0,0,1,0
3868,3869,28,9,187.89,1,0,0,0,0,0,0,0,0,1,0,0,0,0,0,1,0
3869,3870,30,3,248.12,0,0,0,0,0,1,1,0,0,0,0,1,0,0,0,0,0
3870,3871,27,14,203.98,1,0,0,0,0,1,1,0,0,0,1,0,0,0,0,1,0
3871,3872,31,4,82.88,0,0,0,1,0,0,0,0,0,0,0,0,0,1,0,0,0
3872,3873,35,5,124.36,0,1,0,0,0,0,0,0,0,0,0,0,0,1,0,1,0
3873,3874,68,9,78.58,0,1,0,0,0,0,0,1,0,0,0,0,0,1,0,0,0
3874,3875,26,12,158.19,0,0,1,0,0,1,0,0,1,0,0,0,0,0,0,0,0
3875,3876,56,5,180.49,0,1,0,0,0,0,1,0,0,0,0,0,0,1,0,0,0
3876,3877,45,7,95.93,0,0,1,0,0,1,1,0,0,1,0,0,0,0,0,0,0
3877,3878,20,14,133.59,0,0,0,0,1,0,1,0,0,0,0,0,0,0,0,0,0
3878,3879,37,12,13.91,0,0,0,0,0,1,1,0,0,0,0,1,0,0,1,0,0
3879,3880,23,5,58.93,0,0,0,0,0,0,1,0,0,0,0,0,1,0,1,0,0
3880,3881,44,8,25.44,0,1,0,1,0,0,0,0,0,1,0,0,0,0,0,0,0
3881,3882,70,14,127.69,1,1,0,1,0,1,1,0,0,0,0,0,0,0,0,0,1
3882,3883,19,7,232.2,1,0,1,0,0,0,0,0,0,0,1,0,0,0,1,0,0
3883,3884,46,8,165.45,0,0,1,0,0,0,1,0,0,0,0,0,0,1,0,1,0
3884,3885,55,5,348.54,1,0,0,1,1,0,1,0,0,0,0,0,0,1,0,1,0
3885,3886,20,10,157.23,0,0,0,1,0,1,1,0,0,0,0,1,0,0,0,1,0
3886,3887,33,10,358.76,0,1,0,1,0,1,0,0,0,0,0,0,1,0,0,0,0
3887,3888,47,4,59.98,0,1,0,1,1,1,0,0,0,1,0,0,0,0,0,0,0
3888,3889,57,2,112.01,1,0,1,0,0,0,1,0,0,0,0,0,0,1,0,0,0
3889,3890,19,15,134.33,0,0,0,0,0,0,0,0,0,0,0,0,1,0,1,0,0
3890,3891,34,4,61.39,0,0,0,0,0,1,0,1,0,0,0,1,0,0,0,1,0
3891,3892,58,5,72.01,0,0,0,0,0,1,0,1,1,0,0,0,0,0,0,0,0
3892,3893,29,10,127.46,0,0,1,0,0,0,0,0,0,0,0,0,1,0,0,0,0
3893,3894,52,15,72.92,0,1,0,0,1,0,0,0,0,0,0,0,0,1,0,0,1
3894,3895,60,10,84.27,1,0,0,0,0,0,1,0,0,0,0,0,1,0,0,1,0
3895,3896,18,15,280.46,0,0,0,0,1,1,0,1,0,0,0,0,0,1,0,1,0
3896,3897,62,14,165.96,1,0,0,0,0,0,1,0,1,0,0,0,0,0,0,1,0
3897,3898,32,10,202.29,0,1,0,0,0,1,0,0,0,0,0,0,1,0,0,0,0
3898,3899,43,7,121.02,0,1,1,0,0,0,1,0,0,0,0,0,0,0,0,0,0
3899,3900,54,15,145.98,0,1,0,0,0,0,0,0,0,0,0,1,0,0,1,0,0
3900,3901,38,15,38.86,0,0,1,0,0,0,0,0,0,0,0,0,0,1,0,0,0
3901,3902,66,11,57.78,1,1,0,0,1,0,0,0,0,0,0,0,0,1,0,1,0
3902,3903,48,11,84.27,0,1,0,1,0,0,1,0,0,1,0,0,0,0,0,0,0
3903,3904,42,5,139.19,0,0,0,0,0,0,0,0,0,0,0,0,1,0,0,0,1
3904,3905,40,4,23.14,0,0,0,1,0,0,1,0,0,0,0,0,0,0,0,0,0
3905,3906,41,4,74.59,0,1,0,1,1,0,0,1,0,0,0,0,0,1,1,0,0
3906,3907,55,6,97.61,1,0,1,1,0,0,1,0,0,0,0,0,1,0,0,0,0
3907,3908,45,15,102.74,0,0,0,0,0,1,1,0,0,0,0,0,0,1,0,0,0
3908,3909,38,6,95.07,0,0,0,0,0,1,0,0,0,0,0,0,1,0,1,0,0
3909,3910,60,15,110.87,0,0,0,0,1,1,1,0,0,0,0,0,0,0,0,1,0
3910,3911,35,6,116.89,0,0,0,0,0,0,0,0,0,0,0,0,0,0,0,1,0
3911,3912,53,2,83.91,0,0,0,1,0,0,1,0,0,0,0,0,0,1,0,1,0
3912,3913,52,11,54.26,0,0,0,0,0,0,0,0,1,0,0,0,0,0,0,1,0
3913,3914,62,12,171.43,0,0,0,0,0,1,0,0,0,0,0,0,0,1,0,0,0
3914,3915,26,14,342.4,0,1,0,0,0,0,0,0,0,0,0,0,0,1,0,0,0
3915,3916,70,8,245.44,0,0,0,0,0,0,0,0,0,0,0,1,0,0,0,0,0
3916,3917,55,10,124.5,0,1,1,1,0,1,1,0,1,0,0,0,0,0,0,0,0
3917,3918,47,7,181.36,0,0,1,0,0,0,1,0,0,0,0,0,0,1,0,0,0
3918,3919,61,14,133.25,1,0,0,0,0,0,0,0,0,0,0,1,0,0,0,1,0
3919,3920,51,14,79.64,1,0,1,0,0,0,1,0,0,0,0,1,0,0,1,0,0
3920,3921,49,4,99.17,0,1,0,0,0,1,1,0,0,0,0,1,0,0,0,0,0
3921,3922,20,4,224.73,0,0,0,0,1,1,1,0,0,0,0,0,0,0,1,0,0
3922,3923,20,7,117.73,0,1,0,0,0,0,1,0,0,1,0,0,0,0,0,0,0
3923,3924,45,6,60.51,0,0,0,1,0,0,0,0,0,1,0,0,0,0,0,0,0
3924,3925,61,10,299.67,0,0,1,0,0,1,0,0,0,0,0,1,0,0,1,0,0
3925,3926,32,4,231.21,0,0,1,0,1,0,1,0,0,0,0,0,0,1,0,0,0
3926,3927,58,2,54.38,1,0,0,0,0,1,0,1,0,0,0,1,0,0,0,0,0
3927,3928,40,6,500.0,0,0,1,1,0,1,1,0,0,0,0,0,0,1,1,0,0
3928,3929,57,9,195.68,0,0,1,0,0,0,1,0,0,0,0,0,0,0,0,0,0
3929,3930,28,6,276.24,0,1,0,0,1,0,1,0,0,0,0,0,0,0,0,0,0
3930,3931,65,15,103.16,0,1,0,0,0,1,1,0,1,0,0,0,0,0,0,1,0
3931,3932,49,3,60.79,0,0,1,0,0,0,1,0,0,0,0,0,0,0,0,0,0
3932,3933,53,13,212.35,0,0,0,0,1,0,1,0,0,0,0,0,0,1,1,0,0
3933,3934,50,15,136.64,0,0,0,1,0,1,1,0,0,0,0,0,0,1,0,1,0
3934,3935,41,15,140.45,0,0,1,0,1,0,1,0,0,0,0,1,0,0,0,1,0
3935,3936,56,13,79.81,1,0,0,0,0,0,1,0,0,0,0,0,0,0,0,0,1
3936,3937,51,7,196.52,0,0,0,0,0,0,1,0,0,0,0,1,0,0,0,1,0
3937,3938,45,9,97.91,0,0,0,0,0,1,0,0,0,0,0,0,0,0,0,0,0
3938,3939,54,11,342.4,1,0,0,0,0,0,1,0,0,0,0,0,1,0,1,0,0
3939,3940,24,10,116.72,0,0,0,0,0,1,1,0,1,0,0,0,0,0,0,1,0
3940,3941,21,12,153.66,0,0,0,1,0,1,0,1,0,0,0,0,0,1,0,0,1
3941,3942,54,11,95.94,0,0,0,0,0,0,1,0,0,0,0,1,0,0,0,1,0
3942,3943,18,7,175.32,0,1,1,0,0,0,0,0,0,0,0,0,0,1,0,1,0
3943,3944,18,4,41.8,1,0,0,1,0,0,0,0,0,1,0,0,0,0,0,1,0
3944,3945,64,2,38.85,0,0,0,1,0,1,1,0,0,0,0,0,0,0,0,0,0
3945,3946,37,12,46.74,1,0,0,0,0,1,0,0,0,0,0,1,0,0,0,0,1
3946,3947,36,9,169.51,1,0,1,0,0,1,0,1,0,1,0,0,0,0,1,0,0
3947,3948,46,3,75.04,1,0,1,0,0,0,0,0,0,0,0,0,1,0,1,0,0
3948,3949,27,6,111.01,0,0,0,0,0,1,0,1,0,1,0,0,0,0,0,1,0
3949,3950,35,14,63.75,0,1,0,0,1,0,1,0,0,1,0,0,0,0,1,0,0
3950,3951,45,13,99.75,0,0,1,0,0,1,0,1,0,0,0,0,0,1,1,0,0
3951,3952,52,7,151.25,1,0,0,0,0,1,0,0,0,0,0,1,0,0,0,1,0
3952,3953,60,12,198.0,0,1,1,0,0,0,1,0,0,0,0,0,0,1,1,0,0
3953,3954,64,3,149.88,0,0,0,0,0,0,0,0,0,1,0,0,0,0,1,0,0
3954,3955,48,3,196.6,0,0,0,0,0,1,0,0,0,0,0,0,0,1,1,0,0
3955,3956,44,3,81.99,0,1,0,1,0,1,0,0,0,0,0,0,0,1,0,1,0
3956,3957,28,4,62.0,1,0,1,0,0,0,1,0,0,0,0,0,0,1,0,0,1
3957,3958,66,3,112.2,1,0,0,1,0,0,0,0,0,0,0,0,0,1,0,1,0
3958,3959,66,7,231.6,0,0,0,0,0,1,0,1,0,1,0,0,0,0,1,0,0
3959,3960,55,13,117.94,1,1,0,1,0,0,0,0,0,0,0,0,0,0,0,1,0
3960,3961,22,14,96.94,0,0,1,0,0,0,0,0,0,0,0,0,0,1,0,0,1
3961,3962,25,5,202.06,1,0,0,0,0,0,0,0,0,0,0,1,0,0,0,0,0
3962,3963,51,4,61.37,1,0,0,0,0,0,1,0,0,1,0,0,0,0,0,0,0
3963,3964,65,6,212.3,1,0,0,1,0,1,0,0,0,1,0,0,0,0,0,1,0
3964,3965,69,14,64.9,0,1,1,0,1,1,0,1,0,0,0,0,1,0,0,0,0
3965,3966,29,10,134.29,0,0,1,0,0,1,1,0,0,0,0,0,0,0,0,0,1
3966,3967,55,2,132.2,1,0,1,1,0,0,0,1,0,0,1,0,0,0,0,0,1
3967,3968,18,12,203.6,0,0,0,0,0,1,0,0,0,1,0,0,0,0,0,1,0
3968,3969,48,15,183.47,0,0,1,0,0,0,1,0,0,0,0,0,1,0,0,0,0
3969,3970,21,4,99.18,0,0,0,1,1,0,1,0,0,0,0,1,0,0,0,1,0
3970,3971,66,4,138.18,0,0,1,0,0,1,1,0,1,0,0,0,0,0,0,0,0
3971,3972,62,14,211.05,1,0,1,0,1,0,1,0,0,0,1,0,0,0,1,0,0
3972,3973,67,15,354.58,1,0,1,1,0,1,0,1,0,0,0,0,0,1,1,0,0
3973,3974,22,7,173.73,0,0,0,0,1,0,0,0,0,0,0,0,0,1,0,0,0
3974,3975,47,14,351.47,0,0,0,1,0,1,1,0,0,0,0,1,0,0,0,0,0
3975,3976,41,2,76.81,1,0,0,0,0,0,0,0,0,1,0,0,0,0,1,0,0
3976,3977,20,14,127.03,0,0,1,0,0,0,0,0,0,0,0,0,1,0,0,1,0
3977,3978,28,5,129.3,0,0,0,0,0,0,0,0,0,0,0,0,0,1,0,1,0
3978,3979,62,11,73.26,0,0,0,0,0,1,0,1,0,0,0,0,1,0,0,1,0
3979,3980,21,15,147.57,1,0,0,0,0,1,0,1,0,0,0,0,0,1,0,1,0
3980,3981,43,10,267.46,0,0,0,0,0,1,0,0,0,0,0,0,0,1,0,0,0
3981,3982,44,9,125.52,0,1,0,0,0,1,0,1,0,0,1,0,0,0,0,0,1
3982,3983,63,9,197.37,0,0,0,0,0,1,1,0,0,0,0,0,0,1,0,1,0
3983,3984,60,9,90.63,0,0,1,0,0,0,1,0,0,1,0,0,0,0,1,0,0
3984,3985,44,3,113.62,1,0,0,0,0,0,0,0,0,0,0,0,0,1,0,0,0
3985,3986,59,13,51.11,0,0,0,0,0,1,1,0,1,0,0,0,0,0,1,0,0
3986,3987,68,13,24.79,1,0,0,0,0,1,0,0,0,0,0,1,0,0,0,1,0
3987,3988,67,12,87.51,0,0,0,0,0,1,0,0,0,0,0,0,1,0,0,1,0
3988,3989,23,15,146.12,0,0,0,0,0,0,1,0,0,0,0,0,0,0,0,1,0
3989,3990,32,15,206.79,0,1,0,0,0,0,1,0,0,1,0,0,0,0,1,0,0
3990,3991,70,3,233.41,0,0,0,0,0,1,1,0,0,0,0,0,0,1,1,0,0
3991,3992,47,2,68.67,0,1,0,0,0,1,0,1,0,0,0,0,0,1,0,0,1
3992,3993,59,8,194.24,1,0,0,0,0,0,1,0,0,0,0,0,0,0,0,0,0
3993,3994,54,4,260.28,1,1,0,0,0,1,0,0,0,0,0,1,0,0,0,0,0
3994,3995,54,13,409.04,0,0,0,0,0,1,0,0,0,0,0,0,0,1,0,0,0
3995,3996,59,12,107.12,0,0,0,0,0,0,1,0,0,0,0,0,0,1,0,1,0
3996,3997,54,5,129.82,1,0,0,0,0,1,0,1,0,0,0,0,0,1,0,0,0
3997,3998,52,13,217.73,0,1,0,0,0,1,0,1,0,1,0,0,0,0,1,0,0
3998,3999,40,2,50.73,0,0,0,1,0,1,1,0,0,0,0,0,0,1,0,0,0
3999,4000,23,12,127.55,0,0,1,0,1,1,1,0,0,0,0,0,0,1,1,0,0
4000,4001,21,3,52.53,0,1,1,1,1,1,1,0,0,0,0,0,0,1,0,0,0
4001,4002,35,9,244.74,0,1,0,0,0,0,0,0,1,0,0,0,0,0,0,0,0
4002,4003,26,6,163.99,0,0,0,0,1,0,0,0,0,0,0,0,0,1,0,0,0
4003,4004,66,7,161.65,0,0,1,0,0,0,1,0,0,0,0,0,1,0,0,1,0
4004,4005,46,13,90.39,0,0,1,0,1,0,0,1,0,1,0,0,0,0,0,0,1
4005,4006,30,5,281.34,0,0,1,0,0,0,0,1,0,0,0,1,0,0,1,0,0
4006,4007,64,9,29.67,0,0,1,0,0,0,0,0,0,0,0,0,0,1,1,0,0
4007,4008,69,14,81.81,0,0,0,0,0,0,1,0,0,0,0,1,0,0,0,0,1
4008,4009,34,10,115.59,0,0,0,1,1,0,0,1,0,0,0,0,0,1,0,1,0
4009,4010,62,5,143.31,1,0,0,0,0,1,1,0,0,0,0,0,0,1,0,0,0
4010,4011,49,6,184.9,0,0,0,0,0,0,0,0,1,0,0,0,0,0,1,0,0
4011,4012,65,11,132.65,1,1,0,0,0,1,1,0,0,0,0,1,0,0,0,0,0
4012,4013,39,9,127.89,0,0,1,0,0,1,1,0,0,0,0,0,0,1,0,1,0
4013,4014,21,5,81.5,1,0,1,0,0,0,1,0,0,1,0,0,0,0,0,1,0
4014,4015,22,5,78.68,0,0,0,0,0,1,1,0,0,1,0,0,0,0,0,0,0
4015,4016,54,12,106.85,0,0,0,0,0,1,1,0,0,0,0,1,0,0,1,0,0
4016,4017,58,5,39.27,1,1,0,0,0,0,0,0,0,0,0,1,0,0,0,1,0
4017,4018,66,11,128.23,0,0,0,0,0,0,0,0,0,0,0,0,0,1,0,0,0
4018,4019,30,15,248.25,0,1,1,1,0,0,1,0,0,0,0,0,0,1,0,1,0
4019,4020,51,5,281.63,0,1,0,0,0,0,0,0,0,0,0,0,0,0,0,0,0
4020,4021,62,5,147.0,0,0,0,0,0,0,0,1,0,1,0,0,0,0,0,0,1
4021,4022,39,1,346.71,0,1,0,0,0,1,0,0,0,0,0,0,0,0,1,0,0
4022,4023,70,5,241.73,0,0,0,0,1,1,1,0,0,0,0,1,0,0,0,0,0
4023,4024,40,5,158.63,0,0,0,1,0,1,0,1,0,0,0,1,0,0,0,1,0
4024,4025,68,1,163.57,0,0,0,1,0,0,0,0,0,1,0,0,0,0,0,1,0
4025,4026,20,13,38.62,0,0,0,0,0,0,1,0,1,0,0,0,0,0,0,1,0
4026,4027,59,5,101.01,0,0,1,0,0,0,1,0,0,0,0,0,0,1,1,0,0
4027,4028,51,8,100.92,1,0,0,1,0,0,0,0,0,0,0,1,0,0,0,1,0
4028,4029,49,4,220.41,0,0,0,0,0,0,0,1,0,0,1,0,0,0,0,0,0
4029,4030,62,7,90.57,0,0,0,0,0,1,0,0,0,0,0,0,0,0,1,0,0
4030,4031,68,7,84.54,0,0,1,0,0,0,1,0,0,0,0,0,0,0,1,0,0
4031,4032,66,15,273.85,1,0,0,1,0,1,0,0,0,0,0,0,0,1,0,0,0
4032,4033,38,15,195.83,1,0,0,0,0,0,0,0,0,0,0,0,1,0,0,0,0
4033,4034,63,5,289.59,0,1,0,0,0,1,0,1,0,1,0,0,0,0,0,1,0
4034,4035,61,10,128.81,0,0,0,0,0,1,1,0,0,0,0,1,0,0,0,1,0
4035,4036,38,13,44.2,0,1,0,1,0,1,0,0,0,0,0,0,0,1,0,0,0
4036,4037,61,10,50.49,0,0,0,1,0,0,1,0,0,0,0,0,0,1,0,0,0
4037,4038,28,7,100.11,0,0,0,0,0,1,1,0,0,1,0,0,0,0,0,1,0
4038,4039,56,14,189.39,0,0,0,0,0,1,0,1,0,0,0,0,0,1,1,0,0
4039,4040,21,10,307.06,0,0,0,0,0,1,1,0,1,0,0,0,0,0,1,0,0
4040,4041,68,7,49.12,1,1,0,1,0,1,0,1,1,0,0,0,0,0,0,0,0
4041,4042,18,15,80.54,0,0,0,0,0,1,1,0,0,0,0,0,0,0,0,1,0
4042,4043,45,12,87.56,0,1,0,1,0,0,1,0,0,0,0,0,0,1,1,0,0
4043,4044,41,9,200.92,0,0,0,1,0,1,0,1,0,0,0,0,0,1,0,0,0
4044,4045,52,7,78.28,1,0,1,0,0,1,0,0,0,0,0,1,0,0,0,1,0
4045,4046,30,3,100.63,0,0,1,1,0,0,0,0,0,0,0,0,0,1,1,0,0
4046,4047,64,10,182.64,1,0,0,1,0,0,0,0,0,0,0,1,0,0,0,0,0
4047,4048,51,11,162.09,0,0,0,1,0,0,0,0,0,0,0,0,0,1,0,1,0
4048,4049,28,5,48.77,0,0,0,0,0,1,0,0,0,0,0,1,0,0,0,0,0
4049,4050,53,12,285.54,1,0,0,0,0,0,1,0,0,0,0,0,1,0,1,0,0
4050,4051,68,9,37.11,0,0,0,0,0,0,1,0,0,0,0,0,0,0,1,0,0
4051,4052,34,9,156.27,0,0,0,0,0,0,0,0,0,0,0,0,1,0,1,0,0
4052,4053,52,8,52.12,0,0,1,1,0,1,0,0,0,0,0,0,1,0,0,0,0
4053,4054,35,13,70.66,0,0,0,1,0,0,0,0,0,0,0,1,0,0,1,0,0
4054,4055,57,7,137.06,0,0,1,0,0,1,1,0,0,1,0,0,0,0,1,0,0
4055,4056,39,15,58.12,0,0,0,0,0,0,1,0,0,0,0,0,0,1,0,0,0
4056,4057,41,7,11.01,0,0,0,1,0,1,0,0,1,0,0,0,0,0,0,0,0
4057,4058,36,7,89.88,1,0,0,0,0,1,0,1,0,0,0,1,0,0,1,0,0
4058,4059,54,11,67.85,0,0,0,0,0,0,1,0,0,0,0,0,1,0,0,0,1
4059,4060,56,1,88.96,0,0,0,1,0,0,0,1,0,0,0,0,0,0,0,0,1
4060,4061,38,8,68.01,0,0,0,1,0,1,0,0,0,0,0,0,0,1,0,0,0
4061,4062,25,7,45.49,0,0,0,0,0,0,1,0,0,0,1,0,0,0,0,0,1
4062,4063,45,7,248.96,1,1,0,1,0,0,1,0,0,0,0,0,0,1,0,0,0
4063,4064,22,15,184.65,0,0,0,0,1,1,1,0,1,0,0,0,0,0,0,0,0
4064,4065,34,10,87.6,0,0,0,0,0,1,1,0,0,0,0,0,0,1,0,0,1
4065,4066,54,15,88.29,0,0,0,0,0,1,0,1,0,1,0,0,0,0,1,0,0
4066,4067,53,11,193.4,0,0,0,0,0,0,1,0,0,1,0,0,0,0,1,0,0
4067,4068,36,11,176.09,0,0,1,1,0,0,1,0,1,0,0,0,0,0,0,0,1
4068,4069,44,2,78.85,0,0,0,1,0,0,0,1,1,0,0,0,0,0,1,0,0
4069,4070,70,9,193.63,0,0,1,1,0,1,1,0,0,0,0,0,1,0,0,0,0
4070,4071,51,9,184.03,0,1,1,0,0,1,1,0,0,1,0,0,0,0,0,0,1
4071,4072,28,12,151.77,1,0,0,0,0,1,0,0,0,0,0,0,0,1,0,0,1
4072,4073,62,5,320.08,1,0,0,0,0,0,0,1,0,0,0,1,0,0,0,0,0
4073,4074,64,15,108.44,1,0,0,1,1,1,1,0,0,1,0,0,0,0,0,0,0
4074,4075,29,2,204.73,0,1,1,1,0,0,1,0,0,0,0,0,1,0,0,0,0
4075,4076,38,6,220.11,0,0,0,1,0,0,0,0,0,0,0,0,1,0,1,0,0
4076,4077,28,13,110.05,0,0,1,0,0,1,1,0,0,1,0,0,0,0,1,0,0
4077,4078,56,3,175.14,1,0,0,1,0,0,1,0,0,0,0,1,0,0,0,0,1
4078,4079,45,7,66.79,1,0,0,0,0,1,1,0,0,0,0,0,1,0,0,0,0
4079,4080,22,9,261.85,0,0,1,0,0,1,1,0,1,0,0,0,0,0,1,0,0
4080,4081,34,7,58.26,1,0,0,0,0,1,0,0,0,0,0,1,0,0,1,0,0
4081,4082,37,8,253.88,0,0,0,1,0,1,0,0,0,0,0,0,1,0,0,1,0
4082,4083,58,8,63.51,1,0,1,0,0,1,1,0,0,0,0,0,0,0,1,0,0
4083,4084,63,9,54.66,0,0,0,1,0,1,0,0,0,0,0,0,0,1,0,0,0
4084,4085,29,5,85.91,0,0,1,1,0,0,1,0,0,0,0,0,0,1,1,0,0
4085,4086,23,3,63.85,0,0,0,0,0,0,1,0,0,0,0,0,0,1,1,0,0
4086,4087,34,10,72.04,0,0,1,0,1,1,0,1,0,0,0,0,0,1,1,0,0
4087,4088,68,14,114.56,0,1,0,1,0,1,0,0,0,0,0,0,0,1,0,0,0
4088,4089,36,14,71.29,1,0,0,0,1,1,0,0,1,0,0,0,0,0,0,1,0
4089,4090,43,14,80.97,0,0,0,0,1,0,1,0,0,0,0,0,0,0,1,0,0
4090,4091,65,13,85.86,0,1,0,0,0,0,1,0,0,1,0,0,0,0,0,0,0
4091,4092,61,12,126.71,0,1,0,1,0,0,0,0,0,1,0,0,0,0,0,0,0
4092,4093,61,14,82.22,1,0,1,0,0,1,1,0,0,0,0,0,0,0,0,0,0
4093,4094,69,12,288.48,1,1,0,0,0,1,1,0,0,0,0,0,0,1,0,1,0
4094,4095,49,4,120.53,0,0,0,0,0,1,0,0,0,0,0,0,0,1,1,0,0
4095,4096,23,8,67.41,0,0,0,0,0,0,0,0,1,0,0,0,0,0,1,0,0
4096,4097,53,6,35.65,0,0,0,0,1,0,0,1,0,0,0,1,0,0,0,0,0
4097,4098,55,7,150.1,1,0,0,0,0,1,0,0,0,0,0,0,0,0,1,0,0
4098,4099,28,14,198.86,0,0,0,0,0,1,0,0,0,0,0,0,0,0,0,0,0
4099,4100,50,13,126.94,0,0,0,1,0,0,0,0,0,0,0,0,0,1,0,0,0
4100,4101,41,10,437.88,0,0,1,0,0,1,1,0,0,0,0,0,0,0,1,0,0
4101,4102,40,3,205.5,0,0,1,0,0,0,1,0,0,0,0,1,0,0,0,0,0
4102,4103,32,7,178.14,0,0,0,1,0,1,0,0,0,0,0,1,0,0,0,1,0
4103,4104,44,12,101.89,0,1,0,0,0,1,0,0,0,0,0,0,0,1,1,0,0
4104,4105,28,4,346.4,0,0,0,0,0,1,0,0,0,0,0,0,1,0,0,0,0
4105,4106,68,7,89.44,0,0,0,0,0,1,1,0,0,1,0,0,0,0,0,1,0
4106,4107,67,8,202.43,0,0,0,0,0,0,0,0,0,0,0,0,0,0,0,1,0
4107,4108,34,12,211.51,0,0,0,0,0,1,0,1,0,0,0,1,0,0,0,0,1
4108,4109,68,2,124.42,1,0,0,0,0,1,0,0,0,0,0,0,0,0,0,0,0
4109,4110,70,13,375.56,1,0,0,1,0,1,0,0,0,0,0,0,0,0,0,1,0
4110,4111,31,15,112.53,0,0,1,0,0,1,0,0,0,0,0,0,0,1,1,0,0
4111,4112,44,8,49.56,0,0,1,1,0,0,1,0,0,1,0,0,0,0,0,0,1
4112,4113,35,10,142.67,0,0,0,0,1,1,1,0,0,0,0,0,0,1,0,0,0
4113,4114,45,12,211.67,1,0,0,0,0,1,0,1,0,0,0,0,0,1,0,1,0
4114,4115,68,1,70.5,1,0,0,0,0,0,0,0,0,0,0,0,0,1,0,0,0
4115,4116,64,11,369.75,0,0,0,0,0,1,0,0,0,0,0,1,0,0,0,1,0
4116,4117,64,10,122.91,0,0,1,0,0,0,1,0,0,0,0,0,0,1,1,0,0
4117,4118,21,5,196.79,0,0,1,0,0,0,1,0,0,0,0,0,0,1,0,0,0
4118,4119,24,14,62.79,0,0,1,1,0,0,1,0,0,0,0,0,0,0,0,0,0
4119,4120,62,9,291.05,0,0,1,1,0,1,0,0,1,0,0,0,0,0,1,0,0
4120,4121,52,2,86.4,1,0,1,0,0,1,0,0,0,0,0,0,1,0,1,0,0
4121,4122,65,6,247.53,0,0,0,1,0,1,0,0,1,0,0,0,0,0,0,0,1
4122,4123,26,4,180.27,0,0,0,0,1,1,1,0,0,0,0,1,0,0,1,0,0
4123,4124,25,5,104.41,0,0,0,0,0,0,1,0,0,1,0,0,0,0,0,0,0
4124,4125,69,12,214.0,1,0,1,0,0,0,1,0,0,0,0,1,0,0,1,0,0
4125,4126,62,14,87.23,1,1,0,1,0,0,0,0,0,0,0,0,0,1,0,1,0
4126,4127,34,7,379.68,0,0,0,1,0,1,1,0,0,0,0,0,0,1,0,1,0
4127,4128,34,5,67.0,0,0,1,0,1,1,1,0,0,1,0,0,0,0,1,0,0
4128,4129,66,4,107.99,0,0,0,0,0,0,0,0,0,0,0,0,0,1,0,0,0
4129,4130,50,7,214.82,0,0,0,0,0,1,0,1,0,0,0,1,0,0,0,0,0
4130,4131,49,15,131.92,0,0,0,1,0,1,1,0,0,0,0,0,0,0,0,0,1
4131,4132,25,5,50.06,0,0,0,0,1,0,1,0,0,0,0,0,0,1,1,0,0
4132,4133,36,13,56.2,0,0,1,0,0,1,1,0,1,0,0,0,0,0,1,0,0
4133,4134,55,10,15.61,0,0,0,0,0,1,0,0,0,0,0,1,0,0,1,0,0
4134,4135,20,9,29.52,0,1,1,0,0,1,1,0,0,0,0,0,0,0,0,1,0
4135,4136,22,12,122.61,0,0,1,0,0,0,0,1,0,0,1,0,0,0,1,0,0
4136,4137,30,9,177.7,0,0,0,0,0,1,0,0,0,0,0,0,0,1,0,0,1
4137,4138,64,3,182.0,1,0,1,0,0,1,1,0,0,0,0,0,1,0,0,0,0
4138,4139,63,15,308.02,0,0,0,0,1,0,1,0,0,1,0,0,0,0,1,0,0
4139,4140,48,5,60.63,0,0,0,0,0,1,0,0,0,0,0,1,0,0,0,0,0
4140,4141,33,1,53.7,0,0,0,0,0,0,0,0,0,0,1,0,0,0,0,1,0
4141,4142,67,7,82.71,0,1,0,1,0,1,0,0,0,0,0,0,0,0,0,1,0
4142,4143,49,3,34.58,0,0,0,0,1,1,1,0,0,0,0,0,0,1,0,0,0
4143,4144,39,12,82.61,0,1,1,0,0,1,1,0,0,0,0,0,0,1,0,0,0
4144,4145,46,7,419.37,1,0,0,0,0,0,1,0,0,1,0,0,0,0,0,0,0
4145,4146,39,1,200.2,0,0,0,0,0,0,0,0,0,0,0,0,1,0,0,0,1
4146,4147,60,15,158.87,1,0,0,0,0,0,1,0,0,0,0,0,0,1,0,1,0
4147,4148,20,11,349.67,1,1,1,0,1,0,1,0,0,1,0,0,0,0,0,0,0
4148,4149,27,14,112.21,0,1,0,0,0,0,0,0,0,0,0,0,1,0,0,0,0
4149,4150,59,15,189.12,0,0,1,0,0,1,1,0,0,0,0,0,0,1,0,0,1
4150,4151,38,2,161.95,0,0,1,0,1,0,1,0,0,0,0,0,1,0,0,0,0
4151,4152,33,4,193.65,0,0,0,1,0,1,0,0,0,0,0,0,0,1,1,0,0
4152,4153,29,7,161.97,0,0,0,0,0,0,0,0,0,0,0,0,0,1,1,0,0
4153,4154,19,7,91.34,0,0,0,0,0,1,1,0,0,0,0,0,0,1,0,0,0
4154,4155,58,8,221.76,0,0,0,1,1,1,1,0,0,0,1,0,0,0,0,1,0
4155,4156,41,12,29.26,1,0,1,0,1,1,0,1,0,0,0,0,0,0,0,1,0
4156,4157,52,15,47.46,0,1,0,1,0,1,1,0,0,0,0,0,0,1,0,1,0
4157,4158,47,9,227.26,0,0,0,0,0,0,0,0,0,0,0,0,0,0,0,1,0
4158,4159,47,15,98.19,0,0,1,0,0,0,0,0,0,0,0,1,0,0,0,0,0
4159,4160,64,6,95.85,0,0,0,0,0,0,1,0,0,1,0,0,0,0,1,0,0
4160,4161,52,2,65.19,1,0,0,0,0,0,0,0,0,0,0,1,0,0,0,1,0
4161,4162,36,12,160.12,1,0,0,1,0,1,1,0,0,0,0,0,0,1,0,1,0
4162,4163,67,12,94.22,1,1,0,0,0,0,0,0,0,0,0,0,0,1,1,0,0
4163,4164,25,15,104.72,0,1,0,0,1,1,0,0,0,0,0,0,0,0,0,1,0
4164,4165,43,14,49.17,0,0,0,1,0,0,0,0,0,0,0,0,0,1,0,1,0
4165,4166,66,14,131.09,0,1,0,0,0,1,0,0,0,0,1,0,0,0,0,0,1
4166,4167,57,13,97.16,0,0,0,0,0,1,1,0,0,0,0,0,0,1,0,1,0
4167,4168,24,13,269.06,1,1,1,0,0,0,0,0,0,0,0,0,1,0,0,0,0
4168,4169,47,14,131.32,0,1,0,0,0,0,0,1,0,0,0,0,0,1,0,1,0
4169,4170,24,13,51.5,1,0,1,0,0,1,1,0,0,0,0,0,1,0,1,0,0
4170,4171,20,11,160.96,0,0,1,0,0,1,1,0,0,0,0,0,0,1,1,0,0
4171,4172,18,4,292.89,0,0,0,0,0,0,1,0,0,0,1,0,0,0,0,1,0
4172,4173,53,10,178.03,0,0,1,0,0,0,1,0,0,0,0,0,0,1,1,0,0
4173,4174,42,11,89.42,0,0,0,0,0,1,0,0,0,0,0,0,1,0,0,1,0
4174,4175,54,13,143.69,0,0,0,1,0,1,0,1,0,0,0,0,0,0,0,0,0
4175,4176,18,8,76.37,0,0,1,0,1,0,1,0,0,1,0,0,0,0,1,0,0
4176,4177,32,6,242.97,1,1,0,0,0,1,0,0,0,0,0,0,0,1,0,1,0
4177,4178,54,12,149.11,1,0,0,0,0,1,1,0,0,0,0,0,1,0,0,0,0
4178,4179,30,15,86.04,0,1,1,0,0,1,1,0,0,0,0,0,0,1,0,0,0
4179,4180,57,15,106.81,1,0,0,0,0,1,0,0,0,0,0,1,0,0,0,0,1
4180,4181,25,3,52.69,0,0,0,0,0,1,0,1,0,1,0,0,0,0,0,0,1
4181,4182,22,10,198.49,0,0,1,0,0,0,0,0,0,0,1,0,0,0,1,0,0
4182,4183,26,8,73.65,0,0,0,0,1,1,1,0,0,0,0,1,0,0,1,0,0
4183,4184,18,13,337.83,0,0,0,0,0,0,0,1,0,0,0,0,0,1,1,0,0
4184,4185,53,2,197.46,0,0,1,0,0,1,0,0,0,1,0,0,0,0,1,0,0
4185,4186,52,11,122.12,1,0,0,0,0,0,0,0,0,0,0,0,0,1,0,0,0
4186,4187,19,4,138.4,0,0,0,0,0,1,0,0,0,0,0,0,0,1,1,0,0
4187,4188,57,4,228.11,1,0,0,0,0,0,0,0,0,1,0,0,0,0,1,0,0
4188,4189,40,9,26.27,0,0,0,1,0,1,0,0,1,0,0,0,0,0,0,0,1
4189,4190,26,10,154.73,0,0,1,0,1,0,1,0,0,0,0,0,1,0,0,1,0
4190,4191,51,8,21.61,1,0,0,0,0,1,1,0,0,0,0,0,0,1,0,1,0
4191,4192,63,4,72.17,0,0,0,0,0,1,1,0,0,0,0,0,0,0,0,0,1
4192,4193,31,7,144.05,0,1,0,0,0,1,0,0,0,0,0,0,0,1,0,0,0
4193,4194,21,1,125.12,0,1,1,0,0,1,1,0,0,1,0,0,0,0,0,0,1
4194,4195,47,13,154.56,0,0,1,0,0,0,1,0,0,0,0,0,0,1,1,0,0
4195,4196,48,8,44.44,1,0,0,0,0,1,0,0,0,0,0,1,0,0,1,0,0
4196,4197,55,10,143.94,1,0,0,0,0,1,1,0,0,0,1,0,0,0,0,0,0
4197,4198,28,9,77.1,0,0,0,0,0,1,0,0,0,0,0,0,0,1,0,1,0
4198,4199,52,9,228.41,1,0,0,0,0,1,0,1,0,1,0,0,0,0,1,0,0
4199,4200,25,3,156.17,0,0,0,0,0,1,1,0,0,0,0,0,0,1,1,0,0
4200,4201,20,15,73.12,0,0,1,0,0,0,1,0,0,0,1,0,0,0,1,0,0
4201,4202,31,10,288.72,0,0,0,0,0,1,1,0,0,0,0,0,0,1,0,0,0
4202,4203,30,8,187.8,0,1,0,0,0,1,1,0,0,0,0,1,0,0,1,0,0
4203,4204,62,15,171.75,1,1,0,0,0,1,0,0,1,0,0,0,0,0,1,0,0
4204,4205,49,2,175.77,0,1,1,0,0,1,1,0,0,0,0,0,0,1,0,0,1
4205,4206,51,6,113.45,1,0,0,1,0,0,1,0,0,0,0,1,0,0,0,1,0
4206,4207,62,5,71.81,0,0,0,1,0,0,0,0,0,0,0,0,0,1,0,1,0
4207,4208,36,11,44.02,0,0,0,0,0,0,0,1,0,0,0,0,1,0,0,0,0
4208,4209,55,3,71.64,0,0,0,0,0,0,1,0,0,0,0,0,0,1,0,0,0
4209,4210,33,13,85.71,0,0,0,0,0,1,0,0,0,0,1,0,0,0,0,0,1
4210,4211,19,3,70.0,1,0,0,0,0,1,1,0,1,0,0,0,0,0,0,1,0
4211,4212,57,15,37.8,0,0,0,1,0,0,1,0,0,0,0,1,0,0,0,0,1
4212,4213,34,10,234.23,0,0,0,1,1,0,1,0,0,0,0,0,0,0,0,0,1
4213,4214,51,2,384.08,0,0,1,0,0,1,1,0,0,0,0,0,1,0,0,1,0
4214,4215,59,15,202.27,0,0,0,0,1,1,1,0,0,0,0,0,0,1,0,0,1
4215,4216,33,13,282.27,0,0,0,0,0,1,1,0,0,1,0,0,0,0,0,0,0
4216,4217,55,4,198.7,1,0,1,0,0,1,0,0,0,0,0,0,0,1,1,0,0
4217,4218,19,3,89.96,1,0,0,0,0,1,0,0,0,0,0,1,0,0,0,1,0
4218,4219,19,12,189.03,1,0,0,0,0,0,0,0,0,0,0,0,1,0,0,0,1
4219,4220,43,7,123.02,1,0,1,0,1,0,0,0,0,0,1,0,0,0,1,0,0
4220,4221,30,8,116.65,0,0,0,0,0,0,0,0,0,0,0,1,0,0,0,0,1
4221,4222,64,4,36.68,0,0,1,0,0,0,1,0,0,0,0,1,0,0,1,0,0
4222,4223,48,8,60.72,0,1,0,1,0,1,1,0,1,0,0,0,0,0,0,0,0
4223,4224,51,3,344.23,1,0,0,1,0,1,0,0,0,0,1,0,0,0,0,1,0
4224,4225,56,7,63.92,1,1,1,0,0,0,0,0,0,0,0,0,0,0,0,1,0
4225,4226,20,8,56.33,0,1,0,0,0,0,0,0,0,0,0,0,0,1,0,0,0
4226,4227,25,7,32.98,0,0,0,1,0,0,0,0,0,0,0,0,0,0,1,0,0
4227,4228,40,4,87.22,0,0,0,0,0,1,0,0,0,0,0,0,0,0,0,1,0
4228,4229,31,15,98.09,0,0,0,0,0,1,1,0,0,0,0,1,0,0,0,0,1
4229,4230,44,10,99.07,0,0,0,1,0,0,0,0,0,0,1,0,0,0,1,0,0
4230,4231,46,12,93.05,0,0,1,0,0,0,1,0,1,0,0,0,0,0,0,0,0
4231,4232,56,10,78.73,0,0,0,0,0,1,1,0,0,1,0,0,0,0,0,1,0
4232,4233,70,10,37.55,1,0,0,0,0,1,0,0,0,0,0,0,0,1,0,0,1
4233,4234,56,15,28.71,1,1,0,0,0,0,0,0,0,0,0,0,0,1,0,1,0
4234,4235,18,8,130.35,0,0,0,0,0,1,0,0,0,0,0,0,0,1,0,0,0
4235,4236,34,6,99.48,0,0,0,0,0,1,0,0,0,1,0,0,0,0,0,1,0
4236,4237,58,2,187.18,0,0,0,0,0,0,0,0,1,0,0,0,0,0,0,0,1
4237,4238,47,12,113.67,0,0,1,0,0,0,1,0,0,1,0,0,0,0,1,0,0
4238,4239,70,7,129.61,0,0,0,0,0,0,0,0,0,0,0,0,0,0,0,0,0
4239,4240,30,9,24.29,1,1,0,1,0,1,0,1,0,0,0,0,0,1,0,1,0
4240,4241,38,9,136.13,0,1,0,0,0,1,0,0,0,0,0,0,0,0,0,0,0
4241,4242,36,9,29.58,0,0,0,0,0,1,1,0,1,0,0,0,0,0,0,1,0
4242,4243,70,11,57.4,1,0,0,1,0,1,1,0,0,0,0,0,1,0,0,0,1
4243,4244,36,6,314.44,1,1,0,0,0,1,0,0,0,0,0,0,0,1,0,0,0
4244,4245,42,1,55.48,0,0,0,0,0,1,0,0,1,0,0,0,0,0,1,0,0
4245,4246,39,14,302.83,0,0,0,0,0,1,1,0,0,0,0,0,0,1,0,1,0
4246,4247,48,6,114.9,0,0,0,0,0,0,0,1,0,0,0,1,0,0,0,0,0
4247,4248,34,5,243.55,0,0,0,1,0,1,0,0,0,0,0,0,0,1,0,1,0
4248,4249,40,7,102.47,1,0,1,0,0,1,0,0,0,0,0,1,0,0,1,0,0
4249,4250,49,13,31.32,1,0,0,0,0,1,0,0,0,0,0,0,0,1,1,0,0
4250,4251,27,8,226.47,1,1,1,0,0,0,0,0,0,0,0,1,0,0,0,1,0
4251,4252,27,1,87.88,0,1,0,1,1,1,0,1,0,0,0,1,0,0,0,1,0
4252,4253,53,15,48.37,0,1,0,0,0,1,1,0,0,0,0,0,0,1,1,0,0
4253,4254,25,10,149.94,0,0,1,0,0,0,0,0,0,0,1,0,0,0,0,1,0
4254,4255,69,4,164.85,1,0,0,1,0,1,0,0,0,0,0,0,0,1,0,0,0
4255,4256,37,4,116.16,1,1,0,0,0,0,0,0,1,0,0,0,0,0,0,0,0
4256,4257,49,13,96.29,0,0,1,0,0,1,1,0,0,1,0,0,0,0,0,1,0
4257,4258,67,1,176.28,1,0,0,0,0,1,0,1,0,0,0,1,0,0,1,0,0
4258,4259,31,11,127.03,0,1,0,0,0,1,0,0,0,0,0,1,0,0,0,0,0
4259,4260,67,4,78.57,0,0,0,0,0,0,1,0,0,0,0,0,0,1,0,0,0
4260,4261,45,7,150.48,1,0,0,1,0,0,0,1,0,1,0,0,0,0,0,0,0
4261,4262,63,15,369.75,0,0,0,1,0,1,0,0,0,0,0,0,0,0,1,0,0
4262,4263,69,14,118.5,1,0,0,1,0,0,0,0,0,0,0,0,1,0,0,1,0
4263,4264,70,15,136.29,0,1,0,0,1,1,0,0,0,0,1,0,0,0,0,0,0
4264,4265,41,6,84.43,0,0,0,0,0,0,0,0,0,0,0,0,0,1,0,1,0
4265,4266,32,4,129.73,0,0,1,1,1,1,0,0,0,1,0,0,0,0,1,0,0
4266,4267,39,2,122.3,0,1,1,0,0,1,0,1,0,0,0,1,0,0,0,1,0
4267,4268,47,12,146.94,0,0,0,0,0,0,1,0,0,0,0,0,0,0,1,0,0
4268,4269,21,13,300.22,0,0,0,0,0,1,0,0,0,0,1,0,0,0,1,0,0
4269,4270,30,7,125.7,0,0,1,0,0,1,0,0,0,0,0,0,0,1,1,0,0
4270,4271,40,8,71.87,0,0,0,0,0,1,1,0,0,1,0,0,0,0,1,0,0
4271,4272,25,9,53.35,1,1,0,0,0,0,0,0,0,0,0,1,0,0,0,0,0
4272,4273,35,9,71.54,0,0,1,0,0,1,0,0,0,0,0,0,0,1,1,0,0
4273,4274,29,14,289.49,0,0,1,0,1,0,0,0,0,0,0,1,0,0,0,0,0
4274,4275,48,4,232.65,0,0,1,0,1,0,1,0,0,0,0,0,0,1,1,0,0
4275,4276,31,3,27.83,0,0,0,1,0,0,0,0,0,0,0,0,0,0,0,1,0
4276,4277,51,5,100.41,1,0,0,0,0,1,0,0,0,0,0,1,0,0,0,0,0
4277,4278,35,7,218.3,0,1,1,0,1,0,1,0,0,0,0,0,0,1,1,0,0
4278,4279,51,12,90.38,1,0,0,0,0,1,0,0,0,0,0,0,0,1,1,0,0
4279,4280,28,13,99.99,0,0,0,0,1,0,0,1,0,0,1,0,0,0,1,0,0
4280,4281,58,10,172.18,0,0,0,0,0,0,1,0,1,0,0,0,0,0,1,0,0
4281,4282,29,3,135.05,1,0,0,0,1,0,0,0,1,0,0,0,0,0,0,0,1
4282,4283,66,14,104.04,1,0,0,0,1,0,0,0,0,0,1,0,0,0,0,1,0
4283,4284,32,15,35.88,1,0,0,0,1,1,1,0,0,0,0,0,0,1,0,1,0
4284,4285,48,13,93.55,1,0,0,1,0,0,0,0,0,0,0,0,0,1,0,1,0
4285,4286,66,7,58.97,0,0,0,0,0,0,1,0,0,0,0,0,0,1,0,0,1
4286,4287,46,6,55.81,0,0,0,0,0,0,1,0,1,0,0,0,0,0,0,0,0
4287,4288,43,13,67.19,0,0,1,0,1,0,1,0,0,0,0,0,1,0,1,0,0
4288,4289,35,7,61.36,0,0,0,0,0,0,0,1,0,0,0,1,0,0,0,1,0
4289,4290,49,14,92.78,1,0,0,0,0,1,0,0,1,0,0,0,0,0,0,0,0
4290,4291,39,10,79.86,0,1,1,0,1,1,1,0,0,0,0,0,0,0,1,0,0
4291,4292,55,7,170.81,1,0,0,0,0,1,1,0,0,0,0,0,0,1,0,0,0
4292,4293,34,13,283.59,0,0,0,0,1,1,1,0,0,0,0,0,0,1,0,1,0
4293,4294,40,6,40.16,0,0,0,1,0,1,1,0,0,0,0,0,0,1,0,0,0
4294,4295,41,9,49.41,0,0,1,0,0,1,1,0,0,1,0,0,0,0,0,1,0
4295,4296,67,10,384.66,1,0,0,0,0,0,0,0,0,1,0,0,0,0,0,0,0
4296,4297,25,4,94.05,1,0,0,0,0,0,1,0,0,0,0,0,1,0,0,1,0
4297,4298,58,14,131.21,0,1,1,1,0,0,0,0,0,0,0,0,0,1,1,0,0
4298,4299,23,3,212.49,1,0,1,1,0,0,1,0,0,0,0,1,0,0,0,1,0
4299,4300,22,8,144.9,1,0,0,0,0,0,0,0,0,0,0,0,0,0,0,0,0
4300,4301,61,6,184.15,0,0,0,0,0,1,0,0,0,0,1,0,0,0,0,1,0
4301,4302,46,6,57.85,0,0,1,0,0,0,0,1,0,0,0,0,1,0,0,0,0
4302,4303,45,14,100.73,0,1,0,0,0,1,0,0,0,0,1,0,0,0,0,0,0
4303,4304,28,15,189.59,0,0,0,0,1,0,0,0,0,1,0,0,0,0,1,0,0
4304,4305,18,5,134.72,0,1,0,0,0,0,0,0,0,0,0,0,0,1,1,0,0
4305,4306,60,10,43.09,0,1,0,1,0,1,0,0,0,0,0,0,0,0,0,0,1
4306,4307,36,11,144.02,0,1,0,0,0,1,1,0,0,0,0,0,0,1,0,0,1
4307,4308,26,3,72.96,0,0,1,0,0,0,0,0,0,0,0,0,0,0,1,0,0
4308,4309,44,6,363.82,1,0,0,0,0,1,0,0,0,0,0,0,0,1,1,0,0
4309,4310,51,1,57.32,0,0,1,0,0,1,0,0,0,0,0,0,0,0,1,0,0
4310,4311,61,7,170.34,0,0,0,0,1,0,0,0,0,0,1,0,0,0,1,0,0
4311,4312,21,6,193.41,1,0,0,1,1,0,0,0,0,0,0,0,0,1,1,0,0
4312,4313,53,6,107.26,0,0,0,1,0,1,1,0,0,0,1,0,0,0,0,0,0
4313,4314,35,13,25.9,0,0,0,0,0,1,0,0,0,0,0,0,0,1,0,0,0
4314,4315,32,14,205.23,0,0,1,0,0,0,0,0,0,0,0,0,0,1,0,0,0
4315,4316,68,3,125.45,1,0,0,1,0,1,0,1,0,0,0,0,0,0,1,0,0
4316,4317,30,8,89.49,0,0,1,1,0,0,0,1,0,0,0,0,1,0,0,0,0
4317,4318,36,13,24.19,1,0,0,0,0,1,0,0,0,0,0,1,0,0,0,1,0
4318,4319,66,4,67.77,0,0,0,1,0,0,0,0,0,0,0,1,0,0,0,0,0
4319,4320,23,9,126.26,0,0,1,0,0,1,1,0,0,0,0,0,0,1,0,0,1
4320,4321,65,10,206.91,1,0,0,0,1,1,1,0,0,0,0,0,0,1,0,1,0
4321,4322,29,5,79.94,0,0,0,1,0,0,0,1,0,0,0,0,0,1,1,0,0
4322,4323,68,11,160.73,0,0,0,0,0,0,0,0,0,1,0,0,0,0,0,0,1
4323,4324,54,7,329.9,0,0,0,0,0,1,1,0,0,0,1,0,0,0,0,0,0
4324,4325,34,6,253.91,0,0,0,1,0,1,0,1,1,0,0,0,0,0,0,0,1
4325,4326,40,13,65.29,0,1,0,1,1,0,1,0,0,0,0,0,0,1,1,0,0
4326,4327,43,12,180.69,1,0,0,0,0,0,0,0,0,0,0,1,0,0,0,0,0
4327,4328,46,6,80.5,1,1,0,1,0,1,0,0,0,0,0,0,0,0,0,1,0
4328,4329,50,15,120.97,1,1,1,0,0,1,0,0,0,0,0,0,0,1,0,1,0
4329,4330,44,4,44.18,1,0,0,0,1,0,0,0,0,1,0,0,0,0,0,0,0
4330,4331,42,12,170.27,0,0,0,0,0,1,1,0,0,0,0,0,0,0,0,0,1
4331,4332,27,13,205.9,1,0,0,1,0,1,0,0,0,0,0,1,0,0,0,1,0
4332,4333,64,12,50.99,0,1,1,0,0,0,0,0,0,0,0,0,0,1,0,0,1
4333,4334,40,15,72.25,0,1,1,0,0,0,0,1,0,0,1,0,0,0,0,1,0
4334,4335,38,8,273.73,0,0,1,0,0,0,1,0,0,0,0,0,0,0,0,0,1
4335,4336,38,13,182.41,1,0,0,0,0,1,0,0,0,0,0,0,0,1,0,0,0
4336,4337,60,11,85.85,1,0,0,0,0,1,0,0,0,1,0,0,0,0,1,0,0
4337,4338,30,11,60.24,0,0,0,1,0,1,0,0,0,0,0,0,1,0,0,1,0
4338,4339,54,14,113.07,0,0,0,0,0,0,0,0,0,0,0,1,0,0,0,0,0
4339,4340,50,13,137.6,1,0,0,0,0,0,1,0,0,0,0,1,0,0,0,1,0
4340,4341,41,10,134.53,1,0,0,0,0,1,0,0,0,0,0,0,0,1,0,1,0
4341,4342,61,5,134.7,0,0,1,0,0,0,1,0,0,1,0,0,0,0,0,1,0
4342,4343,28,5,89.69,1,1,0,1,0,1,0,0,0,1,0,0,0,0,1,0,0
4343,4344,34,1,69.72,0,0,0,0,0,1,0,1,0,0,0,0,0,1,0,0,0
4344,4345,21,2,141.06,0,0,1,0,1,0,1,0,0,0,0,1,0,0,1,0,0
4345,4346,64,13,234.81,0,0,0,0,0,0,0,1,0,1,0,0,0,0,1,0,0
4346,4347,42,9,46.93,0,0,0,0,1,0,0,0,0,1,0,0,0,0,1,0,0
4347,4348,47,4,151.49,0,1,1,0,0,0,1,0,0,0,0,0,0,1,1,0,0
4348,4349,26,9,220.51,0,0,1,0,1,1,0,1,0,0,0,0,0,0,1,0,0
4349,4350,38,7,19.6,0,1,0,0,0,0,1,0,0,0,0,0,1,0,0,0,0
4350,4351,37,10,500.0,0,0,0,0,0,0,0,0,0,0,0,0,1,0,0,0,0
4351,4352,36,8,112.87,0,0,0,1,0,1,0,0,0,0,0,0,1,0,0,0,0
4352,4353,36,11,73.44,0,0,0,1,0,0,0,0,0,0,0,1,0,0,0,0,0
4353,4354,29,9,239.49,1,0,1,0,0,1,0,0,0,0,0,0,0,1,0,0,0
4354,4355,54,2,119.29,0,0,0,0,0,0,1,0,0,0,0,1,0,0,0,0,0
4355,4356,59,9,50.33,0,0,0,1,0,0,1,0,0,0,0,0,0,1,0,1,0
4356,4357,34,10,114.84,0,0,1,0,0,0,1,0,0,0,0,0,1,0,0,1,0
4357,4358,54,14,100.51,0,0,0,0,1,0,0,0,0,0,0,0,1,0,1,0,0
4358,4359,65,2,105.86,0,0,0,0,0,1,0,0,0,0,0,1,0,0,0,1,0
4359,4360,56,14,165.77,1,1,0,1,0,1,0,0,0,0,0,0,0,1,0,1,0
4360,4361,45,10,67.6,0,0,0,0,1,0,1,0,0,0,1,0,0,0,0,0,0
4361,4362,58,10,429.25,1,0,0,1,0,0,1,0,0,0,0,0,1,0,0,0,0
4362,4363,52,12,133.64,1,0,0,0,0,0,0,0,0,0,0,1,0,0,0,0,0
4363,4364,64,1,157.63,1,1,0,0,0,0,1,0,0,0,0,0,0,1,0,0,0
4364,4365,65,13,210.01,1,0,0,0,0,0,1,0,0,1,0,0,0,0,0,1,0
4365,4366,35,14,286.94,1,0,0,0,0,1,0,1,0,0,0,0,0,1,0,1,0
4366,4367,31,15,75.88,0,0,0,0,0,1,0,0,0,1,0,0,0,0,0,1,0
4367,4368,52,4,61.38,0,0,0,0,0,0,1,0,0,0,0,0,0,0,0,0,0
4368,4369,61,13,57.51,0,1,0,0,0,1,0,0,1,0,0,0,0,0,0,0,0
4369,4370,58,11,41.26,1,0,0,0,0,1,0,0,0,0,0,0,0,1,1,0,0
4370,4371,24,9,309.18,1,0,0,1,0,0,1,0,0,0,0,1,0,0,0,0,0
4371,4372,58,1,127.57,0,1,0,1,0,1,1,0,0,0,0,0,0,1,0,0,0
4372,4373,30,4,78.14,1,1,0,0,1,1,0,0,0,1,0,0,0,0,0,0,0
4373,4374,35,10,133.46,0,0,0,0,0,0,0,0,0,0,1,0,0,0,0,0,0
4374,4375,54,7,98.64,1,0,1,0,0,1,1,0,0,0,0,1,0,0,0,0,1
4375,4376,30,6,200.16,1,0,0,1,0,0,0,0,0,0,0,0,0,0,0,1,0
4376,4377,53,15,80.2,0,0,0,0,0,0,1,0,0,0,0,0,0,1,0,1,0
4377,4378,48,4,273.32,0,0,0,0,0,1,1,0,0,1,0,0,0,0,0,0,0
4378,4379,19,11,99.4,0,0,1,0,0,0,1,0,0,0,0,0,0,1,0,0,1
4379,4380,33,12,151.05,0,1,0,1,0,0,1,0,0,1,0,0,0,0,0,0,1
4380,4381,26,15,93.43,0,0,1,0,0,0,1,0,0,0,0,0,0,1,1,0,0
4381,4382,26,11,339.41,0,0,0,0,0,1,1,0,0,0,0,0,1,0,0,0,0
4382,4383,55,10,72.5,1,0,0,0,0,1,1,0,0,0,0,0,0,1,0,0,1
4383,4384,28,1,132.28,1,1,0,0,0,1,0,0,0,0,0,0,0,1,0,1,0
4384,4385,39,5,123.18,1,0,1,0,0,1,0,0,0,0,0,1,0,0,1,0,0
4385,4386,50,14,64.23,0,0,1,0,0,0,0,1,1,0,0,0,0,0,0,0,1
4386,4387,53,5,124.28,1,1,0,0,0,0,0,0,0,0,1,0,0,0,1,0,0
4387,4388,62,3,27.27,0,0,1,0,0,1,1,0,0,0,0,0,1,0,0,1,0
4388,4389,40,11,175.11,0,1,0,0,1,1,1,0,0,0,0,0,0,1,1,0,0
4389,4390,62,5,181.6,0,0,1,0,1,0,1,0,0,0,0,0,0,1,0,0,0
4390,4391,62,4,104.14,1,1,0,0,0,0,0,0,1,0,0,0,0,0,0,1,0
4391,4392,51,3,33.56,1,0,0,1,1,1,0,0,1,0,0,0,0,0,1,0,0
4392,4393,26,14,59.96,1,0,1,0,0,1,0,0,0,0,0,1,0,0,0,1,0
4393,4394,41,15,48.14,0,1,0,1,0,1,0,0,0,1,0,0,0,0,0,1,0
4394,4395,25,3,177.44,0,1,0,0,0,0,0,1,0,0,0,0,0,1,0,0,0
4395,4396,24,5,176.38,0,0,1,0,1,1,1,0,1,0,0,0,0,0,1,0,0
4396,4397,53,7,17.21,0,1,0,1,1,1,1,0,0,0,0,0,0,1,0,1,0
4397,4398,35,9,58.04,1,0,0,0,0,1,1,0,0,0,0,1,0,0,0,1,0
4398,4399,20,11,100.9,0,0,0,0,0,1,0,0,0,0,1,0,0,0,0,0,1
4399,4400,45,15,125.64,1,0,0,1,0,1,0,0,0,0,0,1,0,0,0,1,0
4400,4401,23,13,204.47,0,0,1,0,0,1,0,0,0,0,0,0,0,1,1,0,0
4401,4402,61,3,205.25,0,1,0,0,1,1,1,0,0,0,0,0,0,1,0,0,1
4402,4403,61,9,197.66,0,0,1,1,0,1,1,0,0,0,0,0,0,1,0,0,0
4403,4404,38,11,65.09,0,0,1,1,0,1,1,0,0,0,0,1,0,0,0,1,0
4404,4405,45,12,60.41,0,0,1,1,0,0,1,0,0,0,0,0,0,0,0,0,0
4405,4406,57,1,181.09,0,0,0,0,0,1,0,1,0,0,0,0,0,1,1,0,0
4406,4407,18,9,230.16,0,0,1,0,1,1,0,0,0,0,0,0,0,1,1,0,0
4407,4408,53,14,53.21,0,1,0,0,0,1,1,0,0,0,0,0,0,1,1,0,0
4408,4409,38,8,171.59,1,1,0,0,0,0,0,0,0,0,1,0,0,0,0,1,0
4409,4410,60,15,193.68,0,0,0,0,0,1,1,0,0,0,0,0,1,0,0,1,0
4410,4411,52,6,88.12,1,0,0,1,0,0,0,0,0,1,0,0,0,0,0,0,0
4411,4412,30,7,259.03,0,0,1,0,0,1,1,0,0,0,1,0,0,0,1,0,0
4412,4413,66,11,81.73,0,0,0,1,0,1,0,0,0,0,0,1,0,0,1,0,0
4413,4414,27,10,235.2,0,1,0,0,0,0,0,0,0,0,0,0,1,0,0,1,0
4414,4415,70,9,121.71,0,0,1,0,0,1,1,0,0,0,0,1,0,0,1,0,0
4415,4416,61,8,281.24,0,0,1,0,0,0,0,0,0,0,0,0,1,0,1,0,0
4416,4417,64,13,361.85,0,1,0,0,0,0,0,0,0,0,0,0,0,1,0,0,1
4417,4418,70,8,120.25,0,0,0,0,0,1,1,0,0,0,0,0,0,0,0,0,0
4418,4419,27,15,124.26,1,1,1,1,0,0,1,0,0,0,0,0,1,0,0,0,0
4419,4420,63,15,140.98,0,1,0,0,0,0,1,0,0,0,0,0,0,1,0,0,0
4420,4421,30,1,83.59,0,0,0,0,0,0,1,0,0,0,0,0,0,1,1,0,0
4421,4422,54,10,107.58,1,0,0,0,0,0,0,0,0,0,0,0,0,1,1,0,0
4422,4423,55,15,248.55,0,0,0,0,1,1,0,0,0,0,0,0,0,1,1,0,0
4423,4424,41,15,144.93,0,1,0,0,0,0,1,0,0,0,0,0,0,1,0,0,0
4424,4425,19,14,298.23,0,0,0,0,1,1,0,0,0,0,0,1,0,0,1,0,0
4425,4426,39,4,172.02,0,0,0,0,0,0,0,1,0,0,0,0,0,1,0,0,0
4426,4427,34,15,309.28,0,0,1,1,0,0,0,0,0,0,0,0,0,1,1,0,0
4427,4428,53,6,126.93,1,0,1,0,1,0,1,0,1,0,0,0,0,0,0,1,0
4428,4429,31,13,212.29,1,1,0,1,0,1,0,1,0,0,0,1,0,0,0,1,0
4429,4430,27,10,86.45,1,0,0,0,1,1,1,0,0,0,0,0,0,1,0,1,0
4430,4431,52,15,192.97,0,0,0,0,0,1,1,0,0,1,0,0,0,0,0,1,0
4431,4432,42,13,138.52,0,0,1,0,0,1,1,0,0,0,0,1,0,0,0,1,0
4432,4433,20,9,51.77,1,0,1,0,0,0,1,0,0,0,0,0,1,0,0,1,0
4433,4434,64,5,130.12,0,1,0,0,0,1,1,0,0,0,0,0,0,1,0,0,0
4434,4435,55,11,151.82,1,0,0,0,0,1,0,0,0,0,1,0,0,0,0,1,0
4435,4436,34,15,329.33,0,0,1,1,1,0,1,0,0,0,0,0,1,0,1,0,0
4436,4437,29,9,386.05,1,0,0,0,0,0,0,0,1,0,0,0,0,0,0,1,0
4437,4438,69,5,35.11,0,0,0,1,0,1,0,0,0,0,0,0,0,1,0,0,1
4438,4439,41,11,128.97,0,0,0,0,1,0,1,0,0,0,0,0,0,1,1,0,0
4439,4440,46,6,77.2,1,0,0,0,0,1,0,0,0,1,0,0,0,0,0,1,0
4440,4441,60,15,351.11,1,0,0,1,0,0,1,0,0,0,0,0,0,1,0,1,0
4441,4442,42,7,172.31,0,0,0,1,0,0,0,1,0,0,0,0,0,1,0,1,0
4442,4443,53,3,269.5,0,0,1,0,0,1,0,1,0,0,0,0,0,1,0,0,0
4443,4444,43,14,154.62,0,1,0,0,0,1,1,0,0,0,0,1,0,0,1,0,0
4444,4445,55,6,62.69,0,0,0,1,0,0,1,0,0,0,0,0,0,1,0,0,0
4445,4446,18,5,113.0,1,0,1,0,0,1,0,0,0,0,0,0,0,1,0,0,0
4446,4447,37,1,142.24,0,0,0,0,1,0,1,0,0,0,1,0,0,0,0,0,0
4447,4448,45,8,171.2,0,0,1,0,0,0,0,0,0,0,0,0,0,1,0,0,0
4448,4449,33,11,276.09,1,0,0,1,0,1,0,0,0,0,0,0,0,0,0,0,1
4449,4450,64,8,144.14,0,0,0,0,0,1,1,0,0,0,0,1,0,0,0,0,0
4450,4451,34,13,122.63,0,1,0,0,0,0,0,0,0,0,1,0,0,0,0,1,0
4451,4452,57,11,128.42,1,0,0,1,0,0,0,0,1,0,0,0,0,0,0,1,0
4452,4453,45,13,49.98,0,1,1,0,1,1,1,0,0,1,0,0,0,0,1,0,0
4453,4454,29,13,142.18,0,0,0,1,0,0,0,0,0,0,1,0,0,0,0,0,0
4454,4455,44,2,126.3,0,0,0,1,0,1,0,0,0,1,0,0,0,0,0,1,0
4455,4456,70,7,162.6,1,0,0,0,0,1,0,0,0,0,0,1,0,0,0,1,0
4456,4457,59,13,37.42,0,0,0,0,0,0,1,0,0,0,0,0,0,1,0,0,0
4457,4458,64,9,111.72,0,0,0,1,1,1,1,0,0,0,0,1,0,0,1,0,0
4458,4459,47,5,116.78,0,0,1,1,0,1,1,0,0,0,0,0,0,0,0,1,0
4459,4460,58,14,114.9,1,0,0,0,0,0,0,0,0,0,0,1,0,0,1,0,0
4460,4461,51,12,140.4,1,1,1,0,0,0,1,0,0,0,0,1,0,0,0,0,0
4461,4462,54,7,90.57,0,1,0,1,1,0,1,0,0,0,0,0,0,1,0,0,0
4462,4463,23,5,214.88,0,0,1,1,0,1,0,0,0,1,0,0,0,0,1,0,0
4463,4464,24,2,186.6,1,0,0,0,0,1,1,0,0,0,0,1,0,0,0,0,0
4464,4465,49,8,165.62,0,0,1,0,1,0,1,0,0,0,0,0,0,1,1,0,0
4465,4466,49,15,126.46,0,0,0,0,1,0,1,0,0,1,0,0,0,0,0,0,0
4466,4467,70,15,128.42,0,0,1,0,0,0,1,0,0,0,0,1,0,0,0,0,1
4467,4468,42,7,28.98,1,0,0,0,0,1,0,0,0,0,1,0,0,0,0,0,0
4468,4469,50,5,28.29,0,0,1,1,0,0,1,0,0,0,0,0,0,1,0,0,0
4469,4470,24,3,152.61,0,0,1,0,0,1,1,0,0,0,0,0,0,0,0,0,0
4470,4471,69,15,75.36,0,0,0,0,0,0,1,0,0,0,0,0,0,1,0,1,0
4471,4472,29,8,55.64,0,0,1,0,1,1,1,0,0,1,0,0,0,0,1,0,0
4472,4473,33,12,302.04,0,0,0,1,0,1,0,1,0,0,0,0,0,1,0,1,0
4473,4474,33,12,165.97,0,0,0,0,0,1,1,0,0,0,0,1,0,0,0,0,1
4474,4475,60,11,75.18,1,0,0,1,0,0,1,0,0,0,0,0,1,0,0,1,0
4475,4476,70,8,107.59,0,0,1,0,0,1,1,0,0,0,0,0,0,1,0,0,0
4476,4477,53,10,172.88,0,1,0,0,0,0,0,0,0,0,0,1,0,0,1,0,0
4477,4478,30,11,108.75,0,0,1,0,0,0,1,0,0,1,0,0,0,0,1,0,0
4478,4479,24,14,191.75,0,0,0,0,0,1,1,0,0,0,0,0,0,1,0,1,0
4479,4480,53,14,377.24,0,0,0,0,1,1,0,0,0,0,0,0,0,0,0,0,1
4480,4481,64,9,106.17,1,0,0,0,0,0,0,0,0,1,0,0,0,0,0,0,1
4481,4482,68,13,91.78,0,0,0,1,0,0,0,0,0,0,0,0,0,1,0,0,1
4482,4483,26,7,73.35,0,1,1,0,0,1,0,0,0,0,0,0,1,0,1,0,0
4483,4484,49,3,151.44,1,0,0,0,0,1,0,0,0,0,0,0,1,0,1,0,0
4484,4485,28,1,200.98,1,0,0,0,1,0,0,0,0,0,0,0,1,0,1,0,0
4485,4486,25,15,80.78,0,0,1,0,0,1,1,0,0,1,0,0,0,0,1,0,0
4486,4487,50,14,245.53,0,1,0,1,0,0,0,0,0,0,0,0,0,1,0,0,0
4487,4488,40,13,51.99,0,0,0,0,0,1,0,0,0,0,0,0,1,0,0,0,0
4488,4489,42,8,77.15,0,0,0,0,0,1,1,0,0,1,0,0,0,0,0,0,0
4489,4490,25,12,23.45,0,0,1,0,0,0,0,0,0,0,0,1,0,0,0,0,1
4490,4491,62,9,307.83,0,0,1,0,0,1,1,0,0,0,0,0,1,0,0,1,0
4491,4492,39,15,133.92,0,1,1,1,1,0,1,0,0,0,0,0,1,0,1,0,0
4492,4493,21,11,43.79,0,0,0,1,1,1,0,0,0,1,0,0,0,0,0,1,0
4493,4494,57,1,128.38,1,0,0,1,0,1,0,0,0,0,1,0,0,0,0,0,0
4494,4495,20,5,164.24,1,0,0,0,0,1,0,0,0,0,0,1,0,0,0,1,0
4495,4496,46,12,82.57,0,0,0,1,0,0,0,0,0,0,0,0,0,0,0,0,0
4496,4497,58,12,145.82,0,0,1,0,0,0,0,0,0,0,0,1,0,0,0,0,1
4497,4498,46,13,74.35,1,0,0,1,0,0,0,0,0,0,0,0,0,1,0,0,0
4498,4499,51,8,229.19,0,0,0,1,1,1,0,0,0,1,0,0,0,0,1,0,0
4499,4500,51,11,139.82,1,0,0,0,0,1,1,0,1,0,0,0,0,0,0,1,0
4500,4501,45,7,203.76,1,0,1,1,1,1,0,0,0,0,0,0,0,1,0,0,1
4501,4502,30,15,284.39,0,1,1,0,1,0,1,0,0,1,0,0,0,0,1,0,0
4502,4503,32,2,44.38,0,0,0,0,0,1,0,0,0,1,0,0,0,0,0,0,0
4503,4504,40,14,172.73,0,1,0,0,0,1,1,0,0,1,0,0,0,0,0,0,0
4504,4505,61,13,97.51,1,0,0,0,0,1,0,0,0,0,0,0,0,0,0,0,0
4505,4506,43,15,81.49,0,0,1,0,0,0,1,0,0,0,1,0,0,0,0,0,0
4506,4507,21,4,70.5,1,0,0,0,0,0,0,0,0,0,0,0,0,1,0,1,0
4507,4508,43,6,61.99,0,0,0,0,0,1,1,0,0,0,0,1,0,0,0,0,1
4508,4509,57,7,164.85,1,0,0,0,1,1,0,0,0,0,0,0,1,0,1,0,0
4509,4510,26,15,135.03,0,0,1,0,0,0,1,0,0,0,0,1,0,0,0,1,0
4510,4511,22,7,269.44,0,0,1,0,0,1,0,0,0,0,0,0,0,1,0,0,1
4511,4512,49,5,141.47,0,0,0,0,1,0,1,0,0,0,0,0,0,0,0,1,0
4512,4513,37,12,94.63,1,0,1,0,0,1,0,0,0,0,1,0,0,0,0,0,0
4513,4514,67,8,91.47,0,0,1,0,1,1,1,0,0,1,0,0,0,0,0,0,0
4514,4515,28,7,280.84,0,0,0,1,0,0,0,0,0,0,0,1,0,0,0,1,0
4515,4516,32,4,98.65,0,0,0,0,0,1,0,0,0,0,1,0,0,0,0,1,0
4516,4517,49,11,185.47,0,0,1,0,0,0,1,0,0,0,0,0,1,0,0,1,0
4517,4518,45,13,95.53,1,0,0,1,0,0,0,1,0,0,0,1,0,0,1,0,0
4518,4519,39,4,192.95,0,0,0,0,0,1,1,0,0,0,1,0,0,0,0,0,1
4519,4520,58,6,227.2,0,0,0,1,0,0,1,0,0,0,0,0,0,1,1,0,0
4520,4521,34,5,52.7,1,1,0,1,0,0,1,0,0,0,0,0,1,0,0,0,0
4521,4522,43,14,98.05,0,0,0,0,0,0,1,0,0,1,0,0,0,0,0,0,0
4522,4523,61,11,50.78,0,1,0,0,1,0,0,0,0,1,0,0,0,0,0,0,0
4523,4524,24,2,153.71,0,0,0,0,0,0,0,0,0,0,0,0,0,0,1,0,0
4524,4525,59,9,130.35,0,1,0,0,0,0,0,1,0,0,0,0,0,1,0,0,0
4525,4526,43,6,100.6,0,0,0,0,0,1,1,0,0,1,0,0,0,0,0,1,0
4526,4527,42,13,122.22,1,1,0,0,0,0,1,0,0,0,0,0,0,1,0,1,0
4527,4528,27,10,171.61,0,1,0,0,1,1,1,0,0,0,0,0,0,1,0,0,1
4528,4529,62,11,262.45,1,1,0,0,0,0,0,0,0,1,0,0,0,0,0,1,0
4529,4530,36,1,169.85,0,0,0,1,0,0,0,0,0,0,0,0,1,0,0,0,1
4530,4531,28,15,208.14,0,0,1,1,0,0,1,0,0,0,0,0,0,1,0,1,0
4531,4532,30,6,50.31,1,0,1,0,0,1,0,0,0,0,0,0,0,0,1,0,0
4532,4533,70,15,222.67,1,1,0,0,0,1,0,0,0,0,0,1,0,0,0,0,0
4533,4534,25,8,202.34,0,0,1,0,0,1,1,0,0,0,0,0,0,1,1,0,0
4534,4535,57,8,71.51,1,1,0,0,0,0,0,1,1,0,0,0,0,0,0,0,0
4535,4536,21,13,162.82,1,1,0,0,0,1,0,0,1,0,0,0,0,0,0,1,0
4536,4537,64,1,100.76,0,0,1,0,0,0,1,0,0,0,0,0,0,1,0,1,0
4537,4538,48,5,131.42,0,0,1,1,0,0,0,0,0,0,1,0,0,0,0,0,0
4538,4539,45,15,184.51,1,0,0,0,0,1,0,0,0,0,0,1,0,0,0,0,1
4539,4540,28,14,110.54,0,0,0,0,0,0,0,1,0,0,0,0,0,1,1,0,0
4540,4541,60,14,433.35,1,0,0,1,0,1,1,0,0,0,0,1,0,0,1,0,0
4541,4542,18,14,333.34,1,0,1,0,0,0,0,0,0,0,0,1,0,0,0,1,0
4542,4543,66,5,79.18,0,0,0,0,0,1,1,0,0,0,0,1,0,0,0,0,0
4543,4544,64,6,452.27,1,0,1,0,0,1,0,0,0,0,0,1,0,0,0,0,1
4544,4545,69,11,215.62,1,0,0,1,0,1,1,0,0,0,0,0,0,1,1,0,0
4545,4546,55,10,127.89,1,0,0,1,0,0,0,0,0,0,1,0,0,0,0,1,0
4546,4547,41,3,272.31,0,0,1,0,0,0,1,0,1,0,0,0,0,0,1,0,0
4547,4548,64,10,295.29,1,1,0,0,0,1,1,0,0,0,0,1,0,0,1,0,0
4548,4549,48,12,269.64,0,0,1,1,0,0,0,0,0,0,0,0,0,1,0,0,0
4549,4550,58,9,266.42,0,1,0,1,0,1,0,1,0,0,0,1,0,0,0,1,0
4550,4551,63,15,109.99,0,0,0,0,0,1,0,1,0,0,0,1,0,0,0,1,0
4551,4552,67,1,121.01,0,0,0,1,0,0,0,0,1,0,0,0,0,0,0,0,1
4552,4553,43,2,80.38,0,1,0,0,0,1,1,0,0,0,1,0,0,0,0,1,0
4553,4554,66,13,267.81,0,1,0,0,0,1,1,0,1,0,0,0,0,0,0,0,0
4554,4555,67,4,236.5,0,0,1,0,1,0,1,0,0,1,0,0,0,0,1,0,0
4555,4556,22,14,98.37,0,0,0,0,0,0,0,1,1,0,0,0,0,0,1,0,0
4556,4557,37,13,148.86,0,1,0,0,0,0,1,0,0,0,0,0,0,1,0,0,1
4557,4558,69,11,137.8,0,0,0,0,0,0,1,0,0,1,0,0,0,0,0,1,0
4558,4559,58,12,131.74,1,0,0,0,1,1,1,0,0,0,0,0,0,1,1,0,0
4559,4560,28,9,294.17,0,0,0,0,0,0,1,0,1,0,0,0,0,0,0,1,0
4560,4561,50,12,196.46,0,0,0,0,0,1,1,0,1,0,0,0,0,0,0,1,0
4561,4562,67,2,217.26,0,0,0,0,0,0,0,0,0,0,0,0,0,1,0,1,0
4562,4563,55,7,500.0,0,0,0,0,0,1,1,0,0,1,0,0,0,0,1,0,0
4563,4564,44,5,162.09,0,0,1,0,0,1,1,0,0,0,1,0,0,0,1,0,0
4564,4565,51,12,70.57,1,0,1,0,0,0,1,0,0,0,0,0,0,0,0,0,0
4565,4566,32,15,158.26,0,0,0,1,0,0,1,0,0,0,0,0,0,0,0,1,0
4566,4567,49,7,144.98,0,0,0,0,0,1,0,0,0,0,0,0,0,0,1,0,0
4567,4568,38,14,92.7,1,0,0,1,0,1,0,0,0,0,0,1,0,0,0,1,0
4568,4569,63,12,119.71,0,0,0,0,0,0,1,0,0,0,1,0,0,0,0,1,0
4569,4570,22,9,239.26,1,0,1,0,0,0,1,0,0,1,0,0,0,0,0,0,0
4570,4571,23,9,126.09,0,0,1,0,0,0,1,0,0,0,0,0,0,1,0,0,0
4571,4572,55,4,93.1,0,0,0,0,0,0,1,0,0,0,0,0,0,1,0,0,0
4572,4573,39,3,92.99,0,1,1,0,0,1,0,1,0,0,0,0,0,1,1,0,0
4573,4574,35,13,136.51,1,0,0,1,0,1,0,0,0,0,0,0,0,0,0,1,0
4574,4575,31,7,143.82,0,0,0,0,0,0,0,1,1,0,0,0,0,0,0,0,1
4575,4576,27,5,184.54,0,0,0,0,0,1,0,0,0,0,0,1,0,0,0,0,0
4576,4577,63,5,247.57,0,0,0,0,0,0,1,0,0,0,1,0,0,0,0,1,0
4577,4578,30,6,276.16,0,1,1,0,1,1,1,0,1,0,0,0,0,0,1,0,0
4578,4579,48,9,163.44,0,0,1,1,0,0,0,0,0,0,0,0,0,0,0,0,0
4579,4580,47,15,262.96,0,0,0,0,1,0,0,0,0,0,0,0,0,0,1,0,0
4580,4581,20,4,156.42,0,0,1,0,0,0,0,0,0,0,0,1,0,0,1,0,0
4581,4582,47,6,136.25,0,0,1,0,0,0,1,0,0,0,0,0,0,1,0,0,1
4582,4583,23,6,178.59,1,1,0,0,1,1,0,0,0,0,0,1,0,0,0,0,1
4583,4584,46,13,245.11,1,1,0,0,0,1,0,1,0,0,0,0,0,0,0,0,0
4584,4585,25,7,105.2,0,0,0,0,1,0,0,0,0,0,0,1,0,0,0,0,0
4585,4586,61,2,259.1,0,0,0,0,0,1,0,1,0,0,0,0,0,0,0,1,0
4586,4587,62,6,161.5,1,0,0,0,0,0,0,0,0,1,0,0,0,0,1,0,0
4587,4588,60,13,44.67,0,1,0,0,0,1,0,0,0,0,0,1,0,0,0,1,0
4588,4589,61,9,196.64,1,0,0,0,0,0,0,0,0,1,0,0,0,0,1,0,0
4589,4590,50,3,140.13,0,1,1,0,0,0,0,1,0,0,0,0,0,1,0,1,0
4590,4591,34,3,168.77,0,0,0,0,0,0,1,0,0,0,0,1,0,0,0,0,0
4591,4592,65,13,277.98,1,0,0,1,0,1,0,0,0,1,0,0,0,0,0,1,0
4592,4593,28,8,89.06,0,0,0,0,1,1,0,0,1,0,0,0,0,0,0,1,0
4593,4594,30,1,224.59,1,0,0,1,0,0,0,0,0,0,0,0,0,1,0,1,0
4594,4595,67,13,76.78,1,1,1,0,1,0,1,0,0,0,0,1,0,0,0,0,0
4595,4596,28,8,75.77,1,0,0,1,0,0,0,0,0,0,0,0,0,0,0,0,0
4596,4597,48,7,240.82,0,1,1,0,0,1,1,0,0,0,0,0,0,1,0,0,0
4597,4598,45,11,227.0,1,1,0,1,0,1,1,0,0,1,0,0,0,0,0,0,0
4598,4599,61,9,223.07,0,0,0,0,0,0,0,1,0,0,0,1,0,0,0,0,0
4599,4600,23,5,302.47,0,1,1,0,1,0,1,0,0,1,0,0,0,0,1,0,0
4600,4601,58,1,114.57,1,0,1,0,0,1,0,0,0,0,0,0,0,1,1,0,0
4601,4602,33,5,79.29,0,0,0,1,0,0,0,1,0,0,0,1,0,0,0,1,0
4602,4603,21,7,49.66,0,1,1,0,1,0,0,0,0,0,0,0,0,1,0,1,0
4603,4604,52,11,64.01,1,0,0,0,0,0,1,0,0,0,0,1,0,0,0,0,0
4604,4605,65,12,196.31,0,0,1,1,1,0,1,0,0,0,0,0,1,0,0,0,1
4605,4606,43,9,91.8,1,0,1,1,0,1,0,0,0,0,0,0,0,1,0,1,0
4606,4607,29,9,268.39,1,0,1,0,0,1,0,0,0,1,0,0,0,0,1,0,0
4607,4608,28,6,33.95,0,0,0,0,0,0,0,0,0,1,0,0,0,0,0,1,0
4608,4609,54,2,137.37,1,0,1,0,1,1,0,0,0,0,0,1,0,0,0,0,0
4609,4610,42,5,186.08,0,1,1,1,0,0,0,0,0,1,0,0,0,0,1,0,0
4610,4611,35,3,120.07,0,0,0,0,0,1,0,0,0,1,0,0,0,0,0,0,0
4611,4612,36,12,88.29,0,0,0,0,0,1,0,0,0,0,0,0,0,1,0,0,0
4612,4613,40,8,313.95,0,1,0,0,1,1,1,0,0,0,0,0,0,1,0,0,1
4613,4614,55,13,140.08,0,1,0,0,0,0,1,0,0,0,0,0,0,0,0,1,0
4614,4615,35,7,116.15,0,0,1,0,0,0,1,0,0,0,0,0,0,1,0,0,0
4615,4616,43,14,57.81,0,0,0,0,0,0,1,0,0,0,0,0,0,1,0,0,0
4616,4617,23,14,119.62,0,0,0,0,0,1,1,0,0,1,0,0,0,0,0,0,1
4617,4618,21,10,131.35,0,1,0,1,0,0,0,1,0,0,0,0,0,1,1,0,0
4618,4619,61,13,139.27,0,0,1,0,0,1,1,0,0,0,0,0,0,1,0,1,0
4619,4620,68,1,66.47,0,0,0,0,0,1,1,0,0,0,0,0,0,1,0,0,1
4620,4621,46,10,93.44,0,0,0,0,0,1,0,0,0,0,0,0,0,1,0,1,0
4621,4622,51,11,259.87,1,0,0,0,0,1,1,0,0,0,0,0,1,0,0,1,0
4622,4623,34,14,106.25,0,1,0,0,0,0,1,0,0,0,0,0,0,1,0,0,0
4623,4624,60,3,50.61,0,0,1,0,0,0,1,0,0,0,0,1,0,0,1,0,0
4624,4625,60,11,88.13,0,0,1,0,1,0,1,0,0,1,0,0,0,0,1,0,0
4625,4626,70,5,201.85,1,0,0,1,0,1,0,0,0,0,0,1,0,0,0,0,0
4626,4627,33,14,154.13,1,1,0,0,0,0,0,0,0,0,0,0,0,1,0,0,0
4627,4628,19,12,43.43,0,0,0,0,0,1,0,1,1,0,0,0,0,0,0,0,1
4628,4629,51,7,90.06,0,0,0,0,0,0,1,0,0,0,0,0,1,0,1,0,0
4629,4630,25,14,133.65,0,0,1,0,1,0,0,0,0,0,0,0,0,1,1,0,0
4630,4631,30,1,128.47,0,0,0,0,0,1,0,0,0,0,0,0,0,1,0,1,0
4631,4632,59,8,179.14,0,0,0,0,0,0,1,0,0,0,0,1,0,0,1,0,0
4632,4633,25,4,157.68,0,0,1,0,0,0,1,0,1,0,0,0,0,0,1,0,0
4633,4634,47,3,185.99,1,0,1,0,0,1,1,0,0,1,0,0,0,0,0,0,1
4634,4635,49,7,101.59,1,0,0,1,0,0,0,0,0,0,0,0,0,0,0,1,0
4635,4636,53,7,107.0,1,0,0,0,0,0,0,0,0,0,0,0,0,1,1,0,0
4636,4637,64,10,94.08,1,0,0,0,0,0,0,0,0,1,0,0,0,0,0,0,1
4637,4638,47,4,105.23,0,1,0,0,0,0,1,0,0,0,0,0,0,1,0,0,0
4638,4639,18,6,59.27,0,0,0,0,0,1,0,0,0,1,0,0,0,0,1,0,0
4639,4640,60,15,294.21,0,1,0,0,0,1,0,0,0,0,0,0,0,1,0,0,1
4640,4641,56,4,88.18,1,0,0,0,0,0,1,0,0,0,0,0,0,1,0,0,0
4641,4642,34,14,147.23,0,1,1,0,0,0,1,0,0,0,0,1,0,0,1,0,0
4642,4643,37,4,108.97,0,0,0,0,0,0,0,0,0,0,0,1,0,0,0,1,0
4643,4644,41,11,108.41,1,0,0,0,0,1,1,0,0,1,0,0,0,0,0,0,0
4644,4645,67,13,78.99,1,0,0,0,0,0,0,1,1,0,0,0,0,0,0,1,0
4645,4646,39,7,76.17,0,0,0,1,1,0,0,1,0,0,0,0,0,1,0,1,0
4646,4647,46,6,198.64,0,0,1,0,0,1,1,0,0,1,0,0,0,0,1,0,0
4647,4648,39,12,110.12,0,1,0,0,1,1,1,0,0,0,0,1,0,0,0,1,0
4648,4649,61,9,66.03,1,1,0,0,0,0,0,0,0,0,0,1,0,0,0,0,1
4649,4650,26,14,91.59,0,1,0,0,0,0,1,0,1,0,0,0,0,0,0,0,0
4650,4651,54,4,209.54,0,0,0,1,0,0,1,0,0,0,0,0,0,1,1,0,0
4651,4652,27,14,84.81,0,0,1,0,0,0,1,0,0,0,0,0,0,1,0,1,0
4652,4653,53,4,72.62,0,0,0,1,0,1,1,0,0,0,0,1,0,0,0,1,0
4653,4654,54,15,110.99,0,0,1,0,0,1,1,0,0,1,0,0,0,0,0,1,0
4654,4655,45,14,208.9,0,0,0,1,0,1,0,1,0,0,0,0,0,1,0,1,0
4655,4656,45,9,68.41,0,0,0,0,0,0,0,0,0,0,0,1,0,0,1,0,0
4656,4657,59,4,167.72,1,1,1,0,0,0,0,0,0,1,0,0,0,0,1,0,0
4657,4658,60,7,149.55,0,0,0,0,0,0,1,0,0,1,0,0,0,0,1,0,0
4658,4659,38,9,295.07,1,1,0,1,1,0,0,0,0,0,0,0,0,1,1,0,0
4659,4660,41,6,149.58,0,0,0,1,0,1,1,0,0,0,0,0,0,1,1,0,0
4660,4661,59,9,80.54,0,0,0,0,0,0,0,0,0,0,0,0,0,1,0,0,0
4661,4662,57,15,89.08,0,0,0,0,0,0,1,0,0,0,0,0,0,0,0,1,0
4662,4663,19,7,81.82,0,0,0,0,1,0,1,0,0,0,0,0,0,1,1,0,0
4663,4664,25,4,160.32,0,0,0,1,0,0,0,0,1,0,0,0,0,0,0,1,0
4664,4665,65,3,126.88,1,1,0,0,0,0,0,0,0,0,0,0,0,1,0,0,0
4665,4666,44,6,94.59,0,0,0,0,1,1,0,0,1,0,0,0,0,0,0,1,0
4666,4667,39,3,194.98,0,0,1,0,0,0,0,0,0,1,0,0,0,0,0,0,0
4667,4668,54,9,165.16,1,0,0,1,0,1,1,0,0,0,0,0,0,1,0,0,0
4668,4669,44,1,466.67,1,0,1,0,1,0,1,0,0,1,0,0,0,0,0,1,0
4669,4670,46,7,61.21,0,0,0,0,0,0,0,0,0,1,0,0,0,0,0,0,0
4670,4671,20,4,282.18,0,0,0,0,1,1,1,0,0,0,0,0,0,0,0,1,0
4671,4672,61,9,49.63,1,0,1,0,0,0,0,0,0,1,0,0,0,0,0,1,0
4672,4673,30,7,206.09,0,1,0,0,1,1,1,0,0,0,0,1,0,0,0,0,0
4673,4674,62,7,47.16,0,1,0,1,1,0,0,0,0,1,0,0,0,0,0,0,0
4674,4675,27,9,39.81,0,1,0,0,0,1,1,0,0,0,0,1,0,0,1,0,0
4675,4676,53,8,161.88,0,0,0,0,0,1,1,0,0,0,0,1,0,0,0,0,0
4676,4677,26,11,87.67,1,1,0,0,0,1,1,0,0,0,0,0,0,1,1,0,0
4677,4678,44,13,94.14,0,0,0,1,1,1,1,0,0,0,0,0,1,0,0,1,0
4678,4679,51,2,431.82,1,1,0,0,0,1,0,1,0,0,0,0,1,0,0,0,0
4679,4680,68,15,69.33,1,0,0,0,0,0,0,1,0,0,1,0,0,0,0,0,0
4680,4681,18,7,133.41,0,0,0,0,0,1,1,0,0,0,0,0,0,1,0,1,0
4681,4682,49,6,148.28,0,0,0,0,0,1,0,0,0,0,0,0,1,0,0,1,0
4682,4683,42,2,102.5,0,0,0,0,0,0,0,1,1,0,0,0,0,0,1,0,0
4683,4684,46,7,143.32,0,0,0,0,0,0,0,0,0,0,0,1,0,0,1,0,0
4684,4685,24,14,191.93,0,0,1,0,0,1,1,0,0,0,0,0,0,0,0,1,0
4685,4686,66,12,189.79,0,0,0,0,1,0,1,0,0,0,1,0,0,0,0,1,0
4686,4687,20,9,130.95,0,0,1,0,1,0,0,1,0,0,1,0,0,0,1,0,0
4687,4688,37,13,41.73,1,1,0,1,0,1,0,1,0,0,0,1,0,0,0,1,0
4688,4689,37,10,50.37,0,0,0,0,0,0,0,0,0,1,0,0,0,0,0,0,1
4689,4690,70,6,88.68,0,0,0,0,0,0,1,0,0,0,0,0,1,0,0,0,1
4690,4691,47,11,170.51,0,1,0,0,0,1,0,0,0,0,0,0,0,1,1,0,0
4691,4692,52,5,162.0,0,0,0,0,0,0,0,0,0,0,0,0,0,1,0,1,0
4692,4693,52,7,128.68,0,0,0,0,0,1,1,0,0,0,1,0,0,0,0,1,0
4693,4694,66,1,33.37,1,0,0,0,0,0,0,0,0,0,0,0,1,0,0,0,1
4694,4695,56,10,215.77,0,0,1,0,0,0,1,0,0,0,1,0,0,0,0,0,0
4695,4696,44,12,86.44,1,0,0,0,1,0,0,1,0,0,0,1,0,0,0,0,0
4696,4697,43,15,36.56,1,0,0,0,0,1,1,0,0,1,0,0,0,0,0,1,0
4697,4698,31,9,310.24,1,0,0,1,0,0,0,0,0,0,1,0,0,0,0,1,0
4698,4699,34,3,173.71,0,0,1,0,0,0,1,0,0,1,0,0,0,0,1,0,0
4699,4700,35,13,316.19,0,1,0,1,1,0,0,1,0,0,0,0,1,0,0,0,1
4700,4701,62,6,177.85,0,1,0,0,1,0,1,0,0,0,0,0,0,0,1,0,0
4701,4702,69,8,127.25,0,0,1,1,0,0,1,0,0,0,0,0,0,1,1,0,0
4702,4703,46,13,136.91,0,1,0,1,0,0,0,1,0,0,0,0,0,1,0,0,0
4703,4704,37,10,139.8,0,1,0,0,1,1,0,0,0,1,0,0,0,0,0,0,0
4704,4705,70,1,63.82,0,1,0,0,0,0,0,1,0,0,0,0,0,0,0,1,0
4705,4706,44,3,105.94,0,1,1,0,0,1,0,1,0,0,0,0,0,1,0,1,0
4706,4707,35,14,46.2,1,0,0,1,0,1,0,1,0,1,0,0,0,0,0,1,0
4707,4708,21,7,74.55,0,0,0,0,0,0,0,0,0,0,0,1,0,0,1,0,0
4708,4709,18,15,52.19,0,1,0,1,0,0,0,1,0,0,0,1,0,0,0,1,0
4709,4710,67,8,296.92,0,0,0,0,0,1,1,0,0,0,0,0,0,1,0,0,1
4710,4711,18,15,117.91,0,0,1,0,0,1,1,0,0,0,0,1,0,0,0,0,1
4711,4712,43,9,81.93,0,0,0,1,0,0,1,0,0,0,0,0,0,1,0,1,0
4712,4713,62,5,52.68,0,0,0,1,0,1,0,0,0,0,0,0,0,1,0,0,0
4713,4714,37,1,215.26,0,0,0,0,0,0,0,0,0,0,0,0,0,1,1,0,0
4714,4715,69,2,454.37,1,0,0,0,0,0,1,0,0,0,0,1,0,0,0,0,1
4715,4716,40,9,27.2,0,1,0,0,1,0,1,0,0,0,0,0,0,1,0,0,1
4716,4717,27,7,135.2,0,1,0,0,1,1,1,0,0,0,0,0,0,1,0,1,0
4717,4718,28,15,37.72,1,0,1,0,0,1,0,0,0,0,0,0,0,1,0,1,0
4718,4719,58,12,378.93,0,0,0,0,1,1,1,0,0,0,1,0,0,0,0,0,0
4719,4720,58,9,94.95,0,0,0,0,0,0,0,0,1,0,0,0,0,0,0,0,0
4720,4721,22,1,434.5,0,0,0,0,0,0,1,0,0,0,0,0,0,1,0,0,0
4721,4722,18,2,60.48,0,0,0,0,0,0,0,0,0,1,0,0,0,0,1,0,0
4722,4723,34,5,274.81,0,0,0,1,0,1,1,0,0,0,1,0,0,0,0,1,0
4723,4724,39,10,166.36,0,0,1,0,0,0,1,0,0,0,0,0,0,1,1,0,0
4724,4725,51,11,238.94,0,1,0,0,1,0,0,1,0,0,0,0,0,1,0,1,0
4725,4726,62,9,152.01,1,0,0,0,0,0,1,0,0,0,0,0,0,1,0,0,0
4726,4727,58,6,149.0,0,0,1,0,0,1,1,0,0,0,1,0,0,0,0,0,0
4727,4728,46,8,209.34,1,0,0,1,0,0,0,0,0,0,0,1,0,0,0,0,0
4728,4729,21,8,92.24,0,0,0,0,0,0,1,0,0,0,0,0,0,1,1,0,0
4729,4730,22,6,57.07,0,0,1,0,0,0,1,0,0,0,0,0,0,1,0,0,0
4730,4731,28,7,87.15,1,0,1,0,0,1,0,0,0,0,1,0,0,0,0,0,1
4731,4732,68,9,38.88,0,0,1,1,1,1,1,0,0,1,0,0,0,0,0,0,1
4732,4733,38,4,251.7,0,0,0,0,0,1,1,0,0,0,0,1,0,0,1,0,0
4733,4734,52,3,81.24,1,0,0,0,0,0,0,0,0,0,0,0,0,1,0,0,0
4734,4735,29,2,19.23,0,1,0,0,0,0,0,0,0,0,0,0,1,0,0,0,0
4735,4736,43,6,227.14,0,0,1,0,0,1,1,0,0,0,0,0,0,1,0,1,0
4736,4737,68,12,58.76,0,0,0,0,1,0,1,0,0,0,0,0,1,0,1,0,0
4737,4738,36,4,50.56,0,0,0,1,0,0,0,0,0,0,0,0,0,1,0,0,1
4738,4739,62,15,91.7,0,0,0,0,0,0,0,1,0,0,0,0,0,1,0,1,0
4739,4740,24,14,78.45,0,0,0,0,0,1,0,1,0,0,0,0,0,0,1,0,0
4740,4741,64,15,88.99,0,0,0,0,1,0,0,0,0,0,0,0,1,0,1,0,0
4741,4742,24,13,198.13,0,0,0,0,0,1,0,0,0,1,0,0,0,0,0,0,1
4742,4743,43,6,278.61,0,1,1,0,0,1,1,0,0,0,0,0,0,1,0,0,0
4743,4744,57,2,95.21,1,0,0,1,0,0,0,1,0,0,0,0,0,0,0,0,0
4744,4745,22,9,145.59,0,1,1,0,0,0,1,0,0,0,0,1,0,0,0,1,0
4745,4746,38,10,168.25,0,0,1,0,1,1,1,0,0,0,0,1,0,0,1,0,0
4746,4747,31,3,205.91,1,0,0,0,0,1,0,0,0,1,0,0,0,0,0,1,0
4747,4748,21,14,86.98,0,0,0,1,0,1,1,0,0,0,0,0,0,1,0,1,0
4748,4749,40,15,234.65,0,0,1,0,0,1,1,0,0,0,0,1,0,0,0,0,0
4749,4750,59,10,133.78,0,0,0,0,0,0,0,0,0,1,0,0,0,0,0,0,0
4750,4751,37,2,221.15,0,1,0,0,0,1,1,0,0,0,1,0,0,0,0,0,0
4751,4752,32,2,24.39,0,0,1,0,0,0,0,0,0,0,0,0,0,0,0,0,0
4752,4753,67,6,181.33,0,1,0,0,0,1,1,0,0,0,0,0,0,0,0,0,1
4753,4754,69,9,52.45,1,0,0,0,0,1,0,0,0,1,0,0,0,0,0,1,0
4754,4755,62,4,67.34,0,0,0,0,0,1,0,0,0,1,0,0,0,0,1,0,0
4755,4756,46,6,167.52,0,0,0,0,0,1,0,1,0,0,0,0,0,0,1,0,0
4756,4757,25,3,500.0,1,0,0,1,0,1,0,0,0,1,0,0,0,0,0,1,0
4757,4758,58,10,122.97,0,0,1,0,0,0,1,0,1,0,0,0,0,0,1,0,0
4758,4759,65,2,123.58,1,0,1,1,1,1,0,0,0,1,0,0,0,0,0,1,0
4759,4760,36,8,43.15,0,0,0,0,0,0,0,0,0,0,0,0,0,1,1,0,0
4760,4761,65,15,88.76,1,0,0,0,0,1,0,0,0,0,0,0,0,1,1,0,0
4761,4762,56,15,291.9,0,0,0,1,1,0,0,0,0,0,0,1,0,0,1,0,0
4762,4763,63,11,54.85,0,0,0,0,0,0,0,0,0,0,0,0,0,1,0,1,0
4763,4764,45,14,227.23,0,1,1,0,0,1,0,1,0,1,0,0,0,0,0,0,0
4764,4765,63,14,68.97,1,0,0,1,0,1,0,0,0,0,0,0,0,0,1,0,0
4765,4766,44,3,96.04,0,1,0,1,0,0,0,0,0,1,0,0,0,0,1,0,0
4766,4767,21,9,126.09,0,0,1,0,1,1,1,0,0,0,0,1,0,0,1,0,0
4767,4768,32,3,68.61,1,0,1,0,0,1,0,0,0,0,0,1,0,0,1,0,0
4768,4769,52,11,101.28,1,0,1,0,0,1,1,0,0,0,1,0,0,0,0,1,0
4769,4770,54,12,159.99,1,0,0,1,1,0,0,0,0,0,0,0,0,0,0,1,0
4770,4771,18,12,189.69,0,0,0,1,0,1,0,0,0,0,0,0,0,0,1,0,0
4771,4772,20,5,120.89,0,0,1,0,1,1,1,0,0,0,0,0,0,1,1,0,0
4772,4773,64,15,67.13,0,0,0,1,0,0,0,1,0,1,0,0,0,0,0,1,0
4773,4774,41,8,92.96,1,0,0,0,0,1,0,0,0,0,0,0,0,1,0,1,0
4774,4775,44,12,131.91,0,0,0,0,0,1,1,0,0,0,0,1,0,0,0,1,0
4775,4776,57,4,194.53,1,0,0,0,0,1,0,0,0,1,0,0,0,0,0,0,0
4776,4777,53,11,218.48,1,0,0,0,0,0,0,0,0,0,0,0,0,0,0,0,0
4777,4778,51,9,124.31,0,0,0,0,0,0,0,1,0,0,0,0,0,1,0,0,0
4778,4779,46,9,88.65,0,0,0,0,1,1,0,0,0,0,0,1,0,0,0,0,0
4779,4780,41,6,170.89,0,0,0,1,1,0,0,1,0,1,0,0,0,0,0,0,0
4780,4781,41,1,55.47,0,1,1,0,0,1,0,0,0,0,0,0,0,0,1,0,0
4781,4782,59,9,51.16,1,0,0,1,1,0,0,1,0,0,1,0,0,0,0,1,0
4782,4783,21,9,325.4,0,0,1,1,0,0,1,0,0,0,0,1,0,0,0,1,0
4783,4784,20,14,91.84,0,0,0,0,0,0,0,1,0,0,0,0,0,1,1,0,0
4784,4785,51,13,270.16,1,0,0,0,0,1,0,0,0,0,0,0,0,0,1,0,0
4785,4786,66,7,209.32,1,0,1,0,0,0,1,0,0,0,0,0,0,0,0,0,0
4786,4787,40,11,187.99,0,0,0,0,1,1,1,0,0,0,0,0,1,0,0,0,1
4787,4788,70,10,360.39,0,0,0,0,0,1,1,0,0,0,0,0,1,0,0,1,0
4788,4789,69,9,166.9,0,0,0,1,0,1,1,0,0,0,0,0,0,1,0,1,0
4789,4790,40,11,197.71,0,1,0,0,0,1,1,0,0,0,0,0,1,0,0,0,0
4790,4791,62,7,89.44,0,0,1,0,0,0,0,1,0,0,0,0,0,1,1,0,0
4791,4792,22,6,170.13,0,0,1,0,0,0,0,0,0,0,0,0,1,0,0,0,0
4792,4793,48,3,175.93,0,0,0,0,0,0,1,0,0,0,0,0,0,1,0,0,0
4793,4794,70,13,379.12,0,1,0,1,0,1,0,1,0,0,0,0,0,1,0,1,0
4794,4795,58,7,125.43,1,0,0,0,0,1,0,0,1,0,0,0,0,0,0,0,0
4795,4796,23,1,348.18,0,0,1,0,1,0,1,0,0,1,0,0,0,0,0,1,0
4796,4797,54,6,167.36,1,1,1,0,1,0,0,1,0,0,1,0,0,0,0,0,0
4797,4798,27,7,172.11,1,0,0,0,0,1,1,0,0,0,0,0,0,1,0,0,0
4798,4799,57,12,83.47,0,0,0,0,0,0,0,0,0,0,0,0,0,0,1,0,0
4799,4800,24,15,131.93,1,0,0,0,0,1,0,0,0,0,0,1,0,0,0,0,0
4800,4801,56,7,64.31,1,0,0,0,0,0,0,1,0,0,0,0,0,1,1,0,0
4801,4802,55,2,178.48,0,0,0,1,0,1,0,1,0,0,0,0,0,1,0,0,0
4802,4803,38,14,298.45,0,1,1,0,0,0,0,1,0,0,0,0,0,1,0,0,1
4803,4804,37,15,187.93,0,0,0,0,1,0,1,0,0,0,1,0,0,0,1,0,0
4804,4805,20,14,240.08,0,0,1,0,1,0,1,0,0,0,0,0,1,0,1,0,0
4805,4806,68,12,54.37,0,1,0,0,0,0,0,0,0,1,0,0,0,0,1,0,0
4806,4807,39,4,258.84,0,0,1,0,0,0,0,0,0,0,0,0,0,1,0,0,0
4807,4808,64,2,308.9,0,0,0,0,0,0,0,0,0,0,0,0,0,1,0,0,0
4808,4809,21,14,321.41,0,1,1,0,1,1,0,0,0,0,0,0,0,0,1,0,0
4809,4810,45,4,90.64,1,0,0,0,0,0,0,1,0,0,1,0,0,0,0,1,0
4810,4811,29,3,29.5,0,0,1,0,1,1,1,0,0,0,0,1,0,0,0,1,0
4811,4812,55,3,98.76,0,0,0,0,0,0,1,0,0,1,0,0,0,0,1,0,0
4812,4813,68,2,99.41,0,0,0,0,1,1,0,1,0,0,0,0,0,0,0,1,0
4813,4814,53,3,159.99,0,0,0,1,0,1,0,1,0,0,1,0,0,0,0,0,1
4814,4815,64,12,61.53,0,0,1,0,0,0,1,0,0,0,0,0,0,0,1,0,0
4815,4816,58,12,32.2,0,0,1,0,1,0,1,0,0,0,1,0,0,0,1,0,0
4816,4817,22,4,42.79,0,1,0,0,0,0,0,0,0,0,0,0,0,1,0,0,0
4817,4818,30,9,201.27,0,0,1,0,0,0,1,0,0,0,0,1,0,0,1,0,0
4818,4819,40,4,263.14,1,1,0,1,0,1,0,0,0,0,0,1,0,0,0,0,0
4819,4820,67,11,167.98,1,0,0,1,0,1,0,0,0,0,0,1,0,0,0,0,0
4820,4821,47,7,97.78,0,0,0,1,0,1,0,1,0,0,0,0,0,0,0,0,1
4821,4822,54,4,71.26,1,1,0,0,0,1,0,0,0,0,0,0,0,1,0,1,0
4822,4823,42,3,62.06,0,0,0,0,0,1,0,0,0,0,0,0,0,1,1,0,0
4823,4824,65,9,29.32,0,0,0,0,0,1,1,0,1,0,0,0,0,0,1,0,0
4824,4825,44,3,99.11,0,0,0,0,0,1,1,0,0,0,0,0,0,1,0,0,1
4825,4826,68,11,153.03,1,0,0,0,0,0,0,0,0,0,1,0,0,0,0,0,0
4826,4827,31,15,90.75,1,0,0,1,0,0,0,0,0,0,0,1,0,0,0,0,0
4827,4828,65,8,68.85,0,0,0,0,0,0,0,1,0,1,0,0,0,0,0,0,1
4828,4829,64,2,145.53,1,1,0,0,0,1,0,0,1,0,0,0,0,0,1,0,0
4829,4830,53,14,153.42,0,1,1,1,1,0,1,0,0,0,0,0,1,0,1,0,0
4830,4831,56,15,115.79,0,0,0,1,1,0,1,0,0,1,0,0,0,0,1,0,0
4831,4832,33,5,173.15,0,0,0,0,0,0,1,0,0,0,0,0,0,1,0,0,0
4832,4833,39,4,45.26,1,1,1,0,0,0,0,0,1,0,0,0,0,0,0,1,0
4833,4834,38,3,240.38,0,0,0,0,0,1,1,0,0,0,0,0,1,0,0,1,0
4834,4835,38,6,385.62,0,0,1,0,0,0,0,1,0,0,0,0,1,0,1,0,0
4835,4836,25,9,115.06,0,0,0,1,1,1,0,0,0,0,0,1,0,0,0,0,0
4836,4837,66,10,38.65,0,0,0,0,0,1,0,0,0,0,0,0,0,1,1,0,0
4837,4838,33,8,32.58,0,1,0,1,0,0,0,0,1,0,0,0,0,0,0,0,0
4838,4839,48,4,176.66,1,1,0,0,0,1,1,0,0,0,0,0,0,1,0,0,0
4839,4840,59,2,241.32,1,0,0,0,0,1,1,0,0,0,0,0,0,1,0,1,0
4840,4841,27,10,68.19,0,0,0,1,0,0,0,0,0,0,0,0,0,1,1,0,0
4841,4842,49,1,63.75,0,0,1,0,0,0,0,0,0,0,0,0,0,1,0,0,1
4842,4843,51,13,110.39,0,0,0,0,0,0,1,0,0,0,0,0,0,0,1,0,0
4843,4844,26,4,141.84,0,0,0,1,0,1,0,1,0,0,0,0,0,1,0,1,0
4844,4845,34,6,201.52,0,0,0,0,1,1,1,0,0,0,0,0,0,1,0,0,0
4845,4846,28,2,105.94,0,0,0,0,0,0,0,0,0,0,0,0,0,1,1,0,0
4846,4847,49,14,134.29,0,0,1,1,0,0,0,0,0,0,0,1,0,0,1,0,0
4847,4848,27,14,75.31,0,1,0,1,0,0,1,0,0,0,0,0,0,0,0,0,0
4848,4849,39,13,242.97,0,0,1,0,0,1,0,0,0,0,0,0,0,0,0,0,0
4849,4850,34,15,24.49,0,1,0,0,0,0,1,0,0,0,0,0,1,0,0,0,0
4850,4851,21,4,157.56,0,0,0,0,0,1,1,0,0,0,0,0,0,0,0,1,0
4851,4852,65,13,205.05,1,0,0,0,0,0,0,0,0,1,0,0,0,0,0,1,0
4852,4853,69,5,332.21,0,0,0,0,1,1,1,0,0,0,1,0,0,0,1,0,0
4853,4854,64,4,191.76,0,1,0,0,0,1,1,0,0,0,0,0,0,1,0,0,0
4854,4855,42,9,42.54,0,0,0,0,0,1,1,0,0,1,0,0,0,0,1,0,0
4855,4856,38,14,235.61,0,0,0,0,0,0,1,0,0,0,0,1,0,0,0,0,0
4856,4857,54,15,146.03,0,1,1,0,1,1,1,0,0,0,0,0,1,0,0,0,0
4857,4858,55,12,225.26,0,0,0,1,0,0,1,0,0,0,0,0,1,0,1,0,0
4858,4859,66,14,134.17,0,0,0,0,0,0,1,0,0,0,0,0,0,1,0,0,1
4859,4860,18,2,37.54,0,0,0,0,0,1,0,0,0,0,0,1,0,0,0,0,0
4860,4861,42,9,113.76,0,0,0,1,0,1,0,0,0,0,0,1,0,0,0,0,0
4861,4862,68,11,89.32,1,1,1,0,0,1,0,1,0,0,0,0,0,1,0,0,0
4862,4863,53,6,42.75,1,1,0,0,0,0,0,1,0,0,0,0,0,1,1,0,0
4863,4864,34,3,73.98,0,0,1,0,0,1,1,0,0,0,0,1,0,0,0,0,1
4864,4865,58,15,45.76,1,1,0,0,0,1,1,0,0,0,0,0,0,1,0,0,0
4865,4866,41,8,37.19,0,0,0,1,0,1,0,0,0,0,0,0,0,1,1,0,0
4866,4867,19,11,81.21,0,0,0,0,0,1,1,0,0,0,0,0,0,1,0,0,0
4867,4868,57,6,118.22,0,0,0,1,0,1,0,1,0,0,0,0,0,1,0,1,0
4868,4869,32,4,139.05,1,0,0,0,0,0,0,1,0,0,0,0,0,1,0,0,1
4869,4870,49,6,500.0,1,0,0,1,0,1,0,0,0,1,0,0,0,0,0,0,0
4870,4871,56,2,319.24,1,0,0,0,0,1,0,0,0,0,0,0,0,1,0,1,0
4871,4872,23,1,77.31,0,0,1,0,0,1,1,0,1,0,0,0,0,0,0,0,1
4872,4873,18,14,60.01,0,0,0,0,1,0,1,0,0,0,0,0,0,1,0,0,0
4873,4874,64,6,125.46,1,0,0,0,0,0,0,0,0,0,0,0,0,0,0,1,0
4874,4875,40,8,126.08,0,1,0,1,1,0,1,0,0,0,1,0,0,0,0,0,0
4875,4876,56,13,145.09,0,0,0,1,0,1,0,0,1,0,0,0,0,0,0,0,0
4876,4877,34,7,217.84,0,1,1,0,0,1,1,0,0,1,0,0,0,0,0,1,0
4877,4878,51,10,216.34,0,1,0,0,0,0,1,0,0,1,0,0,0,0,0,0,0
4878,4879,58,3,237.4,0,1,0,0,0,1,1,0,0,0,0,1,0,0,1,0,0
4879,4880,46,13,87.92,0,1,0,0,1,1,1,0,1,0,0,0,0,0,0,0,1
4880,4881,26,8,69.68,0,0,1,0,0,1,1,0,0,0,0,0,0,1,0,0,0
4881,4882,30,1,76.5,0,0,1,0,0,0,1,0,0,1,0,0,0,0,0,0,0
4882,4883,23,15,80.5,0,0,1,0,0,1,1,0,0,0,0,0,1,0,1,0,0
4883,4884,23,3,67.47,0,0,0,0,1,0,0,1,0,1,0,0,0,0,0,1,0
4884,4885,37,4,103.35,1,0,1,0,0,1,0,0,0,0,0,1,0,0,0,0,0
4885,4886,69,5,172.53,0,0,0,0,0,0,0,1,0,0,0,1,0,0,1,0,0
4886,4887,70,3,120.02,1,0,0,0,0,0,0,0,0,0,0,0,0,1,1,0,0
4887,4888,20,8,100.45,0,0,0,0,0,1,0,0,0,1,0,0,0,0,0,0,0
4888,4889,34,5,51.57,0,0,0,0,0,0,1,0,0,0,0,0,0,0,0,1,0
4889,4890,66,7,45.47,1,0,0,0,0,0,1,0,0,0,0,1,0,0,0,1,0
4890,4891,29,5,115.47,0,0,0,0,0,1,0,0,0,0,0,0,1,0,0,0,0
4891,4892,65,15,148.9,0,0,0,0,0,1,1,0,0,0,0,0,1,0,0,0,0
4892,4893,64,10,188.88,0,0,0,0,0,1,1,0,0,0,0,0,0,1,0,0,0
4893,4894,62,1,106.16,1,0,0,0,0,0,0,0,0,0,0,1,0,0,1,0,0
4894,4895,18,4,160.3,0,0,1,0,0,0,1,0,0,0,0,0,0,0,0,0,1
4895,4896,34,3,138.05,1,0,1,0,0,0,0,0,0,0,0,0,0,0,0,0,1
4896,4897,20,12,103.1,1,0,1,0,0,0,1,0,0,1,0,0,0,0,1,0,0
4897,4898,43,12,59.42,0,0,0,0,0,1,1,0,0,0,0,1,0,0,0,0,0
4898,4899,32,3,168.29,0,0,1,0,0,0,0,0,0,0,0,1,0,0,0,1,0
4899,4900,53,6,72.5,0,0,1,0,0,0,0,1,0,0,0,0,0,0,0,0,0
4900,4901,49,10,82.34,0,0,0,0,0,0,1,0,1,0,0,0,0,0,0,0,0
4901,4902,49,15,438.79,0,0,0,1,0,0,1,0,0,0,0,0,0,1,0,0,1
4902,4903,21,12,206.88,0,0,1,1,1,1,1,0,0,1,0,0,0,0,0,1,0
4903,4904,35,6,232.72,0,0,1,1,0,1,0,1,0,0,0,0,0,0,1,0,0
4904,4905,66,5,71.53,0,1,0,0,0,0,0,0,0,0,1,0,0,0,0,0,1
4905,4906,36,12,104.3,0,0,0,0,0,0,0,0,0,0,0,0,0,1,1,0,0
4906,4907,60,1,136.22,0,0,1,0,0,0,1,0,0,1,0,0,0,0,1,0,0
4907,4908,69,2,135.35,1,0,0,0,0,1,0,1,1,0,0,0,0,0,0,1,0
4908,4909,52,11,107.26,1,0,0,0,0,1,0,0,1,0,0,0,0,0,0,1,0
4909,4910,57,1,64.99,1,1,0,1,0,0,0,1,1,0,0,0,0,0,0,1,0
4910,4911,31,12,88.46,1,0,1,0,0,0,0,0,0,1,0,0,0,0,1,0,0
4911,4912,50,6,87.29,0,0,0,0,0,1,0,0,0,0,0,0,1,0,0,1,0
4912,4913,31,3,131.13,1,0,0,0,0,1,0,0,0,0,0,0,0,0,0,0,0
4913,4914,51,12,205.6,0,0,1,0,0,1,1,0,0,0,0,1,0,0,0,0,0
4914,4915,21,13,207.92,0,1,1,0,0,0,0,1,0,0,0,0,0,1,0,0,0
4915,4916,41,5,65.53,0,0,0,0,0,0,0,0,0,0,0,1,0,0,0,0,0
4916,4917,46,8,54.22,0,1,1,0,0,0,1,0,0,1,0,0,0,0,0,0,1
4917,4918,36,5,211.08,1,0,0,0,0,1,0,0,0,1,0,0,0,0,0,1,0
4918,4919,23,5,51.55,0,0,0,0,1,1,1,0,0,0,0,1,0,0,0,0,0
4919,4920,50,2,41.1,0,0,0,0,0,0,0,0,0,0,0,0,0,1,0,0,0
4920,4921,66,2,86.14,0,0,1,0,0,0,1,0,0,0,0,0,0,1,0,0,0
4921,4922,57,14,292.97,0,0,1,0,1,0,1,0,0,1,0,0,0,0,0,0,0
4922,4923,36,4,186.11,0,0,0,0,0,0,1,0,0,0,0,0,1,0,1,0,0
4923,4924,70,10,51.95,1,0,0,0,0,0,0,0,0,0,0,0,0,1,1,0,0
4924,4925,18,4,118.09,0,0,0,0,0,1,0,0,0,0,0,0,1,0,0,1,0
4925,4926,22,5,117.28,0,0,1,0,0,0,1,0,0,0,0,1,0,0,1,0,0
4926,4927,44,13,112.86,0,0,1,0,0,0,1,0,0,0,0,1,0,0,0,0,1
4927,4928,33,3,198.34,0,0,0,0,0,1,0,1,0,0,0,0,0,0,0,1,0
4928,4929,23,9,203.08,0,0,0,0,0,0,1,0,0,0,0,1,0,0,0,0,0
4929,4930,57,15,166.32,0,0,1,1,1,0,0,1,0,0,0,0,0,1,0,0,0
4930,4931,30,4,177.86,1,0,0,0,1,0,1,0,0,1,0,0,0,0,0,1,0
4931,4932,65,8,32.5,1,0,0,1,0,1,0,0,0,0,0,1,0,0,0,0,0
4932,4933,52,11,257.76,1,0,0,0,0,1,0,0,0,0,1,0,0,0,0,1,0
4933,4934,36,3,64.81,0,0,0,1,0,0,1,0,0,0,0,0,0,1,0,0,1
4934,4935,29,12,33.55,0,0,0,1,0,1,1,0,0,0,0,0,0,0,0,0,0
4935,4936,33,15,120.5,0,1,0,1,0,0,1,0,1,0,0,0,0,0,0,0,1
4936,4937,60,12,84.26,0,0,0,0,0,1,0,0,1,0,0,0,0,0,0,1,0
4937,4938,27,2,295.24,0,0,0,0,0,1,1,0,0,0,0,0,0,1,0,1,0
4938,4939,42,15,106.8,0,1,0,0,0,1,1,0,0,0,0,0,0,0,0,0,0
4939,4940,37,10,265.69,0,1,0,0,0,0,1,0,0,0,0,0,0,1,1,0,0
4940,4941,48,6,137.28,1,1,0,0,0,1,0,0,0,0,0,0,1,0,0,0,0
4941,4942,21,15,303.27,0,0,1,0,0,1,1,0,0,1,0,0,0,0,1,0,0
4942,4943,61,2,190.98,0,0,0,0,0,1,0,0,0,0,0,0,1,0,0,0,0
4943,4944,40,7,48.93,0,0,0,1,1,1,0,1,0,0,1,0,0,0,0,1,0
4944,4945,19,12,98.41,0,0,0,0,0,0,0,1,0,0,1,0,0,0,1,0,0
4945,4946,39,10,29.82,1,0,0,1,0,0,0,0,1,0,0,0,0,0,1,0,0
4946,4947,68,7,55.33,1,0,0,0,0,0,0,0,0,0,0,0,0,1,0,1,0
4947,4948,54,6,24.82,0,1,0,0,0,0,1,0,0,0,0,0,0,1,0,1,0
4948,4949,25,10,155.55,0,0,1,0,0,1,1,0,0,0,0,1,0,0,0,0,0
4949,4950,24,15,29.96,0,0,1,1,0,1,0,0,0,0,0,0,0,0,0,0,0
4950,4951,31,3,122.92,0,1,1,0,0,1,0,1,0,0,0,0,0,1,1,0,0
4951,4952,20,14,139.89,0,0,1,0,0,0,1,0,0,1,0,0,0,0,0,0,0
4952,4953,67,9,122.54,1,0,0,0,0,0,0,0,1,0,0,0,0,0,1,0,0
4953,4954,33,15,87.72,1,0,1,0,0,1,1,0,1,0,0,0,0,0,1,0,0
4954,4955,36,14,92.97,1,0,0,0,0,0,0,0,0,0,0,0,0,1,1,0,0
4955,4956,68,15,153.95,1,0,0,0,1,0,0,0,0,1,0,0,0,0,1,0,0
4956,4957,35,12,81.92,0,0,1,0,0,1,1,0,0,0,0,0,0,0,1,0,0
4957,4958,69,11,63.57,1,1,0,0,0,1,0,0,1,0,0,0,0,0,1,0,0
4958,4959,33,7,47.54,0,0,1,0,1,0,1,0,0,0,0,0,0,0,1,0,0
4959,4960,25,3,130.25,0,0,0,0,0,1,0,1,0,0,1,0,0,0,1,0,0
4960,4961,50,9,214.49,0,1,0,1,1,1,0,1,0,0,0,0,1,0,0,1,0
4961,4962,66,14,155.53,1,0,0,1,0,1,0,0,0,0,1,0,0,0,0,0,0
4962,4963,29,2,345.67,1,0,0,1,0,1,0,0,0,0,0,1,0,0,0,0,0
4963,4964,70,4,54.25,1,0,0,0,1,0,1,0,1,0,0,0,0,0,0,1,0
4964,4965,28,3,101.09,0,0,1,0,0,1,1,0,0,0,0,0,1,0,1,0,0
4965,4966,22,9,44.19,0,0,1,0,0,0,0,1,0,0,0,0,0,1,1,0,0
4966,4967,44,11,58.89,0,1,0,1,1,0,1,0,0,0,0,0,0,1,1,0,0
4967,4968,29,10,195.05,1,0,1,0,1,1,0,0,1,0,0,0,0,0,0,0,0
4968,4969,34,4,130.33,0,0,1,0,0,1,1,0,0,0,0,0,0,1,0,0,0
4969,4970,23,5,104.23,1,0,1,0,0,1,1,0,0,1,0,0,0,0,0,1,0
4970,4971,50,9,136.57,0,0,0,0,0,1,0,1,0,0,0,0,1,0,0,1,0
4971,4972,22,10,59.28,0,0,0,0,0,1,0,0,0,0,0,0,1,0,1,0,0
4972,4973,45,7,20.91,0,0,1,0,0,1,1,0,0,0,0,0,0,1,0,1,0
4973,4974,31,6,47.52,0,0,1,1,0,0,0,0,0,0,0,0,0,0,0,1,0
4974,4975,22,11,122.63,0,0,0,1,0,0,1,0,0,0,0,0,0,0,0,0,0
4975,4976,50,1,74.09,1,0,0,0,0,0,0,0,0,1,0,0,0,0,0,1,0
4976,4977,67,11,256.65,1,0,0,1,0,0,0,1,1,0,0,0,0,0,0,1,0
4977,4978,65,4,195.45,0,0,0,1,0,0,1,0,0,0,0,1,0,0,0,0,0
4978,4979,58,9,98.76,0,0,0,0,0,1,0,1,0,0,1,0,0,0,0,1,0
4979,4980,36,8,93.85,0,0,0,0,1,1,0,1,0,0,0,0,0,1,0,1,0
4980,4981,39,2,138.13,1,0,0,0,0,1,0,0,0,1,0,0,0,0,1,0,0
4981,4982,22,7,59.85,0,0,1,0,0,1,1,0,0,0,0,0,1,0,0,0,0
4982,4983,19,5,143.6,0,0,0,0,0,1,0,1,0,1,0,0,0,0,0,0,0
4983,4984,47,8,222.77,0,0,1,0,0,0,1,0,0,0,0,0,0,1,0,0,0
4984,4985,64,4,455.77,1,0,0,0,1,0,1,0,0,0,1,0,0,0,0,0,1
4985,4986,56,9,161.69,1,1,1,1,0,0,1,0,1,0,0,0,0,0,1,0,0
4986,4987,21,6,29.83,0,0,0,1,0,1,1,0,0,0,0,0,0,0,0,0,0
4987,4988,50,4,51.0,0,0,0,0,0,0,0,0,0,0,0,0,0,0,0,1,0
4988,4989,30,14,76.02,0,0,1,0,0,1,1,0,0,0,0,0,0,1,0,1,0
4989,4990,37,9,111.96,1,0,1,0,0,1,0,0,0,0,1,0,0,0,1,0,0
4990,4991,24,2,165.73,0,0,0,0,0,0,0,0,0,0,0,0,1,0,0,0,0
4991,4992,32,11,40.15,1,0,0,0,0,0,0,0,0,0,0,0,0,1,0,1,0
4992,4993,40,11,107.23,1,1,0,0,0,0,0,0,0,0,0,0,0,1,0,0,1
4993,4994,31,4,116.33,0,0,0,0,0,0,1,0,0,0,0,0,1,0,0,0,0
4994,4995,40,13,70.32,0,0,0,0,0,1,0,0,0,0,0,0,0,1,0,0,0
4995,4996,36,3,218.48,0,0,0,1,0,1,0,0,0,0,1,0,0,0,1,0,0
4996,4997,46,10,117.1,0,0,1,0,0,1,1,0,0,0,1,0,0,0,1,0,0
4997,4998,37,5,129.12,0,0,0,0,0,1,1,0,1,0,0,0,0,0,1,0,0
4998,4999,46,14,58.29,0,1,0,0,0,1,1,0,0,0,0,1,0,0,0,0,1
4999,5000,41,10,286.1,0,1,0,1,0,1,0,1,0,0,0,0,0,0,0,0,1
5000,5001,35,9,161.35,0,0,0,0,0,0,0,0,0,0,0,0,0,1,0,0,1
5001,5002,27,13,27.59,0,0,0,0,0,1,0,0,0,0,0,1,0,0,0,0,0
5002,5003,58,5,162.26,1,1,0,0,0,0,0,0,0,1,0,0,0,0,0,0,0
5003,5004,25,2,106.97,0,0,0,0,0,0,0,1,0,0,0,0,0,0,0,1,0
5004,5005,43,4,161.83,0,0,1,1,0,0,1,0,0,0,0,0,0,1,1,0,0
5005,5006,46,8,89.1,1,0,0,1,0,1,0,0,0,0,0,0,0,1,0,1,0
5006,5007,27,6,159.6,0,0,1,0,0,0,0,0,0,1,0,0,0,0,0,0,0
5007,5008,34,13,87.48,0,1,0,1,0,0,1,0,0,0,0,0,1,0,0,1,0
5008,5009,19,5,230.18,0,0,0,0,0,1,0,0,0,1,0,0,0,0,1,0,0
5009,5010,23,5,32.32,0,0,0,0,1,1,1,0,0,1,0,0,0,0,1,0,0
5010,5011,22,4,71.96,1,0,1,1,0,1,0,1,0,1,0,0,0,0,0,1,0
5011,5012,45,9,62.91,0,0,1,0,1,1,1,0,0,0,0,0,0,1,1,0,0
5012,5013,58,12,285.86,0,0,0,1,0,1,0,1,1,0,0,0,0,0,0,0,0
5013,5014,22,6,57.66,1,0,0,0,0,1,0,0,0,0,0,0,0,0,0,0,0
5014,5015,35,7,90.68,0,0,0,0,0,0,1,0,0,0,0,0,0,1,0,0,1
5015,5016,43,5,152.49,0,0,0,0,0,1,0,1,0,0,0,0,0,1,1,0,0
5016,5017,37,6,70.62,1,0,0,1,1,1,1,0,0,0,1,0,0,0,0,1,0
5017,5018,58,15,179.38,1,0,1,0,0,0,1,0,0,0,0,1,0,0,0,0,1
5018,5019,66,13,364.97,0,0,0,0,0,0,1,0,0,0,0,0,0,1,0,0,0
5019,5020,44,11,265.36,1,0,0,0,0,0,0,1,0,1,0,0,0,0,1,0,0
5020,5021,66,11,117.79,0,0,0,0,0,1,0,0,0,0,0,0,0,1,1,0,0
5021,5022,29,3,24.16,0,0,0,0,0,0,0,0,0,0,0,0,0,1,0,0,0
5022,5023,24,7,120.65,0,1,1,1,0,1,0,0,0,0,0,0,1,0,0,0,0
5023,5024,20,1,114.17,1,0,0,0,0,1,0,1,0,0,0,0,0,1,0,1,0
5024,5025,27,5,87.33,1,1,1,0,0,1,0,1,0,0,0,0,1,0,0,0,0
5025,5026,51,6,56.56,0,1,0,0,0,1,0,0,0,0,0,0,0,0,0,0,0
5026,5027,42,13,78.87,0,1,0,0,0,0,0,0,0,0,0,0,0,1,0,0,0
5027,5028,52,14,57.72,0,1,0,0,1,0,0,1,0,0,0,0,1,0,1,0,0
5028,5029,33,15,87.58,0,1,0,0,0,0,0,0,0,1,0,0,0,0,1,0,0
5029,5030,19,2,145.21,0,0,0,0,1,1,0,0,0,0,0,1,0,0,1,0,0
5030,5031,41,2,218.78,1,0,0,0,0,0,0,0,0,0,0,0,1,0,0,1,0
5031,5032,27,9,121.72,0,0,0,0,1,0,0,0,0,0,1,0,0,0,0,1,0
5032,5033,55,4,168.88,0,1,0,0,0,0,1,0,0,0,0,0,0,1,0,1,0
5033,5034,39,5,65.39,0,1,0,0,0,1,1,0,0,0,0,0,0,1,0,0,1
5034,5035,43,3,249.6,0,0,1,1,1,0,1,0,0,0,0,0,0,0,1,0,0
5035,5036,60,9,46.6,1,1,1,0,0,1,0,1,0,0,0,0,0,1,0,0,1
5036,5037,56,1,59.46,1,1,0,0,0,0,0,0,0,0,0,0,0,0,0,1,0
5037,5038,44,4,199.01,0,0,1,1,0,1,0,0,0,0,0,0,0,1,0,0,0
5038,5039,46,7,84.25,0,1,0,0,0,0,0,1,0,0,0,0,0,0,0,0,0
5039,5040,64,4,74.3,1,0,0,0,0,1,1,0,0,0,0,0,0,1,0,0,0
5040,5041,55,8,97.02,1,0,0,0,0,1,0,0,0,0,0,0,1,0,1,0,0
5041,5042,37,13,141.85,0,0,0,0,0,0,0,0,0,0,0,0,1,0,0,0,0
5042,5043,44,8,89.96,0,0,1,0,0,1,0,0,0,0,0,0,0,1,1,0,0
5043,5044,58,12,24.27,1,1,1,0,0,1,1,0,0,0,0,0,1,0,1,0,0
5044,5045,37,14,116.21,0,0,0,0,0,1,0,0,0,1,0,0,0,0,0,0,0
5045,5046,61,3,46.46,0,0,0,0,0,1,1,0,0,1,0,0,0,0,0,0,1
5046,5047,36,4,101.84,1,1,1,0,0,0,0,0,0,0,0,0,0,1,0,0,0
5047,5048,37,11,154.98,0,0,0,0,1,1,1,0,0,0,0,0,1,0,1,0,0
5048,5049,52,7,76.29,0,0,0,0,0,1,0,0,0,1,0,0,0,0,1,0,0
5049,5050,64,5,31.96,0,0,1,0,1,1,1,0,0,0,0,0,0,1,0,0,0
5050,5051,19,5,138.3,0,0,1,0,0,1,0,0,0,0,1,0,0,0,0,0,0
5051,5052,47,2,208.11,0,0,0,1,0,0,0,0,0,0,0,0,0,1,1,0,0
5052,5053,70,7,140.28,0,0,1,0,0,1,1,0,0,0,1,0,0,0,0,1,0
5053,5054,51,4,100.37,0,0,0,0,0,1,1,0,0,1,0,0,0,0,0,0,1
5054,5055,39,5,164.23,0,0,1,0,0,0,1,0,0,0,0,0,1,0,0,1,0
5055,5056,20,15,190.22,0,0,0,1,0,1,1,0,0,0,0,1,0,0,0,1,0
5056,5057,23,11,103.38,0,0,1,0,0,1,0,0,1,0,0,0,0,0,0,0,1
5057,5058,32,5,122.19,0,1,0,1,1,0,1,0,0,0,1,0,0,0,0,1,0
5058,5059,44,2,313.57,0,0,0,1,0,0,0,0,1,0,0,0,0,0,0,1,0
5059,5060,27,8,18.56,0,0,0,0,0,1,0,0,0,1,0,0,0,0,1,0,0
5060,5061,26,11,58.33,1,0,1,0,0,0,1,0,0,0,0,0,1,0,0,1,0
5061,5062,50,1,120.26,1,0,0,0,0,0,0,1,0,0,0,1,0,0,0,1,0
5062,5063,49,15,187.8,0,0,0,1,1,0,1,0,0,0,0,0,0,1,0,1,0
5063,5064,65,3,106.18,0,0,0,0,0,0,1,0,1,0,0,0,0,0,0,0,1
5064,5065,23,7,83.82,0,1,0,0,0,1,0,1,0,0,0,0,0,0,0,0,0
5065,5066,58,15,205.15,0,1,0,0,0,0,0,0,0,0,0,0,0,1,1,0,0
5066,5067,53,15,205.96,1,0,0,0,0,1,0,1,0,1,0,0,0,0,0,0,0
5067,5068,19,9,25.59,0,1,0,0,1,1,1,0,0,0,0,1,0,0,0,1,0
5068,5069,46,3,70.27,0,0,0,0,0,1,1,0,0,0,0,0,0,0,0,1,0
5069,5070,21,3,159.39,0,0,1,0,0,0,1,0,0,0,0,0,0,0,0,0,1
5070,5071,18,14,123.15,0,0,0,0,0,1,1,0,0,0,0,0,0,1,0,0,0
5071,5072,36,15,244.85,0,0,0,0,0,0,1,0,0,0,0,1,0,0,0,1,0
5072,5073,43,13,202.36,1,0,0,1,0,0,0,0,1,0,0,0,0,0,0,1,0
5073,5074,42,10,274.09,1,0,0,0,1,1,0,1,0,1,0,0,0,0,0,0,0
5074,5075,27,1,231.0,0,0,1,0,0,1,0,0,0,0,0,1,0,0,0,0,0
5075,5076,70,14,135.86,1,0,0,0,0,1,0,0,0,0,0,0,0,1,0,1,0
5076,5077,32,1,116.3,1,0,0,1,0,1,0,0,0,0,0,0,0,1,0,1,0
5077,5078,39,6,120.43,1,0,0,0,1,1,0,0,0,0,0,1,0,0,1,0,0
5078,5079,68,10,122.58,1,1,0,0,0,1,0,0,0,0,0,0,0,1,0,0,0
5079,5080,65,12,160.18,1,0,0,0,0,1,0,0,0,0,0,1,0,0,0,1,0
5080,5081,38,9,148.02,0,0,1,1,0,0,1,0,0,0,0,1,0,0,0,1,0
5081,5082,39,3,81.46,0,1,0,1,0,0,1,0,0,1,0,0,0,0,0,0,0
5082,5083,53,15,313.81,1,1,0,1,0,1,0,0,0,1,0,0,0,0,0,1,0
5083,5084,51,6,70.5,1,0,0,1,0,1,0,0,1,0,0,0,0,0,0,1,0
5084,5085,47,4,89.97,0,0,0,0,0,0,0,1,0,0,0,0,0,1,1,0,0
5085,5086,42,13,35.57,1,0,0,0,0,0,0,0,0,0,0,0,0,0,0,0,0
5086,5087,62,9,295.36,1,0,1,0,0,0,0,0,1,0,0,0,0,0,0,0,0
5087,5088,45,11,112.08,0,0,1,0,0,1,0,0,1,0,0,0,0,0,1,0,0
5088,5089,18,8,133.71,0,0,0,1,0,1,0,0,0,0,0,1,0,0,1,0,0
5089,5090,66,9,110.73,1,0,1,1,0,1,1,0,0,1,0,0,0,0,0,1,0
5090,5091,62,2,84.05,1,0,0,0,0,1,0,0,0,0,0,0,0,1,0,1,0
5091,5092,21,12,177.26,0,0,1,0,0,1,1,0,0,0,0,0,0,1,0,1,0
5092,5093,24,5,114.76,1,0,0,0,0,0,0,0,0,0,0,1,0,0,0,0,1
5093,5094,66,4,172.9,0,0,0,0,0,0,1,0,0,0,0,0,0,1,0,0,0
5094,5095,26,4,25.35,0,0,1,0,0,0,1,0,1,0,0,0,0,0,0,1,0
5095,5096,53,8,117.69,1,0,0,0,0,1,0,0,0,0,0,1,0,0,0,1,0
5096,5097,36,5,55.04,0,0,0,0,0,0,0,0,0,0,0,0,0,1,1,0,0
5097,5098,18,4,144.98,0,0,0,1,0,1,0,0,0,0,0,0,0,1,0,1,0
5098,5099,27,6,58.05,0,0,0,0,0,1,1,0,0,0,0,1,0,0,1,0,0
5099,5100,53,8,113.16,1,1,0,0,0,0,0,0,0,0,0,0,0,1,0,0,1
5100,5101,26,11,154.3,0,0,0,0,0,1,1,0,0,0,0,0,1,0,0,1,0
5101,5102,62,14,63.17,1,1,0,0,1,1,0,0,1,0,0,0,0,0,0,1,0
5102,5103,63,14,38.88,1,0,0,0,1,0,0,0,0,0,1,0,0,0,0,1,0
5103,5104,59,7,370.6,0,0,0,1,0,0,0,0,0,0,0,1,0,0,0,1,0
5104,5105,49,15,97.39,0,0,1,0,0,1,0,0,1,0,0,0,0,0,1,0,0
5105,5106,49,6,171.78,1,0,1,0,1,0,0,0,0,0,0,1,0,0,0,1,0
5106,5107,23,2,215.22,0,0,0,0,0,0,0,0,0,0,0,0,0,0,0,0,0
5107,5108,65,12,107.92,0,0,0,0,0,1,1,0,0,0,0,1,0,0,0,0,0
5108,5109,55,5,66.12,0,0,0,0,0,1,0,0,0,0,0,0,0,1,0,0,1
5109,5110,34,11,215.8,0,0,1,0,0,0,1,0,0,0,0,0,0,1,0,0,0
5110,5111,27,15,52.6,0,0,1,0,1,1,1,0,0,0,0,0,1,0,0,1,0
5111,5112,67,15,302.78,1,0,0,1,1,1,1,0,0,0,1,0,0,0,0,0,0
5112,5113,44,14,64.71,0,0,1,0,0,0,0,1,0,0,0,0,0,0,1,0,0
5113,5114,67,15,187.38,0,0,0,0,0,1,0,0,0,0,0,0,0,0,0,1,0
5114,5115,52,9,114.63,1,1,0,1,1,0,0,0,0,0,0,0,0,0,0,1,0
5115,5116,69,11,177.79,0,0,1,0,0,0,1,0,0,0,0,0,0,0,0,0,1
5116,5117,38,15,144.82,0,1,0,1,0,1,1,0,0,1,0,0,0,0,0,1,0
5117,5118,42,15,193.06,0,1,0,0,0,1,1,0,0,0,1,0,0,0,0,1,0
5118,5119,45,9,82.2,0,0,0,0,0,0,0,0,0,0,0,0,0,0,1,0,0
5119,5120,64,4,135.69,0,0,0,1,0,1,1,0,0,0,0,0,0,1,0,1,0
5120,5121,32,9,361.74,1,1,0,1,0,1,0,1,0,0,0,0,1,0,0,1,0
5121,5122,21,9,41.09,0,0,1,0,1,1,0,0,0,1,0,0,0,0,0,1,0
5122,5123,46,5,186.18,0,0,1,1,0,0,0,1,0,0,0,1,0,0,1,0,0
5123,5124,26,13,500.0,0,0,0,1,1,1,0,0,0,0,0,0,0,0,0,0,1
5124,5125,44,6,362.96,1,0,0,0,0,0,0,0,0,0,0,1,0,0,1,0,0
5125,5126,43,7,158.17,0,0,1,1,0,0,0,0,0,0,0,0,0,1,0,1,0
5126,5127,36,10,213.2,0,1,0,0,0,1,1,0,0,0,0,0,0,1,0,1,0
5127,5128,45,10,393.18,0,1,1,0,0,1,1,0,0,1,0,0,0,0,0,0,0
5128,5129,34,12,233.65,0,1,1,0,0,1,1,0,0,0,0,1,0,0,1,0,0
5129,5130,60,7,114.9,0,0,1,0,1,0,1,0,0,0,0,0,0,1,1,0,0
5130,5131,58,5,111.19,0,0,0,0,0,0,0,0,0,1,0,0,0,0,0,0,0
5131,5132,59,13,56.79,0,0,0,0,0,1,0,0,0,0,1,0,0,0,0,0,1
5132,5133,67,1,222.15,0,0,0,0,0,0,0,0,0,0,0,0,0,1,0,1,0
5133,5134,37,4,478.97,0,0,0,1,0,1,0,1,0,0,0,0,1,0,0,1,0
5134,5135,62,13,154.52,1,1,0,1,0,0,0,0,0,0,0,0,1,0,1,0,0
5135,5136,57,14,100.4,0,1,0,0,0,1,0,1,1,0,0,0,0,0,0,0,0
5136,5137,56,8,131.79,1,0,0,0,0,1,0,0,1,0,0,0,0,0,0,0,0
5137,5138,66,8,95.68,0,0,0,0,0,1,0,0,0,0,0,0,0,0,0,0,0
5138,5139,70,12,47.66,0,0,0,0,1,1,0,0,0,0,0,1,0,0,0,0,0
5139,5140,40,13,51.17,1,0,0,0,0,1,0,0,0,0,0,1,0,0,0,0,0
5140,5141,64,6,66.22,0,0,0,0,0,0,0,1,0,1,0,0,0,0,0,0,1
5141,5142,49,13,89.15,1,1,0,0,0,0,1,0,0,0,0,0,0,1,0,1,0
5142,5143,69,3,212.65,0,0,0,1,0,1,0,1,0,1,0,0,0,0,0,0,0
5143,5144,64,12,123.39,0,0,0,0,0,0,1,0,0,0,0,0,0,1,0,1,0
5144,5145,50,15,28.87,1,1,1,0,0,1,1,0,0,0,0,0,1,0,1,0,0
5145,5146,63,9,219.14,1,0,0,0,0,0,1,0,0,0,1,0,0,0,0,1,0
5146,5147,22,7,94.8,0,0,1,0,0,0,1,0,1,0,0,0,0,0,1,0,0
5147,5148,60,11,170.5,1,0,0,0,1,1,1,0,0,0,0,0,0,1,0,1,0
5148,5149,65,9,310.86,0,0,0,0,0,1,0,0,0,0,0,0,0,1,0,0,0
5149,5150,51,5,114.72,0,0,0,0,0,1,1,0,0,0,0,0,1,0,1,0,0
5150,5151,57,11,247.55,0,0,0,1,1,1,1,0,0,1,0,0,0,0,0,1,0
5151,5152,28,6,212.06,0,0,0,0,0,1,0,0,0,0,0,0,1,0,0,0,0
5152,5153,67,15,129.1,0,0,0,0,0,0,1,0,0,0,0,0,1,0,1,0,0
5153,5154,20,1,106.86,0,0,1,0,0,0,0,1,0,0,0,1,0,0,0,1,0
5154,5155,50,13,61.53,0,0,0,0,1,1,1,0,0,0,0,0,0,1,0,0,1
5155,5156,28,8,141.05,1,0,0,0,0,1,1,0,0,0,0,0,0,1,0,1,0
5156,5157,33,2,245.63,0,1,0,0,0,1,0,0,0,0,0,0,0,1,1,0,0
5157,5158,35,6,89.08,0,0,0,1,0,1,1,0,0,0,0,0,0,0,1,0,0
5158,5159,47,6,232.62,0,0,0,0,0,0,0,0,0,0,1,0,0,0,0,0,0
5159,5160,65,4,203.9,0,0,0,0,0,0,0,1,0,0,0,0,0,1,0,1,0
5160,5161,27,9,82.42,0,1,0,0,0,1,0,1,0,0,0,0,0,1,0,1,0
5161,5162,35,3,70.65,0,0,1,0,0,0,0,1,0,0,0,1,0,0,0,0,1
5162,5163,55,2,261.45,1,0,0,0,0,0,0,0,0,1,0,0,0,0,1,0,0
5163,5164,36,3,222.27,1,0,0,0,0,0,0,0,1,0,0,0,0,0,0,0,0
5164,5165,53,5,183.8,1,0,0,0,0,0,0,1,0,0,0,0,0,1,0,1,0
5165,5166,30,1,23.79,0,0,1,0,0,1,1,0,0,0,1,0,0,0,0,1,0
5166,5167,63,10,81.6,0,1,0,0,0,1,0,1,1,0,0,0,0,0,1,0,0
5167,5168,20,14,140.9,0,0,0,0,1,1,1,0,1,0,0,0,0,0,0,0,1
5168,5169,27,4,60.04,0,0,0,0,0,1,1,0,0,0,0,0,0,1,0,1,0
5169,5170,55,1,50.69,0,0,0,0,1,0,0,0,0,1,0,0,0,0,1,0,0
5170,5171,18,10,153.71,0,0,1,0,0,1,1,0,0,0,0,0,1,0,0,1,0
5171,5172,44,15,168.45,0,0,0,1,1,0,1,0,0,0,0,0,1,0,1,0,0
5172,5173,63,3,162.08,1,0,1,1,0,0,0,0,0,0,0,1,0,0,0,0,0
5173,5174,25,2,79.58,0,0,0,0,0,0,0,0,0,1,0,0,0,0,1,0,0
5174,5175,68,6,199.35,1,1,1,0,0,1,1,0,0,1,0,0,0,0,0,0,1
5175,5176,63,3,73.73,1,0,0,0,0,1,1,0,0,0,1,0,0,0,1,0,0
5176,5177,59,10,109.91,1,0,0,1,0,1,0,0,0,0,0,0,0,1,0,0,1
5177,5178,34,14,226.97,1,1,0,1,0,1,0,0,0,0,0,0,0,1,0,1,0
5178,5179,26,7,138.31,0,0,0,0,0,0,0,0,0,0,0,0,0,1,0,0,1
5179,5180,23,9,97.07,1,0,0,0,0,1,0,0,0,0,0,0,1,0,1,0,0
5180,5181,60,1,81.64,0,1,0,0,0,1,0,1,0,0,0,0,0,1,0,1,0
5181,5182,42,13,114.88,0,0,0,0,1,0,1,0,0,0,0,0,0,0,0,0,0
5182,5183,56,8,113.04,0,1,0,0,1,0,1,0,0,1,0,0,0,0,0,0,1
5183,5184,66,10,78.29,0,0,0,1,0,1,1,0,0,0,0,0,0,1,0,1,0
5184,5185,45,7,105.78,0,1,0,0,0,1,0,0,0,0,0,1,0,0,0,0,0
5185,5186,50,11,83.26,0,0,1,0,1,1,1,0,0,0,0,0,0,1,1,0,0
5186,5187,54,4,280.99,1,0,0,1,0,1,0,1,0,1,0,0,0,0,0,1,0
5187,5188,26,15,40.79,0,0,0,0,0,1,1,0,0,0,0,0,0,0,1,0,0
5188,5189,35,12,45.72,0,1,0,0,0,0,1,0,0,1,0,0,0,0,0,0,0
5189,5190,38,15,75.62,0,0,0,1,0,0,1,0,0,0,0,0,0,1,0,1,0
5190,5191,19,14,98.33,0,0,1,0,0,0,0,1,1,0,0,0,0,0,0,0,0
5191,5192,60,7,81.86,0,0,0,0,0,0,0,0,0,0,1,0,0,0,0,0,0
5192,5193,55,2,500.0,1,0,1,0,1,1,0,0,0,1,0,0,0,0,1,0,0
5193,5194,57,6,129.3,1,0,0,0,0,1,0,1,0,1,0,0,0,0,1,0,0
5194,5195,53,14,133.66,1,1,0,0,0,1,0,1,0,1,0,0,0,0,0,0,0
5195,5196,67,14,85.18,0,0,0,0,0,0,1,0,1,0,0,0,0,0,1,0,0
5196,5197,60,15,77.55,0,0,0,0,0,1,0,0,0,0,0,0,0,0,1,0,0
5197,5198,54,11,95.52,1,0,1,0,1,0,0,0,0,0,0,0,0,1,0,0,1
5198,5199,32,15,101.55,0,0,0,0,0,0,1,0,1,0,0,0,0,0,1,0,0
5199,5200,45,5,133.96,0,0,1,0,0,1,0,1,0,0,0,0,0,0,0,0,0
5200,5201,35,5,111.29,0,0,0,0,0,1,0,0,0,1,0,0,0,0,0,0,0
5201,5202,51,12,66.19,1,0,0,0,0,0,1,0,0,1,0,0,0,0,0,0,1
5202,5203,39,8,239.46,1,1,0,0,0,0,0,1,0,0,0,0,0,1,1,0,0
5203,5204,28,1,226.54,1,0,0,0,0,1,0,0,0,0,1,0,0,0,0,1,0
5204,5205,30,9,239.24,0,0,1,0,1,0,1,0,0,0,0,1,0,0,1,0,0
5205,5206,21,4,303.23,1,1,0,1,0,0,0,0,0,0,0,0,0,1,0,0,0
5206,5207,39,14,214.69,0,0,1,1,1,1,1,0,0,0,0,0,0,0,0,1,0
5207,5208,24,10,430.44,1,0,1,0,1,0,0,1,0,0,0,0,0,0,0,0,0
5208,5209,60,6,35.7,0,1,0,0,1,0,0,0,0,0,0,0,0,1,0,1,0
5209,5210,41,7,49.21,0,0,1,0,1,0,1,0,0,1,0,0,0,0,1,0,0
5210,5211,21,1,74.01,1,0,0,1,0,1,0,1,0,0,0,1,0,0,0,1,0
5211,5212,45,8,25.33,1,0,1,0,0,1,0,1,0,0,0,0,0,1,0,1,0
5212,5213,32,14,282.93,0,1,0,0,0,0,1,0,0,1,0,0,0,0,0,1,0
5213,5214,18,15,58.43,0,1,0,0,1,0,1,0,0,0,0,0,0,1,0,0,0
5214,5215,20,4,182.44,0,0,1,0,1,0,0,0,0,1,0,0,0,0,0,1,0
5215,5216,31,13,75.49,1,0,0,0,0,0,0,0,0,0,0,1,0,0,1,0,0
5216,5217,55,13,64.32,1,0,0,0,0,1,1,0,0,0,0,0,0,1,0,1,0
5217,5218,67,9,123.3,0,0,0,1,0,1,0,0,0,0,0,1,0,0,1,0,0
5218,5219,18,15,145.16,0,1,0,0,1,0,1,0,0,1,0,0,0,0,0,0,0
5219,5220,55,7,190.27,0,0,1,1,0,0,1,0,0,0,0,1,0,0,0,0,1
5220,5221,55,15,30.52,0,0,0,0,0,0,0,1,0,1,0,0,0,0,0,1,0
5221,5222,38,14,120.15,0,0,1,1,1,0,1,0,0,0,0,0,0,0,0,1,0
5222,5223,65,11,133.81,1,0,0,0,0,0,0,0,0,0,0,1,0,0,1,0,0
5223,5224,46,15,139.91,1,0,1,0,0,1,1,0,0,0,0,1,0,0,1,0,0
5224,5225,22,5,436.52,0,0,0,0,0,1,1,0,0,0,0,0,1,0,0,0,0
5225,5226,66,12,78.32,0,0,0,0,0,1,0,0,0,0,0,0,0,1,0,1,0
5226,5227,27,1,239.46,0,0,0,0,0,0,0,0,0,0,1,0,0,0,0,0,0
5227,5228,45,9,195.29,0,1,0,0,0,1,0,1,0,0,0,0,1,0,0,1,0
5228,5229,38,10,64.82,0,0,0,0,0,0,0,0,0,0,0,0,0,0,0,0,0
5229,5230,67,6,107.48,0,0,0,0,1,0,0,1,1,0,0,0,0,0,0,0,0
5230,5231,24,6,142.21,1,0,0,0,1,1,0,1,0,1,0,0,0,0,1,0,0
5231,5232,20,1,248.57,0,0,1,0,0,0,1,0,0,0,0,0,0,1,0,0,1
5232,5233,62,6,312.17,0,0,0,0,0,1,1,0,0,0,0,1,0,0,0,1,0
5233,5234,64,4,116.45,1,0,0,1,0,1,0,0,0,0,1,0,0,0,1,0,0
5234,5235,37,15,256.55,0,0,0,0,0,1,0,1,0,0,0,0,0,1,0,1,0
5235,5236,36,12,69.66,0,0,1,1,0,1,1,0,0,0,0,1,0,0,0,1,0
5236,5237,52,1,169.55,0,0,0,0,0,0,0,0,0,0,0,0,1,0,1,0,0
5237,5238,21,8,163.39,0,1,0,0,0,1,1,0,1,0,0,0,0,0,1,0,0
5238,5239,22,4,77.02,0,0,1,0,0,1,1,0,0,0,0,0,0,1,0,0,1
5239,5240,18,3,47.93,0,1,0,0,0,1,0,0,0,0,0,0,0,1,1,0,0
5240,5241,21,2,206.11,0,0,1,0,0,0,0,1,0,0,0,0,0,1,0,1,0
5241,5242,29,10,108.82,0,0,0,0,0,1,1,0,0,0,0,0,0,0,0,1,0
5242,5243,44,7,35.4,0,0,1,0,0,0,1,0,1,0,0,0,0,0,1,0,0
5243,5244,59,10,97.26,0,0,0,0,0,1,0,0,0,0,0,1,0,0,0,0,0
5244,5245,40,9,36.9,0,0,0,1,1,0,1,0,1,0,0,0,0,0,0,0,0
5245,5246,42,7,123.36,0,0,1,0,0,1,1,0,0,0,0,0,1,0,0,0,0
5246,5247,38,12,135.55,0,0,1,0,0,0,1,0,0,0,0,1,0,0,0,0,1
5247,5248,69,12,125.85,1,0,1,0,0,0,1,0,0,0,0,0,0,1,1,0,0
5248,5249,41,1,137.28,0,0,0,0,0,0,1,0,0,1,0,0,0,0,0,0,0
5249,5250,42,14,52.26,0,0,0,0,0,0,0,0,0,0,0,0,0,1,0,0,1
5250,5251,62,11,148.63,0,0,1,0,0,0,1,0,0,1,0,0,0,0,1,0,0
5251,5252,63,5,72.58,0,0,0,1,0,0,0,0,0,0,0,0,0,1,0,1,0
5252,5253,49,5,248.89,0,0,0,1,0,1,0,0,0,0,0,0,0,1,0,1,0
5253,5254,49,8,357.8,0,1,0,0,0,1,0,0,0,1,0,0,0,0,0,0,0
5254,5255,22,6,257.33,0,0,0,1,0,1,0,1,0,0,0,0,0,0,0,0,0
5255,5256,53,15,155.64,1,0,0,1,0,0,0,1,0,0,0,0,0,1,1,0,0
5256,5257,63,11,56.65,1,0,0,0,0,0,0,0,0,0,0,1,0,0,0,0,1
5257,5258,59,5,212.41,0,0,0,0,0,0,0,0,0,0,0,1,0,0,0,1,0
5258,5259,66,13,208.41,0,0,0,0,0,1,0,0,0,0,0,1,0,0,1,0,0
5259,5260,59,8,60.3,0,0,0,0,0,1,1,0,0,0,0,1,0,0,0,0,0
5260,5261,56,15,76.83,0,0,0,0,0,0,1,0,0,0,0,1,0,0,0,0,0
5261,5262,33,3,358.35,0,0,1,1,1,0,1,0,0,0,1,0,0,0,1,0,0
5262,5263,50,5,259.3,0,1,0,0,1,1,1,0,0,0,0,0,0,1,0,0,0
5263,5264,66,5,95.72,0,1,0,1,1,1,1,0,0,0,0,0,0,1,1,0,0
5264,5265,38,5,184.86,1,0,1,0,0,1,0,0,0,0,0,0,0,1,0,1,0
5265,5266,26,3,102.89,1,0,0,0,0,1,0,0,0,0,0,1,0,0,1,0,0
5266,5267,23,15,283.9,0,0,1,1,0,0,0,0,0,1,0,0,0,0,0,0,0
5267,5268,68,6,70.97,1,0,0,1,0,0,1,0,0,0,0,0,0,0,0,0,0
5268,5269,62,11,200.95,1,0,1,0,0,0,0,1,0,0,0,0,0,1,0,1,0
5269,5270,52,9,24.28,1,0,0,0,0,0,0,0,0,0,0,1,0,0,1,0,0
5270,5271,56,2,211.2,1,0,0,0,0,0,0,0,0,0,0,1,0,0,0,1,0
5271,5272,39,14,77.54,1,0,1,0,0,1,0,1,0,0,0,0,0,1,0,1,0
5272,5273,58,10,235.43,1,0,0,0,0,0,0,0,0,0,0,0,0,0,0,1,0
5273,5274,22,12,74.09,0,1,1,0,0,0,0,0,1,0,0,0,0,0,1,0,0
5274,5275,59,1,38.46,1,0,1,1,0,0,0,1,0,0,0,0,1,0,0,1,0
5275,5276,40,14,337.45,0,0,1,0,1,0,1,0,0,0,0,0,0,1,1,0,0
5276,5277,34,6,93.52,1,0,0,0,1,0,1,0,1,0,0,0,0,0,0,1,0
5277,5278,29,8,90.56,0,0,1,0,1,1,1,0,0,0,0,0,0,1,1,0,0
5278,5279,40,15,84.36,0,0,1,0,1,1,1,0,0,1,0,0,0,0,1,0,0
5279,5280,33,5,166.47,0,0,0,1,0,0,0,0,0,0,0,0,0,1,0,1,0
5280,5281,20,9,100.15,0,0,1,0,1,1,1,0,1,0,0,0,0,0,0,1,0
5281,5282,47,12,148.6,0,0,0,0,0,0,1,0,0,0,0,0,0,1,0,0,0
5282,5283,39,3,37.84,0,0,1,1,0,1,0,1,0,0,0,0,0,1,1,0,0
5283,5284,26,13,237.47,1,0,0,0,0,0,0,1,1,0,0,0,0,0,0,1,0
5284,5285,46,9,173.19,0,0,0,1,0,0,0,0,0,0,0,1,0,0,0,0,0
5285,5286,64,2,143.34,0,0,0,0,1,1,1,0,0,0,0,0,1,0,0,1,0
5286,5287,54,15,103.18,0,1,0,0,0,0,0,0,0,0,0,0,0,1,0,0,0
5287,5288,40,2,118.76,0,0,1,0,0,0,0,0,0,1,0,0,0,0,1,0,0
5288,5289,30,9,500.0,0,1,0,0,0,0,1,0,0,0,1,0,0,0,0,1,0
5289,5290,49,15,87.45,0,0,1,0,1,0,1,0,0,0,0,0,0,0,1,0,0
5290,5291,63,10,75.4,1,1,0,0,0,0,1,0,0,0,0,0,1,0,0,0,1
5291,5292,69,10,200.14,1,0,0,0,0,1,1,0,0,0,1,0,0,0,0,1,0
5292,5293,64,7,76.06,0,0,1,0,1,1,1,0,0,0,0,1,0,0,1,0,0
5293,5294,65,11,110.87,0,0,0,0,0,1,1,0,0,1,0,0,0,0,0,0,0
5294,5295,40,14,136.05,0,0,1,0,0,0,1,0,0,1,0,0,0,0,1,0,0
5295,5296,62,13,98.35,0,0,0,0,0,0,0,0,0,0,0,0,0,1,0,0,0
5296,5297,34,5,334.86,0,0,0,1,0,0,1,0,0,1,0,0,0,0,1,0,0
5297,5298,57,9,47.61,0,0,0,0,1,0,0,1,1,0,0,0,0,0,0,0,0
5298,5299,38,12,375.43,1,0,0,1,0,1,0,0,0,0,0,0,0,0,1,0,0
5299,5300,19,12,216.46,0,0,0,0,0,0,1,0,1,0,0,0,0,0,1,0,0
5300,5301,54,2,74.06,0,0,0,0,0,1,0,1,0,0,0,0,1,0,0,1,0
5301,5302,23,15,121.61,0,0,0,0,0,0,1,0,0,0,1,0,0,0,0,1,0
5302,5303,61,4,112.52,0,0,0,0,0,0,1,0,0,0,1,0,0,0,1,0,0
5303,5304,35,15,57.75,0,0,1,0,0,0,0,0,0,0,0,1,0,0,0,0,0
5304,5305,47,15,281.25,0,0,1,0,1,0,1,0,1,0,0,0,0,0,0,0,1
5305,5306,39,15,113.25,0,0,0,0,0,0,1,0,0,0,0,1,0,0,0,0,1
5306,5307,50,15,142.99,0,0,1,0,0,0,0,0,0,0,0,1,0,0,1,0,0
5307,5308,47,10,45.7,1,0,1,0,0,0,1,0,0,0,0,1,0,0,0,0,0
5308,5309,34,1,64.42,1,0,0,0,0,1,0,0,0,0,0,1,0,0,0,1,0
5309,5310,60,3,90.82,0,0,0,0,0,1,1,0,0,1,0,0,0,0,0,0,1
5310,5311,49,5,23.05,0,0,1,1,0,0,0,1,0,1,0,0,0,0,0,1,0
5311,5312,59,15,180.74,0,0,0,1,0,0,1,0,0,0,0,0,0,1,0,0,0
5312,5313,68,15,365.93,1,0,0,0,1,1,1,0,0,0,0,0,0,1,0,0,0
5313,5314,31,8,67.25,0,0,0,0,0,1,1,0,0,0,0,0,0,0,0,0,1
5314,5315,27,10,128.91,0,1,0,0,1,1,0,0,1,0,0,0,0,0,0,1,0
5315,5316,64,13,78.53,0,0,0,1,1,0,0,1,0,0,0,1,0,0,0,0,1
5316,5317,68,9,142.31,1,0,0,0,0,1,0,0,0,0,0,0,0,1,0,0,0
5317,5318,53,14,74.7,1,1,0,0,0,1,0,0,0,0,0,0,1,0,0,1,0
5318,5319,51,3,31.94,0,0,0,0,0,0,1,0,0,0,1,0,0,0,1,0,0
5319,5320,26,13,241.81,0,0,0,0,0,1,1,0,0,0,0,0,1,0,0,1,0
5320,5321,59,4,215.11,1,0,0,0,0,0,0,0,0,0,0,1,0,0,0,1,0
5321,5322,45,10,272.67,1,0,0,0,0,1,0,0,0,0,0,0,0,1,1,0,0
5322,5323,28,2,191.67,0,0,1,0,0,1,1,0,0,1,0,0,0,0,0,1,0
5323,5324,31,12,174.67,0,1,0,1,0,1,0,0,0,0,0,0,0,0,0,0,0
5324,5325,56,1,110.05,0,1,0,0,0,1,0,0,0,0,0,0,0,1,0,0,0
5325,5326,64,1,271.05,0,1,0,0,0,0,0,0,0,0,0,0,0,1,1,0,0
5326,5327,36,4,316.62,0,0,1,1,0,1,0,0,0,0,1,0,0,0,1,0,0
5327,5328,32,9,58.76,0,0,0,1,1,1,1,0,0,0,0,1,0,0,0,1,0
5328,5329,45,8,99.88,0,1,0,1,0,1,1,0,0,0,0,0,0,1,0,1,0
5329,5330,41,4,103.13,1,0,1,0,0,1,1,0,0,1,0,0,0,0,0,1,0
5330,5331,25,8,223.11,1,0,1,1,0,1,0,0,0,1,0,0,0,0,0,0,0
5331,5332,60,15,50.69,1,0,0,0,0,1,0,0,0,0,0,0,0,1,0,0,0
5332,5333,26,7,45.81,1,0,1,0,0,1,0,0,0,0,0,1,0,0,0,1,0
5333,5334,64,6,215.19,1,0,0,1,0,1,0,0,0,0,0,0,0,1,1,0,0
5334,5335,50,10,188.76,0,1,0,0,0,0,0,0,0,0,0,0,1,0,0,0,1
5335,5336,50,12,21.41,0,0,0,0,0,1,0,0,0,0,0,0,1,0,1,0,0
5336,5337,36,2,131.27,0,0,0,0,0,0,0,0,0,0,0,1,0,0,0,1,0
5337,5338,20,15,263.6,0,0,1,0,0,0,1,0,0,0,0,0,1,0,0,0,0
5338,5339,27,3,15.07,1,0,0,0,0,0,0,0,0,0,0,0,0,1,1,0,0
5339,5340,57,4,78.59,0,0,0,1,0,1,0,0,0,0,0,0,0,0,0,0,0
5340,5341,64,7,500.0,1,1,0,0,0,1,0,0,0,0,0,1,0,0,0,0,1
5341,5342,59,8,295.79,1,0,0,1,1,1,0,0,0,0,0,1,0,0,0,0,1
5342,5343,18,15,53.19,1,0,0,0,0,0,1,0,0,0,0,0,0,1,0,1,0
5343,5344,46,11,123.4,1,1,1,1,0,1,0,0,0,1,0,0,0,0,0,0,0
5344,5345,67,8,82.35,0,0,0,0,0,1,0,0,0,1,0,0,0,0,0,1,0
5345,5346,51,4,189.8,1,1,0,0,0,0,0,0,0,0,0,0,0,0,0,0,0
5346,5347,68,9,214.93,0,0,0,1,0,0,0,0,0,0,0,0,1,0,1,0,0
5347,5348,30,10,89.83,0,0,1,1,0,0,1,0,0,0,0,0,0,0,0,0,1
5348,5349,18,11,294.46,0,0,1,0,0,1,0,1,0,0,0,0,1,0,0,0,1
5349,5350,51,13,207.88,0,0,0,1,0,1,0,0,0,0,0,0,0,1,0,1,0
5350,5351,46,6,278.89,0,0,1,1,0,0,1,0,1,0,0,0,0,0,0,0,1
5351,5352,65,13,77.13,1,0,1,0,1,1,0,0,0,0,0,0,0,0,1,0,0
5352,5353,64,3,163.54,1,0,1,0,0,0,0,0,0,0,0,0,0,1,1,0,0
5353,5354,30,2,108.43,0,0,0,0,0,0,0,0,0,0,0,1,0,0,0,0,1
5354,5355,65,12,83.51,1,0,0,0,0,0,0,1,0,0,0,0,0,0,0,0,0
5355,5356,66,9,165.51,0,0,0,0,0,0,0,0,0,0,0,0,0,1,0,1,0
5356,5357,70,1,165.74,0,1,0,1,0,0,0,1,0,0,0,0,1,0,0,1,0
5357,5358,46,8,130.67,0,0,0,0,0,0,1,0,0,0,1,0,0,0,0,1,0
5358,5359,56,11,101.9,1,0,0,0,0,1,0,0,0,1,0,0,0,0,1,0,0
5359,5360,41,14,311.36,0,0,0,1,0,0,1,0,0,0,0,0,0,0,0,0,0
5360,5361,43,14,57.95,0,1,0,1,0,1,0,1,0,0,0,0,0,1,0,0,0
5361,5362,34,8,48.99,0,1,0,1,1,1,1,0,1,0,0,0,0,0,0,1,0
5362,5363,24,2,68.03,0,0,1,0,0,0,1,0,0,1,0,0,0,0,0,0,1
5363,5364,30,14,164.43,1,1,0,0,0,1,0,0,0,0,0,0,0,1,0,1,0
5364,5365,22,7,83.4,0,1,0,0,0,0,0,0,0,0,0,0,0,0,0,0,0
5365,5366,43,14,35.43,1,0,0,0,0,1,0,0,0,0,0,0,0,1,0,0,0
5366,5367,66,1,31.84,0,1,0,0,0,1,1,0,0,0,0,0,0,1,0,1,0
5367,5368,20,2,122.45,0,0,0,0,0,0,0,1,0,0,0,0,0,1,1,0,0
5368,5369,24,9,251.88,0,0,1,0,0,1,1,0,0,0,0,0,0,1,0,0,0
5369,5370,66,15,189.44,0,0,0,1,0,1,1,0,0,0,0,0,0,1,0,0,0
5370,5371,56,8,103.96,1,0,1,0,0,1,0,0,1,0,0,0,0,0,1,0,0
5371,5372,70,9,145.97,1,1,0,0,1,1,1,0,0,0,1,0,0,0,0,1,0
5372,5373,18,12,96.42,0,0,0,1,0,0,0,1,0,0,0,0,0,0,1,0,0
5373,5374,66,11,378.48,1,0,0,0,0,1,1,0,0,0,0,1,0,0,1,0,0
5374,5375,34,4,86.66,0,0,0,0,0,0,1,0,0,0,0,1,0,0,1,0,0
5375,5376,60,15,90.06,0,0,0,0,1,0,1,0,0,1,0,0,0,0,0,0,0
5376,5377,42,7,142.63,0,0,0,1,0,0,1,0,0,1,0,0,0,0,0,1,0
5377,5378,20,10,197.61,0,0,0,0,0,0,0,1,0,0,0,1,0,0,0,0,0
5378,5379,32,9,189.2,1,0,0,0,0,1,1,0,0,1,0,0,0,0,0,1,0
5379,5380,46,6,151.31,0,0,0,1,0,1,0,0,0,0,0,1,0,0,0,1,0
5380,5381,70,15,113.03,0,1,0,0,0,1,1,0,0,0,0,0,0,0,0,1,0
5381,5382,60,9,78.96,0,0,0,0,0,0,0,0,0,0,0,0,0,0,0,0,0
5382,5383,49,4,88.09,0,0,1,0,0,1,1,0,0,0,0,0,1,0,0,1,0
5383,5384,43,15,274.92,0,1,0,1,0,1,0,0,0,0,0,1,0,0,0,0,1
5384,5385,33,8,299.53,0,1,0,0,0,0,0,1,0,0,1,0,0,0,1,0,0
5385,5386,42,14,171.29,1,1,0,1,0,0,0,1,0,0,0,0,1,0,0,1,0
5386,5387,45,15,144.28,0,1,0,0,0,1,0,0,0,0,0,0,0,1,1,0,0
5387,5388,26,15,334.61,1,1,0,0,0,1,0,0,0,0,0,1,0,0,0,0,1
5388,5389,18,2,320.73,0,1,0,1,0,1,1,0,0,0,0,1,0,0,0,1,0
5389,5390,46,15,94.32,0,1,1,0,0,1,1,0,0,0,0,1,0,0,0,1,0
5390,5391,39,14,22.9,1,0,0,1,0,0,0,0,0,0,0,0,0,0,0,0,0
5391,5392,33,2,35.73,1,0,0,1,0,0,0,0,0,0,0,0,0,1,1,0,0
5392,5393,58,4,136.23,0,1,0,0,0,1,1,0,0,0,1,0,0,0,0,1,0
5393,5394,68,5,153.66,0,0,0,0,1,0,1,0,1,0,0,0,0,0,1,0,0
5394,5395,61,6,75.59,1,0,0,0,0,1,0,0,0,0,0,0,0,0,1,0,0
5395,5396,68,15,71.39,1,1,0,0,0,1,1,0,0,0,0,0,0,1,1,0,0
5396,5397,58,6,163.29,1,0,0,0,0,1,0,1,0,0,0,0,1,0,0,0,0
5397,5398,24,14,238.51,1,0,0,0,0,1,0,0,0,1,0,0,0,0,0,0,0
5398,5399,31,2,52.3,0,0,0,0,0,0,1,0,0,1,0,0,0,0,0,1,0
5399,5400,46,6,51.23,1,1,0,0,0,1,0,0,0,0,0,1,0,0,0,0,0
5400,5401,36,8,118.77,1,0,1,0,0,1,0,0,0,0,0,0,1,0,1,0,0
5401,5402,36,5,72.66,1,0,1,0,0,1,0,0,0,0,0,0,0,1,0,0,1
5402,5403,19,3,87.04,0,0,0,0,0,1,1,0,0,0,0,0,1,0,1,0,0
5403,5404,58,15,278.47,1,0,0,1,0,0,1,0,0,0,0,1,0,0,0,1,0
5404,5405,62,8,45.48,1,0,0,0,0,1,1,0,0,0,0,1,0,0,0,1,0
5405,5406,32,6,500.0,1,0,0,0,1,1,0,0,0,1,0,0,0,0,1,0,0
5406,5407,20,2,347.29,0,1,1,1,0,0,0,0,0,0,0,0,0,1,0,0,1
5407,5408,28,9,277.74,1,0,0,0,0,1,1,0,0,0,0,0,0,1,0,1,0
5408,5409,70,14,54.69,0,0,0,1,0,1,0,0,0,0,0,0,0,1,1,0,0
5409,5410,63,8,37.68,1,0,0,0,0,1,0,0,0,0,0,0,0,1,0,0,0
5410,5411,47,4,170.15,0,0,0,1,0,0,1,0,0,1,0,0,0,0,0,0,0
5411,5412,57,14,114.55,0,1,0,0,0,1,0,1,0,0,0,0,0,1,1,0,0
5412,5413,35,1,34.66,1,0,0,1,0,1,0,0,0,1,0,0,0,0,1,0,0
5413,5414,68,7,40.68,0,0,0,0,0,1,1,0,0,1,0,0,0,0,0,1,0
5414,5415,65,13,120.54,1,0,0,0,0,0,0,0,0,1,0,0,0,0,1,0,0
5415,5416,19,8,199.32,0,0,0,0,1,0,1,0,0,0,0,1,0,0,1,0,0
5416,5417,49,9,250.61,0,0,0,0,0,1,1,0,0,0,0,0,0,0,0,0,0
5417,5418,25,14,96.12,0,0,1,0,0,1,1,0,0,0,0,0,0,1,1,0,0
5418,5419,39,15,159.32,1,0,1,0,0,0,1,0,0,0,0,0,0,1,0,1,0
5419,5420,23,7,153.32,0,0,0,0,0,0,0,0,0,0,0,1,0,0,0,1,0
5420,5421,29,8,130.28,0,0,0,1,0,0,0,0,0,1,0,0,0,0,0,0,0
5421,5422,64,10,155.8,1,0,0,0,0,1,0,0,1,0,0,0,0,0,0,0,0
5422,5423,57,12,69.32,1,0,0,0,1,0,1,0,0,0,0,1,0,0,0,1,0
5423,5424,53,14,166.01,0,0,0,0,1,0,0,1,0,0,0,0,0,1,0,0,0
5424,5425,32,5,175.17,0,0,0,0,0,0,1,0,0,0,0,0,0,0,1,0,0
5425,5426,45,2,94.67,0,1,1,1,0,1,1,0,0,0,0,1,0,0,0,0,0
5426,5427,69,15,142.79,1,1,0,0,0,0,0,0,0,0,0,0,0,1,0,0,0
5427,5428,66,7,138.46,0,0,1,1,0,0,1,0,0,0,0,0,0,1,1,0,0
5428,5429,62,2,69.01,1,0,0,1,0,1,0,0,0,0,0,0,0,0,0,1,0
5429,5430,35,9,136.16,0,0,1,1,0,0,0,0,1,0,0,0,0,0,0,0,0
5430,5431,19,7,188.4,0,0,0,0,1,0,1,0,0,1,0,0,0,0,0,1,0
5431,5432,30,3,60.0,0,1,0,0,0,1,1,0,0,1,0,0,0,0,0,0,0
5432,5433,62,9,111.2,1,1,0,1,0,0,0,0,0,0,0,0,0,1,1,0,0
5433,5434,32,12,117.36,0,0,1,1,0,1,1,0,0,0,0,1,0,0,0,1,0
5434,5435,37,15,51.96,0,1,0,0,0,0,1,0,0,0,0,1,0,0,0,1,0
5435,5436,46,5,139.65,1,0,0,1,0,1,0,0,0,1,0,0,0,0,0,1,0
5436,5437,59,13,105.73,0,0,0,0,0,0,1,0,0,0,0,0,1,0,1,0,0
5437,5438,46,1,145.1,0,0,0,0,0,1,0,0,0,1,0,0,0,0,0,1,0
5438,5439,20,15,52.96,1,0,0,0,0,0,0,0,0,0,0,1,0,0,0,1,0
5439,5440,36,9,31.64,0,0,0,1,0,0,0,0,0,0,0,0,0,1,1,0,0
5440,5441,20,9,94.35,1,1,1,0,0,1,0,0,0,0,0,0,1,0,0,1,0
5441,5442,31,10,16.71,0,1,0,0,0,1,1,0,0,0,0,0,1,0,0,0,0
5442,5443,57,10,63.79,0,1,0,0,0,0,0,1,0,0,0,0,1,0,0,0,1
5443,5444,21,9,184.63,0,0,1,0,0,1,0,0,0,0,0,0,0,1,1,0,0
5444,5445,69,15,174.11,1,0,0,0,0,0,0,0,0,0,0,1,0,0,0,1,0
5445,5446,28,6,69.57,0,0,0,0,0,1,0,0,0,0,0,0,0,0,1,0,0
5446,5447,48,12,219.68,0,0,0,0,0,0,1,0,0,0,1,0,0,0,1,0,0
5447,5448,60,10,272.66,0,0,0,0,0,1,0,0,0,1,0,0,0,0,0,0,1
5448,5449,49,2,77.09,1,0,0,0,0,0,1,0,0,0,0,0,1,0,0,0,0
5449,5450,44,13,36.67,1,0,0,0,0,0,1,0,0,1,0,0,0,0,0,0,0
5450,5451,47,14,117.08,0,0,0,0,1,0,1,0,0,1,0,0,0,0,0,0,1
5451,5452,60,7,345.33,0,1,0,0,1,0,0,1,0,0,0,0,0,1,0,1,0
5452,5453,19,2,136.36,0,0,0,0,1,1,0,0,0,0,0,0,0,1,1,0,0
5453,5454,66,4,500.0,0,0,0,0,1,1,0,1,0,0,0,0,0,1,0,0,0
5454,5455,26,4,220.49,0,0,0,0,0,1,0,0,0,0,0,0,0,1,0,0,1
5455,5456,45,10,51.77,1,0,0,0,0,0,0,0,0,0,0,0,0,1,0,0,1
5456,5457,48,7,113.43,0,1,1,0,0,0,1,0,0,0,0,0,1,0,0,1,0
5457,5458,51,6,148.41,0,1,0,0,0,1,1,0,0,0,0,0,0,0,0,0,0
5458,5459,32,12,39.4,1,0,0,0,0,1,1,0,0,0,0,0,1,0,0,1,0
5459,5460,65,11,76.79,1,0,0,0,0,0,0,0,0,0,0,1,0,0,0,1,0
5460,5461,42,12,317.59,0,0,0,0,0,1,0,1,0,0,0,0,1,0,0,0,0
5461,5462,53,13,181.17,1,0,0,1,0,1,0,0,0,0,0,0,0,0,0,0,0
5462,5463,25,12,27.34,0,1,0,0,0,1,0,0,0,0,0,0,0,1,0,0,0
5463,5464,26,10,235.54,0,0,1,0,0,0,0,0,0,0,0,1,0,0,1,0,0
5464,5465,54,8,116.23,0,0,0,1,1,0,1,0,0,0,0,1,0,0,0,1,0
5465,5466,65,7,173.64,0,0,1,0,0,0,1,0,0,0,0,1,0,0,1,0,0
5466,5467,62,1,192.55,0,0,1,0,0,1,1,0,0,0,0,0,1,0,0,0,1
5467,5468,56,15,157.8,1,1,1,0,0,0,0,0,0,0,0,1,0,0,0,0,0
5468,5469,49,15,76.19,0,1,0,0,1,0,0,0,0,1,0,0,0,0,0,1,0
5469,5470,69,11,107.0,1,0,0,0,0,1,0,0,0,0,0,0,1,0,0,1,0
5470,5471,34,5,126.55,0,0,1,0,0,0,1,0,0,0,0,1,0,0,0,0,0
5471,5472,52,15,74.45,0,1,0,0,0,0,1,0,0,0,0,0,0,1,1,0,0
5472,5473,54,3,123.65,1,0,0,1,0,1,1,0,0,0,0,0,0,0,0,1,0
5473,5474,36,15,91.16,1,0,0,1,0,1,0,1,0,0,0,1,0,0,1,0,0
5474,5475,61,7,68.04,0,0,0,0,0,1,0,0,0,0,0,0,0,0,1,0,0
5475,5476,46,13,154.8,0,0,0,0,0,0,0,0,0,0,1,0,0,0,0,0,0
5476,5477,24,8,321.27,0,0,0,0,1,1,1,0,0,0,0,0,0,1,0,0,0
5477,5478,45,14,103.12,0,0,1,0,0,1,1,0,0,0,0,1,0,0,1,0,0
5478,5479,26,12,91.14,0,0,1,0,1,0,1,0,0,0,0,0,1,0,1,0,0
5479,5480,45,11,185.04,1,0,0,0,0,1,0,1,0,0,0,1,0,0,0,1,0
5480,5481,23,4,115.69,0,1,0,1,0,0,1,0,0,1,0,0,0,0,0,0,1
5481,5482,46,7,96.16,1,1,1,0,0,0,0,0,0,1,0,0,0,0,1,0,0
5482,5483,34,4,157.15,1,1,0,0,0,0,0,0,0,0,0,1,0,0,0,0,0
5483,5484,33,10,205.04,0,1,0,0,0,0,1,0,0,1,0,0,0,0,0,0,0
5484,5485,40,4,148.3,1,0,0,0,0,0,1,0,1,0,0,0,0,0,0,0,0
5485,5486,48,10,204.93,0,0,1,0,0,1,0,0,0,0,0,0,0,1,0,0,0
5486,5487,20,15,101.23,1,0,0,0,0,0,0,0,0,0,0,1,0,0,1,0,0
5487,5488,38,3,417.64,1,1,0,1,0,1,1,0,0,0,0,0,0,1,0,1,0
5488,5489,43,7,177.04,1,0,0,1,1,1,1,0,0,0,0,0,0,0,0,1,0
5489,5490,53,9,124.57,0,0,0,0,0,0,0,0,0,0,0,1,0,0,0,1,0
5490,5491,59,12,100.34,0,1,0,0,0,0,1,0,0,0,0,0,0,1,0,0,0
5491,5492,54,3,106.42,0,1,0,0,0,1,0,0,0,0,0,1,0,0,0,0,0
5492,5493,70,1,155.17,1,0,0,1,0,1,0,1,0,0,0,0,0,1,1,0,0
5493,5494,39,9,27.38,0,0,0,0,1,0,0,0,0,0,0,1,0,0,0,1,0
5494,5495,59,7,68.82,0,0,1,0,0,0,1,0,0,0,0,0,0,0,0,1,0
5495,5496,29,2,128.44,0,0,0,0,0,1,1,0,0,0,0,0,0,1,0,1,0
5496,5497,59,6,114.15,0,1,0,1,0,0,0,0,0,0,0,0,0,1,0,1,0
5497,5498,30,3,40.32,0,0,0,0,0,1,1,0,0,0,0,1,0,0,0,1,0
5498,5499,28,14,32.62,0,0,1,0,0,1,0,0,0,1,0,0,0,0,1,0,0
5499,5500,33,10,166.2,0,1,1,0,0,0,1,0,0,0,0,0,0,1,1,0,0
5500,5501,25,3,202.81,0,0,1,0,0,0,1,0,0,0,0,0,1,0,0,0,1
5501,5502,57,2,118.47,0,0,0,0,0,0,0,0,0,0,0,0,0,1,0,1,0
5502,5503,57,3,113.4,0,0,0,1,0,1,0,0,0,0,0,1,0,0,1,0,0
5503,5504,62,6,233.95,0,0,0,0,0,0,1,0,0,0,0,0,0,0,1,0,0
5504,5505,19,3,144.31,0,0,1,0,0,0,0,0,0,0,0,0,0,1,1,0,0
5505,5506,47,11,36.26,0,1,0,0,0,1,1,0,0,0,0,0,0,1,0,0,0
5506,5507,47,9,181.38,0,0,0,0,0,0,0,0,0,0,0,1,0,0,0,0,0
5507,5508,29,9,43.48,0,1,0,0,0,0,0,1,0,0,0,0,0,1,1,0,0
5508,5509,27,3,285.99,0,0,0,0,1,1,1,0,0,0,0,0,0,1,1,0,0
5509,5510,61,15,104.21,0,0,0,0,0,0,1,0,0,0,0,1,0,0,1,0,0
5510,5511,28,7,336.01,1,0,1,0,0,1,0,0,0,0,0,0,0,0,0,1,0
5511,5512,32,15,57.3,1,1,0,0,0,1,0,0,0,1,0,0,0,0,0,1,0
5512,5513,33,12,82.18,1,0,0,0,0,0,0,0,0,0,0,0,0,0,0,0,1
5513,5514,34,2,101.5,1,0,0,0,0,0,0,0,0,0,0,1,0,0,0,0,0
5514,5515,43,2,47.48,0,0,0,0,1,0,1,0,0,0,0,0,0,0,1,0,0
5515,5516,19,5,308.77,0,0,0,0,0,1,1,0,0,0,0,1,0,0,0,0,0
5516,5517,67,11,43.79,0,1,0,1,0,0,0,0,0,0,1,0,0,0,1,0,0
5517,5518,29,13,68.87,0,0,0,0,0,1,1,0,0,1,0,0,0,0,0,1,0
5518,5519,68,8,100.01,1,0,0,1,0,1,0,0,0,1,0,0,0,0,0,1,0
5519,5520,43,14,135.5,1,1,0,0,0,0,0,0,0,0,0,0,0,1,0,0,0
5520,5521,40,3,190.88,0,0,0,1,0,1,0,1,0,0,0,0,0,1,1,0,0
5521,5522,35,8,195.66,0,0,0,0,0,0,1,0,0,0,0,0,0,1,0,0,0
5522,5523,49,8,267.52,0,0,0,0,0,1,1,0,0,1,0,0,0,0,1,0,0
5523,5524,66,11,362.45,0,0,0,1,0,1,0,0,0,0,0,1,0,0,0,0,0
5524,5525,55,13,191.94,1,0,0,0,0,0,0,0,0,0,0,0,0,1,0,0,1
5525,5526,64,14,66.0,1,0,0,1,0,0,0,0,0,0,0,1,0,0,0,1,0
5526,5527,20,1,57.23,0,0,1,0,1,1,0,1,0,1,0,0,0,0,0,1,0
5527,5528,55,14,244.59,0,0,0,0,0,1,1,0,0,0,1,0,0,0,0,0,1
5528,5529,20,7,205.73,0,0,0,1,0,1,0,0,0,0,0,0,0,0,1,0,0
5529,5530,47,5,50.93,0,1,1,1,0,0,1,0,0,0,0,0,1,0,1,0,0
5530,5531,18,14,128.11,0,0,1,0,0,0,1,0,1,0,0,0,0,0,0,1,0
5531,5532,47,4,69.36,0,0,0,1,0,0,1,0,1,0,0,0,0,0,0,0,1
5532,5533,62,14,74.72,1,0,0,0,0,1,0,0,0,0,0,0,0,0,1,0,0
5533,5534,49,10,178.72,1,0,1,0,1,0,0,0,0,1,0,0,0,0,1,0,0
5534,5535,45,2,52.92,0,0,0,1,0,0,0,0,0,0,0,0,0,0,0,0,1
5535,5536,38,15,116.35,1,0,0,1,1,1,0,0,0,1,0,0,0,0,0,0,0
5536,5537,63,12,385.57,1,1,0,0,0,1,1,0,0,0,0,0,0,1,0,0,0
5537,5538,30,1,247.7,0,0,0,1,0,0,1,0,0,1,0,0,0,0,0,0,0
5538,5539,44,6,208.81,0,1,1,0,0,0,1,0,0,0,0,0,0,1,1,0,0
5539,5540,53,6,223.34,1,0,0,1,0,1,0,1,0,0,0,0,0,1,1,0,0
5540,5541,24,11,379.65,0,0,1,0,1,0,0,0,0,0,0,0,0,1,1,0,0
5541,5542,39,2,163.57,0,0,0,0,0,0,0,1,0,1,0,0,0,0,0,1,0
5542,5543,27,10,119.28,0,0,0,1,0,0,0,1,0,0,0,0,0,1,1,0,0
5543,5544,56,6,85.79,0,0,1,0,1,1,1,0,0,1,0,0,0,0,1,0,0
5544,5545,70,6,249.69,1,0,0,1,0,1,0,0,0,0,0,0,1,0,0,1,0
5545,5546,32,8,85.03,0,1,1,0,1,0,1,0,0,1,0,0,0,0,0,0,0
5546,5547,32,8,174.54,0,0,0,1,0,0,0,0,0,0,1,0,0,0,0,0,1
5547,5548,21,8,175.96,0,1,1,0,0,1,1,0,0,0,0,0,0,1,0,0,0
5548,5549,49,7,96.3,0,0,0,1,0,1,0,0,1,0,0,0,0,0,0,1,0
5549,5550,40,6,102.62,0,0,0,0,0,1,1,0,0,0,0,0,0,1,0,1,0
5550,5551,23,5,155.12,0,1,0,0,0,1,1,0,0,0,1,0,0,0,0,1,0
5551,5552,41,6,22.21,1,1,0,0,0,1,0,0,0,0,0,0,0,1,0,1,0
5552,5553,37,15,187.21,0,0,0,0,0,1,0,0,0,0,0,1,0,0,1,0,0
5553,5554,54,6,60.46,1,0,0,1,1,0,0,0,0,0,0,0,0,1,0,1,0
5554,5555,37,4,77.1,0,0,1,0,0,0,1,0,0,0,0,1,0,0,1,0,0
5555,5556,29,11,188.33,0,0,0,0,0,0,1,0,0,0,0,0,0,1,0,1,0
5556,5557,50,4,110.28,1,0,1,0,0,1,0,0,0,0,0,1,0,0,0,0,1
5557,5558,45,9,150.15,1,1,0,0,0,1,1,0,0,0,0,1,0,0,0,1,0
5558,5559,25,13,322.82,0,0,0,0,0,1,0,0,1,0,0,0,0,0,1,0,0
5559,5560,18,5,276.1,1,0,0,1,0,0,1,0,0,0,0,1,0,0,0,1,0
5560,5561,54,15,137.6,0,0,0,1,0,0,0,1,0,1,0,0,0,0,0,0,0
5561,5562,39,6,159.29,0,0,0,0,0,0,0,0,0,0,0,0,0,1,0,1,0
5562,5563,23,1,219.73,0,0,1,0,0,0,0,1,0,0,0,1,0,0,0,0,0
5563,5564,38,15,60.32,1,0,0,0,0,1,1,0,0,0,0,0,0,1,0,0,0
5564,5565,49,2,336.3,1,0,1,0,1,1,0,0,0,0,0,0,1,0,1,0,0
5565,5566,52,15,152.25,0,0,0,0,0,0,0,1,0,0,0,0,0,1,0,1,0
5566,5567,32,6,67.52,1,0,0,0,0,0,0,0,0,0,0,0,0,0,0,1,0
5567,5568,22,3,190.14,1,0,0,0,0,1,0,0,0,0,0,1,0,0,0,1,0
5568,5569,63,11,17.09,0,0,1,0,1,0,1,0,0,1,0,0,0,0,0,0,0
5569,5570,67,7,294.86,0,0,0,1,0,1,1,0,0,0,0,1,0,0,0,1,0
5570,5571,65,1,135.94,0,0,0,0,0,0,1,0,0,0,0,0,0,1,0,1,0
5571,5572,23,14,186.29,0,0,1,0,0,0,0,0,0,0,0,0,0,1,1,0,0
5572,5573,42,3,255.83,0,0,0,1,0,0,0,1,0,0,1,0,0,0,0,1,0
5573,5574,63,4,91.5,0,0,1,0,1,0,1,0,0,1,0,0,0,0,1,0,0
5574,5575,57,14,196.96,1,0,0,1,0,1,0,1,0,0,0,1,0,0,0,1,0
5575,5576,46,12,93.11,0,1,1,1,0,0,0,0,0,0,0,0,0,0,1,0,0
5576,5577,24,3,146.83,1,0,0,1,0,0,1,0,0,0,0,1,0,0,0,0,1
5577,5578,57,15,163.28,0,1,0,0,0,0,0,1,0,0,0,0,0,1,0,1,0
5578,5579,30,4,120.05,1,0,0,0,0,0,0,0,0,0,0,0,0,0,0,1,0
5579,5580,55,8,42.58,1,0,0,0,0,0,0,1,0,1,0,0,0,0,0,0,1
5580,5581,35,11,73.74,0,1,0,0,0,1,0,0,0,0,0,0,0,0,1,0,0
5581,5582,19,7,219.63,0,0,0,0,0,1,0,0,0,0,1,0,0,0,0,0,0
5582,5583,25,7,77.35,1,0,0,0,0,1,0,1,0,0,0,0,0,1,0,0,0
5583,5584,28,14,166.83,0,0,0,0,0,0,0,1,0,0,0,0,1,0,0,0,0
5584,5585,50,15,214.21,0,1,0,1,0,0,0,0,0,1,0,0,0,0,1,0,0
5585,5586,55,5,75.49,1,0,0,0,0,0,0,0,0,0,0,0,0,1,1,0,0
5586,5587,65,15,397.99,0,0,0,0,0,0,1,0,0,0,0,0,0,1,1,0,0
5587,5588,44,13,202.74,0,1,0,0,0,1,0,1,0,1,0,0,0,0,0,0,1
5588,5589,37,4,94.56,0,1,0,0,1,1,1,0,0,1,0,0,0,0,0,0,0
5589,5590,29,11,161.38,0,1,0,0,0,1,1,0,0,0,0,0,0,1,0,0,0
5590,5591,60,7,55.27,1,0,0,0,1,0,1,0,0,0,0,1,0,0,0,0,1
5591,5592,48,2,226.44,0,0,0,1,0,0,0,0,0,0,0,0,0,1,0,1,0
5592,5593,44,1,28.48,0,0,0,0,1,1,0,1,0,1,0,0,0,0,0,1,0
5593,5594,49,13,148.71,0,0,0,0,0,0,0,0,0,0,0,0,0,1,0,1,0
5594,5595,27,9,89.65,1,0,1,0,1,0,1,0,0,0,0,0,1,0,0,0,1
5595,5596,20,13,70.21,0,1,0,0,0,1,1,0,0,0,0,0,0,1,1,0,0
5596,5597,62,6,278.32,0,0,1,0,1,1,1,0,0,0,1,0,0,0,0,0,0
5597,5598,44,9,85.41,0,0,1,0,0,1,1,0,0,0,0,0,0,1,0,1,0
5598,5599,52,6,59.15,0,0,1,0,0,0,0,1,0,1,0,0,0,0,0,1,0
5599,5600,48,13,146.66,0,0,1,0,0,0,1,0,0,0,0,0,0,1,0,1,0
5600,5601,32,9,115.68,0,0,0,0,0,0,1,0,0,0,0,0,0,1,0,0,1
5601,5602,33,12,171.98,0,0,1,0,0,1,0,0,0,0,0,0,1,0,1,0,0
5602,5603,30,10,76.58,0,0,1,0,0,0,1,0,0,0,0,0,0,0,0,0,1
5603,5604,66,6,81.44,1,0,0,0,0,1,0,0,0,0,0,0,0,1,0,0,0
5604,5605,52,3,116.2,1,0,0,1,0,1,0,0,0,0,0,0,0,1,1,0,0
5605,5606,69,7,80.16,1,0,1,0,0,1,0,0,0,0,0,0,0,1,0,0,0
5606,5607,28,9,120.49,0,0,0,0,0,0,1,0,0,0,1,0,0,0,0,0,1
5607,5608,38,14,37.57,1,1,0,0,0,0,0,1,0,0,0,0,1,0,0,0,1
5608,5609,68,13,262.4,0,1,1,0,1,1,1,0,0,1,0,0,0,0,0,0,1
5609,5610,28,10,96.6,0,0,0,0,1,1,0,0,0,0,0,0,0,0,1,0,0
5610,5611,47,12,59.12,0,0,0,0,0,1,0,0,1,0,0,0,0,0,0,1,0
5611,5612,65,13,189.57,1,0,0,0,0,0,1,0,0,0,0,1,0,0,1,0,0
5612,5613,70,13,80.81,0,0,0,1,0,1,0,0,1,0,0,0,0,0,0,1,0
5613,5614,52,6,89.05,1,0,0,1,0,1,0,0,0,0,0,0,0,0,0,1,0
5614,5615,39,7,180.38,0,0,0,1,0,0,1,0,0,0,0,0,0,1,0,1,0
5615,5616,55,8,149.92,0,0,0,0,0,1,0,1,0,0,0,1,0,0,0,0,0
5616,5617,48,6,332.22,0,0,0,0,1,1,1,0,0,0,0,0,0,0,1,0,0
5617,5618,31,5,218.46,0,0,0,0,0,0,0,0,0,0,0,1,0,0,0,0,0
5618,5619,41,4,282.12,1,0,0,0,0,0,1,0,0,0,0,0,0,1,0,0,0
5619,5620,67,1,30.07,0,0,0,0,0,1,1,0,0,0,0,1,0,0,0,1,0
5620,5621,66,6,133.02,1,0,0,0,0,0,0,1,0,1,0,0,0,0,1,0,0
5621,5622,49,7,74.85,0,0,0,1,0,1,0,0,0,1,0,0,0,0,1,0,0
5622,5623,53,4,221.14,0,0,0,0,0,1,1,0,0,0,0,1,0,0,0,1,0
5623,5624,49,6,187.45,0,0,0,0,0,1,0,1,0,0,0,1,0,0,1,0,0
5624,5625,32,14,341.19,0,1,0,0,0,1,0,0,0,0,0,1,0,0,1,0,0
5625,5626,60,13,103.3,1,0,1,0,0,0,1,0,0,0,1,0,0,0,0,0,0
5626,5627,52,2,357.29,1,0,0,1,0,0,0,0,0,0,0,1,0,0,0,0,0
5627,5628,20,12,52.32,0,0,0,0,0,1,1,0,0,0,0,1,0,0,0,0,0
5628,5629,33,15,116.01,0,0,0,0,0,0,1,0,0,0,0,1,0,0,0,1,0
5629,5630,22,5,62.64,0,1,0,0,0,1,1,0,0,1,0,0,0,0,1,0,0
5630,5631,38,2,54.64,0,0,1,0,0,1,1,0,0,0,0,0,1,0,0,0,0
5631,5632,27,4,120.1,0,0,0,0,0,0,1,0,0,1,0,0,0,0,0,1,0
5632,5633,36,4,309.6,0,0,0,1,0,0,0,1,0,0,0,1,0,0,1,0,0
5633,5634,42,5,201.74,0,1,0,0,1,1,1,0,0,0,0,0,0,1,1,0,0
5634,5635,21,2,86.4,0,0,1,1,0,1,0,0,0,0,0,0,0,1,0,1,0
5635,5636,46,8,109.22,0,0,1,0,1,0,1,0,0,0,0,0,0,1,1,0,0
5636,5637,36,8,25.59,0,0,0,0,0,1,1,0,0,0,0,1,0,0,0,0,0
5637,5638,60,9,208.92,1,0,0,0,0,1,1,0,0,1,0,0,0,0,0,1,0
5638,5639,19,7,42.45,0,0,1,0,0,1,1,0,0,0,0,0,0,1,1,0,0
5639,5640,27,5,206.17,0,0,1,0,0,0,1,0,0,0,0,1,0,0,1,0,0
5640,5641,60,14,77.42,0,0,0,0,0,0,1,0,0,0,0,0,0,1,0,1,0
5641,5642,42,4,240.39,0,0,1,0,0,1,1,0,0,0,0,0,0,1,1,0,0
5642,5643,37,11,95.81,0,0,1,0,1,1,1,0,0,1,0,0,0,0,1,0,0
5643,5644,65,5,12.77,0,0,1,0,0,0,1,0,0,0,0,1,0,0,1,0,0
5644,5645,36,8,174.68,0,1,0,0,0,1,1,0,0,0,0,0,0,0,0,0,0
5645,5646,40,10,84.99,0,1,0,0,0,1,0,0,1,0,0,0,0,0,1,0,0
5646,5647,41,2,240.2,0,0,1,0,0,0,0,0,0,1,0,0,0,0,1,0,0
5647,5648,28,7,64.51,0,0,0,1,0,1,0,1,0,0,0,0,0,1,0,0,1
5648,5649,63,14,46.71,0,0,0,0,1,1,0,0,0,0,0,0,0,1,0,0,1
5649,5650,51,3,154.56,1,0,0,0,0,0,1,0,0,0,1,0,0,0,0,0,0
5650,5651,45,9,200.53,0,0,0,0,0,0,0,1,0,0,0,0,0,0,0,1,0
5651,5652,22,1,500.0,1,0,0,0,0,1,0,0,0,0,0,0,0,0,0,0,0
5652,5653,22,10,387.84,0,0,1,0,1,0,1,0,1,0,0,0,0,0,0,0,0
5653,5654,68,13,70.5,0,0,0,0,0,0,1,0,0,0,0,0,0,1,1,0,0
5654,5655,38,1,279.69,0,0,1,0,1,1,0,1,0,1,0,0,0,0,1,0,0
5655,5656,29,1,109.54,0,0,0,1,1,1,0,0,0,0,0,1,0,0,1,0,0
5656,5657,67,8,210.51,1,1,0,1,0,1,0,0,0,0,0,0,1,0,0,0,0
5657,5658,21,1,154.63,1,0,1,1,0,1,0,1,0,0,0,1,0,0,0,1,0
5658,5659,66,15,108.22,1,0,0,1,0,0,0,0,0,0,0,0,1,0,0,1,0
5659,5660,59,8,200.88,0,0,0,0,1,0,1,0,0,0,0,0,0,0,1,0,0
5660,5661,37,5,59.57,0,0,1,0,0,0,1,0,1,0,0,0,0,0,1,0,0
5661,5662,55,4,75.86,0,1,0,0,0,0,0,0,0,0,0,0,0,0,0,0,1
5662,5663,42,2,154.61,1,0,0,0,0,1,0,1,0,0,0,0,0,1,0,0,0
5663,5664,31,14,79.33,0,0,0,0,0,1,1,0,0,0,0,0,0,0,0,0,1
5664,5665,28,6,203.43,1,0,0,1,0,0,0,0,0,0,0,1,0,0,0,1,0
5665,5666,49,7,89.52,0,0,0,0,0,0,0,0,0,0,0,1,0,0,0,0,0
5666,5667,28,10,117.64,0,0,0,1,0,0,0,0,0,0,0,0,0,1,0,1,0
5667,5668,35,3,115.48,1,0,0,1,0,1,0,0,0,0,0,0,0,1,0,1,0
5668,5669,44,15,223.59,0,0,1,0,0,0,1,0,0,0,0,0,0,1,0,0,1
5669,5670,35,9,164.36,0,0,0,0,0,0,0,0,0,0,1,0,0,0,1,0,0
5670,5671,40,3,98.65,0,0,0,0,0,1,0,0,0,0,0,0,0,1,0,1,0
5671,5672,28,7,63.53,0,1,1,1,1,0,0,1,0,0,0,0,0,0,0,1,0
5672,5673,38,15,149.57,0,0,1,0,1,0,1,0,0,0,0,1,0,0,0,1,0
5673,5674,61,4,81.15,1,0,0,1,0,1,0,0,1,0,0,0,0,0,0,1,0
5674,5675,22,5,70.95,0,0,1,0,0,0,0,1,0,0,0,0,1,0,1,0,0
5675,5676,40,12,114.58,1,1,0,0,0,1,0,0,1,0,0,0,0,0,0,0,0
5676,5677,58,9,430.52,0,0,0,0,0,0,0,1,0,0,0,1,0,0,0,0,0
5677,5678,42,3,134.88,0,1,0,0,0,0,1,0,1,0,0,0,0,0,0,1,0
5678,5679,58,5,280.85,0,0,0,0,0,0,1,0,0,0,0,0,0,1,0,1,0
5679,5680,27,10,24.4,0,0,1,0,0,1,1,0,0,1,0,0,0,0,0,0,0
5680,5681,39,9,41.14,0,0,0,0,0,1,1,0,0,0,0,0,1,0,1,0,0
5681,5682,36,15,160.43,0,0,0,1,1,1,1,0,0,1,0,0,0,0,0,0,1
5682,5683,18,6,126.75,0,0,1,1,0,1,1,0,1,0,0,0,0,0,0,1,0
5683,5684,24,1,17.96,0,1,0,0,0,1,0,0,0,1,0,0,0,0,0,0,0
5684,5685,21,1,309.59,0,0,0,0,0,0,1,0,0,1,0,0,0,0,0,0,0
5685,5686,18,12,94.58,0,0,0,1,0,0,0,1,0,1,0,0,0,0,0,1,0
5686,5687,32,11,79.16,0,0,0,0,0,0,1,0,0,0,0,0,0,0,0,1,0
5687,5688,57,6,130.14,1,0,0,0,0,0,0,1,0,0,0,0,0,1,0,0,1
5688,5689,29,7,58.2,0,0,1,0,0,0,1,0,0,0,0,0,0,1,1,0,0
5689,5690,39,13,114.53,1,1,0,0,0,0,1,0,1,0,0,0,0,0,0,1,0
5690,5691,39,15,126.99,0,0,0,1,1,0,0,0,1,0,0,0,0,0,0,0,0
5691,5692,67,12,182.84,0,1,1,0,0,0,0,0,0,0,0,0,0,1,0,0,0
5692,5693,64,15,183.95,1,0,0,0,0,0,1,0,0,0,0,0,0,0,0,1,0
5693,5694,34,12,99.44,0,0,1,0,1,1,1,0,0,0,0,0,0,0,1,0,0
5694,5695,46,15,52.36,0,0,0,1,0,1,1,0,0,1,0,0,0,0,0,0,0
5695,5696,63,3,85.19,0,0,0,0,0,0,1,0,0,0,0,0,0,0,0,0,0
5696,5697,31,4,148.11,0,0,1,0,0,0,1,0,0,0,0,0,0,0,1,0,0
5697,5698,67,3,155.15,0,1,0,0,1,0,1,0,0,0,0,0,0,0,1,0,0
5698,5699,37,13,149.18,0,0,0,0,0,1,0,0,0,0,0,0,1,0,0,1,0
5699,5700,67,8,255.88,1,1,1,1,0,0,1,0,0,0,0,0,0,0,0,0,0
5700,5701,65,9,61.98,1,0,0,0,0,1,0,0,0,1,0,0,0,0,0,1,0
5701,5702,50,6,74.46,0,0,0,0,0,0,1,0,0,0,0,1,0,0,1,0,0
5702,5703,60,10,303.57,1,0,0,0,0,0,0,0,0,0,0,1,0,0,1,0,0
5703,5704,32,1,75.29,0,0,1,0,0,0,0,0,0,0,0,1,0,0,1,0,0
5704,5705,29,6,80.96,0,0,0,0,0,0,0,0,0,0,0,1,0,0,1,0,0
5705,5706,57,11,143.92,1,0,0,0,1,1,0,0,0,0,0,1,0,0,1,0,0
5706,5707,37,9,118.03,1,1,0,0,1,0,1,0,0,1,0,0,0,0,0,0,0
5707,5708,47,8,114.96,0,0,0,0,0,1,0,1,0,1,0,0,0,0,1,0,0
5708,5709,55,14,122.76,0,0,1,0,0,1,0,0,0,0,0,1,0,0,1,0,0
5709,5710,20,11,442.31,0,0,1,1,0,1,1,0,0,0,0,0,1,0,0,1,0
5710,5711,45,14,312.72,0,0,0,1,0,0,1,0,0,1,0,0,0,0,0,0,0
5711,5712,43,3,59.7,0,1,0,1,0,0,0,0,0,1,0,0,0,0,0,1,0
5712,5713,47,13,176.92,0,0,0,1,0,0,0,0,0,0,0,1,0,0,0,0,0
5713,5714,30,1,62.94,0,0,0,0,1,0,0,0,0,0,0,0,0,1,1,0,0
5714,5715,30,6,49.37,0,0,1,1,0,1,1,0,0,0,0,0,0,1,0,1,0
5715,5716,19,6,143.52,0,0,1,1,0,0,0,0,0,0,0,0,0,0,1,0,0
5716,5717,54,10,370.21,0,1,0,0,0,1,0,0,0,0,0,0,0,1,0,0,0
5717,5718,66,9,76.33,0,0,0,0,0,0,0,0,0,1,0,0,0,0,0,0,1
5718,5719,55,2,174.67,0,1,0,0,0,1,1,0,0,0,0,0,0,1,1,0,0
5719,5720,19,15,163.43,0,0,1,0,0,0,1,0,0,0,0,0,1,0,0,0,1
5720,5721,53,1,228.66,0,0,0,0,0,0,0,0,0,1,0,0,0,0,0,1,0
5721,5722,43,15,199.25,0,1,0,0,0,1,1,0,0,0,0,1,0,0,0,0,1
5722,5723,28,9,171.75,0,0,1,0,0,0,1,0,0,0,0,1,0,0,0,0,0
5723,5724,25,2,64.86,0,0,0,0,0,1,0,0,0,0,0,0,0,0,1,0,0
5724,5725,61,11,196.19,0,0,0,1,0,0,0,0,0,0,0,0,0,1,0,1,0
5725,5726,57,15,128.87,0,0,1,0,1,0,1,0,0,0,0,1,0,0,1,0,0
5726,5727,60,2,162.14,0,0,0,0,1,1,1,0,0,0,0,0,0,1,0,0,1
5727,5728,39,3,221.48,0,0,0,1,0,1,1,0,0,0,0,0,0,1,1,0,0
5728,5729,37,15,174.49,0,0,0,0,0,0,1,0,0,0,0,0,0,1,1,0,0
5729,5730,25,4,167.05,0,0,0,1,0,1,0,0,0,0,0,0,0,1,0,0,0
5730,5731,46,13,163.32,0,0,1,0,0,1,0,0,0,0,0,0,1,0,0,0,0
5731,5732,57,9,66.92,1,0,0,0,0,1,1,0,0,0,0,1,0,0,0,0,0
5732,5733,43,3,322.06,0,0,1,0,0,0,1,0,0,1,0,0,0,0,0,0,0
5733,5734,47,13,129.07,0,0,0,0,0,0,0,0,0,0,1,0,0,0,1,0,0
5734,5735,34,6,56.15,0,0,1,1,0,1,0,1,0,0,0,0,0,1,0,0,1
5735,5736,37,13,215.99,1,1,1,0,0,1,1,0,0,0,0,1,0,0,0,0,1
5736,5737,69,7,107.64,1,0,0,0,0,0,0,0,0,0,0,0,1,0,0,0,0
5737,5738,33,4,194.5,0,0,1,0,0,0,1,0,0,0,0,0,1,0,0,0,0
5738,5739,63,3,151.99,0,1,0,0,0,0,0,0,0,0,0,0,0,1,0,0,0
5739,5740,60,3,58.03,1,0,0,0,1,1,1,0,0,0,0,1,0,0,1,0,0
5740,5741,24,5,29.62,0,0,1,0,0,0,1,0,0,0,0,0,0,1,0,1,0
5741,5742,33,7,87.7,0,1,1,0,1,0,0,0,0,1,0,0,0,0,1,0,0
5742,5743,62,13,115.22,0,0,0,0,1,0,1,0,0,0,0,0,0,0,0,1,0
5743,5744,64,13,119.77,0,0,1,0,0,1,1,0,0,0,0,0,1,0,0,0,0
5744,5745,65,14,68.59,0,0,1,0,0,0,0,0,0,0,0,0,0,1,1,0,0
5745,5746,44,3,143.85,1,0,1,1,0,0,0,0,0,0,0,0,0,1,0,0,1
5746,5747,70,7,90.28,1,1,0,0,0,1,0,0,0,0,0,0,0,1,1,0,0
5747,5748,40,8,173.43,0,1,0,1,0,1,1,0,0,0,0,0,0,1,0,1,0
5748,5749,41,13,248.32,1,1,0,0,0,0,0,0,0,0,0,0,0,1,0,0,0
5749,5750,26,3,71.13,0,0,1,1,0,0,1,0,1,0,0,0,0,0,0,1,0
5750,5751,52,11,60.01,1,0,0,0,0,1,0,0,0,1,0,0,0,0,0,0,1
5751,5752,68,1,89.84,0,1,0,0,0,1,0,0,0,0,0,0,0,1,0,1,0
5752,5753,37,3,74.56,1,0,0,0,1,1,1,0,0,0,0,1,0,0,0,0,1
5753,5754,54,15,133.45,0,1,0,1,0,1,1,0,0,0,0,0,1,0,0,0,1
5754,5755,59,6,63.78,0,0,1,0,1,1,1,0,0,0,0,0,1,0,1,0,0
5755,5756,34,1,370.92,1,0,1,0,0,1,1,0,0,0,0,1,0,0,0,1,0
5756,5757,64,10,89.12,0,1,0,1,0,0,1,0,0,0,0,0,0,1,0,1,0
5757,5758,48,3,304.98,1,0,0,0,0,0,0,0,0,0,0,0,1,0,1,0,0
5758,5759,25,3,107.65,1,0,1,0,0,0,0,0,0,0,0,0,0,0,1,0,0
5759,5760,32,12,114.11,0,0,0,0,0,0,0,0,0,0,0,1,0,0,0,0,1
5760,5761,48,9,122.05,0,1,0,0,0,1,1,0,0,0,1,0,0,0,0,1,0
5761,5762,70,7,106.53,0,0,0,1,0,0,0,1,0,0,0,0,1,0,1,0,0
5762,5763,47,13,118.86,0,0,0,0,0,1,0,0,0,0,0,0,1,0,0,0,0
5763,5764,63,6,109.85,0,1,0,0,0,0,0,0,0,0,0,0,0,1,0,0,0
5764,5765,37,7,46.52,0,0,1,1,0,0,0,0,0,0,0,0,0,0,1,0,0
5765,5766,56,5,108.77,0,0,0,0,0,1,1,0,0,0,1,0,0,0,0,0,0
5766,5767,70,9,227.39,1,0,0,0,0,0,1,0,0,0,0,1,0,0,0,0,0
5767,5768,29,10,103.15,0,0,0,0,0,0,0,0,0,0,0,0,0,1,0,1,0
5768,5769,66,15,187.78,0,0,0,0,1,0,1,0,0,0,0,1,0,0,0,0,0
5769,5770,34,3,195.22,0,0,0,0,0,1,1,0,0,0,0,0,0,1,0,0,0
5770,5771,59,5,106.28,1,0,0,0,0,0,0,0,0,0,0,1,0,0,0,0,0
5771,5772,47,11,161.87,0,0,0,0,0,1,1,0,1,0,0,0,0,0,0,1,0
5772,5773,46,11,77.08,0,0,1,0,0,0,1,0,0,1,0,0,0,0,0,0,1
5773,5774,36,4,67.26,1,0,0,0,0,1,0,0,0,1,0,0,0,0,1,0,0
5774,5775,63,9,160.86,1,0,1,0,0,0,1,0,0,1,0,0,0,0,1,0,0
5775,5776,28,3,177.56,1,0,0,0,0,1,0,0,1,0,0,0,0,0,0,1,0
5776,5777,51,6,260.44,1,0,0,0,0,1,1,0,0,0,0,0,0,0,0,1,0
5777,5778,67,9,126.48,0,0,1,0,1,1,1,0,0,0,0,0,0,0,1,0,0
5778,5779,24,14,98.96,0,0,1,0,1,1,1,0,0,0,0,1,0,0,0,1,0
5779,5780,61,9,44.52,1,0,0,0,0,1,0,0,0,1,0,0,0,0,0,0,0
5780,5781,51,14,220.47,0,1,0,0,0,1,0,0,0,1,0,0,0,0,0,1,0
5781,5782,37,13,68.62,0,0,1,0,1,0,1,0,0,0,0,1,0,0,0,0,0
5782,5783,67,7,146.33,1,0,0,0,0,1,0,0,0,0,1,0,0,0,1,0,0
5783,5784,55,6,217.86,1,0,0,0,0,0,1,0,0,0,0,0,0,1,0,0,1
5784,5785,41,11,239.95,0,0,0,0,0,0,0,0,0,0,0,0,0,1,0,0,1
5785,5786,27,8,140.13,0,0,0,0,0,0,1,0,0,1,0,0,0,0,0,0,1
5786,5787,49,12,187.21,0,0,0,0,0,0,0,1,0,0,0,1,0,0,1,0,0
5787,5788,69,15,59.13,1,0,1,0,0,0,0,1,0,1,0,0,0,0,0,0,0
5788,5789,32,6,44.74,0,0,0,0,0,1,0,0,0,0,1,0,0,0,0,1,0
5789,5790,54,15,292.17,0,1,0,1,0,0,1,0,0,0,0,0,0,1,1,0,0
5790,5791,37,10,33.85,1,0,0,0,0,0,0,0,0,0,0,0,0,1,0,1,0
5791,5792,20,10,81.37,0,0,1,0,0,1,1,0,0,0,0,0,0,1,1,0,0
5792,5793,54,3,68.27,1,1,0,0,0,0,0,0,1,0,0,0,0,0,0,0,0
5793,5794,57,4,124.02,0,0,1,0,0,1,1,0,0,0,0,0,0,1,1,0,0
5794,5795,25,4,115.52,0,0,1,0,0,1,1,0,0,0,0,0,0,0,1,0,0
5795,5796,57,13,223.4,0,0,0,0,0,1,0,1,0,1,0,0,0,0,0,0,0
5796,5797,61,9,74.94,0,0,1,0,0,1,1,0,0,0,0,1,0,0,1,0,0
5797,5798,40,13,139.84,0,0,1,0,0,0,0,0,0,0,0,0,0,1,1,0,0
5798,5799,57,14,188.01,1,0,0,0,0,0,0,1,0,0,0,1,0,0,1,0,0
5799,5800,28,5,97.45,1,0,0,1,0,0,0,0,0,1,0,0,0,0,1,0,0
5800,5801,63,14,115.25,1,1,0,1,0,1,0,1,1,0,0,0,0,0,0,0,0
5801,5802,25,10,372.14,0,0,1,0,1,0,1,0,0,0,0,0,1,0,0,0,1
5802,5803,46,13,276.77,0,1,0,1,0,0,0,1,0,1,0,0,0,0,0,0,0
5803,5804,47,8,25.95,0,1,0,0,0,0,0,0,0,0,1,0,0,0,0,0,1
5804,5805,27,12,164.16,1,0,0,1,1,1,0,0,0,0,0,0,0,1,1,0,0
5805,5806,56,9,65.73,1,0,0,0,0,0,1,0,0,0,0,0,1,0,0,1,0
5806,5807,45,9,106.18,0,0,0,1,0,1,0,1,0,1,0,0,0,0,0,0,1
5807,5808,66,10,67.59,1,0,0,1,0,0,0,0,0,1,0,0,0,0,0,0,1
5808,5809,53,7,44.43,1,1,0,0,0,0,0,0,0,0,0,0,0,1,1,0,0
5809,5810,30,3,102.55,0,0,0,1,0,0,0,0,0,0,0,0,0,0,1,0,0
5810,5811,49,5,48.51,0,0,0,0,0,1,0,1,0,0,0,0,0,1,0,0,1
5811,5812,53,3,88.2,1,0,0,0,0,1,1,0,0,0,0,1,0,0,0,1,0
5812,5813,54,2,69.94,0,0,0,0,0,0,0,0,0,0,0,0,0,1,0,0,1
5813,5814,43,3,157.68,1,0,0,1,0,0,0,0,0,0,0,1,0,0,1,0,0
5814,5815,39,14,130.18,0,0,1,0,0,1,1,0,0,0,0,1,0,0,1,0,0
5815,5816,21,10,260.13,0,0,0,0,0,0,0,0,0,0,0,1,0,0,0,0,0
5816,5817,48,10,119.28,0,0,0,0,0,0,1,0,0,0,0,1,0,0,0,0,0
5817,5818,35,9,38.69,0,0,1,1,0,0,1,0,0,0,0,0,0,1,0,0,1
5818,5819,55,9,78.81,0,0,0,1,0,0,1,0,0,0,0,0,0,1,0,0,0
5819,5820,41,7,100.18,1,0,0,1,0,0,0,1,0,1,0,0,0,0,0,0,0
5820,5821,40,2,171.47,0,0,1,1,0,0,1,0,1,0,0,0,0,0,1,0,0
5821,5822,39,9,168.45,0,0,0,0,0,0,0,0,0,0,0,0,0,0,0,0,0
5822,5823,19,11,76.67,0,0,1,0,1,1,1,0,0,0,0,1,0,0,0,0,0
5823,5824,48,2,134.36,1,1,0,0,0,0,0,0,1,0,0,0,0,0,0,1,0
5824,5825,28,6,93.96,0,0,0,0,0,1,0,1,1,0,0,0,0,0,0,0,0
5825,5826,45,10,76.22,0,0,1,0,1,0,0,0,0,0,0,0,0,0,0,0,0
5826,5827,63,6,61.74,0,0,0,0,0,1,1,0,0,0,0,0,0,0,0,0,0
5827,5828,49,6,123.85,0,0,0,0,0,0,0,0,1,0,0,0,0,0,1,0,0
5828,5829,22,8,55.84,0,0,0,0,0,1,0,0,0,0,0,0,1,0,1,0,0
5829,5830,55,8,120.32,1,0,0,1,0,0,0,0,0,0,0,1,0,0,0,1,0
5830,5831,27,10,59.49,0,0,0,0,0,1,0,1,0,0,0,1,0,0,0,1,0
5831,5832,57,2,84.81,0,0,0,0,0,0,0,1,0,0,0,1,0,0,1,0,0
5832,5833,63,7,114.64,1,0,0,0,0,0,0,0,0,1,0,0,0,0,0,0,0
5833,5834,41,2,172.8,0,1,1,0,0,1,0,0,0,0,0,0,1,0,0,0,0
5834,5835,52,1,44.77,1,1,0,1,0,1,0,0,0,0,0,1,0,0,0,1,0
5835,5836,61,12,53.01,0,1,0,0,0,0,0,0,0,0,0,0,0,1,0,0,0
5836,5837,65,10,108.82,0,0,1,0,0,1,1,0,0,0,0,0,0,1,1,0,0
5837,5838,40,11,46.01,0,1,1,0,1,0,1,0,1,0,0,0,0,0,1,0,0
5838,5839,34,14,116.14,1,1,0,1,0,0,1,0,0,0,0,1,0,0,0,1,0
5839,5840,18,8,197.85,0,1,0,0,0,1,1,0,0,1,0,0,0,0,0,0,0
5840,5841,48,6,228.7,0,0,0,0,1,0,1,0,0,0,0,0,0,1,0,0,1
5841,5842,48,8,44.93,0,0,0,0,0,1,1,0,0,0,0,1,0,0,0,0,0
5842,5843,59,4,130.68,0,0,0,0,0,0,0,0,0,0,0,0,0,1,0,0,0
5843,5844,59,7,232.49,1,0,0,0,0,1,0,0,0,0,0,0,0,0,0,0,1
5844,5845,70,5,148.28,0,0,0,0,0,1,1,0,0,0,0,1,0,0,0,0,0
5845,5846,51,15,184.67,0,0,0,0,0,1,0,0,0,0,0,0,0,0,1,0,0
5846,5847,26,14,138.79,1,0,0,1,0,1,0,0,1,0,0,0,0,0,0,1,0
5847,5848,39,14,257.02,0,1,0,0,0,0,0,1,0,0,0,0,0,1,0,1,0
5848,5849,30,11,136.86,0,0,1,0,0,1,1,0,0,0,0,0,0,1,0,0,0
5849,5850,42,5,52.95,0,1,1,0,0,0,1,0,0,0,0,0,0,1,0,1,0
5850,5851,65,9,81.67,0,0,0,0,0,1,1,0,0,0,0,0,0,1,0,1,0
5851,5852,35,11,160.76,0,1,0,0,0,1,0,0,0,0,0,0,0,1,0,0,1
5852,5853,68,8,199.94,0,0,0,1,0,0,0,1,0,0,0,1,0,0,0,1,0
5853,5854,29,5,56.69,0,0,0,0,0,1,0,0,0,1,0,0,0,0,1,0,0
5854,5855,57,1,263.31,0,0,0,1,0,0,1,0,1,0,0,0,0,0,0,0,0
5855,5856,34,5,241.36,0,0,1,0,0,0,1,0,0,0,0,0,0,1,0,0,1
5856,5857,32,4,146.69,0,0,1,0,1,0,1,0,0,0,0,1,0,0,0,0,1
5857,5858,59,13,190.83,0,0,0,0,0,1,1,0,0,0,1,0,0,0,0,0,0
5858,5859,32,7,79.74,0,0,0,0,0,0,0,1,0,0,0,0,0,1,1,0,0
5859,5860,32,6,137.59,1,0,1,0,0,1,1,0,0,1,0,0,0,0,1,0,0
5860,5861,56,15,77.17,1,1,0,0,0,0,0,0,0,0,0,1,0,0,0,1,0
5861,5862,30,7,271.57,0,0,1,1,0,1,1,0,0,0,0,1,0,0,1,0,0
5862,5863,34,2,140.15,0,0,1,1,0,0,0,1,0,0,0,0,0,0,0,0,1
5863,5864,49,7,184.59,1,1,0,0,0,1,1,0,0,1,0,0,0,0,0,1,0
5864,5865,26,8,189.78,1,0,1,0,1,0,1,0,0,0,0,1,0,0,1,0,0
5865,5866,57,5,90.57,0,1,0,0,0,1,1,0,0,0,0,1,0,0,0,1,0
5866,5867,37,9,61.49,0,0,0,0,0,0,0,0,0,0,0,0,0,1,0,0,0
5867,5868,43,11,196.93,1,0,0,0,0,1,0,0,0,0,1,0,0,0,0,0,0
5868,5869,44,2,152.06,0,1,0,0,0,0,0,1,0,0,0,0,0,0,0,0,0
5869,5870,38,9,123.38,0,0,0,1,0,1,1,0,0,0,0,0,0,0,0,0,0
5870,5871,35,6,59.91,1,0,0,0,0,0,0,0,0,0,0,0,1,0,0,1,0
5871,5872,30,14,58.88,0,0,0,0,1,1,0,1,0,0,0,1,0,0,1,0,0
5872,5873,33,15,104.32,0,0,0,0,1,0,1,0,0,0,0,0,0,1,0,1,0
5873,5874,26,11,59.52,0,0,0,1,0,0,1,0,0,0,0,0,0,0,0,0,0
5874,5875,29,11,66.33,1,1,1,0,0,0,0,0,0,0,0,0,1,0,0,1,0
5875,5876,61,15,192.84,1,1,0,0,0,0,0,1,0,0,0,1,0,0,0,1,0
5876,5877,55,13,88.59,0,0,1,1,0,0,1,0,0,0,1,0,0,0,1,0,0
5877,5878,36,7,161.3,1,0,0,0,0,1,1,0,0,0,0,0,0,1,0,1,0
5878,5879,24,4,56.36,0,0,0,0,0,1,0,0,0,0,0,0,0,1,1,0,0
5879,5880,52,14,132.32,0,0,0,0,0,1,0,0,0,0,0,0,0,0,0,0,0
5880,5881,65,13,88.16,0,0,1,1,1,0,0,0,0,0,0,1,0,0,1,0,0
5881,5882,35,10,158.24,1,1,0,0,0,0,0,1,0,0,0,0,0,1,0,1,0
5882,5883,33,9,116.61,0,0,0,0,0,1,0,0,0,0,0,0,1,0,1,0,0
5883,5884,56,6,233.58,0,0,1,0,0,0,1,0,0,0,0,0,0,1,0,0,0
5884,5885,21,13,121.82,1,0,0,1,1,1,0,0,0,0,0,0,0,1,0,1,0
5885,5886,42,12,172.69,0,1,0,0,0,0,0,0,0,0,1,0,0,0,1,0,0
5886,5887,49,8,34.88,0,1,1,0,0,1,0,0,0,1,0,0,0,0,1,0,0
5887,5888,57,8,129.3,0,0,1,0,0,0,1,0,0,0,1,0,0,0,0,1,0
5888,5889,30,6,129.72,1,0,0,0,1,1,1,0,0,0,0,0,0,1,0,0,1
5889,5890,62,5,54.49,0,0,1,0,0,0,0,1,0,0,0,0,0,1,1,0,0
5890,5891,34,2,131.98,0,1,1,1,0,1,0,1,0,0,0,0,1,0,0,0,0
5891,5892,66,4,171.72,1,0,0,0,0,0,0,0,0,0,0,0,1,0,0,1,0
5892,5893,54,14,119.45,1,0,0,1,0,1,1,0,0,0,0,0,0,0,0,0,0
5893,5894,23,6,228.06,0,0,1,0,0,1,1,0,0,0,0,0,0,1,0,0,0
5894,5895,36,14,97.95,1,1,0,0,1,0,0,1,0,0,0,1,0,0,0,1,0
5895,5896,30,15,351.35,1,0,1,0,0,0,0,0,0,0,0,0,0,1,0,0,0
5896,5897,43,3,290.47,1,0,0,0,0,0,1,0,0,0,0,0,1,0,0,1,0
5897,5898,31,2,121.31,0,0,0,1,0,0,0,0,0,0,0,0,0,1,0,0,0
5898,5899,48,10,105.95,1,0,0,0,0,0,0,0,0,0,0,0,1,0,0,1,0
5899,5900,21,7,145.9,0,0,0,0,0,0,0,0,0,1,0,0,0,0,0,1,0
5900,5901,56,10,166.72,1,0,0,1,0,0,0,0,0,0,0,1,0,0,0,1,0
5901,5902,25,6,99.23,0,0,1,0,0,1,1,0,0,0,0,0,1,0,1,0,0
5902,5903,42,15,49.0,0,0,0,0,0,1,1,0,0,0,0,0,0,1,0,0,0
5903,5904,30,3,321.27,0,0,0,0,0,0,1,0,0,0,0,0,1,0,1,0,0
5904,5905,49,15,195.26,0,1,1,0,0,1,0,0,0,0,0,0,0,1,0,0,1
5905,5906,55,3,102.04,0,0,0,0,0,1,0,0,0,1,0,0,0,0,0,1,0
5906,5907,55,7,128.04,0,0,0,0,0,1,0,0,0,0,0,0,0,0,0,1,0
5907,5908,45,3,164.2,0,0,0,0,0,0,0,1,1,0,0,0,0,0,1,0,0
5908,5909,70,12,42.29,0,0,0,0,0,0,0,0,0,0,0,0,0,1,0,1,0
5909,5910,47,10,381.7,1,0,0,0,1,1,1,0,0,0,0,0,0,0,0,1,0
5910,5911,20,5,395.6,1,0,0,1,0,1,0,0,0,0,0,1,0,0,0,1,0
5911,5912,45,14,38.98,0,0,0,0,0,0,1,0,0,1,0,0,0,0,0,0,0
5912,5913,20,2,222.87,0,0,0,1,0,1,0,0,0,0,0,0,0,1,0,0,0
5913,5914,62,3,93.02,0,0,0,0,0,0,0,0,0,0,0,0,0,0,0,0,1
5914,5915,51,14,108.75,1,0,0,0,0,0,0,0,0,0,0,0,0,1,0,0,0
5915,5916,33,15,100.95,0,0,1,1,0,1,0,0,0,0,0,0,0,0,1,0,0
5916,5917,39,4,63.3,0,0,1,1,0,1,0,0,0,0,0,0,1,0,0,0,0
5917,5918,49,13,286.09,0,0,0,0,1,0,1,0,0,0,0,0,1,0,0,1,0
5918,5919,55,1,27.05,0,0,1,1,0,1,0,0,0,1,0,0,0,0,0,1,0
5919,5920,25,4,56.8,0,0,0,0,0,1,0,0,0,0,0,1,0,0,1,0,0
5920,5921,25,4,149.61,0,0,0,1,0,1,0,0,0,0,0,0,0,1,0,1,0
5921,5922,23,3,100.05,1,1,1,1,0,1,0,1,0,0,0,0,0,0,0,1,0
5922,5923,31,10,138.47,0,0,0,0,0,0,1,0,0,0,1,0,0,0,0,1,0
5923,5924,49,15,24.6,1,0,1,0,0,0,1,0,0,1,0,0,0,0,0,1,0
5924,5925,52,15,192.71,1,0,0,0,0,0,0,0,0,0,0,1,0,0,0,1,0
5925,5926,27,9,456.93,1,0,0,0,0,1,0,0,0,0,0,0,1,0,1,0,0
5926,5927,20,3,89.21,0,0,0,0,0,1,0,0,0,0,0,1,0,0,0,1,0
5927,5928,29,2,202.72,0,0,0,0,1,0,1,0,0,1,0,0,0,0,0,0,0
5928,5929,66,8,63.08,1,0,0,1,0,0,1,0,0,0,0,0,0,1,1,0,0
5929,5930,48,9,177.62,0,0,0,0,1,0,0,1,0,0,0,0,0,0,1,0,0
5930,5931,46,6,227.17,1,0,0,1,0,0,0,1,0,0,0,0,0,1,0,0,0
5931,5932,22,15,283.3,0,0,0,0,0,1,1,0,0,0,0,1,0,0,1,0,0
5932,5933,69,6,69.51,0,0,0,0,0,1,1,0,0,1,0,0,0,0,0,1,0
5933,5934,42,1,62.52,1,1,0,0,0,0,0,0,0,0,0,0,1,0,1,0,0
5934,5935,58,3,93.51,1,0,0,0,0,1,0,0,0,0,0,0,0,1,0,0,0
5935,5936,48,9,234.78,0,1,1,1,0,1,0,1,0,1,0,0,0,0,0,0,0
5936,5937,38,8,199.93,0,0,0,0,0,1,0,0,0,0,0,0,0,0,1,0,0
5937,5938,37,9,147.4,0,0,0,1,1,0,0,1,0,0,0,0,0,1,0,0,0
5938,5939,56,10,147.73,1,0,0,0,0,0,1,0,0,0,0,1,0,0,0,0,0
5939,5940,39,1,186.26,0,0,0,0,0,0,1,0,0,0,0,0,0,1,0,0,0
5940,5941,21,8,57.51,0,0,0,0,1,1,0,0,0,0,0,0,0,1,0,0,0
5941,5942,30,8,124.69,0,0,0,0,0,1,1,0,0,0,0,0,0,1,1,0,0
5942,5943,62,7,61.51,0,0,1,0,1,1,1,0,0,1,0,0,0,0,0,0,0
5943,5944,59,14,21.69,1,0,0,1,1,0,0,0,1,0,0,0,0,0,0,1,0
5944,5945,67,6,148.82,0,0,0,0,0,0,0,0,0,0,0,0,0,1,1,0,0
5945,5946,66,2,63.91,0,1,0,1,0,0,0,0,1,0,0,0,0,0,0,0,1
5946,5947,37,3,30.28,0,0,0,0,0,1,1,0,0,1,0,0,0,0,0,1,0
5947,5948,69,8,209.91,0,0,0,0,0,0,0,0,0,0,0,0,0,0,1,0,0
5948,5949,30,7,42.42,0,1,1,0,0,0,1,0,0,0,0,0,0,0,0,0,0
5949,5950,34,4,53.46,0,0,1,0,0,1,1,0,1,0,0,0,0,0,1,0,0
5950,5951,53,15,101.27,0,1,0,0,0,1,0,0,0,0,0,0,1,0,0,0,1
5951,5952,50,12,26.12,0,0,0,1,0,1,1,0,0,0,1,0,0,0,1,0,0
5952,5953,18,12,93.59,0,0,0,0,0,0,0,0,0,0,0,0,1,0,0,0,1
5953,5954,32,8,123.39,0,0,1,0,1,1,1,0,0,0,0,0,0,1,0,1,0
5954,5955,30,2,59.8,0,0,0,1,1,0,0,0,0,0,1,0,0,0,0,1,0
5955,5956,34,11,42.51,1,0,0,1,0,1,0,0,0,0,1,0,0,0,0,0,0
5956,5957,41,2,210.95,0,0,0,0,0,0,0,0,0,0,0,0,0,1,1,0,0
5957,5958,25,7,59.21,0,1,1,0,0,0,1,0,1,0,0,0,0,0,1,0,0
5958,5959,67,3,165.96,1,0,0,0,0,1,0,0,0,0,0,1,0,0,0,1,0
5959,5960,44,6,261.4,0,0,0,0,0,1,0,0,1,0,0,0,0,0,0,1,0
5960,5961,62,14,139.81,0,0,1,0,0,1,0,0,1,0,0,0,0,0,1,0,0
5961,5962,40,12,183.14,1,0,0,0,0,0,0,0,1,0,0,0,0,0,0,0,0
5962,5963,63,12,79.62,0,0,0,1,0,0,1,0,1,0,0,0,0,0,1,0,0
5963,5964,25,15,132.07,0,1,0,0,0,1,1,0,0,0,0,0,0,1,1,0,0
5964,5965,25,13,169.22,0,0,0,0,0,1,0,1,0,0,0,0,0,1,0,1,0
5965,5966,43,7,139.17,1,0,0,1,0,1,0,0,0,0,0,0,0,1,0,1,0
5966,5967,64,7,154.12,1,0,0,0,1,1,0,0,0,0,0,0,0,1,1,0,0
5967,5968,30,15,68.72,0,0,0,0,0,0,1,0,0,1,0,0,0,0,0,1,0
5968,5969,56,10,64.28,0,0,0,0,1,1,1,0,0,0,0,1,0,0,0,1,0
5969,5970,54,4,181.72,1,0,0,1,0,0,0,0,0,1,0,0,0,0,0,1,0
5970,5971,66,4,112.91,0,0,0,0,0,0,1,0,0,0,0,1,0,0,0,0,0
5971,5972,45,3,107.48,0,0,1,1,0,0,1,0,0,0,0,0,1,0,0,1,0
5972,5973,42,7,38.14,1,0,0,0,1,0,0,0,0,0,0,1,0,0,1,0,0
5973,5974,33,11,73.82,0,0,1,0,0,1,1,0,0,0,0,0,0,0,0,0,1
5974,5975,19,1,255.98,1,0,0,1,0,1,0,0,0,0,0,0,0,1,0,1,0
5975,5976,35,5,172.72,0,1,0,1,0,1,0,1,0,0,0,0,0,1,1,0,0
5976,5977,34,15,199.46,0,0,0,1,1,0,1,0,0,0,0,0,0,0,0,1,0
5977,5978,47,4,149.02,1,1,0,1,0,0,0,0,0,0,0,1,0,0,0,1,0
5978,5979,56,12,248.22,0,0,0,1,0,0,1,0,0,0,0,0,0,0,0,0,0
5979,5980,30,2,44.44,0,0,0,0,0,1,0,1,0,0,0,1,0,0,0,0,1
5980,5981,49,9,329.34,0,0,0,0,0,0,1,0,0,1,0,0,0,0,0,0,1
5981,5982,67,7,119.34,1,1,0,0,0,1,0,0,0,0,0,0,0,1,0,1,0
5982,5983,46,15,128.45,0,0,0,0,1,0,1,0,0,0,0,0,1,0,0,1,0
5983,5984,63,8,203.02,0,0,1,0,0,0,1,0,0,0,0,0,0,1,0,0,1
5984,5985,47,3,40.32,0,0,1,1,0,1,0,0,0,0,0,1,0,0,0,1,0
5985,5986,35,6,66.34,0,0,0,0,0,1,0,0,0,0,0,0,1,0,1,0,0
5986,5987,30,15,130.9,0,0,0,0,0,0,1,0,0,0,0,0,0,1,0,1,0
5987,5988,60,4,192.34,1,0,0,0,0,1,1,0,0,0,0,1,0,0,1,0,0
5988,5989,38,12,113.24,0,0,0,0,0,1,0,0,0,0,0,1,0,0,0,0,0
5989,5990,47,11,25.22,0,0,0,0,1,1,1,0,0,0,0,1,0,0,0,0,0
5990,5991,38,3,150.72,0,0,0,0,0,1,1,0,0,0,0,0,0,1,1,0,0
5991,5992,65,4,100.4,1,0,0,1,0,1,0,0,0,0,0,0,1,0,0,1,0
5992,5993,34,12,53.28,0,0,0,0,0,0,0,0,0,0,0,0,0,1,0,0,0
5993,5994,57,3,78.57,0,0,0,0,0,1,1,0,0,0,0,0,0,0,0,0,0
5994,5995,36,7,500.0,1,0,1,0,0,0,1,0,0,1,0,0,0,0,0,1,0
5995,5996,69,9,132.62,0,1,0,0,0,1,1,0,0,0,0,0,0,1,0,1,0
5996,5997,32,7,206.04,1,1,0,0,0,0,0,0,0,1,0,0,0,0,0,1,0
5997,5998,26,3,244.38,0,0,0,0,0,0,1,0,0,0,0,0,0,1,0,1,0
5998,5999,69,1,89.69,1,1,0,1,0,1,0,1,0,1,0,0,0,0,0,0,1
5999,6000,27,9,46.23,1,0,0,1,1,0,0,0,0,0,0,0,0,1,0,0,0
6000,6001,61,2,182.83,1,0,0,0,0,0,0,0,1,0,0,0,0,0,0,0,0
6001,6002,48,6,66.31,0,1,0,0,1,1,1,0,0,0,0,0,0,1,1,0,0
6002,6003,70,14,490.72,0,1,0,1,0,1,0,0,1,0,0,0,0,0,1,0,0
6003,6004,40,5,156.97,0,1,1,1,0,1,0,0,1,0,0,0,0,0,0,0,0
6004,6005,69,13,116.19,1,1,0,0,0,0,0,0,0,0,0,0,0,0,0,0,0
6005,6006,47,13,238.56,0,0,0,1,0,1,0,0,0,0,0,0,0,0,0,0,0
6006,6007,50,13,57.66,0,0,1,1,1,0,1,0,0,1,0,0,0,0,0,1,0
6007,6008,69,8,196.88,1,0,0,0,0,0,0,0,0,0,1,0,0,0,0,0,1
6008,6009,26,1,100.7,0,0,0,1,0,1,0,1,0,0,0,1,0,0,1,0,0
6009,6010,64,12,192.8,1,0,1,0,1,1,1,0,0,0,1,0,0,0,1,0,0
6010,6011,18,8,42.61,0,0,0,0,0,0,1,0,0,1,0,0,0,0,0,0,0
6011,6012,61,3,247.53,1,0,0,0,1,1,0,0,1,0,0,0,0,0,1,0,0
6012,6013,52,4,85.12,0,0,0,0,0,0,1,0,0,1,0,0,0,0,0,0,0
6013,6014,28,6,172.86,0,1,0,0,0,0,1,0,1,0,0,0,0,0,0,1,0
6014,6015,51,4,20.35,0,1,1,1,0,0,1,0,0,0,0,0,0,1,0,0,0
6015,6016,33,13,46.43,1,1,0,0,0,1,1,0,0,0,0,1,0,0,1,0,0
6016,6017,26,10,273.84,1,0,1,0,1,1,1,0,0,0,0,1,0,0,1,0,0
6017,6018,49,12,142.03,0,0,0,1,0,1,1,0,0,0,0,1,0,0,0,1,0
6018,6019,32,3,79.37,0,0,1,1,1,1,1,0,0,1,0,0,0,0,0,0,0
6019,6020,29,13,211.12,0,0,0,0,0,1,1,0,0,0,0,1,0,0,0,0,0
6020,6021,50,3,139.63,0,0,0,0,0,0,0,0,0,0,0,0,0,1,1,0,0
6021,6022,62,3,273.45,0,0,0,1,0,0,0,0,0,0,0,1,0,0,1,0,0
6022,6023,31,4,42.5,0,0,0,0,0,0,0,1,0,0,0,0,0,0,0,0,0
6023,6024,25,7,236.67,0,1,0,0,1,1,0,0,0,1,0,0,0,0,0,0,1
6024,6025,25,5,58.99,0,0,1,0,1,1,1,0,0,0,0,0,1,0,1,0,0
6025,6026,44,11,40.91,1,0,1,1,0,0,0,0,0,0,0,0,0,1,1,0,0
6026,6027,29,10,212.99,0,1,0,0,0,0,1,0,0,0,0,0,0,1,0,0,0
6027,6028,18,15,143.35,0,0,1,0,0,0,1,0,0,0,0,0,0,0,0,0,0
6028,6029,60,6,62.31,0,0,1,0,0,1,0,0,1,0,0,0,0,0,0,0,0
6029,6030,57,4,181.55,0,0,1,0,0,0,1,0,0,0,0,0,0,0,0,0,0
6030,6031,59,7,115.24,0,0,1,0,0,0,1,0,0,0,0,0,1,0,0,0,1
6031,6032,68,13,218.4,0,0,0,0,0,1,1,0,0,0,0,0,0,0,0,1,0
6032,6033,28,15,30.77,0,0,0,0,1,1,1,0,0,0,0,0,1,0,1,0,0
6033,6034,56,15,233.69,0,0,0,0,0,0,0,0,0,1,0,0,0,0,0,0,0
6034,6035,60,13,243.69,1,1,0,0,0,0,1,0,0,0,0,0,1,0,0,1,0
6035,6036,48,11,188.56,0,0,0,0,1,1,0,0,0,1,0,0,0,0,0,0,0
6036,6037,34,2,71.38,1,0,0,1,0,0,0,0,0,0,0,0,0,0,0,1,0
6037,6038,50,4,144.59,1,0,0,0,0,1,0,1,0,0,0,0,0,1,0,1,0
6038,6039,49,12,55.39,0,0,0,1,0,1,1,0,1,0,0,0,0,0,1,0,0
6039,6040,46,3,206.52,0,1,0,0,0,0,1,0,0,0,0,1,0,0,1,0,0
6040,6041,38,5,73.99,0,0,0,0,0,0,1,0,1,0,0,0,0,0,0,1,0
6041,6042,38,12,31.18,0,1,0,0,1,0,0,0,0,0,0,0,0,1,0,0,1
6042,6043,57,6,127.65,1,1,0,0,0,0,1,0,0,0,0,0,0,1,0,1,0
6043,6044,40,9,63.94,0,0,0,0,1,1,1,0,0,1,0,0,0,0,0,0,0
6044,6045,23,12,211.75,1,0,0,0,0,1,0,0,0,0,0,0,0,0,0,1,0
6045,6046,39,10,284.43,1,0,0,0,0,0,1,0,0,0,0,0,1,0,0,1,0
6046,6047,67,2,20.33,0,0,1,1,0,0,1,0,0,1,0,0,0,0,0,1,0
6047,6048,55,12,126.7,0,0,1,0,0,0,0,0,0,0,0,0,0,1,1,0,0
6048,6049,54,7,100.33,1,0,0,0,1,0,1,0,0,1,0,0,0,0,0,0,1
6049,6050,62,14,465.94,1,1,0,0,0,1,0,0,0,0,0,1,0,0,1,0,0
6050,6051,68,2,89.13,0,0,0,0,0,0,0,0,0,1,0,0,0,0,1,0,0
6051,6052,25,11,99.57,0,1,0,0,1,1,1,0,0,0,1,0,0,0,1,0,0
6052,6053,58,6,177.63,0,0,0,0,0,0,0,1,0,0,0,0,0,1,0,0,0
6053,6054,66,5,47.13,0,0,0,0,0,1,1,0,0,0,0,0,1,0,0,0,0
6054,6055,52,15,18.58,1,0,1,0,1,1,1,0,0,0,0,1,0,0,1,0,0
6055,6056,68,12,93.35,0,0,0,0,0,0,0,1,0,0,0,0,0,1,0,0,1
6056,6057,28,10,108.0,0,0,0,0,0,0,0,1,0,0,0,0,1,0,0,1,0
6057,6058,41,10,22.81,0,1,0,1,0,0,0,0,0,1,0,0,0,0,0,0,0
6058,6059,66,13,95.97,0,1,0,0,1,0,1,0,0,0,0,1,0,0,0,0,0
6059,6060,38,13,117.39,1,1,0,0,0,1,0,0,0,0,0,1,0,0,0,0,0
6060,6061,68,9,272.0,0,1,0,1,0,1,1,0,0,0,0,0,0,1,1,0,0
6061,6062,19,14,72.7,0,0,0,0,1,1,0,1,0,0,0,0,1,0,0,0,0
6062,6063,57,9,20.38,0,0,0,1,0,1,0,0,0,0,0,1,0,0,0,1,0
6063,6064,36,8,235.22,0,1,1,1,0,0,1,0,0,0,0,0,1,0,0,0,0
6064,6065,56,2,61.09,0,0,0,0,0,1,1,0,0,1,0,0,0,0,1,0,0
6065,6066,45,11,80.62,0,0,0,1,0,1,0,0,0,0,0,0,0,1,0,0,0
6066,6067,34,2,60.97,1,0,0,0,0,0,0,0,0,1,0,0,0,0,1,0,0
6067,6068,23,11,151.09,0,1,0,1,0,0,1,0,1,0,0,0,0,0,0,0,0
6068,6069,36,15,58.31,1,0,0,0,0,1,0,0,0,0,1,0,0,0,0,1,0
6069,6070,55,4,220.92,0,0,0,0,0,0,1,0,0,0,0,0,0,0,0,0,0
6070,6071,45,5,229.04,0,1,0,0,0,0,1,0,0,0,0,0,0,1,0,1,0
6071,6072,19,14,127.54,0,0,0,0,0,1,1,0,0,0,0,1,0,0,0,1,0
6072,6073,55,10,188.49,0,0,0,0,0,1,0,0,0,0,0,0,1,0,0,0,0
6073,6074,54,10,118.76,0,0,1,0,1,0,1,0,0,0,0,0,1,0,1,0,0
6074,6075,68,7,495.4,1,0,1,0,0,0,0,0,0,0,0,0,0,1,0,0,0
6075,6076,69,7,171.66,0,0,1,0,0,1,0,1,0,0,0,0,0,1,0,0,1
6076,6077,21,3,113.73,1,1,1,0,0,1,0,0,0,1,0,0,0,0,0,0,0
6077,6078,39,3,129.88,1,0,0,0,0,0,0,1,0,0,0,0,0,1,0,1,0
6078,6079,43,10,316.28,0,0,0,0,0,1,1,0,0,0,0,0,1,0,0,1,0
6079,6080,66,5,208.91,1,0,0,0,0,1,1,0,0,0,0,0,0,0,0,0,1
6080,6081,60,1,157.73,0,0,0,0,0,1,0,0,0,0,0,0,1,0,0,0,0
6081,6082,53,13,208.39,1,0,1,0,0,0,0,0,0,0,0,0,0,1,0,0,0
6082,6083,30,13,179.92,1,0,1,0,1,0,1,0,0,0,0,1,0,0,0,1,0
6083,6084,69,8,194.86,1,1,0,0,0,1,0,0,0,0,0,1,0,0,1,0,0
6084,6085,49,12,189.67,0,0,0,0,0,0,0,1,0,1,0,0,0,0,1,0,0
6085,6086,34,11,120.95,0,0,1,0,0,1,0,0,0,0,0,0,0,0,0,0,0
6086,6087,58,2,203.05,0,0,0,0,0,0,0,1,0,0,0,1,0,0,1,0,0
6087,6088,53,12,55.73,1,0,0,0,0,0,1,0,1,0,0,0,0,0,0,0,0
6088,6089,63,7,135.52,1,0,0,1,0,0,0,0,0,0,0,0,0,1,0,1,0
6089,6090,36,10,122.62,0,1,1,0,0,0,1,0,0,0,0,0,1,0,1,0,0
6090,6091,52,14,83.55,0,0,0,0,0,1,0,0,0,0,1,0,0,0,0,0,1
6091,6092,63,2,66.86,1,0,0,0,0,0,0,0,0,0,0,1,0,0,1,0,0
6092,6093,57,13,62.62,0,1,1,0,0,1,0,0,0,0,0,1,0,0,0,1,0
6093,6094,45,1,24.86,0,1,0,0,0,1,0,1,0,0,0,0,0,1,0,1,0
6094,6095,18,7,252.66,0,0,0,0,1,0,1,0,0,0,0,0,0,0,0,0,1
6095,6096,59,11,270.94,0,0,0,0,1,1,1,0,0,0,0,1,0,0,0,0,0
6096,6097,35,5,42.12,1,0,1,0,0,0,0,0,0,0,0,1,0,0,1,0,0
6097,6098,65,1,93.76,0,0,1,0,0,1,1,0,0,1,0,0,0,0,1,0,0
6098,6099,57,9,66.85,1,0,0,0,1,1,0,0,0,0,1,0,0,0,1,0,0
6099,6100,50,3,30.92,0,0,0,0,1,0,0,0,0,0,0,0,0,0,0,1,0
6100,6101,29,14,243.09,0,0,0,1,0,0,0,0,0,0,1,0,0,0,0,1,0
6101,6102,25,4,500.0,0,1,0,0,0,1,1,0,0,0,0,0,0,0,0,0,0
6102,6103,41,13,165.13,0,0,1,0,0,1,1,0,0,0,0,0,1,0,0,0,1
6103,6104,33,7,173.85,0,0,0,0,0,0,0,0,0,0,0,1,0,0,0,1,0
6104,6105,67,14,100.34,0,1,0,0,0,1,0,1,0,0,0,1,0,0,0,0,0
6105,6106,21,12,166.63,0,0,1,0,0,0,0,0,0,0,0,0,0,1,1,0,0
6106,6107,55,6,65.93,0,1,0,0,0,1,1,0,0,0,0,0,0,1,0,0,0
6107,6108,61,4,238.16,1,0,0,0,0,0,0,0,0,0,0,1,0,0,0,0,0
6108,6109,44,4,92.41,0,0,0,0,0,1,0,0,1,0,0,0,0,0,1,0,0
6109,6110,26,15,173.86,1,0,0,1,1,0,0,1,0,0,0,1,0,0,1,0,0
6110,6111,64,9,79.05,0,0,1,0,0,1,1,0,0,0,0,0,0,1,0,0,0
6111,6112,33,10,109.63,0,0,0,0,0,1,1,0,0,1,0,0,0,0,0,0,1
6112,6113,29,1,89.25,0,0,0,0,0,1,0,1,0,0,0,1,0,0,0,0,0
6113,6114,48,14,233.48,0,1,1,1,0,1,1,0,0,0,0,1,0,0,1,0,0
6114,6115,41,15,197.61,0,0,1,0,0,1,1,0,0,0,1,0,0,0,0,1,0
6115,6116,31,10,101.21,0,0,0,1,0,1,1,0,0,0,0,0,0,0,0,0,0
6116,6117,62,7,117.27,1,0,0,1,0,1,0,0,0,1,0,0,0,0,0,1,0
6117,6118,42,13,196.95,0,0,0,0,0,1,1,0,0,0,0,0,0,0,0,0,0
6118,6119,51,9,387.42,0,1,0,0,0,1,1,0,0,0,0,0,1,0,0,1,0
6119,6120,20,5,139.99,1,0,0,1,0,1,0,0,0,0,0,0,0,0,0,0,1
6120,6121,41,7,55.85,0,0,1,0,1,0,0,1,0,1,0,0,0,0,1,0,0
6121,6122,59,8,149.93,1,1,0,0,0,1,0,0,0,1,0,0,0,0,1,0,0
6122,6123,26,8,66.19,0,0,1,1,1,0,0,1,0,0,0,0,1,0,0,0,0
6123,6124,43,15,112.44,0,0,0,0,0,1,0,0,0,0,0,0,0,1,1,0,0
6124,6125,37,9,352.8,1,0,0,0,0,1,0,0,0,0,0,0,0,1,1,0,0
6125,6126,57,5,82.25,1,1,0,0,1,1,0,0,0,0,0,0,0,1,0,0,0
6126,6127,27,2,23.59,0,0,0,0,0,0,0,1,0,0,1,0,0,0,0,0,0
6127,6128,36,6,97.67,1,0,0,1,0,0,0,0,0,0,0,0,0,1,0,0,0
6128,6129,20,2,283.01,0,0,1,0,0,1,1,0,0,0,0,0,1,0,0,1,0
6129,6130,41,10,47.25,0,0,0,0,0,0,1,0,0,0,0,1,0,0,0,0,1
6130,6131,22,6,191.98,1,0,0,0,0,0,0,0,0,0,0,1,0,0,0,0,0
6131,6132,20,3,250.05,0,0,0,0,0,1,0,1,0,0,0,0,1,0,0,0,0
6132,6133,44,13,68.47,0,0,0,0,0,1,0,0,0,1,0,0,0,0,1,0,0
6133,6134,33,4,48.89,0,0,1,0,1,0,1,0,0,1,0,0,0,0,0,0,0
6134,6135,66,9,209.3,1,1,0,0,0,1,1,0,0,0,0,0,0,1,0,1,0
6135,6136,32,4,183.2,0,1,0,1,0,0,0,0,0,0,0,1,0,0,0,1,0
6136,6137,52,5,139.23,0,0,0,0,0,1,0,0,1,0,0,0,0,0,0,0,0
6137,6138,29,15,151.3,0,0,0,1,0,0,1,0,1,0,0,0,0,0,0,1,0
6138,6139,58,6,56.21,0,0,1,0,0,1,0,1,0,0,0,1,0,0,1,0,0
6139,6140,70,12,128.44,1,0,0,0,0,0,0,0,1,0,0,0,0,0,0,0,0
6140,6141,61,10,206.71,0,0,0,0,0,1,0,0,0,0,1,0,0,0,0,0,0
6141,6142,43,12,192.66,0,0,0,0,0,0,0,1,0,0,0,0,1,0,0,1,0
6142,6143,64,14,38.28,1,0,0,0,0,1,0,0,0,1,0,0,0,0,0,1,0
6143,6144,51,8,129.48,0,0,0,0,0,0,1,0,0,0,0,0,0,0,1,0,0
6144,6145,40,4,339.5,0,0,0,1,0,0,1,0,0,0,1,0,0,0,0,1,0
6145,6146,48,3,60.14,1,0,0,0,1,1,0,0,0,0,0,1,0,0,1,0,0
6146,6147,67,1,98.86,0,0,0,0,0,0,1,0,0,0,0,0,1,0,0,1,0
6147,6148,37,3,161.42,0,0,0,1,0,0,0,1,0,0,0,0,0,1,1,0,0
6148,6149,29,10,28.48,0,0,0,0,0,0,1,0,0,0,0,0,0,1,1,0,0
6149,6150,40,15,97.21,0,0,0,1,0,0,1,0,0,1,0,0,0,0,0,0,0
6150,6151,21,5,252.25,0,0,0,0,1,0,1,0,0,0,0,0,0,1,0,0,1
6151,6152,40,4,150.77,0,0,0,1,1,0,1,0,1,0,0,0,0,0,0,0,0
6152,6153,65,4,378.96,0,0,0,0,1,0,0,0,0,0,0,0,0,1,0,0,1
6153,6154,65,15,116.85,0,0,0,1,1,1,1,0,0,0,0,0,0,0,0,1,0
6154,6155,18,15,108.57,0,0,1,1,0,1,0,0,0,0,0,0,0,1,0,0,0
6155,6156,42,7,71.46,0,0,0,0,0,0,0,0,0,0,0,0,0,1,0,1,0
6156,6157,19,9,227.36,0,0,0,0,1,1,0,1,0,0,0,0,0,1,1,0,0
6157,6158,47,6,72.8,0,0,0,0,1,1,1,0,0,0,1,0,0,0,1,0,0
6158,6159,20,13,122.27,0,0,0,1,0,0,0,1,0,0,0,0,1,0,0,0,0
6159,6160,38,5,266.92,0,0,0,1,1,0,0,0,0,0,0,1,0,0,1,0,0
6160,6161,42,13,219.27,0,1,0,0,1,1,1,0,1,0,0,0,0,0,1,0,0
6161,6162,37,5,303.73,0,0,1,1,1,0,1,0,0,0,1,0,0,0,1,0,0
6162,6163,66,10,149.37,0,0,0,1,1,0,0,1,0,0,0,0,0,0,0,1,0
6163,6164,69,9,85.03,0,0,0,1,0,0,0,1,0,1,0,0,0,0,0,0,0
6164,6165,39,7,156.33,0,0,0,0,0,1,0,1,0,1,0,0,0,0,0,0,0
6165,6166,38,14,112.18,0,1,0,1,0,0,0,1,0,0,0,0,0,1,0,1,0
6166,6167,50,3,458.37,0,1,0,0,0,1,0,0,0,0,0,0,0,1,0,0,0
6167,6168,69,15,128.56,1,1,0,0,0,1,1,0,0,1,0,0,0,0,0,1,0
6168,6169,55,2,327.52,0,1,1,0,0,1,0,0,0,0,0,0,0,1,0,0,1
6169,6170,32,11,167.57,0,1,0,0,1,1,1,0,1,0,0,0,0,0,1,0,0
6170,6171,63,3,279.01,0,0,0,0,0,0,0,1,0,0,0,0,1,0,1,0,0
6171,6172,69,13,81.1,1,0,0,0,0,1,0,0,0,0,0,0,0,1,0,0,1
6172,6173,32,12,51.11,0,1,1,0,1,0,1,0,0,0,0,0,1,0,1,0,0
6173,6174,63,10,88.23,0,0,0,0,0,0,1,0,0,0,0,0,1,0,0,1,0
6174,6175,42,15,310.81,0,0,0,0,0,0,0,0,0,1,0,0,0,0,1,0,0
6175,6176,38,12,346.38,1,1,0,1,0,0,0,0,0,0,0,1,0,0,0,1,0
6176,6177,41,4,116.38,1,0,0,1,0,0,0,0,0,0,0,0,0,1,0,1,0
6177,6178,22,5,146.91,1,0,1,1,0,0,0,0,0,0,0,0,0,1,0,1,0
6178,6179,23,10,80.66,0,0,1,0,0,0,1,0,0,0,0,0,0,0,0,1,0
6179,6180,66,7,64.58,1,0,1,0,0,1,1,0,0,1,0,0,0,0,1,0,0
6180,6181,60,10,130.64,0,0,1,1,1,0,0,0,0,0,0,0,0,1,0,0,1
6181,6182,65,2,36.0,1,0,0,0,0,1,0,1,0,0,0,0,0,0,0,1,0
6182,6183,61,8,244.97,0,0,0,1,0,0,1,0,0,0,1,0,0,0,0,1,0
6183,6184,64,7,380.05,0,0,0,0,0,0,1,0,0,0,0,1,0,0,0,1,0
6184,6185,40,12,185.32,0,0,0,0,0,0,0,0,0,0,0,1,0,0,1,0,0
6185,6186,21,2,78.58,0,0,1,0,0,0,1,0,0,0,0,0,1,0,0,0,0
6186,6187,44,10,47.8,1,0,0,1,0,1,0,0,0,0,0,1,0,0,0,0,1
6187,6188,35,10,248.82,0,0,0,0,0,0,1,0,0,0,0,0,0,1,0,1,0
6188,6189,38,6,163.97,1,0,1,0,0,1,1,0,1,0,0,0,0,0,0,0,1
6189,6190,45,4,264.79,0,0,0,1,0,1,0,0,0,0,0,0,1,0,0,1,0
6190,6191,52,2,30.71,1,0,0,1,0,0,0,1,0,0,0,0,0,1,0,0,0
6191,6192,39,10,105.68,0,1,0,0,0,1,1,0,0,0,0,0,0,0,0,1,0
6192,6193,57,6,183.65,0,1,0,0,0,0,0,0,0,0,0,1,0,0,0,0,0
6193,6194,40,9,20.3,0,0,0,0,0,1,0,1,0,0,0,0,0,1,0,1,0
6194,6195,20,3,144.92,0,0,1,0,1,1,1,0,0,0,0,0,0,1,1,0,0
6195,6196,57,5,137.86,0,0,0,0,0,0,1,0,0,0,0,0,0,1,0,1,0
6196,6197,67,8,73.83,1,0,0,0,0,0,1,0,1,0,0,0,0,0,1,0,0
6197,6198,27,14,226.17,1,1,0,0,0,0,0,0,0,0,0,0,0,1,0,1,0
6198,6199,42,11,80.42,0,0,0,0,1,0,0,1,0,1,0,0,0,0,0,0,0
6199,6200,69,6,500.0,0,0,0,1,0,1,1,0,0,0,0,0,0,1,0,1,0
6200,6201,66,6,150.27,1,0,0,1,0,0,0,0,0,0,0,0,1,0,0,0,1
6201,6202,25,3,58.81,0,0,1,0,0,0,0,1,1,0,0,0,0,0,0,1,0
6202,6203,28,9,112.76,0,0,0,0,0,0,1,0,0,0,0,0,0,0,0,0,0
6203,6204,22,4,62.2,0,0,1,0,0,1,1,0,0,0,0,0,0,1,0,0,0
6204,6205,62,14,75.75,0,0,1,0,0,0,1,0,0,0,0,0,0,0,1,0,0
6205,6206,70,12,162.68,1,0,0,1,0,1,0,0,0,0,0,0,1,0,0,1,0
6206,6207,54,2,74.77,0,0,0,0,0,1,0,0,0,0,0,1,0,0,1,0,0
6207,6208,62,5,126.84,1,0,0,0,0,1,0,0,0,0,0,1,0,0,0,0,0
6208,6209,55,11,312.54,1,0,0,1,0,1,0,1,0,0,0,0,0,1,0,0,0
6209,6210,46,10,55.81,1,1,0,0,0,0,0,0,0,0,0,0,0,1,0,1,0
6210,6211,22,3,53.88,1,0,0,0,0,0,0,0,0,0,0,0,0,1,0,0,0
6211,6212,26,13,146.73,1,0,1,1,0,1,0,0,0,0,1,0,0,0,0,0,0
6212,6213,65,13,107.72,1,0,0,1,0,1,0,0,0,0,0,1,0,0,0,1,0
6213,6214,19,2,158.61,0,0,0,0,0,1,1,0,0,0,0,1,0,0,0,1,0
6214,6215,18,6,130.43,0,0,1,0,0,0,0,1,1,0,0,0,0,0,1,0,0
6215,6216,57,12,216.67,0,0,0,1,0,0,0,0,1,0,0,0,0,0,0,1,0
6216,6217,68,7,150.71,1,0,0,0,0,1,1,0,0,0,0,0,0,1,0,1,0
6217,6218,47,8,194.45,1,0,0,1,0,0,1,0,0,0,0,0,0,1,0,0,0
6218,6219,28,5,216.94,0,0,0,1,1,0,1,0,1,0,0,0,0,0,0,1,0
6219,6220,45,8,195.54,1,0,1,1,1,0,0,1,0,0,1,0,0,0,0,0,0
6220,6221,61,3,86.41,0,0,0,0,0,1,1,0,0,0,0,0,0,0,0,0,0
6221,6222,29,10,116.39,0,0,1,0,0,0,0,0,1,0,0,0,0,0,0,1,0
6222,6223,56,1,107.86,0,0,1,1,0,0,0,1,0,0,0,0,0,1,0,0,0
6223,6224,43,5,157.16,0,0,0,0,0,1,1,0,0,0,0,0,0,1,0,1,0
6224,6225,30,6,302.31,0,0,1,1,0,0,0,0,0,0,0,0,0,0,0,0,0
6225,6226,25,11,64.76,0,0,1,0,0,1,0,0,0,0,0,0,1,0,0,0,1
6226,6227,45,13,250.78,0,1,0,0,0,1,0,1,0,0,0,1,0,0,0,0,0
6227,6228,47,4,140.21,0,0,0,0,1,0,1,0,0,0,0,1,0,0,1,0,0
6228,6229,26,4,104.52,0,0,1,1,1,1,1,0,0,0,0,0,0,1,1,0,0
6229,6230,56,3,111.89,0,0,1,0,0,1,1,0,0,1,0,0,0,0,1,0,0
6230,6231,48,5,115.08,0,0,1,0,0,0,1,0,0,0,1,0,0,0,1,0,0
6231,6232,38,7,108.75,0,0,1,0,0,0,0,0,0,0,0,0,0,1,0,1,0
6232,6233,64,2,142.23,1,0,0,0,0,1,1,0,0,0,0,1,0,0,0,0,0
6233,6234,51,11,93.28,1,1,0,0,0,0,1,0,0,0,0,0,1,0,1,0,0
6234,6235,48,4,75.79,0,0,0,0,0,1,1,0,0,0,0,1,0,0,0,0,0
6235,6236,69,11,86.51,0,0,0,1,0,1,0,0,0,0,1,0,0,0,0,1,0
6236,6237,42,3,69.45,1,0,0,0,0,0,0,0,0,1,0,0,0,0,0,1,0
6237,6238,29,12,38.99,1,0,0,0,0,1,1,0,0,0,0,1,0,0,0,0,0
6238,6239,18,12,113.49,0,0,1,0,0,0,1,0,0,0,0,0,0,1,1,0,0
6239,6240,39,9,226.69,1,0,0,1,1,1,1,0,0,1,0,0,0,0,0,0,0
6240,6241,57,3,136.56,1,0,1,0,0,0,1,0,0,0,0,0,0,0,1,0,0
6241,6242,54,10,336.13,0,1,0,0,0,1,1,0,0,0,0,0,0,1,0,0,0
6242,6243,64,10,79.48,1,0,0,0,0,1,0,1,1,0,0,0,0,0,0,1,0
6243,6244,18,7,92.16,1,1,0,0,0,1,0,0,0,0,0,1,0,0,0,1,0
6244,6245,18,13,97.51,0,1,0,0,1,1,0,0,0,0,0,0,0,1,0,0,0
6245,6246,59,13,87.07,0,0,0,0,0,1,1,0,0,0,0,0,0,1,0,1,0
6246,6247,59,12,97.59,1,0,0,0,0,0,0,0,0,0,0,0,0,1,0,1,0
6247,6248,38,9,114.17,0,0,0,0,0,1,1,0,0,0,0,1,0,0,0,1,0
6248,6249,32,8,110.93,0,1,1,0,0,1,0,1,0,0,0,0,1,0,1,0,0
6249,6250,34,13,27.98,0,1,0,0,0,1,1,0,0,0,0,0,0,0,0,1,0
6250,6251,39,11,31.63,0,0,1,0,0,1,0,1,0,0,0,0,0,1,0,0,0
6251,6252,55,11,33.29,1,0,0,0,0,0,1,0,0,0,0,0,0,1,1,0,0
6252,6253,52,3,220.06,1,0,1,0,0,0,1,0,0,1,0,0,0,0,0,1,0
6253,6254,62,10,169.2,0,1,0,0,1,0,1,0,0,0,0,1,0,0,0,0,0
6254,6255,33,1,61.42,0,1,0,0,0,1,0,0,0,0,0,0,0,1,0,0,1
6255,6256,25,15,224.51,1,0,0,0,0,0,0,0,0,0,0,0,0,1,1,0,0
6256,6257,64,5,203.28,1,0,1,0,1,1,1,0,0,0,0,0,0,1,1,0,0
6257,6258,34,13,193.87,0,0,1,0,0,0,0,1,0,0,0,1,0,0,0,0,0
6258,6259,34,8,147.65,0,1,1,0,0,0,1,0,0,0,0,0,0,0,0,0,1
6259,6260,43,15,24.28,0,0,0,1,0,0,0,0,0,0,0,0,1,0,0,1,0
6260,6261,30,13,46.93,1,0,1,0,0,0,0,0,0,0,0,1,0,0,0,0,1
6261,6262,34,8,197.73,0,0,0,0,0,1,0,1,0,0,0,1,0,0,0,0,1
6262,6263,55,14,50.04,0,0,0,0,0,0,1,0,0,0,0,0,0,1,0,0,0
6263,6264,34,5,107.07,0,0,1,0,0,0,0,1,0,0,0,0,0,1,1,0,0
6264,6265,65,2,95.38,0,0,0,0,0,0,1,0,0,0,0,0,0,0,1,0,0
6265,6266,31,5,90.02,0,1,0,0,0,1,1,0,0,0,0,0,0,1,0,0,0
6266,6267,62,9,157.24,1,0,1,0,0,1,1,0,0,1,0,0,0,0,0,0,0
6267,6268,23,2,114.34,0,0,0,0,0,0,0,0,0,0,0,0,0,1,0,0,1
6268,6269,52,2,45.77,0,0,0,1,0,1,1,0,0,0,0,0,0,1,0,1,0
6269,6270,63,10,61.34,0,0,0,1,0,0,1,0,0,0,0,0,0,1,0,0,1
6270,6271,31,8,206.27,0,0,1,0,0,0,1,0,0,0,0,0,1,0,1,0,0
6271,6272,64,6,130.69,0,0,1,0,1,1,1,0,0,1,0,0,0,0,1,0,0
6272,6273,25,15,248.12,1,0,1,0,0,0,0,0,0,0,0,0,0,1,0,1,0
6273,6274,32,11,66.5,0,1,0,0,0,1,1,0,0,0,0,0,0,1,0,1,0
6274,6275,44,14,143.46,1,0,0,0,1,0,0,0,0,0,0,1,0,0,0,0,1
6275,6276,30,9,34.75,1,0,0,0,0,1,0,0,0,0,0,1,0,0,0,1,0
6276,6277,66,15,49.7,0,0,1,0,0,0,1,0,0,0,0,0,0,1,1,0,0
6277,6278,48,7,64.63,0,1,1,0,0,1,0,0,0,0,0,0,1,0,1,0,0
6278,6279,70,9,27.31,0,0,0,0,1,1,1,0,0,1,0,0,0,0,0,1,0
6279,6280,52,8,96.12,1,0,0,1,0,0,0,0,0,0,0,1,0,0,1,0,0
6280,6281,23,3,262.61,1,0,0,0,0,0,0,0,0,0,0,1,0,0,0,1,0
6281,6282,22,2,402.21,0,0,0,0,0,0,0,0,0,0,0,0,1,0,0,0,0
6282,6283,39,1,116.32,1,0,0,1,0,1,0,0,0,0,0,1,0,0,0,0,0
6283,6284,66,2,183.73,0,0,0,0,0,0,1,0,0,0,0,0,0,1,1,0,0
6284,6285,40,5,77.09,1,0,0,0,0,0,1,0,0,0,0,0,0,0,0,0,1
6285,6286,42,5,266.04,0,0,0,1,0,1,0,1,0,0,0,0,0,1,0,1,0
6286,6287,51,8,30.46,1,0,1,1,0,0,0,0,0,0,1,0,0,0,0,0,0
6287,6288,43,15,57.44,0,1,0,1,0,1,1,0,0,0,0,0,0,1,0,0,0
6288,6289,64,13,142.95,0,0,1,0,0,0,1,0,0,1,0,0,0,0,0,0,0
6289,6290,22,11,227.89,1,0,1,1,0,0,0,0,0,0,0,0,0,1,0,0,0
6290,6291,43,14,121.42,0,0,1,1,0,1,1,0,0,0,0,0,0,1,0,0,1
6291,6292,37,3,64.97,1,0,0,0,0,1,1,0,0,0,0,1,0,0,0,0,1
6292,6293,23,7,60.09,0,0,1,0,0,0,1,0,0,0,0,0,0,0,0,1,0
6293,6294,23,13,144.19,0,0,1,0,1,0,1,0,0,1,0,0,0,0,1,0,0
6294,6295,67,13,217.04,0,0,0,0,0,0,1,0,0,0,0,0,0,1,1,0,0
6295,6296,35,5,311.45,1,0,1,0,0,0,0,0,0,0,0,1,0,0,0,0,1
6296,6297,21,5,59.9,0,0,1,0,0,0,1,0,0,0,0,0,0,1,0,1,0
6297,6298,34,14,21.54,1,0,1,1,0,0,0,1,0,0,0,0,0,0,1,0,0
6298,6299,31,8,46.87,0,0,0,0,0,1,0,0,0,0,0,1,0,0,0,0,1
6299,6300,31,10,212.68,0,1,1,0,0,1,1,0,0,1,0,0,0,0,0,0,1
6300,6301,30,6,104.46,0,1,0,0,0,0,1,0,0,0,0,0,0,1,0,0,0
6301,6302,24,11,240.15,1,0,1,0,0,0,1,0,0,0,0,0,1,0,0,0,0
6302,6303,61,15,67.6,0,0,1,0,0,0,1,0,0,1,0,0,0,0,1,0,0
6303,6304,32,7,210.78,0,0,0,0,0,1,0,0,0,0,0,0,0,1,0,0,0
6304,6305,36,14,84.36,0,0,1,0,0,1,1,0,0,0,0,0,0,0,0,0,0
6305,6306,60,14,59.14,1,0,0,1,1,1,1,0,0,0,0,0,0,1,0,0,0
6306,6307,64,12,180.2,0,0,0,1,0,1,1,0,0,1,0,0,0,0,0,0,0
6307,6308,61,10,74.83,0,0,0,0,0,1,1,0,0,0,0,0,1,0,0,0,0
6308,6309,52,9,42.35,1,1,0,0,1,0,1,0,1,0,0,0,0,0,0,1,0
6309,6310,34,4,51.67,1,1,0,0,0,0,1,0,0,0,0,1,0,0,0,0,0
6310,6311,52,4,47.56,0,1,0,0,0,1,1,0,0,0,0,0,0,1,0,0,0
6311,6312,36,15,93.01,0,0,0,0,0,0,1,0,0,0,0,0,0,1,0,1,0
6312,6313,37,13,207.56,1,0,0,0,0,1,0,0,0,0,0,1,0,0,1,0,0
6313,6314,53,8,90.79,0,0,0,0,0,1,0,0,0,1,0,0,0,0,0,0,0
6314,6315,52,5,47.77,1,1,0,1,0,1,0,1,0,0,0,0,0,1,1,0,0
6315,6316,49,15,359.72,0,0,1,1,0,0,1,0,0,0,0,0,1,0,0,1,0
6316,6317,65,12,223.65,0,0,1,0,1,1,1,0,0,0,0,0,0,1,1,0,0
6317,6318,61,1,104.67,0,0,1,0,0,1,1,0,0,1,0,0,0,0,0,0,1
6318,6319,57,7,61.38,0,1,0,0,0,1,0,0,0,0,0,0,0,1,0,0,0
6319,6320,41,3,64.74,1,0,0,0,0,1,0,1,0,0,0,1,0,0,0,0,0
6320,6321,34,3,97.67,0,0,1,0,0,1,1,0,0,0,0,0,0,1,1,0,0
6321,6322,24,13,60.18,0,0,1,0,1,0,1,0,0,0,0,0,0,1,1,0,0
6322,6323,60,10,83.79,0,1,0,0,0,0,0,0,0,1,0,0,0,0,0,1,0
6323,6324,67,7,271.04,0,0,0,1,0,0,1,0,1,0,0,0,0,0,0,0,1
6324,6325,18,1,239.7,0,0,1,1,0,0,0,0,0,0,0,0,0,0,0,0,0
6325,6326,52,15,232.37,0,0,1,1,0,1,1,0,0,0,0,0,0,1,1,0,0
6326,6327,49,9,216.49,0,0,0,0,0,1,1,0,0,0,0,0,1,0,0,0,0
6327,6328,53,10,134.89,0,0,0,1,0,0,0,0,0,0,0,0,0,1,0,1,0
6328,6329,30,14,61.6,1,0,0,0,1,0,1,0,0,1,0,0,0,0,0,1,0
6329,6330,23,15,168.5,0,0,1,0,0,0,1,0,0,0,0,0,0,0,0,1,0
6330,6331,31,7,95.23,1,1,1,0,0,1,1,0,0,0,0,1,0,0,0,0,1
6331,6332,54,6,193.77,1,0,1,1,0,0,1,0,0,0,0,0,0,1,1,0,0
6332,6333,65,7,219.73,0,0,0,0,0,0,0,0,0,0,0,0,1,0,1,0,0
6333,6334,32,14,72.74,0,0,1,1,0,0,0,0,0,0,0,0,0,0,0,0,1
6334,6335,64,9,69.22,1,0,0,0,0,0,0,1,0,0,1,0,0,0,0,1,0
6335,6336,21,12,153.11,1,0,0,0,0,1,1,0,0,0,0,1,0,0,0,1,0
6336,6337,57,7,68.87,0,0,0,1,0,0,1,0,0,0,1,0,0,0,0,0,1
6337,6338,33,12,126.6,1,1,0,1,0,0,0,0,0,0,0,0,0,0,0,0,0
6338,6339,45,4,81.53,0,0,1,0,0,0,0,0,0,0,0,0,0,1,1,0,0
6339,6340,33,13,142.13,0,0,0,0,0,0,1,0,0,0,0,1,0,0,0,0,0
6340,6341,21,4,500.0,0,0,1,0,0,1,1,0,0,0,0,0,1,0,1,0,0
6341,6342,62,5,143.8,0,0,0,1,0,0,0,0,1,0,0,0,0,0,0,0,0
6342,6343,43,15,204.51,0,0,0,0,0,0,1,0,0,1,0,0,0,0,1,0,0
6343,6344,45,10,195.11,0,0,0,0,0,1,0,0,0,0,0,0,0,0,0,0,1
6344,6345,49,10,191.47,1,0,1,0,1,0,0,1,1,0,0,0,0,0,1,0,0
6345,6346,62,14,35.84,0,1,0,0,1,1,1,0,1,0,0,0,0,0,0,0,0
6346,6347,19,4,193.92,0,1,0,0,0,0,1,0,0,0,0,0,0,1,0,0,0
6347,6348,48,6,179.32,0,0,0,0,0,0,1,0,0,0,0,1,0,0,0,1,0
6348,6349,20,8,89.98,1,0,0,0,1,1,0,1,0,0,0,1,0,0,1,0,0
6349,6350,25,2,228.12,0,1,1,1,0,1,0,1,0,0,0,0,0,1,0,1,0
6350,6351,41,13,103.96,1,0,0,0,0,1,0,0,0,0,1,0,0,0,0,0,1
6351,6352,32,4,55.26,0,1,0,0,0,0,0,1,0,1,0,0,0,0,1,0,0
6352,6353,60,8,270.49,1,0,0,0,0,0,0,1,0,0,0,1,0,0,0,0,1
6353,6354,48,15,226.15,1,0,0,1,0,0,0,0,1,0,0,0,0,0,0,1,0
6354,6355,26,15,137.16,0,1,1,0,1,1,1,0,0,0,0,0,0,1,0,0,1
6355,6356,56,5,186.62,0,0,0,0,0,1,1,0,1,0,0,0,0,0,1,0,0
6356,6357,62,10,162.31,0,0,0,0,0,0,1,0,0,0,0,1,0,0,1,0,0
6357,6358,19,6,170.85,0,0,1,1,0,1,0,0,0,0,0,0,1,0,0,1,0
6358,6359,25,2,212.91,1,0,0,0,0,1,1,0,0,0,0,0,0,0,0,0,0
6359,6360,24,5,177.54,0,0,0,0,1,0,0,0,0,0,0,0,0,1,0,0,0
6360,6361,61,10,42.94,0,0,0,0,0,1,1,0,0,0,0,1,0,0,0,0,0
6361,6362,68,15,77.92,1,0,0,0,0,0,0,1,0,1,0,0,0,0,0,1,0
6362,6363,56,4,239.01,0,1,0,0,1,0,1,0,0,1,0,0,0,0,0,0,1
6363,6364,59,9,115.87,1,1,1,0,0,1,1,0,0,1,0,0,0,0,0,1,0
6364,6365,33,15,89.87,0,1,0,0,0,0,1,0,0,0,0,0,0,0,0,1,0
6365,6366,52,10,59.63,1,0,0,0,1,0,0,0,0,0,0,1,0,0,0,0,0
6366,6367,47,4,204.53,0,0,0,0,0,1,1,0,0,0,0,1,0,0,0,0,1
6367,6368,27,3,189.07,0,0,1,0,0,1,1,0,0,0,0,0,1,0,0,0,0
6368,6369,55,1,130.33,1,0,0,0,0,1,0,0,0,0,0,1,0,0,0,0,0
6369,6370,35,5,57.42,1,0,0,1,0,1,0,0,0,0,0,0,1,0,0,0,0
6370,6371,67,13,204.47,0,1,0,0,0,0,1,0,0,0,0,0,0,1,1,0,0
6371,6372,22,12,114.25,0,0,0,0,1,1,1,0,0,0,0,0,1,0,0,1,0
6372,6373,70,13,287.27,0,1,0,1,0,1,0,1,0,1,0,0,0,0,0,1,0
6373,6374,46,8,81.08,1,0,1,1,0,0,0,0,0,0,0,0,0,0,0,1,0
6374,6375,56,8,252.4,0,0,0,1,0,1,0,0,0,1,0,0,0,0,0,0,0
6375,6376,51,13,53.59,1,0,0,0,0,0,1,0,0,0,0,0,0,0,1,0,0
6376,6377,60,13,20.95,1,1,1,0,0,0,1,0,0,0,0,0,0,1,1,0,0
6377,6378,62,11,416.26,0,0,1,0,1,1,1,0,0,0,0,0,0,1,1,0,0
6378,6379,40,2,206.76,0,0,0,0,0,1,1,0,0,0,0,0,0,1,0,1,0
6379,6380,22,8,125.25,1,0,0,0,0,0,1,0,0,0,0,0,0,0,0,1,0
6380,6381,47,7,156.12,0,0,1,0,0,0,1,0,0,0,0,0,0,1,0,1,0
6381,6382,23,10,26.71,1,0,0,0,0,1,0,0,0,0,0,0,0,1,0,1,0
6382,6383,63,1,95.87,1,0,0,1,0,0,0,0,0,0,0,0,0,1,0,1,0
6383,6384,61,5,150.47,1,0,0,0,0,0,0,0,0,0,0,0,0,1,1,0,0
6384,6385,21,6,82.68,1,0,0,0,0,1,0,0,1,0,0,0,0,0,0,0,0
6385,6386,46,7,197.35,1,0,0,0,0,1,0,0,0,0,0,1,0,0,1,0,0
6386,6387,40,11,82.06,0,0,0,0,0,1,0,0,1,0,0,0,0,0,0,0,0
6387,6388,23,9,97.9,0,0,0,0,0,1,0,1,0,0,0,1,0,0,0,1,0
6388,6389,49,3,84.53,0,0,1,1,0,1,0,0,0,0,0,0,1,0,0,0,0
6389,6390,59,8,76.4,1,0,1,1,0,1,0,0,0,0,0,0,0,0,1,0,0
6390,6391,35,11,209.39,0,0,1,0,0,0,1,0,0,0,0,0,0,0,1,0,0
6391,6392,32,3,34.77,0,0,1,0,0,1,1,0,0,0,0,0,0,0,1,0,0
6392,6393,57,12,96.54,0,0,0,0,0,0,1,0,0,1,0,0,0,0,0,0,0
6393,6394,49,11,228.7,0,0,0,0,0,0,1,0,0,0,0,1,0,0,1,0,0
6394,6395,26,8,76.33,0,0,0,0,1,0,1,0,1,0,0,0,0,0,0,0,0
6395,6396,54,9,127.25,1,0,1,0,0,1,0,0,0,0,0,0,1,0,1,0,0
6396,6397,27,5,174.43,0,0,1,0,0,0,0,0,0,0,0,0,0,0,0,0,1
6397,6398,37,11,28.41,0,0,1,1,0,0,0,1,0,0,1,0,0,0,1,0,0
6398,6399,23,9,105.38,1,0,0,0,0,1,0,0,0,0,1,0,0,0,0,0,0
6399,6400,65,13,84.28,0,0,0,0,0,1,0,0,0,0,0,0,0,0,1,0,0
6400,6401,20,5,152.15,0,1,0,0,0,1,1,0,1,0,0,0,0,0,0,0,1
6401,6402,59,7,210.11,0,1,0,0,0,0,0,0,0,0,0,0,0,1,0,1,0
6402,6403,28,3,144.93,0,0,0,0,0,0,1,0,0,0,0,0,0,1,0,0,0
6403,6404,60,6,103.74,0,0,0,0,0,1,1,0,0,0,0,0,0,1,0,0,0
6404,6405,34,8,110.44,0,1,1,1,0,0,0,1,0,0,0,0,1,0,0,1,0
6405,6406,49,3,133.43,0,1,0,0,0,1,1,0,0,0,0,0,0,1,0,0,0
6406,6407,21,15,348.3,0,0,0,0,0,0,0,0,0,0,0,0,0,1,0,0,0
6407,6408,21,8,145.59,0,0,1,0,0,1,0,1,0,0,0,0,0,1,0,1,0
6408,6409,34,1,139.85,1,0,0,1,0,0,0,0,0,1,0,0,0,0,0,0,0
6409,6410,58,4,61.56,0,0,0,1,0,0,0,0,0,0,0,0,0,0,1,0,0
6410,6411,36,8,222.38,1,0,0,0,0,1,1,0,0,0,0,0,0,1,0,1,0
6411,6412,22,15,43.01,0,1,1,0,0,0,1,0,0,0,0,0,0,0,0,0,1
6412,6413,49,1,80.02,0,1,0,0,0,0,0,0,0,0,0,0,0,1,0,0,0
6413,6414,39,7,97.18,0,0,0,0,0,1,1,0,0,0,0,0,0,1,1,0,0
6414,6415,23,10,175.7,0,0,0,0,1,0,0,1,0,0,0,0,1,0,0,0,0
6415,6416,52,6,79.36,1,1,0,0,0,0,0,0,0,0,1,0,0,0,0,0,0
6416,6417,39,15,280.86,0,1,0,0,0,0,1,0,0,0,0,0,0,0,0,0,0
6417,6418,18,13,78.43,0,1,1,0,0,0,0,0,0,1,0,0,0,0,1,0,0
6418,6419,37,9,304.36,0,0,1,1,1,0,1,0,0,0,1,0,0,0,1,0,0
6419,6420,39,9,116.45,1,0,0,0,1,1,0,0,0,0,0,0,0,0,1,0,0
6420,6421,65,9,172.46,0,0,0,0,0,1,1,0,0,0,0,1,0,0,0,0,0
6421,6422,28,3,224.89,0,0,0,0,0,0,0,0,0,1,0,0,0,0,0,1,0
6422,6423,30,5,12.16,0,0,1,0,0,0,1,0,0,0,0,0,0,1,0,0,0
6423,6424,59,13,311.33,1,0,0,0,0,1,0,1,0,0,0,1,0,0,0,0,0
6424,6425,20,15,92.12,0,0,0,1,0,1,0,1,0,0,0,1,0,0,0,1,0
6425,6426,26,1,411.57,0,0,0,0,0,0,0,0,0,0,0,0,0,0,0,1,0
6426,6427,29,5,126.21,0,0,1,0,0,1,0,0,0,0,0,0,0,1,0,0,0
6427,6428,40,8,82.72,1,1,0,0,0,1,1,0,0,0,0,0,1,0,0,1,0
6428,6429,31,5,39.97,0,0,0,0,0,0,1,0,0,0,0,0,0,1,0,0,0
6429,6430,50,6,195.88,0,0,1,0,0,0,0,1,0,0,0,1,0,0,1,0,0
6430,6431,35,12,234.61,0,0,0,0,0,0,1,0,0,1,0,0,0,0,0,0,0
6431,6432,66,15,196.19,0,0,0,0,1,1,1,0,0,0,0,0,0,0,0,0,1
6432,6433,58,15,89.74,1,0,0,1,0,1,0,0,0,0,0,0,0,1,0,1,0
6433,6434,26,5,168.93,0,0,0,0,0,1,1,0,0,0,0,1,0,0,0,1,0
6434,6435,40,4,91.22,0,0,0,1,0,0,0,0,0,0,0,0,0,1,1,0,0
6435,6436,27,5,148.99,0,0,1,0,0,1,0,0,0,0,0,0,0,0,0,0,1
6436,6437,36,6,196.78,0,0,0,1,1,1,0,1,0,1,0,0,0,0,1,0,0
6437,6438,64,6,158.54,0,0,0,0,0,1,1,0,0,0,1,0,0,0,1,0,0
6438,6439,22,1,62.73,0,1,1,0,0,0,0,0,0,0,1,0,0,0,1,0,0
6439,6440,64,12,168.46,0,0,0,0,0,1,0,0,0,0,0,0,1,0,1,0,0
6440,6441,69,8,74.75,0,0,0,0,0,0,0,0,0,0,1,0,0,0,1,0,0
6441,6442,40,3,88.61,0,1,0,0,1,1,1,0,0,0,0,0,0,1,1,0,0
6442,6443,47,4,29.37,1,0,0,0,0,1,0,0,0,0,1,0,0,0,0,1,0
6443,6444,42,8,80.51,0,1,0,0,0,0,0,1,0,0,0,0,0,1,0,0,1
6444,6445,45,15,63.37,1,0,0,0,0,1,0,0,0,1,0,0,0,0,0,1,0
6445,6446,51,5,129.26,1,0,0,1,0,0,1,0,0,0,0,0,0,1,0,0,1
6446,6447,62,6,182.16,1,0,0,1,0,1,0,0,0,0,1,0,0,0,0,1,0
6447,6448,65,13,226.58,1,0,0,0,0,0,0,0,0,0,0,1,0,0,0,0,0
6448,6449,64,13,88.51,0,1,0,0,0,1,1,0,0,0,0,1,0,0,0,0,1
6449,6450,42,15,195.51,1,0,0,0,0,1,1,0,0,0,1,0,0,0,0,1,0
6450,6451,27,1,65.98,0,0,1,0,0,0,0,0,0,0,0,1,0,0,1,0,0
6451,6452,31,8,68.84,0,0,1,0,0,1,1,0,0,0,0,1,0,0,0,0,0
6452,6453,59,5,405.77,0,1,0,0,0,0,1,0,0,0,0,0,0,1,0,1,0
6453,6454,63,1,198.23,1,0,0,1,0,0,0,0,1,0,0,0,0,0,0,0,1
6454,6455,47,7,28.34,1,0,0,1,0,1,0,0,0,0,1,0,0,0,0,1,0
6455,6456,58,15,105.13,0,0,1,0,0,1,1,0,0,0,1,0,0,0,1,0,0
6456,6457,42,3,76.97,0,0,0,1,0,1,1,0,0,0,0,0,0,1,0,0,0
6457,6458,31,12,57.15,0,0,0,0,0,1,0,0,0,0,0,0,0,1,1,0,0
6458,6459,52,6,67.83,1,0,0,1,1,1,0,0,0,1,0,0,0,0,1,0,0
6459,6460,69,14,188.26,1,1,1,0,0,1,1,0,0,1,0,0,0,0,1,0,0
6460,6461,65,3,48.62,0,0,0,0,0,1,0,1,0,1,0,0,0,0,0,0,1
6461,6462,51,6,40.25,0,0,0,0,0,0,1,0,0,0,0,1,0,0,0,1,0
6462,6463,27,9,184.63,0,0,1,0,0,0,0,0,0,0,0,0,1,0,1,0,0
6463,6464,52,7,159.77,0,0,1,0,0,0,1,0,0,0,1,0,0,0,1,0,0
6464,6465,28,1,101.95,0,0,0,1,0,1,0,0,0,0,0,0,0,1,0,0,0
6465,6466,28,6,27.43,0,0,1,0,0,1,0,0,0,0,0,0,0,1,0,0,0
6466,6467,38,4,119.55,0,0,1,0,0,1,1,0,0,0,0,0,0,1,1,0,0
6467,6468,38,4,39.19,0,0,0,0,0,0,0,1,0,1,0,0,0,0,1,0,0
6468,6469,39,15,67.53,0,0,0,0,0,1,1,0,0,1,0,0,0,0,0,1,0
6469,6470,62,4,98.37,0,0,0,1,1,0,0,0,0,1,0,0,0,0,0,1,0
6470,6471,24,9,190.13,0,0,1,0,0,1,1,0,0,0,1,0,0,0,0,1,0
6471,6472,34,8,230.66,0,1,0,0,1,0,0,0,0,1,0,0,0,0,0,0,0
6472,6473,19,7,77.7,0,1,0,1,0,0,0,0,0,0,0,0,0,0,0,1,0
6473,6474,29,5,100.83,1,0,0,1,0,1,0,1,0,0,0,1,0,0,0,0,0
6474,6475,59,10,65.9,1,0,0,0,0,1,0,1,0,0,0,1,0,0,0,0,0
6475,6476,35,11,111.1,0,0,0,0,0,0,0,0,0,0,0,1,0,0,0,0,1
6476,6477,28,4,91.26,0,0,0,0,0,0,0,0,1,0,0,0,0,0,1,0,0
6477,6478,33,13,82.45,1,0,0,1,0,0,0,0,0,0,0,1,0,0,0,1,0
6478,6479,66,4,131.99,0,0,0,0,0,0,1,0,1,0,0,0,0,0,0,1,0
6479,6480,68,12,116.29,1,0,0,1,0,0,0,1,0,1,0,0,0,0,1,0,0
6480,6481,35,1,75.61,0,0,0,0,0,1,0,0,0,0,0,0,0,1,1,0,0
6481,6482,52,9,87.57,1,0,0,0,1,1,1,0,0,0,0,0,1,0,1,0,0
6482,6483,70,15,74.29,1,0,0,1,0,0,0,0,0,1,0,0,0,0,1,0,0
6483,6484,43,8,159.54,0,1,0,0,0,1,0,0,0,0,0,1,0,0,0,1,0
6484,6485,33,2,70.33,0,0,0,1,0,0,1,0,0,0,0,1,0,0,0,0,0
6485,6486,23,4,144.12,0,0,1,0,1,0,1,0,0,1,0,0,0,0,1,0,0
6486,6487,61,14,25.19,0,1,0,0,0,0,0,0,0,0,0,0,0,0,0,1,0
6487,6488,60,1,186.16,0,0,0,1,0,1,0,0,1,0,0,0,0,0,0,0,0
6488,6489,64,1,82.62,1,0,0,0,0,0,0,0,1,0,0,0,0,0,0,1,0
6489,6490,64,14,104.08,1,0,0,0,0,0,1,0,0,0,0,1,0,0,0,0,0
6490,6491,65,9,51.67,0,0,0,0,0,0,0,0,0,0,0,0,1,0,0,0,0
6491,6492,59,7,60.77,0,0,0,0,0,0,1,0,1,0,0,0,0,0,0,0,0
6492,6493,29,15,93.84,1,0,1,0,0,0,0,0,0,0,0,1,0,0,0,0,0
6493,6494,30,3,60.89,0,0,1,0,0,1,0,0,0,1,0,0,0,0,1,0,0
6494,6495,21,2,180.27,0,0,1,0,0,1,1,0,0,0,0,0,0,1,0,0,1
6495,6496,56,12,44.23,0,1,0,1,0,1,0,0,0,1,0,0,0,0,1,0,0
6496,6497,19,15,40.34,0,0,1,0,0,0,1,0,0,0,0,0,0,1,1,0,0
6497,6498,43,9,218.03,0,0,0,0,0,0,1,0,0,0,0,0,0,1,0,1,0
6498,6499,44,8,228.03,0,1,1,0,1,0,1,0,0,0,1,0,0,0,0,0,0
6499,6500,44,15,39.96,1,0,0,1,0,0,0,0,0,0,0,1,0,0,0,1,0
6500,6501,32,15,105.11,0,0,1,0,0,1,1,0,1,0,0,0,0,0,0,1,0
6501,6502,25,14,72.32,0,0,1,0,0,0,0,0,0,0,0,1,0,0,0,0,0
6502,6503,24,6,57.59,0,0,0,0,1,0,0,1,0,1,0,0,0,0,0,0,0
6503,6504,64,4,162.08,1,1,1,0,0,1,1,0,0,0,0,0,0,1,0,0,0
6504,6505,63,11,183.11,0,0,1,1,0,0,0,0,0,0,1,0,0,0,0,0,1
6505,6506,57,15,64.65,1,0,0,0,0,1,0,0,0,0,0,0,0,1,1,0,0
6506,6507,29,1,154.39,0,0,1,0,0,0,0,1,0,0,0,1,0,0,0,0,0
6507,6508,30,6,483.1,0,0,1,0,1,1,0,1,0,0,0,0,0,1,1,0,0
6508,6509,60,1,120.28,0,1,1,1,0,0,0,1,0,0,0,0,0,1,0,0,0
6509,6510,34,12,121.72,1,0,0,0,1,1,1,0,0,0,0,0,0,1,1,0,0
6510,6511,34,6,117.43,0,0,0,0,0,0,1,0,0,0,0,0,0,0,0,0,0
6511,6512,53,15,29.73,0,0,0,1,0,1,1,0,1,0,0,0,0,0,0,1,0
6512,6513,38,10,54.24,0,0,0,0,1,0,0,0,0,0,0,1,0,0,1,0,0
6513,6514,25,2,41.64,0,0,1,1,0,1,0,0,0,0,0,1,0,0,0,0,0
6514,6515,22,15,78.76,0,0,1,0,0,0,1,0,1,0,0,0,0,0,0,0,1
6515,6516,43,8,84.29,0,0,1,0,0,0,1,0,0,0,0,1,0,0,0,1,0
6516,6517,33,14,79.62,0,0,1,0,0,1,1,0,1,0,0,0,0,0,1,0,0
6517,6518,53,10,57.94,0,0,0,1,0,1,0,0,0,1,0,0,0,0,0,0,0
6518,6519,45,2,293.42,0,0,0,0,0,0,1,0,1,0,0,0,0,0,0,0,0
6519,6520,46,2,167.53,0,0,0,1,0,1,0,0,0,0,0,1,0,0,1,0,0
6520,6521,64,7,91.25,0,0,0,0,1,0,1,0,0,0,0,0,0,1,1,0,0
6521,6522,29,4,72.57,0,0,0,0,0,1,1,0,0,0,0,0,0,1,1,0,0
6522,6523,54,6,135.05,0,0,0,0,0,1,0,0,0,0,0,0,0,1,0,1,0
6523,6524,47,12,10.93,1,1,0,0,0,0,0,1,0,1,0,0,0,0,0,0,0
6524,6525,40,8,246.99,1,1,0,0,0,1,1,0,0,0,0,0,1,0,0,1,0
6525,6526,33,11,178.35,0,1,0,0,0,1,0,1,0,0,0,1,0,0,0,0,0
6526,6527,31,10,386.52,0,0,1,0,0,0,0,0,0,0,1,0,0,0,1,0,0
6527,6528,27,3,33.43,0,1,0,0,0,1,0,0,0,0,0,0,0,0,0,0,0
6528,6529,24,5,70.41,1,0,0,0,0,0,0,0,0,0,0,1,0,0,1,0,0
6529,6530,62,5,202.69,0,0,0,1,0,1,0,0,0,0,0,0,0,1,0,0,0
6530,6531,69,10,146.65,1,0,0,0,0,1,0,0,0,0,0,1,0,0,0,0,0
6531,6532,54,9,78.52,0,0,0,0,0,0,0,0,0,0,0,1,0,0,0,0,0
6532,6533,46,7,226.29,0,0,1,1,0,1,0,1,0,0,0,0,1,0,0,0,0
6533,6534,20,13,181.33,0,0,0,1,0,1,0,1,0,0,0,0,0,0,0,0,0
6534,6535,32,9,60.02,0,0,0,1,0,1,0,1,0,0,0,1,0,0,0,1,0
6535,6536,53,8,179.6,0,0,0,0,0,0,0,1,0,0,0,0,0,1,1,0,0
6536,6537,64,5,87.55,0,0,1,0,1,0,1,0,0,0,0,1,0,0,0,0,1
6537,6538,63,3,63.87,0,1,1,0,0,1,1,0,0,0,0,0,1,0,1,0,0
6538,6539,69,15,160.29,0,1,0,1,0,0,0,0,0,0,0,1,0,0,1,0,0
6539,6540,36,3,40.15,1,0,0,1,0,0,0,0,0,0,0,0,0,1,0,0,0
6540,6541,30,6,87.5,0,0,1,1,0,1,1,0,0,1,0,0,0,0,0,0,0
6541,6542,59,11,81.41,0,0,0,1,0,0,0,1,0,0,0,0,0,0,0,1,0
6542,6543,38,12,192.03,0,0,0,0,0,1,1,0,0,0,0,1,0,0,0,0,0
6543,6544,54,10,23.25,0,0,0,0,0,1,1,0,0,1,0,0,0,0,0,0,1
6544,6545,44,4,105.06,0,0,0,0,0,1,0,0,0,0,0,0,1,0,0,1,0
6545,6546,69,11,74.03,1,0,1,0,0,0,1,0,0,1,0,0,0,0,0,0,0
6546,6547,46,1,112.57,0,0,0,0,1,0,1,0,0,0,0,0,0,1,1,0,0
6547,6548,37,10,168.26,0,0,0,0,0,0,0,1,0,0,0,0,1,0,0,0,0
6548,6549,42,10,154.5,0,0,0,0,0,1,0,1,0,0,0,1,0,0,1,0,0
6549,6550,23,13,117.25,0,0,0,0,1,0,1,0,0,0,0,0,1,0,1,0,0
6550,6551,53,9,150.45,0,0,0,1,1,1,0,0,0,1,0,0,0,0,0,0,0
6551,6552,19,6,40.19,0,0,0,0,0,1,0,0,0,0,0,0,0,1,1,0,0
6552,6553,39,1,46.44,0,0,0,0,0,1,0,0,0,0,0,0,0,1,0,0,0
6553,6554,49,3,204.83,0,0,0,1,1,0,0,1,0,0,0,0,0,1,1,0,0
6554,6555,33,11,159.27,0,0,0,0,0,0,0,0,0,0,0,0,1,0,0,1,0
6555,6556,35,11,34.34,1,0,0,1,0,1,0,0,0,1,0,0,0,0,0,1,0
6556,6557,22,13,84.18,0,1,0,0,0,0,0,0,0,0,1,0,0,0,1,0,0
6557,6558,53,1,97.97,0,0,0,0,0,0,0,1,0,0,0,0,1,0,0,0,0
6558,6559,47,13,130.36,0,0,0,0,0,0,1,0,0,0,0,1,0,0,1,0,0
6559,6560,62,11,94.4,0,0,0,0,0,1,1,0,0,0,1,0,0,0,0,0,0
6560,6561,36,4,101.6,1,0,0,0,0,1,0,0,0,1,0,0,0,0,1,0,0
6561,6562,40,2,86.89,0,0,0,1,0,1,0,0,0,0,0,0,0,1,0,1,0
6562,6563,51,4,268.91,0,0,0,0,0,1,0,0,0,0,0,1,0,0,0,0,1
6563,6564,30,15,94.93,0,0,1,0,0,0,1,0,0,0,0,0,0,1,0,0,0
6564,6565,60,2,121.4,0,0,0,0,0,1,0,1,0,0,1,0,0,0,0,1,0
6565,6566,46,7,31.75,0,0,0,0,1,0,1,0,0,0,1,0,0,0,1,0,0
6566,6567,53,6,26.65,0,0,0,0,0,1,0,0,1,0,0,0,0,0,0,0,1
6567,6568,39,15,110.8,1,0,0,0,0,0,1,0,0,0,1,0,0,0,0,0,1
6568,6569,69,11,40.93,1,1,0,0,0,0,1,0,0,0,0,1,0,0,0,1,0
6569,6570,69,7,216.9,0,0,0,0,0,1,0,0,0,0,0,1,0,0,1,0,0
6570,6571,64,9,109.07,0,1,1,1,0,0,0,0,0,0,0,0,0,1,0,0,0
6571,6572,53,12,167.66,0,0,0,0,0,1,1,0,0,0,0,0,1,0,1,0,0
6572,6573,26,11,117.09,0,0,0,0,0,0,1,0,0,0,0,0,0,1,0,0,0
6573,6574,56,4,193.27,0,0,0,1,0,0,0,1,0,0,0,0,1,0,0,0,0
6574,6575,68,9,107.32,0,1,0,0,0,0,0,1,0,0,1,0,0,0,0,0,1
6575,6576,36,8,124.99,0,0,0,0,0,1,0,0,0,0,0,0,0,1,1,0,0
6576,6577,55,12,88.27,1,0,0,0,1,0,1,0,0,0,0,0,0,1,1,0,0
6577,6578,23,1,85.46,1,0,0,0,0,1,0,0,0,0,0,0,0,0,1,0,0
6578,6579,69,15,223.17,0,0,0,0,0,0,1,0,0,0,0,0,1,0,1,0,0
6579,6580,64,7,111.55,0,0,0,0,0,0,1,0,0,0,0,0,1,0,0,1,0
6580,6581,32,8,244.07,0,0,0,0,1,0,1,0,0,0,0,1,0,0,1,0,0
6581,6582,37,15,120.69,0,1,0,1,0,1,0,1,0,0,0,0,1,0,1,0,0
6582,6583,26,11,240.41,0,0,1,0,0,1,1,0,0,0,0,0,0,1,0,0,0
6583,6584,49,4,161.59,0,0,0,0,0,0,0,1,0,0,0,1,0,0,1,0,0
6584,6585,21,7,30.24,1,0,0,0,1,1,0,0,0,0,0,1,0,0,1,0,0
6585,6586,67,11,191.31,1,0,0,0,0,1,0,0,0,0,0,0,0,1,0,0,1
6586,6587,35,11,88.19,0,0,1,0,0,0,1,0,0,1,0,0,0,0,0,0,0
6587,6588,22,11,193.73,0,0,0,0,0,1,0,1,1,0,0,0,0,0,0,0,0
6588,6589,37,11,120.7,1,0,1,0,0,0,0,0,0,0,1,0,0,0,0,0,1
6589,6590,40,10,141.79,1,0,1,1,0,1,0,0,0,0,0,1,0,0,0,0,0
6590,6591,28,10,163.31,0,0,0,0,1,1,1,0,1,0,0,0,0,0,1,0,0
6591,6592,54,7,263.15,0,0,0,0,0,0,1,0,0,0,0,0,0,1,0,0,1
6592,6593,39,6,103.73,0,0,0,0,0,0,1,0,0,0,1,0,0,0,1,0,0
6593,6594,21,15,187.09,0,1,0,0,1,1,1,0,0,0,0,0,0,1,0,0,1
6594,6595,46,5,40.65,0,0,1,1,0,1,0,1,0,0,0,0,0,0,0,0,0
6595,6596,61,6,356.03,0,0,0,0,0,1,1,0,0,0,0,0,0,1,0,1,0
6596,6597,51,7,188.09,0,0,0,1,0,0,0,0,0,0,0,0,1,0,0,1,0
6597,6598,30,5,28.69,0,0,1,0,1,0,1,0,0,0,0,0,0,1,1,0,0
6598,6599,59,9,48.43,0,0,1,0,0,0,1,0,0,0,0,0,0,1,0,1,0
6599,6600,26,14,159.59,0,0,0,0,0,0,0,1,0,1,0,0,0,0,1,0,0
6600,6601,59,12,38.65,0,0,0,0,0,1,0,0,0,0,0,0,0,1,0,1,0
6601,6602,48,11,258.78,1,1,0,0,0,1,0,0,0,0,0,0,0,1,0,0,1
6602,6603,24,9,85.92,1,0,0,0,0,1,0,0,0,0,0,1,0,0,0,1,0
6603,6604,21,15,228.52,0,0,1,0,0,0,1,0,0,0,0,0,0,1,0,0,0
6604,6605,36,7,140.49,0,0,0,0,0,1,0,0,0,0,0,0,0,1,1,0,0
6605,6606,59,11,92.79,0,0,1,0,0,1,1,0,0,0,0,0,0,1,1,0,0
6606,6607,47,4,166.02,0,0,0,0,0,1,1,0,0,0,0,0,0,1,0,0,0
6607,6608,48,6,76.06,0,0,1,0,0,1,1,0,0,0,0,0,0,0,0,0,1
6608,6609,52,6,194.47,0,0,0,1,0,1,1,0,0,0,0,1,0,0,0,0,0
6609,6610,38,7,165.17,1,0,0,0,0,1,0,1,0,0,0,0,0,0,0,1,0
6610,6611,48,15,139.12,0,0,1,0,1,0,1,0,0,0,0,0,0,1,1,0,0
6611,6612,36,2,117.87,0,0,0,0,0,0,0,0,0,0,0,1,0,0,1,0,0
6612,6613,48,11,231.17,0,0,1,1,0,1,0,0,0,0,0,0,0,0,0,0,0
6613,6614,70,6,211.93,1,0,1,0,0,0,1,0,0,1,0,0,0,0,1,0,0
6614,6615,49,11,206.9,1,1,1,0,0,0,0,0,0,1,0,0,0,0,0,0,0
6615,6616,19,13,261.26,0,0,0,0,0,0,1,0,0,0,0,0,0,1,0,1,0
6616,6617,69,4,217.88,1,0,1,1,0,1,0,1,0,0,0,0,0,1,0,1,0
6617,6618,27,10,298.95,0,0,1,0,1,1,1,0,0,1,0,0,0,0,0,0,1
6618,6619,19,11,95.68,0,1,0,0,0,0,0,0,0,0,0,0,0,1,1,0,0
6619,6620,19,9,152.79,1,0,1,1,0,1,0,0,0,1,0,0,0,0,0,1,0
6620,6621,41,1,326.25,0,0,0,0,0,1,0,1,0,0,0,1,0,0,0,1,0
6621,6622,34,15,197.77,0,1,1,1,1,0,0,1,0,0,1,0,0,0,0,0,0
6622,6623,49,12,88.85,0,1,0,0,0,0,1,0,0,0,0,1,0,0,1,0,0
6623,6624,33,13,132.68,0,0,0,1,0,1,0,0,0,0,0,1,0,0,0,1,0
6624,6625,33,15,185.88,0,1,0,0,0,0,1,0,0,1,0,0,0,0,0,0,0
6625,6626,63,3,195.59,1,0,0,1,1,1,0,0,0,0,0,0,0,1,0,1,0
6626,6627,56,6,118.09,0,0,0,0,0,1,0,0,0,1,0,0,0,0,1,0,0
6627,6628,70,11,294.8,0,0,0,0,0,0,0,0,0,0,0,1,0,0,0,1,0
6628,6629,48,5,254.69,0,0,0,0,0,1,1,0,0,0,0,1,0,0,0,1,0
6629,6630,60,3,89.68,0,1,1,0,0,0,0,0,0,0,0,0,1,0,1,0,0
6630,6631,41,6,89.18,0,0,0,0,0,0,0,0,0,0,0,0,0,1,0,0,0
6631,6632,18,13,99.31,0,0,0,0,0,0,0,0,0,0,0,0,0,1,1,0,0
6632,6633,28,12,170.96,0,0,0,0,0,0,1,0,0,0,0,0,0,0,0,1,0
6633,6634,38,5,203.46,0,0,0,0,0,1,1,0,0,0,0,0,0,0,0,0,0
6634,6635,21,7,254.62,0,1,0,0,0,1,0,0,0,0,0,0,0,1,0,1,0
6635,6636,24,12,194.67,0,0,1,0,0,1,0,1,0,0,0,1,0,0,1,0,0
6636,6637,43,1,360.48,0,0,0,1,0,0,1,0,0,1,0,0,0,0,0,1,0
6637,6638,64,9,99.15,1,0,0,1,0,1,0,0,0,0,0,1,0,0,0,1,0
6638,6639,67,15,263.12,1,0,0,1,0,1,0,0,0,0,0,0,0,1,0,0,0
6639,6640,29,14,123.85,0,0,0,0,0,1,1,0,0,0,0,1,0,0,0,0,0
6640,6641,48,10,27.45,1,0,0,0,0,1,0,0,0,0,0,0,1,0,0,0,0
6641,6642,34,2,174.77,0,0,1,0,0,0,0,0,0,0,1,0,0,0,1,0,0
6642,6643,50,6,116.04,1,0,0,0,0,0,1,0,1,0,0,0,0,0,0,0,0
6643,6644,28,7,106.88,0,1,1,0,1,0,1,0,0,0,0,0,0,0,0,1,0
6644,6645,45,6,64.51,1,0,0,0,0,1,1,0,0,0,0,0,0,0,0,0,0
6645,6646,49,11,30.78,0,1,0,0,0,1,1,0,0,1,0,0,0,0,0,1,0
6646,6647,18,8,211.97,0,0,0,1,0,0,0,1,0,0,0,0,0,1,0,1,0
6647,6648,64,8,86.28,0,0,0,0,0,0,0,0,0,0,0,0,0,1,0,1,0
6648,6649,45,4,41.64,0,1,0,0,0,0,0,0,0,0,0,0,0,1,0,1,0
6649,6650,70,6,109.81,1,0,0,0,0,1,0,1,0,0,0,1,0,0,1,0,0
6650,6651,59,9,180.53,1,0,0,1,0,0,1,0,0,1,0,0,0,0,1,0,0
6651,6652,24,8,39.13,0,0,1,0,0,0,1,0,0,0,0,0,0,1,0,0,0
6652,6653,19,13,24.78,0,1,1,1,0,0,0,0,0,0,0,1,0,0,1,0,0
6653,6654,59,8,169.9,1,1,0,0,0,1,0,0,0,0,0,1,0,0,0,0,1
6654,6655,41,8,45.23,1,0,0,1,1,1,0,0,0,0,0,1,0,0,0,0,0
6655,6656,21,4,203.52,0,0,1,0,0,1,1,0,0,0,0,1,0,0,0,0,0
6656,6657,61,7,28.17,0,0,0,0,0,0,0,0,0,0,0,0,0,1,0,0,1
6657,6658,36,5,56.16,0,0,0,1,0,0,1,0,0,0,0,0,0,1,1,0,0
6658,6659,43,9,143.08,0,0,1,0,0,0,1,0,0,0,0,0,1,0,1,0,0
6659,6660,28,2,253.23,0,0,1,0,0,0,0,0,0,0,0,0,0,1,1,0,0
6660,6661,57,1,58.74,1,0,0,0,0,0,0,0,0,0,0,0,0,0,0,0,0
6661,6662,67,11,156.36,0,0,0,0,0,0,0,0,0,0,0,0,0,0,0,0,0
6662,6663,60,9,163.54,0,0,1,0,0,1,0,0,1,0,0,0,0,0,1,0,0
6663,6664,28,10,127.14,1,0,0,0,0,0,0,0,0,0,0,0,0,0,0,0,0
6664,6665,62,10,214.59,1,0,0,1,0,0,0,0,0,0,0,1,0,0,1,0,0
6665,6666,20,2,75.72,0,0,1,0,0,1,1,0,0,1,0,0,0,0,0,0,1
6666,6667,29,12,197.46,0,0,1,0,0,1,1,0,0,0,1,0,0,0,0,0,0
6667,6668,20,1,65.57,0,0,1,0,0,1,0,0,0,0,0,1,0,0,0,0,0
6668,6669,59,11,209.11,1,0,1,0,0,1,1,0,0,0,0,0,0,1,1,0,0
6669,6670,44,12,234.79,1,0,0,1,0,0,0,1,0,0,0,0,0,0,0,1,0
6670,6671,66,14,62.4,0,0,0,1,0,1,1,0,0,1,0,0,0,0,0,0,1
6671,6672,19,3,33.17,0,0,0,1,0,1,0,0,0,0,0,0,0,1,1,0,0
6672,6673,66,1,71.38,0,0,0,0,0,0,1,0,0,1,0,0,0,0,0,1,0
6673,6674,33,7,73.31,0,0,1,0,0,0,1,0,0,0,0,0,1,0,0,0,0
6674,6675,19,7,82.46,0,0,1,0,0,0,0,1,0,0,0,0,0,0,1,0,0
6675,6676,47,11,272.62,0,0,0,0,0,0,0,1,0,0,0,1,0,0,0,1,0
6676,6677,37,8,50.59,0,1,0,1,0,0,0,0,0,0,0,1,0,0,0,1,0
6677,6678,55,2,57.15,1,0,0,0,0,0,1,0,0,0,0,1,0,0,0,0,0
6678,6679,45,7,211.49,0,1,0,0,0,0,0,1,0,1,0,0,0,0,1,0,0
6679,6680,42,10,134.78,0,0,0,0,0,0,1,0,0,1,0,0,0,0,0,1,0
6680,6681,49,14,170.17,0,1,1,0,1,0,1,0,0,0,0,0,0,1,1,0,0
6681,6682,27,11,308.2,1,0,1,0,0,0,0,0,0,0,0,0,0,1,0,0,0
6682,6683,59,10,17.36,1,1,0,0,0,0,0,0,0,0,1,0,0,0,0,1,0
6683,6684,57,7,94.12,0,0,0,0,0,1,1,0,0,0,0,0,1,0,0,0,0
6684,6685,50,12,203.13,1,0,1,1,0,0,1,0,0,0,0,0,0,1,0,0,0
6685,6686,30,14,350.26,0,1,1,0,0,1,0,1,0,1,0,0,0,0,0,0,1
6686,6687,58,3,76.11,0,1,0,1,0,1,0,1,0,0,1,0,0,0,0,0,1
6687,6688,59,9,103.54,0,1,0,1,1,1,0,0,0,0,0,0,0,1,0,1,0
6688,6689,64,2,327.3,0,1,0,0,1,1,1,0,0,0,0,0,0,0,0,0,0
6689,6690,54,12,127.96,0,0,0,0,0,0,0,0,0,0,0,0,0,1,0,0,1
6690,6691,33,15,27.21,0,0,1,1,0,0,1,0,0,0,0,1,0,0,0,0,0
6691,6692,62,3,116.08,0,0,1,1,0,1,1,0,0,0,1,0,0,0,0,0,0
6692,6693,39,2,28.74,1,1,0,0,1,0,0,0,1,0,0,0,0,0,0,1,0
6693,6694,37,2,77.2,0,0,0,0,0,1,0,0,0,0,0,0,0,0,1,0,0
6694,6695,67,14,106.82,1,1,0,0,0,1,0,0,0,0,0,1,0,0,0,0,0
6695,6696,60,3,366.97,1,0,0,0,0,0,0,0,0,0,0,0,0,0,1,0,0
6696,6697,44,10,318.09,0,1,0,0,0,0,0,1,0,0,0,0,0,1,0,0,0
6697,6698,58,7,375.32,1,0,0,0,0,1,0,0,0,0,0,0,0,1,0,1,0
6698,6699,33,13,72.32,0,0,0,0,0,0,0,0,0,0,1,0,0,0,0,1,0
6699,6700,51,6,98.81,0,0,0,0,0,0,0,0,0,0,0,0,0,1,0,0,1
6700,6701,49,12,169.44,0,0,0,0,0,1,0,1,0,1,0,0,0,0,0,0,1
6701,6702,43,9,260.7,0,0,0,0,0,1,0,0,0,0,0,0,0,0,1,0,0
6702,6703,42,10,162.48,1,0,0,0,0,0,0,0,0,0,1,0,0,0,0,1,0
6703,6704,19,15,112.48,0,0,1,0,0,0,1,0,0,0,0,1,0,0,0,0,0
6704,6705,29,11,131.38,1,1,1,0,0,1,0,0,0,0,0,1,0,0,0,0,0
6705,6706,57,10,146.74,1,0,1,0,0,1,0,0,0,0,0,0,0,0,0,0,0
6706,6707,26,14,223.57,1,0,0,0,0,1,1,0,0,0,0,1,0,0,0,0,1
6707,6708,29,3,48.35,1,0,1,0,0,1,0,0,0,0,0,1,0,0,0,1,0
6708,6709,43,13,51.19,0,0,0,0,1,0,0,1,1,0,0,0,0,0,1,0,0
6709,6710,26,5,224.5,0,1,0,1,0,0,1,0,0,0,0,0,0,0,0,0,0
6710,6711,27,15,40.8,0,0,0,0,0,1,1,0,0,1,0,0,0,0,0,0,0
6711,6712,49,9,171.22,0,0,0,1,0,1,0,0,0,0,0,0,1,0,1,0,0
6712,6713,51,3,65.22,0,0,0,1,0,0,1,0,0,0,0,0,1,0,0,0,0
6713,6714,65,13,163.86,0,0,0,0,1,0,1,0,0,0,0,0,0,1,0,1,0
6714,6715,37,8,91.47,0,1,0,0,0,1,0,0,0,0,0,0,0,1,0,0,0
6715,6716,56,9,76.49,0,1,0,0,0,0,0,0,0,0,1,0,0,0,0,0,1
6716,6717,19,13,210.53,0,1,1,0,0,1,1,0,0,1,0,0,0,0,0,0,0
6717,6718,18,15,132.08,0,0,1,0,0,0,1,0,0,0,0,0,0,0,0,1,0
6718,6719,68,11,107.74,0,0,0,0,0,0,0,1,0,1,0,0,0,0,1,0,0
6719,6720,53,9,34.05,1,0,0,0,0,0,1,0,0,0,0,0,0,0,0,1,0
6720,6721,41,13,95.21,1,1,0,0,0,1,1,0,0,0,0,1,0,0,0,0,0
6721,6722,44,6,114.53,0,0,0,0,0,1,0,0,0,0,0,0,0,0,0,0,0
6722,6723,19,13,92.2,0,0,0,0,0,1,1,0,0,1,0,0,0,0,0,0,0
6723,6724,48,11,204.95,1,1,0,0,0,1,0,1,0,0,0,0,0,1,0,0,0
6724,6725,31,6,108.72,0,0,0,0,0,0,1,0,1,0,0,0,0,0,1,0,0
6725,6726,19,6,281.9,0,1,1,0,0,0,0,0,1,0,0,0,0,0,0,1,0
6726,6727,46,5,95.76,0,0,0,0,0,1,0,0,0,0,0,0,1,0,0,0,0
6727,6728,32,7,157.13,1,0,0,0,0,1,0,0,0,0,0,1,0,0,0,1,0
6728,6729,29,8,92.73,0,1,1,0,0,1,1,0,0,0,0,0,0,0,0,0,0
6729,6730,54,7,173.05,0,0,0,0,0,1,0,1,1,0,0,0,0,0,0,1,0
6730,6731,45,3,92.74,1,0,0,0,0,0,0,0,0,0,0,0,1,0,0,0,0
6731,6732,37,11,81.63,0,1,1,0,0,0,0,0,0,0,0,0,1,0,0,0,0
6732,6733,56,7,81.09,0,0,0,0,0,1,1,0,0,1,0,0,0,0,0,1,0
6733,6734,41,9,110.6,0,0,1,1,0,0,0,1,0,1,0,0,0,0,0,0,0
6734,6735,38,9,110.42,0,0,1,0,0,0,1,0,0,0,0,1,0,0,0,0,0
6735,6736,27,4,85.24,1,0,0,0,0,1,0,0,0,1,0,0,0,0,0,0,0
6736,6737,63,9,204.7,0,0,0,1,0,0,0,0,0,0,0,0,0,0,0,0,0
6737,6738,31,4,34.63,0,0,1,0,0,1,1,0,0,0,0,1,0,0,0,0,0
6738,6739,54,10,83.99,1,0,1,0,0,0,1,0,0,1,0,0,0,0,1,0,0
6739,6740,35,2,105.03,0,0,0,0,0,1,0,0,0,0,0,0,1,0,1,0,0
6740,6741,41,6,306.51,0,0,1,0,0,1,1,0,0,0,0,0,0,1,0,0,0
6741,6742,31,8,170.98,0,0,0,0,1,1,1,0,0,0,0,1,0,0,0,0,1
6742,6743,51,2,100.04,0,0,0,0,0,0,1,0,0,0,0,0,0,1,0,0,1
6743,6744,29,9,55.55,0,0,0,1,0,0,0,0,0,0,1,0,0,0,0,1,0
6744,6745,39,6,90.22,0,1,0,1,0,0,0,1,0,1,0,0,0,0,0,1,0
6745,6746,23,8,145.14,1,0,0,0,0,0,1,0,0,0,0,0,1,0,1,0,0
6746,6747,53,6,128.09,0,0,0,1,0,1,1,0,0,0,0,0,0,0,0,1,0
6747,6748,62,3,140.34,0,0,0,0,0,0,1,0,0,0,0,0,0,1,1,0,0
6748,6749,53,4,286.81,1,1,0,0,0,0,0,1,0,0,0,1,0,0,0,0,1
6749,6750,39,1,100.06,0,0,0,0,0,0,1,0,1,0,0,0,0,0,1,0,0
6750,6751,31,3,23.67,1,0,0,0,0,1,1,0,0,0,0,0,0,1,0,1,0
6751,6752,33,8,50.23,0,0,0,1,0,0,0,0,0,1,0,0,0,0,1,0,0
6752,6753,53,1,47.43,1,0,0,0,0,1,0,0,0,1,0,0,0,0,0,0,0
6753,6754,42,5,308.4,0,1,1,0,0,1,0,0,0,0,0,0,0,1,0,0,1
6754,6755,49,10,46.31,0,1,0,0,0,1,0,1,0,0,1,0,0,0,0,0,0
6755,6756,50,9,228.32,1,0,0,0,0,1,0,1,0,1,0,0,0,0,0,0,0
6756,6757,62,3,326.97,1,0,0,0,0,0,0,0,0,0,0,1,0,0,1,0,0
6757,6758,53,10,119.11,1,1,0,1,0,1,0,0,0,0,0,0,0,1,0,1,0
6758,6759,37,2,85.14,1,1,0,1,0,1,0,0,0,0,0,0,0,1,0,1,0
6759,6760,35,5,120.47,0,0,0,0,0,1,0,1,0,0,0,0,0,1,0,1,0
6760,6761,55,12,20.25,1,1,0,0,0,1,0,0,0,1,0,0,0,0,0,0,0
6761,6762,20,14,108.56,0,0,1,0,0,0,1,0,0,0,0,0,0,0,0,0,1
6762,6763,40,2,58.93,0,0,0,0,0,0,0,1,0,0,0,0,0,1,0,0,0
6763,6764,49,10,149.54,0,0,0,0,0,1,1,0,0,0,0,0,1,0,0,1,0
6764,6765,62,2,114.77,0,0,0,0,0,1,1,0,0,0,0,0,0,0,1,0,0
6765,6766,33,12,63.53,0,0,0,0,0,0,1,0,0,0,0,0,0,1,0,1,0
6766,6767,22,9,59.3,0,0,1,0,0,0,1,0,0,0,0,0,0,1,0,0,0
6767,6768,21,13,186.31,0,0,0,1,0,0,1,0,0,0,0,0,0,1,0,0,0
6768,6769,38,10,117.65,1,1,0,0,1,1,0,0,0,0,0,0,0,1,0,0,0
6769,6770,57,11,100.55,0,1,0,0,0,1,0,1,0,0,0,0,0,0,0,1,0
6770,6771,68,9,90.11,1,0,1,1,0,1,1,0,1,0,0,0,0,0,0,1,0
6771,6772,31,1,70.38,1,0,0,1,0,0,0,0,1,0,0,0,0,0,1,0,0
6772,6773,56,4,84.31,1,0,0,1,0,0,0,0,0,0,0,0,1,0,0,1,0
6773,6774,48,5,69.37,0,0,0,1,0,0,0,0,0,1,0,0,0,0,1,0,0
6774,6775,31,12,175.37,0,0,0,0,0,0,1,0,0,1,0,0,0,0,1,0,0
6775,6776,23,2,237.96,0,0,0,0,0,1,0,0,0,0,1,0,0,0,0,1,0
6776,6777,29,11,131.31,0,1,1,0,0,0,1,0,0,0,0,1,0,0,0,0,1
6777,6778,33,9,62.18,1,0,0,1,0,1,0,0,0,1,0,0,0,0,0,1,0
6778,6779,34,9,92.0,0,1,1,0,0,1,0,0,0,1,0,0,0,0,1,0,0
6779,6780,62,11,23.7,0,0,1,0,0,1,1,0,0,1,0,0,0,0,0,0,0
6780,6781,40,8,334.84,0,1,0,1,1,0,1,0,0,0,0,1,0,0,0,1,0
6781,6782,31,6,119.77,0,0,1,1,0,0,0,1,1,0,0,0,0,0,0,0,1
6782,6783,24,1,208.42,0,0,0,0,0,0,1,0,0,0,0,0,0,1,0,0,1
6783,6784,63,14,81.26,0,0,0,0,0,1,0,0,0,0,0,0,0,1,0,0,0
6784,6785,49,10,66.06,1,1,0,0,1,1,1,0,0,1,0,0,0,0,0,0,0
6785,6786,32,5,208.28,0,0,0,0,0,0,0,0,0,0,0,0,0,1,0,0,1
6786,6787,61,8,129.91,0,1,0,0,0,0,0,0,0,0,0,0,0,0,1,0,0
6787,6788,34,12,344.09,1,1,0,0,0,1,0,0,0,0,0,1,0,0,0,1,0
6788,6789,58,15,61.72,0,0,0,0,0,1,1,0,0,1,0,0,0,0,0,0,0
6789,6790,64,4,72.55,0,0,0,0,0,1,0,0,0,0,0,1,0,0,1,0,0
6790,6791,61,8,143.06,0,0,0,0,0,0,0,0,0,1,0,0,0,0,1,0,0
6791,6792,51,6,59.6,0,1,0,0,0,0,0,0,0,0,0,1,0,0,0,0,1
6792,6793,22,1,72.69,1,1,1,0,0,0,0,0,0,0,0,1,0,0,0,0,0
6793,6794,62,1,60.62,1,0,0,0,0,0,0,0,0,0,0,0,0,1,1,0,0
6794,6795,44,3,304.75,1,0,1,0,0,1,0,0,0,0,0,1,0,0,0,1,0
6795,6796,69,1,66.77,0,0,0,1,0,0,0,0,0,1,0,0,0,0,1,0,0
6796,6797,40,4,152.46,1,0,0,0,0,0,0,0,0,1,0,0,0,0,0,0,0
6797,6798,57,3,28.11,0,0,0,0,0,1,0,0,0,0,0,0,0,1,0,1,0
6798,6799,31,7,126.62,0,0,1,1,1,0,1,0,0,1,0,0,0,0,1,0,0
6799,6800,32,11,75.4,0,0,1,0,0,1,1,0,0,0,0,0,1,0,0,1,0
6800,6801,60,10,191.06,1,1,0,0,0,0,1,0,0,0,0,0,0,1,0,0,0
6801,6802,50,15,245.04,0,0,0,0,0,1,0,1,0,0,0,1,0,0,0,0,0
6802,6803,70,7,116.19,0,1,0,0,0,0,0,0,1,0,0,0,0,0,1,0,0
6803,6804,48,11,177.83,0,0,0,0,0,1,0,0,0,1,0,0,0,0,0,0,0
6804,6805,52,7,54.02,1,0,1,0,0,0,1,0,0,0,0,0,0,1,0,1,0
6805,6806,34,2,219.17,1,0,0,1,1,0,1,0,0,0,0,0,0,1,0,1,0
6806,6807,45,5,36.59,0,1,0,0,0,1,0,1,0,0,0,0,0,1,1,0,0
6807,6808,36,1,188.6,0,0,0,0,0,0,0,1,0,0,0,0,0,1,0,1,0
6808,6809,63,6,156.48,1,0,0,0,0,0,0,0,0,0,0,1,0,0,1,0,0
6809,6810,40,13,288.82,0,0,1,0,0,1,0,1,0,0,0,0,0,1,0,0,1
6810,6811,49,8,76.48,0,0,1,0,0,1,0,1,0,0,0,1,0,0,0,0,0
6811,6812,57,7,42.31,0,1,0,0,0,0,0,0,0,0,0,0,0,1,1,0,0
6812,6813,30,1,96.49,0,0,0,0,0,0,0,1,0,0,0,0,0,1,0,0,0
6813,6814,37,8,78.25,0,0,0,1,0,0,0,0,0,0,0,0,0,1,0,0,0
6814,6815,52,12,96.06,1,0,1,1,0,0,1,0,0,0,0,0,0,1,0,1,0
6815,6816,22,14,153.7,0,0,0,0,0,1,0,0,0,0,0,0,0,1,0,0,0
6816,6817,26,14,74.9,1,0,0,0,0,1,0,0,0,0,0,1,0,0,0,0,1
6817,6818,46,15,96.91,0,0,1,1,1,0,1,0,0,0,0,1,0,0,0,0,1
6818,6819,23,9,152.95,0,0,1,0,1,1,0,0,0,0,0,0,0,1,0,0,1
6819,6820,42,13,125.78,0,1,1,1,0,1,1,0,0,0,0,1,0,0,0,0,1
6820,6821,48,11,118.75,0,0,0,1,0,1,1,0,0,0,0,0,0,1,0,1,0
6821,6822,39,14,102.12,0,0,0,0,0,0,0,0,0,0,0,0,0,1,0,1,0
6822,6823,19,2,197.92,0,0,0,0,0,0,0,0,0,0,0,0,1,0,0,0,0
6823,6824,62,1,95.81,0,0,1,1,1,1,1,0,1,0,0,0,0,0,1,0,0
6824,6825,22,6,32.36,0,0,0,0,0,0,1,0,0,0,0,0,1,0,0,0,0
6825,6826,44,13,236.13,0,0,1,0,0,0,1,0,0,0,0,0,0,1,0,0,1
6826,6827,42,5,40.64,0,0,1,0,0,0,1,0,0,0,1,0,0,0,1,0,0
6827,6828,25,14,156.5,1,0,1,0,0,0,1,0,0,0,0,1,0,0,1,0,0
6828,6829,18,7,184.24,0,0,0,0,0,1,0,0,0,0,0,0,0,0,0,1,0
6829,6830,37,5,135.25,1,0,0,0,0,1,1,0,0,0,1,0,0,0,0,1,0
6830,6831,61,3,83.07,0,1,0,0,0,0,0,1,0,0,0,0,1,0,0,0,0
6831,6832,40,15,247.99,0,1,0,0,0,0,1,0,0,0,0,1,0,0,0,0,1
6832,6833,49,10,39.14,0,1,0,0,0,1,1,0,0,0,0,0,1,0,0,0,0
6833,6834,28,8,60.07,0,0,1,1,0,0,1,0,0,1,0,0,0,0,1,0,0
6834,6835,56,7,161.2,0,0,0,0,0,1,1,0,0,0,0,1,0,0,0,0,1
6835,6836,64,5,78.53,1,0,1,0,0,1,1,0,0,0,0,0,0,1,0,1,0
6836,6837,41,1,68.84,0,1,0,0,0,0,1,0,0,0,1,0,0,0,0,1,0
6837,6838,28,11,176.03,0,0,0,1,0,1,1,0,0,0,0,1,0,0,0,0,0
6838,6839,46,3,190.31,1,0,0,1,0,1,0,0,0,0,0,0,1,0,0,0,0
6839,6840,43,15,226.75,0,0,1,0,0,0,1,0,0,1,0,0,0,0,0,0,1
6840,6841,33,9,44.39,0,0,0,0,0,0,0,1,0,0,0,0,1,0,0,1,0
6841,6842,52,1,79.15,0,1,0,1,0,1,0,0,0,1,0,0,0,0,0,0,0
6842,6843,37,15,290.55,0,0,0,1,0,0,0,1,0,0,0,1,0,0,0,0,0
6843,6844,63,5,22.16,1,0,0,1,0,1,0,0,0,0,0,0,1,0,0,0,0
6844,6845,20,4,500.0,1,0,0,0,1,1,0,0,0,0,0,0,0,1,0,1,0
6845,6846,18,12,59.77,0,0,1,0,1,0,1,0,0,1,0,0,0,0,1,0,0
6846,6847,70,15,241.56,1,0,0,1,1,0,1,0,0,0,0,0,0,0,0,0,0
6847,6848,64,8,178.71,0,0,0,0,0,0,1,0,0,1,0,0,0,0,1,0,0
6848,6849,18,2,95.91,0,1,1,0,0,0,0,0,0,1,0,0,0,0,0,0,0
6849,6850,34,4,174.52,1,0,0,0,0,1,0,0,0,0,0,0,0,1,0,0,0
6850,6851,19,10,35.35,0,0,1,0,0,1,1,0,0,0,0,0,0,1,0,0,1
6851,6852,46,14,176.64,1,0,0,1,0,1,0,0,0,0,0,0,1,0,0,1,0
6852,6853,37,15,150.22,0,0,1,0,0,0,1,0,1,0,0,0,0,0,0,1,0
6853,6854,23,13,239.2,0,0,1,0,0,1,1,0,0,0,0,1,0,0,0,0,0
6854,6855,25,6,127.12,0,0,1,0,0,1,1,0,0,0,0,0,0,1,1,0,0
6855,6856,46,15,99.39,0,1,1,0,0,1,0,0,0,0,0,0,1,0,0,0,0
6856,6857,65,8,156.4,1,0,0,1,0,0,0,0,0,0,0,0,0,0,0,0,0
6857,6858,68,2,144.95,1,0,0,0,0,1,0,0,0,0,0,0,1,0,0,1,0
6858,6859,50,12,80.0,0,0,0,0,0,1,0,0,0,1,0,0,0,0,0,1,0
6859,6860,20,12,109.57,0,0,0,0,0,0,1,0,0,0,0,0,0,1,0,1,0
6860,6861,52,9,190.3,1,0,0,0,0,1,1,0,0,0,0,1,0,0,0,0,1
6861,6862,22,12,164.45,0,0,1,1,0,0,0,0,0,1,0,0,0,0,1,0,0
6862,6863,44,7,40.69,0,0,0,0,0,0,0,0,1,0,0,0,0,0,0,1,0
6863,6864,61,7,72.54,1,0,0,0,0,1,0,0,0,0,0,1,0,0,0,1,0
6864,6865,29,2,80.84,0,1,0,0,0,0,1,0,0,1,0,0,0,0,0,1,0
6865,6866,37,8,146.46,0,0,0,1,0,1,0,0,0,0,0,1,0,0,0,0,0
6866,6867,62,9,148.08,0,1,0,0,0,1,0,1,0,0,0,0,0,0,1,0,0
6867,6868,37,10,99.82,0,0,0,0,0,0,0,0,0,0,0,0,0,1,0,0,0
6868,6869,26,11,75.81,1,0,0,0,0,0,0,0,0,1,0,0,0,0,0,1,0
6869,6870,56,12,121.67,1,0,0,1,0,1,0,0,0,0,0,0,0,1,0,0,0
6870,6871,21,5,42.56,0,0,1,0,0,1,1,0,0,0,0,0,0,1,0,1,0
6871,6872,68,15,300.89,0,1,0,0,0,1,1,0,0,0,0,0,0,1,0,0,0
6872,6873,36,4,109.27,0,0,0,0,0,1,1,0,0,0,0,0,0,1,1,0,0
6873,6874,55,14,231.8,0,0,0,0,0,0,0,0,0,0,0,0,0,1,0,0,0
6874,6875,44,3,160.29,1,0,0,0,0,0,0,0,0,0,0,0,1,0,0,1,0
6875,6876,62,13,183.23,1,1,0,0,0,1,0,0,0,0,0,0,0,1,0,0,0
6876,6877,60,13,255.58,0,0,1,0,1,1,1,0,0,1,0,0,0,0,1,0,0
6877,6878,30,6,153.26,1,0,0,0,0,0,0,0,0,1,0,0,0,0,0,1,0
6878,6879,30,15,236.85,0,0,1,0,0,1,1,0,0,0,0,0,0,1,0,1,0
6879,6880,39,1,189.4,0,0,0,0,0,1,0,0,0,0,1,0,0,0,0,0,0
6880,6881,45,10,99.03,1,0,0,0,0,1,0,0,0,0,0,1,0,0,0,0,0
6881,6882,69,12,93.62,0,0,1,0,0,0,1,0,0,0,0,0,1,0,0,1,0
6882,6883,64,9,141.67,1,1,0,0,0,1,0,0,0,0,0,0,0,0,0,1,0
6883,6884,70,6,116.24,1,0,0,0,0,1,1,0,0,0,0,1,0,0,0,1,0
6884,6885,62,9,85.72,0,0,0,0,1,1,0,0,0,0,1,0,0,0,0,0,0
6885,6886,39,3,102.11,1,0,0,1,0,1,0,0,0,1,0,0,0,0,0,1,0
6886,6887,60,10,110.16,0,1,0,0,1,1,0,1,0,0,0,0,0,0,1,0,0
6887,6888,36,13,86.58,1,0,0,0,0,1,0,0,0,0,0,0,0,0,0,0,0
6888,6889,25,4,225.8,0,0,1,0,1,1,1,0,0,0,1,0,0,0,0,0,0
6889,6890,69,10,27.92,1,0,0,1,0,0,1,0,0,0,0,0,0,1,0,0,0
6890,6891,25,13,196.4,0,0,1,0,0,0,0,0,0,0,0,1,0,0,1,0,0
6891,6892,59,7,257.65,0,0,0,0,0,1,0,1,0,0,0,0,0,1,0,0,1
6892,6893,43,15,442.0,0,0,0,0,0,0,0,0,1,0,0,0,0,0,1,0,0
6893,6894,65,9,219.8,1,0,1,0,0,0,1,0,0,0,0,1,0,0,0,0,0
6894,6895,68,5,69.69,0,0,0,0,0,0,1,0,1,0,0,0,0,0,1,0,0
6895,6896,43,11,73.01,0,0,0,0,0,0,0,1,1,0,0,0,0,0,0,0,0
6896,6897,40,15,215.76,0,0,0,1,1,0,1,0,0,0,0,0,0,0,0,0,0
6897,6898,60,15,160.19,1,0,0,0,0,0,1,0,0,0,0,1,0,0,0,1,0
6898,6899,30,10,105.17,0,0,1,0,0,1,1,0,0,0,0,1,0,0,0,0,0
6899,6900,45,11,92.17,1,1,0,0,1,1,0,0,0,0,0,0,0,0,0,1,0
6900,6901,26,14,192.67,0,0,0,0,0,1,1,0,0,1,0,0,0,0,0,1,0
6901,6902,37,2,26.54,1,1,0,1,0,0,0,0,0,0,0,0,0,1,0,1,0
6902,6903,36,3,75.55,0,0,1,1,1,1,1,0,0,1,0,0,0,0,0,0,1
6903,6904,65,2,97.32,0,0,0,0,0,1,1,0,0,0,1,0,0,0,0,1,0
6904,6905,56,2,258.46,1,1,1,0,0,1,0,1,0,0,0,0,0,1,0,0,0
6905,6906,68,12,110.02,1,0,1,0,0,0,1,0,0,0,0,0,1,0,0,0,1
6906,6907,29,11,42.45,0,1,1,0,0,0,1,0,0,0,0,0,0,1,1,0,0
6907,6908,32,6,111.64,1,0,0,0,0,1,0,0,0,0,0,0,0,0,0,0,0
6908,6909,48,8,40.02,0,1,0,0,1,1,0,0,0,0,0,0,0,1,1,0,0
6909,6910,31,5,54.46,1,0,1,1,0,1,1,0,0,0,0,0,0,0,0,0,0
6910,6911,28,14,215.02,0,0,1,1,1,1,1,0,0,0,0,0,0,1,0,1,0
6911,6912,43,7,48.91,0,0,1,1,0,0,1,0,0,0,0,1,0,0,1,0,0
6912,6913,59,10,87.51,0,0,0,0,0,1,1,0,0,0,0,1,0,0,0,1,0
6913,6914,44,9,188.49,0,0,0,0,0,0,0,0,0,0,0,0,1,0,1,0,0
6914,6915,28,10,177.88,0,0,1,0,0,1,1,0,0,0,0,1,0,0,0,1,0
6915,6916,55,7,217.47,0,1,0,0,0,1,0,0,1,0,0,0,0,0,1,0,0
6916,6917,51,4,95.37,1,0,0,0,0,1,0,0,0,0,0,0,1,0,0,0,0
6917,6918,60,3,107.77,1,0,0,1,0,0,0,0,0,0,0,0,0,1,0,0,1
6918,6919,36,8,228.46,1,0,0,1,1,0,1,0,0,0,0,0,0,1,0,0,0
6919,6920,23,2,270.42,0,0,0,0,0,1,1,0,0,0,0,0,0,1,0,0,1
6920,6921,63,7,94.06,0,0,0,0,0,1,0,0,0,1,0,0,0,0,0,0,0
6921,6922,69,6,141.3,0,0,0,0,0,1,1,0,0,0,0,0,0,0,1,0,0
6922,6923,55,3,134.1,1,0,0,0,0,1,0,0,0,0,1,0,0,0,1,0,0
6923,6924,66,14,105.66,1,1,0,1,0,0,1,0,0,0,0,0,0,0,0,1,0
6924,6925,59,4,181.34,0,0,1,1,0,1,1,0,0,0,0,0,1,0,1,0,0
6925,6926,45,2,260.58,1,1,0,1,0,1,0,0,0,0,0,0,0,1,0,1,0
6926,6927,18,1,215.2,1,1,1,0,0,1,0,1,0,0,0,0,0,1,0,0,0
6927,6928,52,11,22.44,0,0,0,0,0,0,0,0,0,0,0,0,1,0,1,0,0
6928,6929,57,7,100.2,0,0,0,0,0,1,1,0,0,0,0,0,0,1,0,0,1
6929,6930,25,13,65.33,0,0,0,0,0,0,1,0,1,0,0,0,0,0,0,0,0
6930,6931,69,7,61.39,1,0,0,0,0,1,0,0,0,0,0,0,0,1,0,0,0
6931,6932,64,7,34.68,0,0,1,0,1,1,1,0,1,0,0,0,0,0,0,0,0
6932,6933,24,6,114.99,0,0,1,0,0,0,0,0,0,0,0,0,1,0,1,0,0
6933,6934,28,11,31.79,0,0,0,0,0,0,0,1,0,0,0,1,0,0,0,0,1
6934,6935,56,15,73.96,0,1,1,0,1,1,0,0,1,0,0,0,0,0,1,0,0
6935,6936,21,10,180.18,0,0,0,0,0,1,0,0,0,1,0,0,0,0,0,0,0
6936,6937,42,7,178.78,1,0,0,0,0,0,1,0,0,0,0,0,0,1,0,1,0
6937,6938,29,11,141.2,0,0,1,0,0,0,0,0,0,0,0,0,0,1,0,1,0
6938,6939,43,8,287.85,0,0,0,0,1,1,1,0,0,0,0,0,0,1,1,0,0
6939,6940,55,15,355.94,1,0,0,0,0,1,0,1,0,1,0,0,0,0,0,0,1
6940,6941,63,8,111.43,0,0,0,0,0,0,1,0,1,0,0,0,0,0,1,0,0
6941,6942,29,5,500.0,0,0,1,0,0,1,0,0,0,0,0,0,0,1,0,0,1
6942,6943,60,2,259.7,0,0,0,0,0,0,1,0,1,0,0,0,0,0,0,0,0
6943,6944,68,7,76.56,1,0,0,0,0,0,0,1,1,0,0,0,0,0,1,0,0
6944,6945,70,2,209.2,0,1,0,0,0,0,0,0,0,0,0,1,0,0,0,0,0
6945,6946,54,11,77.69,0,0,0,0,0,1,1,0,1,0,0,0,0,0,0,0,0
6946,6947,63,15,307.67,1,0,1,0,0,0,0,0,0,0,0,0,1,0,1,0,0
6947,6948,70,5,214.22,0,0,0,1,0,1,0,1,0,0,0,0,0,0,0,0,0
6948,6949,41,8,197.28,0,0,1,0,1,0,1,0,0,0,0,1,0,0,1,0,0
6949,6950,33,7,76.43,1,0,1,0,0,1,1,0,0,0,0,1,0,0,1,0,0
6950,6951,30,9,53.26,0,0,1,0,1,1,0,1,0,0,0,0,0,1,1,0,0
6951,6952,42,5,44.52,0,1,0,0,0,1,0,0,0,0,0,0,0,1,1,0,0
6952,6953,69,6,170.53,1,1,0,1,0,1,0,0,0,0,0,0,0,0,0,0,0
6953,6954,21,10,131.69,0,1,1,0,0,1,0,0,0,0,0,0,0,1,0,0,0
6954,6955,28,14,68.53,0,0,0,1,1,1,0,0,0,0,1,0,0,0,0,1,0
6955,6956,49,13,222.93,0,0,1,1,0,0,1,0,0,0,0,0,0,0,0,1,0
6956,6957,66,12,174.81,0,0,0,1,0,0,1,0,0,1,0,0,0,0,0,0,0
6957,6958,24,6,121.64,0,0,1,0,1,1,0,0,0,0,0,0,0,1,0,1,0
6958,6959,63,1,182.47,1,0,0,0,0,0,1,0,0,1,0,0,0,0,0,0,0
6959,6960,28,12,182.24,0,0,0,1,0,0,1,0,0,1,0,0,0,0,0,0,0
6960,6961,45,7,107.53,0,0,0,0,0,1,0,0,0,0,0,0,0,1,0,1,0
6961,6962,58,15,92.09,0,0,0,1,0,0,0,0,0,0,1,0,0,0,0,0,0
6962,6963,40,10,173.22,0,0,0,0,0,1,1,0,0,0,0,0,0,1,0,0,0
6963,6964,62,15,182.52,0,0,0,0,0,0,1,0,0,0,0,1,0,0,0,1,0
6964,6965,40,7,79.26,0,1,0,0,0,1,0,1,0,0,0,0,0,1,0,0,0
6965,6966,67,4,304.67,0,0,0,1,0,1,0,0,1,0,0,0,0,0,0,0,0
6966,6967,45,6,158.28,0,0,0,0,1,1,1,0,0,0,0,1,0,0,0,0,0
6967,6968,60,12,90.64,0,0,0,0,0,0,1,0,0,0,0,1,0,0,0,0,0
6968,6969,64,6,90.12,1,0,0,0,0,1,0,0,0,0,0,0,1,0,0,0,0
6969,6970,43,3,59.79,0,0,0,0,0,1,0,0,0,0,0,1,0,0,0,1,0
6970,6971,42,14,136.65,0,0,0,0,0,1,0,0,0,0,0,0,0,1,0,1,0
6971,6972,46,14,68.37,0,0,0,0,0,1,0,0,0,1,0,0,0,0,1,0,0
6972,6973,36,15,115.47,1,0,0,0,1,0,0,0,0,0,0,0,0,1,0,0,0
6973,6974,50,12,167.7,0,0,0,1,0,1,1,0,0,0,0,0,0,0,1,0,0
6974,6975,53,8,107.41,0,0,0,0,0,1,1,0,0,1,0,0,0,0,0,0,0
6975,6976,31,12,133.42,0,0,1,0,0,0,1,0,0,0,0,0,1,0,0,0,1
6976,6977,31,11,149.38,0,1,0,1,0,1,0,0,0,0,0,0,0,1,0,0,0
6977,6978,52,6,92.16,0,0,0,0,0,1,1,0,0,0,0,0,0,1,1,0,0
6978,6979,47,10,196.06,0,0,0,0,0,1,1,0,0,0,1,0,0,0,0,1,0
6979,6980,45,8,186.27,0,1,0,1,0,0,0,1,0,0,1,0,0,0,0,0,0
6980,6981,34,5,152.71,0,1,0,1,0,1,0,1,0,0,1,0,0,0,0,0,0
6981,6982,20,15,215.84,0,0,1,0,0,1,1,0,0,0,0,0,0,0,0,1,0
6982,6983,33,10,41.68,1,0,0,0,1,1,1,0,0,0,0,0,0,1,0,1,0
6983,6984,63,9,86.71,1,0,0,0,0,1,0,0,1,0,0,0,0,0,0,0,1
6984,6985,47,4,90.23,0,0,0,0,0,1,0,0,0,0,0,0,0,1,0,0,1
6985,6986,69,1,359.86,0,0,0,0,0,1,1,0,0,0,0,0,0,1,1,0,0
6986,6987,46,10,113.99,0,0,0,0,1,1,1,0,0,0,0,0,0,1,1,0,0
6987,6988,62,7,44.03,0,0,0,1,0,0,1,0,0,0,0,1,0,0,0,1,0
6988,6989,32,13,244.73,0,0,0,1,0,0,1,0,0,0,0,0,0,1,1,0,0
6989,6990,63,8,36.13,0,1,0,0,0,0,1,0,0,0,0,0,1,0,0,0,0
6990,6991,42,5,374.56,1,1,0,0,0,0,0,0,0,0,0,0,0,1,0,0,0
6991,6992,68,5,95.94,1,0,1,0,0,0,0,0,0,0,0,0,0,1,1,0,0
6992,6993,55,1,176.58,0,0,0,1,1,0,0,0,0,1,0,0,0,0,0,1,0
6993,6994,59,15,303.16,0,1,0,0,0,1,1,0,0,1,0,0,0,0,1,0,0
6994,6995,64,3,132.59,0,0,0,0,0,0,1,0,0,0,1,0,0,0,0,0,0
6995,6996,70,1,342.66,0,0,0,1,1,0,0,1,0,0,1,0,0,0,0,0,0
6996,6997,69,8,176.37,0,0,0,0,0,0,1,0,0,0,0,0,0,1,0,0,1
6997,6998,55,5,99.0,1,0,0,0,0,1,0,0,0,0,1,0,0,0,1,0,0
6998,6999,40,12,212.74,0,0,0,1,0,0,0,0,0,0,0,1,0,0,0,1,0
6999,7000,42,4,27.22,0,0,1,0,0,0,1,0,0,1,0,0,0,0,1,0,0
7000,7001,59,14,91.17,0,1,0,0,0,0,0,1,0,0,0,1,0,0,0,0,0
7001,7002,24,7,74.23,1,0,0,0,0,1,0,0,1,0,0,0,0,0,0,1,0
7002,7003,39,9,109.01,0,0,0,0,0,1,1,0,0,0,0,0,0,1,1,0,0
7003,7004,34,6,130.37,0,0,0,0,0,1,0,0,0,0,0,0,0,1,0,1,0
7004,7005,35,14,85.41,0,0,0,1,0,0,0,0,0,1,0,0,0,0,0,1,0
7005,7006,66,9,154.46,0,1,0,1,0,1,0,1,0,0,0,0,0,1,0,1,0
7006,7007,58,6,48.35,1,0,0,0,0,1,0,0,0,1,0,0,0,0,0,0,0
7007,7008,27,10,206.19,0,0,1,0,1,0,1,0,0,0,0,1,0,0,0,1,0
7008,7009,27,9,89.54,0,0,0,0,0,0,0,0,0,0,0,0,1,0,1,0,0
7009,7010,24,7,304.26,0,0,1,0,0,0,1,0,0,1,0,0,0,0,0,0,0
7010,7011,65,15,45.26,0,0,0,0,0,1,1,0,0,0,0,0,0,1,0,0,0
7011,7012,67,9,67.81,1,0,0,1,0,0,0,1,0,0,0,0,1,0,0,1,0
7012,7013,55,13,42.5,0,0,1,0,0,0,0,0,0,1,0,0,0,0,0,0,0
7013,7014,44,14,89.94,0,0,0,1,0,0,0,0,0,0,0,0,1,0,0,0,0
7014,7015,69,4,51.51,1,0,1,0,0,1,1,0,0,0,1,0,0,0,0,0,0
7015,7016,50,5,380.06,1,0,0,0,0,1,0,0,0,0,1,0,0,0,0,1,0
7016,7017,18,12,154.36,0,0,1,0,0,1,1,0,0,0,0,1,0,0,0,1,0
7017,7018,61,5,54.26,0,0,0,0,0,1,1,0,0,1,0,0,0,0,0,1,0
7018,7019,70,15,102.67,1,0,0,0,0,1,0,0,0,0,0,0,0,1,1,0,0
7019,7020,51,15,84.13,0,0,0,0,0,0,1,0,0,0,0,1,0,0,0,1,0
7020,7021,21,10,79.3,0,0,0,0,1,0,1,0,0,0,1,0,0,0,0,0,0
7021,7022,34,14,191.31,0,0,0,1,0,1,0,1,0,0,0,0,0,1,0,0,0
7022,7023,21,8,182.89,0,0,1,0,0,1,0,0,0,0,0,0,0,1,0,0,1
7023,7024,60,15,64.37,0,0,0,0,0,1,0,0,0,0,0,0,1,0,1,0,0
7024,7025,43,11,260.17,1,0,0,1,1,0,0,0,0,0,0,0,0,1,0,0,1
7025,7026,21,13,166.92,0,0,0,0,0,0,0,0,0,0,0,0,0,1,1,0,0
7026,7027,18,13,47.33,1,1,0,0,0,0,0,0,1,0,0,0,0,0,1,0,0
7027,7028,24,11,137.75,0,0,0,0,0,1,0,1,0,0,0,0,0,1,1,0,0
7028,7029,47,7,93.77,0,0,0,0,0,1,0,0,0,0,0,0,0,1,0,0,0
7029,7030,67,2,253.96,0,0,0,1,0,1,0,0,0,0,0,0,0,0,0,0,0
7030,7031,26,11,135.29,0,1,1,0,0,1,0,0,0,0,0,0,1,0,0,0,0
7031,7032,52,2,209.93,1,0,0,0,0,0,0,0,0,1,0,0,0,0,0,0,0
7032,7033,25,7,248.76,0,0,1,0,0,0,0,0,0,1,0,0,0,0,1,0,0
7033,7034,41,12,181.18,0,0,0,0,0,0,1,0,0,0,0,1,0,0,0,1,0
7034,7035,36,13,35.73,0,0,0,0,0,1,1,0,0,0,0,0,0,0,0,1,0
7035,7036,53,10,119.63,1,0,0,0,0,0,0,0,0,0,0,0,0,1,1,0,0
7036,7037,67,4,422.3,0,0,1,1,0,1,0,0,0,0,0,0,0,1,1,0,0
7037,7038,69,7,153.58,1,0,0,0,0,1,1,0,0,0,0,1,0,0,1,0,0
7038,7039,60,9,116.78,1,0,0,0,0,0,0,0,0,0,0,0,1,0,0,0,1
7039,7040,44,10,75.59,1,1,1,0,0,0,0,0,0,0,0,0,1,0,0,1,0
7040,7041,49,11,309.13,1,0,0,1,0,0,0,1,0,0,0,1,0,0,0,1,0
7041,7042,31,4,83.42,0,0,0,1,0,1,1,0,0,0,0,0,1,0,0,0,0
7042,7043,35,15,21.77,0,0,0,0,0,0,1,0,0,0,0,0,0,1,1,0,0
7043,7044,45,7,270.06,1,0,0,0,0,0,0,1,1,0,0,0,0,0,0,1,0
7044,7045,46,9,203.55,1,0,0,0,0,1,1,0,1,0,0,0,0,0,0,1,0
7045,7046,33,15,188.07,1,0,1,0,0,1,1,0,0,0,0,0,0,0,0,1,0
7046,7047,52,1,180.45,1,1,0,0,0,1,0,1,0,0,0,0,0,1,0,0,0
7047,7048,64,10,231.62,1,0,0,0,0,1,0,0,0,0,0,1,0,0,0,0,0
7048,7049,48,11,137.07,0,0,0,1,0,1,0,1,0,0,0,0,0,0,1,0,0
7049,7050,21,2,182.33,0,0,0,0,1,1,0,0,0,0,0,0,0,1,1,0,0
7050,7051,54,13,121.0,0,0,0,0,1,0,0,0,0,0,0,1,0,0,1,0,0
7051,7052,34,9,141.12,0,0,0,0,1,0,1,0,0,0,0,0,1,0,0,0,0
7052,7053,56,13,110.58,1,0,0,1,0,1,0,1,0,0,0,0,1,0,1,0,0
7053,7054,65,7,80.7,0,0,0,0,1,1,1,0,0,0,0,0,0,1,0,0,0
7054,7055,63,4,89.55,1,0,0,1,0,1,0,0,0,0,0,0,0,1,0,0,0
7055,7056,43,7,334.76,0,0,1,1,0,1,1,0,0,0,0,1,0,0,0,0,0
7056,7057,65,6,86.77,0,0,0,0,0,1,1,0,1,0,0,0,0,0,1,0,0
7057,7058,56,1,132.97,0,0,0,0,0,0,0,0,0,0,0,0,0,0,0,0,0
7058,7059,58,9,78.53,1,0,1,0,0,0,0,1,0,0,0,1,0,0,0,1,0
7059,7060,21,8,295.87,0,0,0,0,0,0,0,0,0,0,0,0,0,1,0,1,0
7060,7061,47,3,40.46,0,0,0,0,0,1,0,0,0,0,0,1,0,0,0,1,0
7061,7062,47,10,58.3,1,0,0,0,0,0,0,0,0,0,1,0,0,0,0,1,0
7062,7063,39,3,145.94,1,0,1,1,0,0,0,0,0,0,0,1,0,0,0,0,0
7063,7064,28,3,102.25,0,1,1,0,0,0,1,0,1,0,0,0,0,0,0,0,0
7064,7065,19,7,409.34,1,0,1,1,0,0,0,0,0,0,0,0,0,0,0,1,0
7065,7066,61,2,72.91,1,1,1,1,0,0,1,0,0,0,0,0,1,0,0,0,0
7066,7067,29,9,347.24,0,0,0,0,0,0,0,0,0,0,0,0,0,1,0,0,1
7067,7068,47,5,93.2,1,0,1,0,0,1,1,0,0,0,0,0,0,1,0,1,0
7068,7069,53,7,228.66,0,0,0,1,0,0,1,0,0,0,0,0,0,1,0,1,0
7069,7070,35,8,119.76,0,0,0,0,0,0,0,0,0,0,0,0,0,0,0,0,0
7070,7071,43,7,41.25,0,1,1,0,1,1,1,0,0,1,0,0,0,0,1,0,0
7071,7072,70,8,228.04,1,0,1,0,0,1,1,0,0,0,0,1,0,0,1,0,0
7072,7073,24,6,263.36,0,0,0,0,0,0,1,0,1,0,0,0,0,0,0,0,0
7073,7074,18,15,279.15,0,0,1,0,0,0,1,0,0,0,0,1,0,0,1,0,0
7074,7075,43,10,66.18,0,0,0,0,0,1,1,0,0,0,0,0,0,1,1,0,0
7075,7076,40,2,262.94,0,0,0,1,1,0,0,1,0,0,1,0,0,0,0,0,1
7076,7077,43,3,202.94,0,0,0,0,0,0,0,0,0,0,0,0,0,0,0,0,0
7077,7078,62,14,136.13,1,0,0,1,0,0,1,0,0,0,0,1,0,0,0,0,1
7078,7079,23,6,58.5,0,0,1,0,0,0,0,0,1,0,0,0,0,0,1,0,0
7079,7080,23,10,259.13,0,1,1,0,0,1,0,0,0,0,1,0,0,0,1,0,0
7080,7081,61,13,39.68,0,1,0,1,0,1,0,0,0,0,0,0,0,0,1,0,0
7081,7082,25,6,50.54,0,1,0,0,0,1,0,1,0,0,0,0,1,0,0,0,1
7082,7083,41,13,46.07,0,0,0,0,0,1,1,0,0,0,0,0,0,0,0,0,1
7083,7084,39,15,86.91,0,0,0,1,0,0,0,0,0,0,0,0,0,0,0,1,0
7084,7085,36,12,149.36,0,0,0,0,0,1,0,0,0,0,0,0,0,0,0,0,0
7085,7086,54,12,36.83,1,0,0,0,0,0,0,1,0,0,0,0,0,0,0,0,1
7086,7087,35,14,38.14,0,0,0,0,0,0,0,0,0,1,0,0,0,0,0,0,0
7087,7088,48,7,122.75,0,0,0,1,0,1,0,0,0,0,0,1,0,0,0,1,0
7088,7089,54,12,168.49,1,0,0,1,0,1,0,1,0,0,0,0,0,1,0,1,0
7089,7090,47,13,50.44,0,0,1,0,0,0,1,0,0,0,0,1,0,0,1,0,0
7090,7091,59,14,108.77,1,1,0,0,0,1,0,0,0,0,0,1,0,0,1,0,0
7091,7092,50,6,336.57,0,1,0,0,0,0,1,0,1,0,0,0,0,0,0,1,0
7092,7093,27,13,66.53,0,0,1,1,1,0,0,1,0,1,0,0,0,0,1,0,0
7093,7094,54,8,78.78,0,0,0,0,0,0,0,1,1,0,0,0,0,0,0,0,1
7094,7095,29,8,136.2,0,1,0,0,0,1,0,0,0,0,1,0,0,0,0,1,0
7095,7096,47,11,132.92,1,0,0,0,0,1,0,0,0,0,0,1,0,0,0,1,0
7096,7097,44,7,237.29,0,0,0,0,0,1,0,0,0,0,0,0,1,0,1,0,0
7097,7098,56,4,137.96,0,1,0,0,0,0,1,0,0,1,0,0,0,0,0,0,1
7098,7099,26,15,111.99,0,0,1,0,0,0,1,0,0,0,1,0,0,0,0,1,0
7099,7100,38,3,83.53,0,0,0,0,0,1,0,0,0,0,0,1,0,0,1,0,0
7100,7101,29,4,259.75,0,0,1,0,1,0,1,0,0,1,0,0,0,0,1,0,0
7101,7102,46,13,44.16,0,0,0,0,0,0,1,0,0,1,0,0,0,0,0,1,0
7102,7103,50,13,198.21,0,0,1,0,1,1,1,0,0,0,0,1,0,0,1,0,0
7103,7104,60,7,37.51,1,0,0,0,0,1,0,1,0,0,0,0,0,1,0,0,0
7104,7105,70,15,101.49,0,1,0,0,1,0,1,0,0,0,0,0,1,0,1,0,0
7105,7106,32,6,157.91,0,0,0,0,0,0,0,0,0,0,0,0,0,1,0,0,0
7106,7107,19,12,72.95,0,0,0,0,0,0,1,0,0,0,0,1,0,0,1,0,0
7107,7108,69,7,36.07,0,1,0,0,0,1,1,0,0,0,0,1,0,0,0,1,0
7108,7109,56,2,138.57,0,1,0,0,0,1,0,0,1,0,0,0,0,0,0,0,0
7109,7110,70,6,85.22,1,0,0,0,0,1,1,0,0,0,0,1,0,0,0,0,0
7110,7111,61,1,57.2,1,0,0,0,0,0,0,0,0,0,0,0,1,0,0,1,0
7111,7112,35,2,201.84,0,0,0,0,0,0,0,0,1,0,0,0,0,0,1,0,0
7112,7113,20,7,275.37,1,0,0,1,0,1,0,0,0,0,0,1,0,0,0,1,0
7113,7114,24,5,65.41,0,0,1,1,0,1,0,1,0,0,0,0,1,0,0,0,0
7114,7115,60,12,142.23,0,0,0,0,0,1,1,0,0,0,0,0,0,1,1,0,0
7115,7116,35,3,57.79,0,0,1,0,0,0,0,0,0,0,0,0,1,0,1,0,0
7116,7117,61,2,55.87,0,0,0,0,0,1,0,1,0,0,0,0,0,1,0,0,0
7117,7118,55,3,63.35,0,0,1,0,0,1,1,0,0,0,1,0,0,0,1,0,0
7118,7119,54,4,52.09,0,0,0,0,0,1,1,0,0,1,0,0,0,0,0,0,0
7119,7120,50,10,98.01,1,1,0,0,0,1,0,0,0,0,0,0,0,1,0,1,0
7120,7121,61,10,233.11,0,1,0,1,0,0,0,0,0,0,0,0,0,1,0,0,0
7121,7122,48,7,110.88,0,0,0,0,1,0,1,0,0,0,0,0,0,1,1,0,0
7122,7123,28,10,305.4,0,0,0,0,0,0,1,0,0,1,0,0,0,0,1,0,0
7123,7124,21,10,231.04,0,0,0,0,0,1,1,0,0,0,0,0,0,0,0,0,0
7124,7125,35,3,62.71,0,1,0,0,0,1,1,0,1,0,0,0,0,0,0,1,0
7125,7126,21,13,31.44,0,0,1,0,0,1,1,0,0,1,0,0,0,0,1,0,0
7126,7127,66,3,201.42,1,0,0,0,0,0,0,0,0,0,0,0,0,1,0,0,0
7127,7128,51,5,43.19,0,0,0,1,0,1,1,0,0,0,0,1,0,0,0,1,0
7128,7129,46,7,110.85,0,0,0,0,1,1,0,0,0,0,0,0,0,1,0,0,1
7129,7130,41,14,175.3,0,0,0,0,0,0,0,0,1,0,0,0,0,0,0,0,0
7130,7131,39,6,148.46,1,1,1,0,0,1,0,0,0,1,0,0,0,0,0,0,0
7131,7132,19,15,116.67,0,0,0,0,0,0,1,0,0,0,0,1,0,0,0,0,1
7132,7133,61,6,161.3,1,0,1,0,0,0,0,1,0,0,0,0,0,1,0,1,0
7133,7134,23,10,96.96,0,0,0,0,0,0,0,0,0,0,0,0,0,1,1,0,0
7134,7135,59,7,215.03,1,0,0,0,0,1,0,0,0,0,0,0,1,0,1,0,0
7135,7136,42,1,182.31,0,0,0,0,0,1,0,0,0,1,0,0,0,0,0,1,0
7136,7137,38,8,136.42,0,0,0,1,0,0,0,1,0,0,1,0,0,0,1,0,0
7137,7138,33,11,211.9,0,1,1,1,0,1,1,0,0,0,0,0,0,0,1,0,0
7138,7139,48,2,384.65,0,0,0,1,0,1,0,1,0,0,0,0,1,0,0,0,0
7139,7140,31,1,177.75,0,1,0,0,0,1,0,1,0,0,1,0,0,0,0,1,0
7140,7141,56,4,246.5,0,0,1,0,0,0,0,0,0,0,0,0,0,1,0,0,1
7141,7142,45,11,142.3,1,0,0,0,0,1,0,0,0,0,0,0,1,0,1,0,0
7142,7143,49,4,177.17,0,0,0,0,0,1,1,0,0,0,0,0,0,1,0,0,0
7143,7144,45,6,77.58,1,0,0,1,0,0,0,0,0,0,0,1,0,0,0,0,1
7144,7145,68,3,147.29,1,0,0,0,0,0,0,0,0,0,0,1,0,0,0,0,0
7145,7146,66,9,155.48,0,0,0,0,0,1,0,0,0,0,0,0,0,0,0,0,0
7146,7147,26,8,294.37,0,0,1,1,0,0,1,0,0,0,0,0,0,1,1,0,0
7147,7148,62,13,206.48,1,0,0,0,0,1,1,0,0,0,0,1,0,0,0,0,0
7148,7149,39,7,268.9,0,1,1,0,0,0,0,0,1,0,0,0,0,0,1,0,0
7149,7150,49,13,38.17,0,0,0,0,0,1,1,0,0,0,1,0,0,0,0,1,0
7150,7151,22,7,85.89,0,0,0,0,0,0,0,0,0,0,0,1,0,0,1,0,0
7151,7152,40,8,15.89,0,1,0,0,1,0,1,0,0,0,0,0,0,1,0,0,0
7152,7153,22,5,130.5,1,0,0,0,0,0,1,0,1,0,0,0,0,0,0,1,0
7153,7154,59,8,291.3,0,1,0,1,0,1,0,0,1,0,0,0,0,0,0,1,0
7154,7155,70,4,55.6,0,1,1,0,0,1,1,0,0,1,0,0,0,0,0,0,0
7155,7156,49,6,108.21,0,0,1,0,0,0,1,0,0,0,0,0,0,1,1,0,0
7156,7157,27,3,229.09,1,0,0,0,0,0,0,0,1,0,0,0,0,0,1,0,0
7157,7158,56,3,64.55,0,0,0,0,0,1,0,0,1,0,0,0,0,0,1,0,0
7158,7159,32,2,242.14,0,1,0,1,0,0,0,1,0,0,0,0,0,1,0,0,0
7159,7160,24,14,201.16,1,0,1,0,0,1,0,0,0,0,1,0,0,0,1,0,0
7160,7161,46,5,92.01,0,1,0,1,1,0,1,0,0,0,0,0,0,0,0,1,0
7161,7162,64,12,66.89,0,0,1,0,1,1,1,0,0,0,1,0,0,0,0,0,0
7162,7163,20,2,33.41,0,0,0,0,0,1,0,0,0,1,0,0,0,0,0,1,0
7163,7164,36,10,211.34,0,0,0,0,0,1,0,0,0,0,0,0,0,0,0,0,1
7164,7165,27,4,100.66,0,0,1,1,0,1,0,1,0,0,0,0,0,1,0,0,0
7165,7166,45,10,45.16,0,1,0,1,0,0,0,0,1,0,0,0,0,0,0,0,0
7166,7167,46,13,138.25,0,0,0,0,0,0,1,0,0,1,0,0,0,0,0,0,0
7167,7168,32,3,22.87,1,1,1,0,0,1,1,0,0,0,0,0,1,0,0,0,0
7168,7169,52,2,123.98,1,0,1,0,0,1,1,0,0,0,0,0,0,1,1,0,0
7169,7170,23,11,261.65,0,1,1,0,0,1,0,1,0,0,0,0,1,0,0,0,0
7170,7171,29,1,37.06,0,0,0,0,0,1,1,0,0,0,0,0,0,0,0,0,0
7171,7172,64,4,54.86,0,0,0,0,0,1,1,0,0,0,0,0,0,1,0,0,1
7172,7173,55,4,151.08,0,0,0,0,0,0,0,1,0,0,0,0,0,1,0,0,1
7173,7174,30,1,166.22,1,0,1,0,0,0,0,1,0,0,0,0,0,1,0,1,0
7174,7175,46,6,134.79,0,0,0,0,0,0,0,1,0,0,0,0,1,0,1,0,0
7175,7176,36,2,194.29,0,0,1,0,0,0,1,0,0,0,0,0,0,0,0,0,0
7176,7177,20,3,47.13,0,0,0,0,0,1,0,0,0,0,0,0,0,1,1,0,0
7177,7178,25,4,49.04,0,0,0,0,1,0,1,0,0,0,0,0,0,1,1,0,0
7178,7179,25,2,147.06,0,0,1,0,0,0,0,0,0,0,0,0,0,0,0,0,0
7179,7180,37,4,44.34,0,0,1,0,0,0,0,0,0,0,0,0,0,1,0,0,1
7180,7181,64,9,154.37,0,0,0,0,0,0,0,0,0,1,0,0,0,0,0,0,0
7181,7182,21,3,134.99,0,0,1,0,0,0,0,1,0,0,0,1,0,0,1,0,0
7182,7183,68,12,209.62,1,0,0,0,0,1,0,0,0,0,0,0,0,0,1,0,0
7183,7184,38,7,103.85,0,1,1,0,0,0,1,0,0,0,0,1,0,0,0,1,0
7184,7185,20,12,28.59,1,0,0,0,0,1,1,0,0,1,0,0,0,0,0,0,0
7185,7186,62,11,352.7,1,1,0,1,0,1,0,0,0,0,0,0,0,1,0,1,0
7186,7187,25,12,78.75,0,0,0,0,1,1,1,0,0,0,0,0,1,0,1,0,0
7187,7188,40,4,202.43,0,0,1,0,0,0,1,0,1,0,0,0,0,0,1,0,0
7188,7189,33,10,136.04,0,0,0,0,0,0,0,1,0,0,0,0,0,0,0,1,0
7189,7190,30,5,146.65,0,0,0,0,0,0,0,0,0,1,0,0,0,0,0,1,0
7190,7191,20,9,112.22,0,0,0,0,0,0,0,0,0,0,0,0,0,0,0,0,0
7191,7192,65,4,137.86,0,0,0,0,0,1,1,0,1,0,0,0,0,0,1,0,0
7192,7193,26,8,77.1,0,0,0,0,0,1,0,0,0,0,0,1,0,0,1,0,0
7193,7194,31,6,112.54,1,0,0,0,0,1,0,0,1,0,0,0,0,0,0,0,0
7194,7195,30,14,319.09,1,0,1,0,1,0,0,0,0,1,0,0,0,0,0,0,0
7195,7196,70,15,391.74,0,0,0,0,1,1,1,0,0,0,0,1,0,0,0,0,0
7196,7197,24,12,236.75,0,0,0,0,0,0,0,0,0,0,0,1,0,0,0,1,0
7197,7198,32,8,157.12,0,0,1,1,0,1,1,0,0,0,0,0,0,0,0,1,0
7198,7199,24,2,79.88,0,0,1,0,0,1,0,1,0,0,0,0,0,0,0,1,0
7199,7200,55,10,202.95,0,0,1,0,1,0,1,0,0,0,0,0,0,0,1,0,0
7200,7201,51,14,78.19,0,1,0,1,0,0,0,0,0,0,0,0,1,0,0,1,0
7201,7202,58,2,127.31,1,0,0,1,1,1,1,0,1,0,0,0,0,0,0,0,0
7202,7203,39,3,148.05,0,0,0,0,1,0,0,0,0,0,0,0,0,1,1,0,0
7203,7204,41,4,64.49,1,0,1,0,0,0,0,0,0,0,0,0,0,0,1,0,0
7204,7205,66,6,321.25,1,0,0,0,0,0,0,0,1,0,0,0,0,0,0,0,0
7205,7206,54,11,182.06,1,0,0,0,0,0,0,0,0,0,0,0,0,1,0,1,0
7206,7207,61,6,121.06,0,0,0,0,1,1,1,0,0,1,0,0,0,0,0,0,1
7207,7208,18,13,216.8,0,1,1,0,0,1,0,1,0,0,0,0,0,1,0,1,0
7208,7209,27,11,157.55,0,0,0,0,0,1,0,1,0,0,0,0,0,1,0,0,0
7209,7210,60,15,74.75,0,1,0,0,0,0,0,0,1,0,0,0,0,0,0,0,1
7210,7211,33,2,245.28,0,0,0,0,1,1,1,0,0,1,0,0,0,0,1,0,0
7211,7212,63,3,257.36,0,1,0,0,0,1,0,0,0,0,0,1,0,0,1,0,0
7212,7213,25,5,45.7,0,0,0,0,0,0,1,0,0,0,0,0,0,1,0,0,0
7213,7214,66,6,92.51,1,0,0,1,0,0,0,0,0,0,0,0,0,1,0,1,0
7214,7215,42,15,252.85,0,0,1,0,0,1,0,1,1,0,0,0,0,0,0,0,0
7215,7216,67,5,159.44,1,0,0,0,0,0,0,1,0,0,0,0,0,0,0,0,0
7216,7217,29,14,122.01,0,1,0,0,0,0,0,0,0,0,0,0,0,1,0,1,0
7217,7218,42,7,147.58,0,0,0,0,1,0,1,0,0,0,1,0,0,0,0,1,0
7218,7219,34,15,123.55,0,0,0,1,1,0,1,0,0,0,0,0,0,0,0,0,0
7219,7220,43,12,139.95,0,0,0,0,0,0,1,0,0,0,0,0,0,0,1,0,0
7220,7221,63,4,75.29,1,1,1,0,1,0,1,0,0,0,0,1,0,0,0,0,1
7221,7222,65,13,34.46,0,1,0,0,0,1,1,0,0,0,0,0,0,1,1,0,0
7222,7223,31,13,124.65,0,1,1,0,0,0,0,1,0,0,0,0,0,0,1,0,0
7223,7224,58,4,48.14,0,1,0,0,0,1,1,0,0,0,0,1,0,0,0,0,0
7224,7225,53,9,263.38,0,0,1,1,0,0,1,0,0,0,0,0,0,1,0,1,0
7225,7226,40,7,86.9,0,0,0,0,0,1,1,0,0,0,0,1,0,0,0,0,0
7226,7227,60,13,209.03,1,0,0,0,0,1,0,1,0,1,0,0,0,0,0,0,0
7227,7228,23,13,126.46,0,1,0,0,0,1,0,0,0,0,0,1,0,0,1,0,0
7228,7229,64,12,265.77,0,0,0,0,0,1,0,0,0,0,0,0,0,1,0,0,1
7229,7230,22,10,130.71,0,1,1,0,0,1,1,0,1,0,0,0,0,0,1,0,0
7230,7231,60,4,177.18,0,0,0,0,0,1,0,1,1,0,0,0,0,0,0,1,0
7231,7232,42,11,64.09,0,1,0,0,0,0,0,0,0,0,0,0,0,1,1,0,0
7232,7233,35,15,207.11,0,1,0,0,0,0,1,0,0,0,1,0,0,0,0,0,0
7233,7234,30,3,352.14,0,0,0,0,0,1,0,0,0,0,0,0,0,0,0,1,0
7234,7235,60,1,127.83,1,0,0,0,0,0,1,0,0,0,0,1,0,0,0,0,0
7235,7236,31,9,69.64,1,0,0,1,0,1,0,1,0,0,0,0,1,0,0,0,0
7236,7237,45,9,46.71,1,0,0,0,0,1,1,0,0,0,0,0,0,1,1,0,0
7237,7238,35,4,71.6,1,0,0,0,0,0,1,0,0,0,0,0,0,1,0,0,0
7238,7239,45,4,37.08,1,0,0,1,0,1,0,1,0,0,0,0,0,1,0,1,0
7239,7240,68,13,151.99,1,0,0,0,0,0,0,0,0,0,0,0,0,0,0,1,0
7240,7241,44,4,240.61,0,0,0,0,0,0,0,1,0,1,0,0,0,0,0,1,0
7241,7242,49,12,156.43,0,0,0,0,0,1,0,0,0,0,0,0,0,0,0,0,1
7242,7243,64,2,36.65,0,0,0,0,0,0,1,0,0,0,0,0,0,1,0,0,1
7243,7244,26,12,33.45,0,1,1,0,1,1,1,0,0,0,0,1,0,0,0,0,1
7244,7245,57,2,113.97,1,0,1,0,0,1,1,0,0,0,0,0,0,1,0,0,0
7245,7246,49,14,143.25,0,0,1,1,0,0,0,1,0,1,0,0,0,0,0,1,0
7246,7247,37,13,178.19,0,0,0,0,1,1,0,1,0,0,0,0,0,1,0,0,1
7247,7248,45,9,153.13,0,0,0,0,1,1,1,0,0,0,0,1,0,0,0,0,1
7248,7249,50,6,80.17,1,0,0,0,0,0,0,0,1,0,0,0,0,0,0,1,0
7249,7250,21,1,103.23,0,0,1,1,0,0,0,0,0,0,0,0,0,1,1,0,0
7250,7251,63,7,28.04,0,0,1,0,0,1,1,0,0,0,0,0,1,0,0,0,0
7251,7252,51,11,76.86,1,0,0,0,0,1,0,1,1,0,0,0,0,0,0,0,1
7252,7253,65,15,251.84,0,0,0,0,0,0,1,0,0,0,1,0,0,0,0,1,0
7253,7254,20,7,117.08,0,0,0,0,0,0,0,1,0,0,0,0,0,0,0,0,1
7254,7255,43,6,130.56,1,0,1,1,0,1,0,1,0,1,0,0,0,0,0,1,0
7255,7256,25,13,126.94,0,0,0,0,0,1,1,0,0,1,0,0,0,0,0,0,0
7256,7257,23,14,122.83,1,0,1,0,0,0,0,1,0,1,0,0,0,0,0,0,0
7257,7258,33,11,112.58,1,1,0,1,0,1,0,1,0,0,0,1,0,0,0,0,0
7258,7259,41,8,110.8,0,1,1,0,0,0,1,0,0,0,0,0,0,0,0,0,0
7259,7260,65,12,125.6,0,0,0,0,1,1,1,0,0,0,0,1,0,0,1,0,0
7260,7261,56,14,26.58,1,0,0,0,0,0,1,0,0,0,0,0,0,1,0,1,0
7261,7262,47,5,273.19,0,0,0,0,0,0,0,0,0,0,0,0,0,1,1,0,0
7262,7263,62,2,115.38,1,0,0,0,0,0,1,0,0,0,1,0,0,0,0,1,0
7263,7264,30,4,25.44,0,0,0,0,0,1,0,0,0,0,1,0,0,0,0,1,0
7264,7265,22,11,291.21,0,0,0,0,0,1,0,0,0,0,0,1,0,0,1,0,0
7265,7266,42,14,58.8,0,1,1,1,0,1,0,1,0,0,0,0,0,1,0,1,0
7266,7267,37,10,82.64,0,1,1,0,0,1,1,0,0,0,1,0,0,0,0,0,1
7267,7268,35,13,123.67,0,0,0,0,0,0,0,0,0,0,0,0,0,1,1,0,0
7268,7269,64,8,142.15,0,0,0,0,0,1,0,0,0,0,0,1,0,0,1,0,0
7269,7270,35,12,190.41,0,0,0,1,0,0,0,1,0,0,0,0,0,1,0,1,0
7270,7271,19,5,252.04,1,0,0,1,0,1,0,1,0,0,0,1,0,0,0,1,0
7271,7272,27,6,113.18,0,0,0,0,0,0,0,0,0,0,0,0,1,0,0,0,1
7272,7273,62,9,42.23,0,1,0,0,0,0,0,1,1,0,0,0,0,0,0,1,0
7273,7274,67,10,92.54,1,0,0,1,0,1,0,0,0,0,0,1,0,0,1,0,0
7274,7275,64,12,65.43,1,0,0,1,0,1,1,0,1,0,0,0,0,0,0,1,0
7275,7276,29,12,279.18,1,0,1,0,1,1,1,0,0,0,0,0,0,0,0,0,0
7276,7277,64,11,87.69,1,0,0,0,0,1,0,1,0,0,0,1,0,0,1,0,0
7277,7278,30,11,148.17,0,1,0,0,1,0,0,1,0,1,0,0,0,0,0,0,1
7278,7279,67,2,237.33,1,1,0,0,0,1,0,0,0,0,0,0,0,1,0,1,0
7279,7280,64,6,76.59,0,1,0,1,0,0,1,0,0,0,0,0,1,0,0,1,0
7280,7281,28,9,158.64,0,0,1,0,0,1,0,0,1,0,0,0,0,0,1,0,0
7281,7282,36,5,123.01,0,0,1,0,0,1,1,0,0,0,0,0,0,1,0,1,0
7282,7283,52,7,225.35,0,0,1,0,0,0,1,0,0,0,0,0,0,1,0,1,0
7283,7284,56,4,112.7,1,0,0,0,0,0,0,0,0,0,0,0,0,1,0,1,0
7284,7285,70,4,120.84,0,0,0,1,0,0,1,0,1,0,0,0,0,0,0,0,0
7285,7286,43,3,349.65,1,0,0,0,0,0,0,0,0,0,0,0,0,1,1,0,0
7286,7287,63,11,42.55,0,0,0,0,0,0,1,0,0,0,0,0,0,1,0,0,1
7287,7288,31,15,112.78,0,0,0,0,0,0,1,0,0,0,0,0,0,1,0,1,0
7288,7289,62,3,44.95,0,0,0,0,0,0,1,0,0,0,0,0,0,1,0,1,0
7289,7290,61,12,295.28,1,0,1,0,0,1,0,1,0,0,0,1,0,0,0,0,0
7290,7291,41,11,36.96,1,0,0,0,0,1,0,0,0,0,1,0,0,0,0,1,0
7291,7292,58,8,160.46,0,0,1,0,1,0,1,0,0,1,0,0,0,0,0,0,0
7292,7293,18,7,39.7,0,0,1,0,0,0,1,0,0,0,0,0,0,1,1,0,0
7293,7294,68,2,179.09,1,0,1,0,0,0,0,0,1,0,0,0,0,0,0,1,0
7294,7295,60,1,157.23,0,0,0,0,0,1,0,0,1,0,0,0,0,0,1,0,0
7295,7296,39,1,135.49,0,0,1,0,0,1,0,1,0,1,0,0,0,0,0,0,1
7296,7297,40,6,112.88,0,1,0,0,0,1,1,0,0,0,0,0,0,1,1,0,0
7297,7298,36,15,313.66,1,0,1,0,0,1,1,0,0,0,1,0,0,0,0,0,0
7298,7299,35,5,37.38,0,1,1,1,0,1,1,0,0,0,0,1,0,0,0,0,0
7299,7300,29,6,268.82,1,0,0,0,0,1,0,1,1,0,0,0,0,0,0,0,0
7300,7301,45,11,63.29,0,0,0,0,0,0,0,0,0,1,0,0,0,0,1,0,0
7301,7302,45,7,164.71,1,1,1,0,0,1,0,1,0,0,0,1,0,0,0,0,1
7302,7303,50,1,108.26,0,1,0,0,0,1,0,0,0,0,0,1,0,0,1,0,0
7303,7304,36,11,54.11,0,1,1,0,1,1,1,0,1,0,0,0,0,0,0,0,0
7304,7305,45,2,62.81,1,1,0,0,0,1,0,0,0,0,1,0,0,0,0,1,0
7305,7306,69,15,374.28,0,0,0,0,1,0,1,0,0,0,0,0,0,1,0,0,1
7306,7307,66,3,162.49,0,0,0,0,0,1,1,0,0,0,0,1,0,0,1,0,0
7307,7308,54,9,36.53,0,0,0,0,0,0,1,0,0,1,0,0,0,0,1,0,0
7308,7309,43,4,260.76,0,0,0,0,0,0,0,0,0,0,0,0,1,0,0,0,0
7309,7310,52,8,127.49,1,0,0,0,0,0,1,0,0,0,0,0,1,0,0,0,0
7310,7311,51,2,145.95,1,1,0,0,0,1,0,0,1,0,0,0,0,0,0,1,0
7311,7312,52,13,171.46,0,0,0,0,0,1,1,0,0,1,0,0,0,0,0,0,1
7312,7313,57,11,60.49,0,1,1,0,0,1,0,1,0,0,0,0,0,1,0,0,1
7313,7314,33,2,282.43,0,0,0,0,0,1,1,0,0,0,0,0,0,1,0,1,0
7314,7315,55,13,237.73,0,0,0,0,1,0,0,0,0,0,0,0,0,1,1,0,0
7315,7316,30,15,134.05,1,1,1,0,0,1,0,1,0,1,0,0,0,0,0,1,0
7316,7317,40,13,175.0,1,1,0,0,1,1,0,1,0,0,1,0,0,0,0,0,0
7317,7318,39,3,84.62,0,0,0,1,0,1,1,0,0,0,0,0,0,0,0,0,0
7318,7319,33,12,132.77,1,1,1,0,0,0,1,0,0,0,0,0,0,0,0,0,0
7319,7320,45,5,248.76,0,0,0,0,0,1,0,1,1,0,0,0,0,0,0,0,0
7320,7321,65,13,113.71,0,0,0,0,0,1,1,0,1,0,0,0,0,0,0,0,0
7321,7322,52,10,71.6,0,0,0,1,0,1,1,0,0,0,0,0,0,0,1,0,0
7322,7323,62,15,54.36,0,1,0,0,0,1,1,0,0,0,0,0,0,1,0,0,0
7323,7324,63,6,188.49,1,0,0,0,0,1,0,0,0,0,0,0,0,1,1,0,0
7324,7325,25,14,127.68,0,0,1,0,0,1,0,1,0,0,0,0,0,0,0,0,0
7325,7326,61,9,29.51,1,0,1,0,0,1,1,0,0,0,0,0,1,0,1,0,0
7326,7327,39,7,162.23,0,0,0,0,1,1,1,0,0,0,0,1,0,0,0,0,1
7327,7328,38,9,191.03,1,0,0,1,0,0,0,0,0,0,0,1,0,0,0,1,0
7328,7329,43,13,269.69,0,1,0,0,1,1,0,0,1,0,0,0,0,0,0,0,0
7329,7330,57,5,90.3,0,0,0,0,0,1,1,0,0,0,0,0,1,0,0,1,0
7330,7331,38,11,76.03,0,1,0,0,0,1,1,0,0,0,1,0,0,0,0,0,0
7331,7332,42,14,95.05,0,0,0,0,0,0,1,0,1,0,0,0,0,0,0,1,0
7332,7333,58,1,265.76,0,0,0,0,0,0,0,0,0,0,0,0,0,1,0,0,0
7333,7334,18,6,47.88,0,1,0,0,1,0,0,0,0,0,0,0,0,1,1,0,0
7334,7335,23,5,139.13,0,0,0,0,0,1,1,0,0,1,0,0,0,0,0,0,0
7335,7336,40,10,237.12,0,0,0,0,1,1,1,0,0,0,0,1,0,0,0,0,0
7336,7337,68,6,94.58,1,0,0,1,0,0,0,0,0,0,0,1,0,0,0,1,0
7337,7338,40,15,90.4,1,0,0,1,0,0,0,0,0,0,0,0,0,1,0,1,0
7338,7339,60,15,258.45,0,0,0,0,0,0,0,1,1,0,0,0,0,0,1,0,0
7339,7340,60,1,47.67,1,0,0,0,0,0,0,0,0,1,0,0,0,0,0,1,0
7340,7341,40,6,35.09,1,0,0,0,0,0,0,1,1,0,0,0,0,0,0,0,1
7341,7342,49,3,93.41,0,0,0,1,0,0,0,0,0,0,0,0,0,0,1,0,0
7342,7343,47,3,66.46,0,1,1,1,1,0,1,0,0,0,0,0,0,1,0,0,0
7343,7344,30,7,58.57,0,0,0,0,0,0,0,0,0,0,0,0,0,1,0,1,0
7344,7345,60,3,148.28,1,0,0,0,1,0,1,0,0,0,0,0,0,1,0,0,0
7345,7346,35,9,119.07,0,0,0,1,0,1,0,0,0,0,0,0,0,1,1,0,0
7346,7347,40,9,83.59,0,0,0,1,0,0,0,0,0,0,0,1,0,0,0,0,1
7347,7348,32,7,113.76,1,0,0,1,1,0,0,0,0,0,0,0,0,1,0,1,0
7348,7349,50,9,226.76,1,0,0,0,0,0,1,0,0,0,0,0,1,0,1,0,0
7349,7350,38,11,159.56,0,0,0,0,0,0,0,1,0,0,0,0,0,1,0,1,0
7350,7351,56,6,71.14,0,0,0,0,0,0,0,0,0,0,0,0,0,1,0,0,0
7351,7352,40,9,78.65,0,0,1,0,0,0,0,0,0,0,0,0,1,0,0,0,0
7352,7353,44,10,136.68,0,0,0,1,0,1,1,0,0,0,0,0,0,0,0,0,1
7353,7354,62,13,139.1,1,0,0,0,0,1,0,1,0,0,0,1,0,0,0,1,0
7354,7355,61,2,127.53,1,0,1,0,0,1,1,0,0,1,0,0,0,0,0,1,0
7355,7356,35,14,448.99,0,1,0,0,0,1,0,1,0,0,0,0,0,1,1,0,0
7356,7357,41,5,256.1,1,0,1,0,0,0,0,0,0,1,0,0,0,0,1,0,0
7357,7358,68,11,75.01,0,0,0,0,0,1,0,0,0,0,0,0,0,0,1,0,0
7358,7359,64,15,70.99,0,0,0,1,0,0,0,0,0,0,0,0,0,1,0,0,0
7359,7360,57,6,39.93,1,0,0,0,0,1,1,0,0,0,0,0,0,0,0,0,1
7360,7361,68,13,59.94,1,0,0,0,0,0,1,0,1,0,0,0,0,0,0,0,1
7361,7362,59,6,203.36,0,0,0,1,0,1,0,0,0,0,0,0,0,1,1,0,0
7362,7363,24,11,204.97,0,0,0,0,0,1,0,0,1,0,0,0,0,0,1,0,0
7363,7364,67,5,121.02,0,0,1,0,0,0,1,0,0,0,0,0,0,1,1,0,0
7364,7365,65,13,17.02,1,0,0,1,0,1,0,0,0,0,0,0,1,0,0,1,0
7365,7366,37,4,254.87,1,0,0,0,0,0,0,0,0,0,0,0,1,0,0,1,0
7366,7367,44,5,92.7,0,0,0,1,0,1,0,1,0,0,0,0,0,1,0,0,0
7367,7368,23,6,51.13,0,1,0,0,0,1,0,0,0,0,1,0,0,0,0,0,1
7368,7369,44,12,87.16,0,0,1,0,0,0,0,0,0,1,0,0,0,0,1,0,0
7369,7370,26,15,85.01,0,1,1,0,0,0,1,0,0,0,0,0,0,1,0,1,0
7370,7371,70,14,187.16,1,0,1,0,0,0,0,1,0,0,0,1,0,0,0,1,0
7371,7372,62,10,62.93,1,0,0,0,0,1,1,0,0,0,1,0,0,0,1,0,0
7372,7373,48,12,108.35,0,0,0,0,0,0,0,0,1,0,0,0,0,0,1,0,0
7373,7374,38,13,92.31,0,0,0,0,0,1,0,1,0,0,0,0,0,1,0,0,0
7374,7375,43,12,229.59,0,0,1,0,0,1,1,0,0,0,0,0,0,0,0,0,0
7375,7376,57,1,104.84,0,0,0,0,0,0,0,0,0,0,0,0,0,1,0,1,0
7376,7377,65,10,85.24,0,0,1,0,0,1,1,0,0,0,0,0,0,0,0,0,1
7377,7378,62,3,49.22,0,0,1,0,0,1,1,0,0,0,0,0,0,0,1,0,0
7378,7379,30,11,114.41,0,0,0,0,0,0,1,0,0,1,0,0,0,0,0,0,1
7379,7380,66,15,82.94,0,0,0,0,0,0,0,1,0,0,0,0,0,0,0,1,0
7380,7381,40,9,124.06,0,1,1,0,1,1,1,0,1,0,0,0,0,0,1,0,0
7381,7382,37,4,453.1,1,0,0,0,0,0,0,1,0,0,0,0,0,0,0,0,0
7382,7383,54,15,254.62,0,0,0,0,0,0,1,0,0,0,0,0,1,0,0,0,0
7383,7384,70,8,77.74,0,0,0,0,0,0,0,0,0,1,0,0,0,0,0,0,0
7384,7385,45,7,98.34,0,0,0,0,0,1,1,0,0,0,1,0,0,0,0,0,1
7385,7386,34,5,199.64,0,0,0,0,0,1,0,0,0,0,0,0,0,1,1,0,0
7386,7387,45,10,184.88,1,1,0,0,0,1,0,0,0,0,0,1,0,0,0,0,0
7387,7388,58,11,171.42,0,1,0,0,0,0,1,0,0,0,0,0,1,0,0,0,1
7388,7389,19,15,50.73,0,0,0,0,0,1,1,0,0,0,0,0,1,0,0,0,0
7389,7390,42,5,33.32,0,1,0,1,0,1,0,0,0,0,0,0,0,1,1,0,0
7390,7391,67,5,222.73,1,0,0,0,1,0,1,0,0,1,0,0,0,0,1,0,0
7391,7392,58,14,37.24,1,1,0,0,0,0,0,0,0,0,0,1,0,0,1,0,0
7392,7393,23,3,70.61,0,0,1,1,0,1,0,1,0,1,0,0,0,0,1,0,0
7393,7394,28,3,40.92,1,0,1,0,0,1,0,0,0,0,0,1,0,0,0,1,0
7394,7395,55,15,87.82,0,0,1,0,0,1,1,0,0,1,0,0,0,0,0,0,1
7395,7396,23,3,74.04,0,0,0,1,0,1,1,0,0,1,0,0,0,0,0,1,0
7396,7397,62,9,60.32,1,0,0,1,0,1,1,0,0,0,0,0,0,1,1,0,0
7397,7398,28,8,111.09,0,0,1,1,0,0,0,0,0,0,0,0,0,1,0,1,0
7398,7399,31,14,298.39,0,0,1,1,0,1,1,0,0,0,0,0,1,0,0,1,0
7399,7400,19,8,198.18,0,0,0,0,0,1,1,0,0,0,0,0,0,0,0,0,0
7400,7401,57,4,94.39,1,0,0,0,1,1,1,0,0,0,0,0,0,0,1,0,0
7401,7402,20,14,100.24,0,1,0,0,0,0,1,0,0,1,0,0,0,0,0,0,0
7402,7403,70,3,129.41,0,0,0,0,0,1,1,0,0,0,0,0,0,1,0,1,0
7403,7404,52,2,134.15,0,0,0,0,1,1,0,0,0,1,0,0,0,0,1,0,0
7404,7405,50,6,135.54,1,0,0,1,0,0,0,0,0,0,0,0,0,1,1,0,0
7405,7406,41,11,149.17,1,1,0,0,0,0,0,1,0,0,0,0,1,0,0,0,0
7406,7407,36,4,95.17,0,0,1,0,1,1,1,0,0,0,1,0,0,0,1,0,0
7407,7408,35,7,140.31,1,0,0,1,0,0,1,0,1,0,0,0,0,0,0,1,0
7408,7409,66,5,427.01,1,0,1,1,0,1,1,0,0,0,0,0,0,0,0,0,0
7409,7410,69,13,159.94,0,1,1,0,1,1,0,0,0,0,0,1,0,0,0,0,0
7410,7411,41,12,128.61,0,1,0,0,0,0,0,0,0,0,1,0,0,0,1,0,0
7411,7412,62,15,136.42,0,0,0,0,0,1,1,0,0,0,0,0,0,0,0,0,0
7412,7413,52,10,211.87,0,0,0,1,0,1,0,1,0,0,0,1,0,0,0,0,0
7413,7414,18,15,110.47,0,0,0,0,0,0,1,0,0,0,0,1,0,0,1,0,0
7414,7415,53,10,128.01,0,1,1,0,1,0,0,0,0,0,0,1,0,0,1,0,0
7415,7416,42,6,176.26,0,0,0,0,0,1,0,0,0,0,0,1,0,0,0,0,0
7416,7417,62,13,229.01,1,1,0,1,0,0,0,0,0,0,0,1,0,0,0,0,0
7417,7418,66,3,27.86,1,0,0,0,0,0,1,0,0,0,0,1,0,0,1,0,0
7418,7419,60,5,50.57,0,0,0,0,0,0,0,1,0,0,0,0,1,0,1,0,0
7419,7420,51,8,107.82,0,0,0,1,0,0,1,0,0,1,0,0,0,0,0,1,0
7420,7421,42,3,196.41,0,0,0,1,0,0,0,1,0,0,0,1,0,0,0,0,0
7421,7422,33,11,114.81,0,0,0,0,1,1,1,0,0,0,0,0,0,1,1,0,0
7422,7423,51,15,127.39,0,0,1,1,0,1,1,0,1,0,0,0,0,0,1,0,0
7423,7424,46,9,51.82,0,0,1,0,1,0,0,1,0,0,0,0,0,1,1,0,0
7424,7425,36,14,198.05,0,0,1,1,0,0,1,0,0,1,0,0,0,0,1,0,0
7425,7426,40,7,94.84,0,0,0,0,0,1,0,1,0,0,0,0,1,0,0,0,0
7426,7427,36,9,121.15,0,1,1,0,0,0,1,0,0,0,0,1,0,0,1,0,0
7427,7428,42,9,282.08,0,0,0,0,0,1,0,0,0,1,0,0,0,0,0,1,0
7428,7429,33,1,210.87,0,0,0,0,0,1,1,0,0,0,0,0,0,1,0,1,0
7429,7430,68,15,101.21,1,0,0,0,1,1,0,0,0,0,1,0,0,0,0,0,1
7430,7431,26,7,165.29,0,1,1,0,0,0,0,0,0,0,0,0,0,1,0,0,1
7431,7432,18,10,188.41,1,0,1,1,1,0,0,0,0,0,0,0,0,1,1,0,0
7432,7433,59,3,244.58,1,1,0,1,0,0,0,1,0,0,0,1,0,0,0,0,0
7433,7434,36,7,84.18,0,0,1,1,0,0,1,0,0,0,0,1,0,0,1,0,0
7434,7435,50,9,74.62,0,0,0,0,0,0,0,0,0,0,0,1,0,0,1,0,0
7435,7436,51,12,189.46,1,1,0,0,0,1,0,0,0,0,0,1,0,0,0,0,0
7436,7437,33,15,251.34,0,0,1,0,0,1,1,0,1,0,0,0,0,0,1,0,0
7437,7438,61,11,34.07,0,0,1,0,0,1,1,0,1,0,0,0,0,0,0,1,0
7438,7439,57,12,27.77,1,1,1,1,0,1,1,0,0,0,0,0,1,0,0,1,0
7439,7440,35,9,57.79,0,1,0,0,1,0,1,0,0,0,0,0,0,1,1,0,0
7440,7441,51,2,58.84,1,0,1,1,0,1,1,0,0,0,0,0,0,0,0,0,1
7441,7442,42,4,170.06,0,0,0,0,0,0,0,0,0,0,0,1,0,0,1,0,0
7442,7443,62,14,81.84,1,0,0,0,0,0,1,0,0,0,0,0,0,0,1,0,0
7443,7444,23,11,21.09,0,0,0,0,0,1,0,0,0,0,0,0,0,1,0,1,0
7444,7445,38,5,275.02,0,1,0,0,0,1,0,0,0,0,0,1,0,0,0,0,0
7445,7446,23,13,70.79,0,0,0,0,0,1,0,0,1,0,0,0,0,0,0,1,0
7446,7447,49,12,31.25,0,0,1,0,0,0,1,0,0,1,0,0,0,0,1,0,0
7447,7448,58,6,101.96,0,0,0,0,0,0,0,1,0,0,0,1,0,0,0,0,0
7448,7449,65,13,98.13,1,0,0,0,0,0,1,0,0,0,0,1,0,0,0,0,0
7449,7450,60,8,109.24,0,0,0,0,0,0,1,0,0,1,0,0,0,0,0,0,1
7450,7451,56,11,178.6,0,0,0,0,1,0,1,0,0,0,0,0,0,0,0,0,0
7451,7452,48,4,105.87,0,0,0,1,0,1,0,0,0,0,0,0,0,1,0,0,0
7452,7453,59,4,142.78,1,0,0,0,0,1,0,0,0,0,0,0,0,0,0,1,0
7453,7454,27,7,202.58,0,0,0,0,0,0,1,0,0,0,0,0,1,0,0,1,0
7454,7455,47,9,129.37,0,1,0,1,0,1,0,0,0,0,0,0,1,0,0,0,0
7455,7456,69,9,42.01,0,0,1,1,1,0,1,0,0,1,0,0,0,0,1,0,0
7456,7457,35,14,56.08,0,0,0,1,0,1,0,0,0,0,0,0,0,1,0,0,0
7457,7458,41,1,313.06,1,0,0,0,1,0,0,1,0,0,0,0,1,0,1,0,0
7458,7459,69,13,29.77,0,0,0,0,0,1,0,1,0,0,0,0,0,1,0,0,0
7459,7460,26,5,47.84,1,0,0,0,0,1,0,0,0,0,0,0,0,1,1,0,0
7460,7461,48,6,190.26,0,0,0,1,0,1,1,0,0,1,0,0,0,0,1,0,0
7461,7462,32,7,55.41,0,0,1,0,0,0,0,0,0,0,0,1,0,0,0,0,0
7462,7463,21,8,260.21,0,0,0,0,0,1,1,0,0,0,0,0,1,0,0,0,0
7463,7464,57,3,137.78,1,1,1,1,0,0,0,0,0,0,1,0,0,0,1,0,0
7464,7465,26,1,101.27,0,1,1,0,0,0,0,0,0,0,0,0,0,1,0,1,0
7465,7466,62,2,91.47,0,0,0,1,1,0,0,0,0,0,0,0,0,1,0,0,1
7466,7467,26,6,233.18,1,1,0,0,1,1,0,1,0,0,0,1,0,0,0,1,0
7467,7468,43,12,175.83,0,0,1,0,0,1,1,0,0,0,0,0,1,0,0,1,0
7468,7469,21,14,62.01,0,1,0,0,1,0,0,0,0,0,0,0,0,1,0,1,0
7469,7470,34,8,218.85,0,0,0,1,1,1,1,0,0,1,0,0,0,0,0,0,0
7470,7471,33,11,17.06,1,0,0,1,0,1,0,0,0,1,0,0,0,0,0,0,0
7471,7472,32,13,119.98,1,0,0,0,0,0,0,0,0,0,0,0,1,0,0,0,0
7472,7473,52,5,59.6,0,0,0,0,0,0,0,1,0,0,0,0,0,1,0,1,0
7473,7474,69,11,225.38,0,0,0,0,0,0,0,0,0,0,1,0,0,0,0,1,0
7474,7475,22,6,27.92,0,0,1,0,0,1,1,0,0,0,0,0,0,0,0,1,0
7475,7476,22,10,140.3,0,0,0,0,0,0,1,0,0,0,0,0,0,1,0,1,0
7476,7477,37,11,318.06,0,0,0,0,1,1,0,0,0,0,0,0,0,1,1,0,0
7477,7478,32,15,243.61,0,0,1,0,1,0,1,0,0,0,0,0,0,1,0,0,0
7478,7479,35,7,266.48,0,0,1,1,0,0,0,1,0,0,0,1,0,0,0,0,0
7479,7480,64,7,76.4,0,0,0,1,0,0,1,0,0,0,0,0,1,0,0,1,0
7480,7481,19,15,227.43,1,0,0,0,0,0,0,0,0,0,0,0,0,1,0,0,1
7481,7482,46,11,96.48,0,0,1,0,0,0,1,0,0,0,0,1,0,0,1,0,0
7482,7483,30,7,98.25,0,0,0,0,0,0,0,1,0,0,0,0,1,0,1,0,0
7483,7484,21,3,56.52,0,0,0,0,0,1,0,0,0,1,0,0,0,0,0,1,0
7484,7485,59,13,77.43,1,0,0,0,0,0,0,0,0,1,0,0,0,0,0,1,0
7485,7486,62,7,70.41,0,0,0,0,0,1,0,0,0,1,0,0,0,0,1,0,0
7486,7487,27,3,243.69,0,0,0,0,0,1,0,0,0,1,0,0,0,0,0,1,0
7487,7488,48,9,54.68,0,0,1,0,0,1,1,0,0,0,0,0,0,0,0,0,0
7488,7489,58,10,54.89,1,1,0,0,0,1,0,0,0,0,0,0,0,1,0,1,0
7489,7490,25,10,100.97,1,0,1,0,0,1,0,0,0,1,0,0,0,0,0,1,0
7490,7491,20,9,326.73,1,0,0,0,0,0,0,0,0,0,1,0,0,0,0,1,0
7491,7492,65,5,132.68,1,1,0,0,0,1,1,0,0,0,0,0,0,1,1,0,0
7492,7493,63,9,71.71,0,0,0,0,0,1,1,0,0,0,0,0,0,1,1,0,0
7493,7494,26,10,75.11,0,0,0,0,0,1,1,0,0,0,0,0,1,0,0,1,0
7494,7495,47,3,50.1,0,0,0,0,0,1,0,0,0,0,0,0,0,1,0,1,0
7495,7496,70,7,135.73,0,0,0,0,0,1,1,0,0,0,0,0,0,1,1,0,0
7496,7497,28,13,69.77,1,0,1,0,0,0,0,0,0,0,0,0,0,0,0,0,0
7497,7498,52,14,169.95,0,0,0,0,0,1,0,1,0,0,1,0,0,0,1,0,0
7498,7499,54,7,188.23,0,0,0,0,0,0,0,0,0,0,0,0,0,1,1,0,0
7499,7500,59,4,227.01,1,0,0,0,0,0,0,0,1,0,0,0,0,0,0,1,0
7500,7501,30,6,64.78,1,0,0,0,0,1,0,0,0,0,0,1,0,0,0,0,0
7501,7502,53,7,154.59,0,0,0,0,0,0,0,0,0,0,0,1,0,0,1,0,0
7502,7503,30,12,79.21,0,0,0,0,0,0,0,0,0,0,0,1,0,0,0,0,0
7503,7504,29,8,79.48,0,0,1,0,1,1,1,0,0,0,0,0,0,1,0,1,0
7504,7505,54,13,68.67,1,0,0,0,0,1,1,0,0,0,0,0,0,1,0,0,0
7505,7506,27,1,341.36,1,0,1,0,0,1,0,0,0,1,0,0,0,0,1,0,0
7506,7507,26,2,117.35,1,0,1,0,0,1,1,0,0,0,0,0,0,1,0,0,1
7507,7508,69,12,243.69,0,1,1,1,1,1,1,0,0,0,1,0,0,0,0,0,0
7508,7509,24,11,154.51,1,0,0,0,0,0,0,0,0,0,0,1,0,0,0,0,0
7509,7510,19,1,28.78,0,0,0,0,0,1,0,0,0,0,0,0,0,0,0,0,0
7510,7511,40,9,299.21,0,1,0,0,0,0,0,0,0,0,0,0,1,0,0,1,0
7511,7512,56,12,136.49,0,0,0,1,0,0,0,1,0,0,1,0,0,0,0,1,0
7512,7513,57,7,156.37,0,0,0,1,0,1,1,0,0,0,1,0,0,0,0,0,0
7513,7514,56,11,202.78,1,0,0,1,0,1,0,0,0,0,0,0,1,0,1,0,0
7514,7515,38,7,117.99,1,1,0,0,0,0,0,0,0,1,0,0,0,0,0,1,0
7515,7516,40,5,34.17,0,1,1,0,0,0,1,0,0,0,0,0,0,1,0,0,1
7516,7517,46,5,312.62,0,0,0,0,0,1,1,0,0,0,0,0,0,1,0,1,0
7517,7518,31,4,185.03,0,0,1,0,1,1,1,0,0,0,0,0,0,1,0,0,0
7518,7519,43,5,164.41,0,1,0,0,0,1,0,0,0,0,0,0,0,1,1,0,0
7519,7520,68,8,255.22,0,0,0,0,0,0,0,1,0,0,1,0,0,0,0,1,0
7520,7521,22,15,21.54,0,0,1,0,0,1,1,0,1,0,0,0,0,0,0,0,0
7521,7522,48,10,214.76,1,0,0,0,0,0,0,0,0,0,0,1,0,0,0,1,0
7522,7523,42,3,148.64,0,0,0,0,0,0,1,0,0,0,0,1,0,0,0,0,1
7523,7524,48,4,149.38,0,1,0,1,0,1,0,0,0,0,0,0,0,0,0,0,0
7524,7525,67,8,86.68,0,0,0,0,0,1,0,0,0,0,0,0,0,1,0,1,0
7525,7526,37,15,50.27,0,0,1,0,0,0,1,0,1,0,0,0,0,0,1,0,0
7526,7527,61,2,127.17,1,0,0,0,0,0,0,0,0,0,0,0,0,1,0,0,0
7527,7528,34,1,156.56,0,0,0,0,1,1,1,0,0,0,0,1,0,0,0,1,0
7528,7529,62,3,26.02,1,0,0,0,0,0,0,0,0,0,0,0,0,1,0,0,0
7529,7530,19,4,199.86,0,0,0,0,0,0,1,0,1,0,0,0,0,0,0,0,0
7530,7531,42,10,133.65,0,0,0,0,0,0,0,0,0,0,0,1,0,0,0,1,0
7531,7532,30,15,134.7,0,0,1,0,0,0,1,0,0,0,0,1,0,0,0,0,0
7532,7533,56,15,100.28,1,0,1,0,0,0,0,0,0,0,0,0,0,1,0,0,0
7533,7534,45,2,154.91,0,1,1,0,0,1,0,0,0,1,0,0,0,0,1,0,0
7534,7535,59,4,192.06,0,0,1,0,0,1,1,0,0,0,0,0,0,0,0,1,0
7535,7536,23,13,305.76,1,0,0,0,0,1,1,0,0,0,0,0,0,1,0,1,0
7536,7537,20,15,357.86,0,1,0,1,0,1,1,0,1,0,0,0,0,0,0,0,1
7537,7538,52,6,266.81,1,0,1,0,0,1,1,0,0,0,0,0,1,0,0,0,0
7538,7539,35,10,118.27,0,0,0,1,0,1,0,1,0,0,0,0,0,0,0,1,0
7539,7540,28,10,37.24,0,0,1,0,1,1,0,0,0,1,0,0,0,0,1,0,0
7540,7541,37,6,140.68,0,0,1,0,0,0,1,0,0,0,0,0,1,0,1,0,0
7541,7542,22,6,100.24,0,0,1,0,0,1,1,0,0,0,0,0,0,1,0,1,0
7542,7543,36,10,134.77,0,0,1,0,0,0,1,0,0,0,0,0,0,1,1,0,0
7543,7544,39,11,84.56,0,1,0,0,1,1,1,0,0,0,0,0,0,1,1,0,0
7544,7545,36,5,118.71,0,0,0,0,0,1,0,1,0,0,0,0,0,1,1,0,0
7545,7546,64,4,66.99,0,0,1,0,0,1,1,0,0,0,0,0,0,0,1,0,0
7546,7547,33,4,61.4,0,0,1,0,0,1,0,1,0,0,0,0,0,1,1,0,0
7547,7548,41,7,94.03,0,1,0,0,0,0,0,0,0,0,0,1,0,0,0,0,1
7548,7549,58,6,122.09,0,1,0,0,1,0,1,0,0,0,0,1,0,0,1,0,0
7549,7550,21,15,70.46,0,1,0,1,1,0,0,0,0,0,0,0,0,0,0,1,0
7550,7551,32,6,21.1,1,0,1,0,0,0,0,0,0,1,0,0,0,0,0,0,1
7551,7552,42,2,53.3,0,0,0,0,0,0,1,0,1,0,0,0,0,0,0,0,0
7552,7553,61,11,96.37,0,0,0,0,0,0,1,0,0,0,0,1,0,0,1,0,0
7553,7554,52,4,140.82,0,1,0,0,0,0,0,0,0,0,0,0,0,1,1,0,0
7554,7555,31,13,118.7,0,0,0,1,0,1,0,0,0,0,0,0,0,0,0,0,0
7555,7556,66,3,142.46,0,0,1,0,0,0,1,0,0,0,0,0,0,1,0,1,0
7556,7557,36,15,99.57,0,0,0,0,1,0,1,0,0,1,0,0,0,0,0,0,1
7557,7558,55,3,71.41,1,0,0,1,0,0,0,0,0,0,1,0,0,0,0,1,0
7558,7559,53,13,110.72,0,1,0,0,0,1,0,0,0,0,0,0,0,1,0,0,0
7559,7560,24,15,95.9,0,0,1,0,0,0,1,0,0,0,0,1,0,0,1,0,0
7560,7561,47,7,120.07,0,1,1,1,0,1,1,0,0,0,0,0,0,1,0,1,0
7561,7562,36,14,177.03,0,0,1,0,1,0,0,0,0,0,1,0,0,0,1,0,0
7562,7563,66,14,112.78,0,0,0,0,0,1,0,0,0,1,0,0,0,0,0,1,0
7563,7564,42,10,355.69,0,0,0,0,0,1,0,0,0,1,0,0,0,0,0,0,1
7564,7565,33,9,62.47,0,0,1,0,0,0,0,1,0,0,0,1,0,0,0,0,1
7565,7566,64,8,114.63,0,0,0,0,0,0,1,0,0,0,0,1,0,0,1,0,0
7566,7567,57,14,239.09,1,0,0,0,0,0,0,0,0,0,0,0,0,0,1,0,0
7567,7568,68,15,191.27,0,0,0,0,0,1,1,0,0,0,0,0,0,0,0,0,0
7568,7569,25,13,198.4,0,0,0,0,0,0,0,0,0,1,0,0,0,0,0,0,0
7569,7570,35,14,25.9,1,0,0,0,0,1,0,0,0,1,0,0,0,0,0,0,0
7570,7571,45,4,194.18,0,0,0,1,0,1,0,1,0,0,0,1,0,0,0,0,1
7571,7572,33,2,103.26,0,1,0,0,0,1,0,1,0,0,0,1,0,0,0,0,0
7572,7573,69,11,30.67,0,0,1,0,0,0,1,0,0,0,0,0,0,1,1,0,0
7573,7574,36,12,51.22,0,0,1,0,0,0,1,0,0,0,0,1,0,0,0,0,0
7574,7575,59,14,39.95,1,1,0,0,0,1,0,0,1,0,0,0,0,0,0,0,0
7575,7576,34,8,67.75,0,1,0,0,0,1,0,1,0,0,0,0,1,0,0,1,0
7576,7577,62,8,156.56,0,0,1,0,0,1,1,0,0,0,0,0,0,1,0,0,0
7577,7578,30,2,114.78,0,0,0,0,0,1,0,0,0,0,0,0,0,0,0,0,1
7578,7579,24,4,52.4,0,0,1,0,0,1,1,0,0,1,0,0,0,0,1,0,0
7579,7580,44,8,74.59,0,0,0,1,1,1,0,1,0,1,0,0,0,0,1,0,0
7580,7581,27,9,225.92,0,0,1,0,1,1,0,1,0,0,0,0,0,0,1,0,0
7581,7582,51,10,246.56,0,0,0,0,0,0,1,0,0,1,0,0,0,0,0,1,0
7582,7583,53,9,233.7,0,0,0,1,0,1,1,0,0,0,0,0,0,1,0,1,0
7583,7584,42,1,251.61,0,0,0,0,0,0,0,0,0,0,0,0,0,1,0,0,0
7584,7585,23,6,135.37,0,0,0,0,1,0,1,0,0,0,0,0,0,1,0,0,0
7585,7586,41,7,33.76,0,1,0,0,0,1,1,0,0,1,0,0,0,0,0,1,0
7586,7587,35,10,89.46,1,1,0,1,0,0,0,0,0,0,0,0,0,1,0,1,0
7587,7588,40,8,70.45,0,0,1,1,0,0,1,0,0,0,0,0,0,1,1,0,0
7588,7589,23,11,92.55,0,0,0,0,0,0,0,1,0,0,0,0,0,1,1,0,0
7589,7590,46,12,167.84,1,1,1,0,0,1,0,0,1,0,0,0,0,0,0,0,0
7590,7591,42,1,166.7,0,1,0,0,0,1,1,0,0,0,0,0,1,0,0,0,0
7591,7592,34,10,172.17,0,0,1,0,1,1,1,0,0,1,0,0,0,0,0,1,0
7592,7593,63,15,149.05,1,0,1,0,1,0,1,0,1,0,0,0,0,0,1,0,0
7593,7594,41,7,119.86,1,0,1,0,0,0,1,0,0,0,0,0,0,1,0,1,0
7594,7595,28,4,98.08,0,1,0,0,0,0,0,0,0,0,0,1,0,0,0,0,1
7595,7596,43,3,182.9,0,0,1,0,0,0,1,0,0,0,0,0,0,1,0,1,0
7596,7597,68,4,216.93,0,0,0,0,0,1,0,0,0,0,0,0,1,0,1,0,0
7597,7598,51,8,68.0,0,1,0,0,0,0,1,0,0,0,0,0,0,1,1,0,0
7598,7599,45,11,54.57,0,0,0,0,0,0,1,0,0,0,0,0,0,1,0,0,0
7599,7600,20,6,145.32,0,0,0,0,0,0,0,0,0,0,0,0,0,1,0,0,1
7600,7601,28,9,59.64,0,0,1,0,0,0,0,0,1,0,0,0,0,0,0,1,0
7601,7602,55,5,140.19,1,0,0,1,0,0,0,0,0,0,0,0,0,1,0,1,0
7602,7603,31,11,296.23,1,0,0,0,0,1,0,0,0,1,0,0,0,0,0,0,0
7603,7604,68,9,41.62,1,0,0,0,0,1,0,0,0,1,0,0,0,0,1,0,0
7604,7605,43,5,240.07,0,0,1,0,0,1,1,0,0,0,0,0,1,0,0,1,0
7605,7606,65,14,149.68,1,0,0,0,0,1,0,1,0,1,0,0,0,0,0,1,0
7606,7607,38,15,230.46,1,0,0,1,0,0,0,1,0,0,0,1,0,0,0,0,0
7607,7608,56,12,345.1,0,0,0,0,0,1,0,1,0,1,0,0,0,0,1,0,0
7608,7609,47,5,190.08,0,0,0,1,0,1,1,0,0,0,0,0,0,0,0,0,0
7609,7610,25,6,87.74,0,1,1,1,0,0,0,0,0,0,0,0,0,1,0,0,0
7610,7611,68,15,260.07,0,0,0,0,0,1,1,0,0,1,0,0,0,0,0,0,0
7611,7612,37,15,51.09,0,0,0,0,0,1,1,0,1,0,0,0,0,0,0,1,0
7612,7613,65,10,190.82,0,0,1,0,0,0,0,0,0,0,0,1,0,0,1,0,0
7613,7614,49,13,111.84,0,0,1,0,0,1,1,0,0,0,1,0,0,0,0,0,0
7614,7615,39,9,83.0,0,0,1,1,0,1,1,0,0,0,0,0,1,0,1,0,0
7615,7616,24,14,77.55,0,0,0,0,1,1,0,1,0,0,0,0,0,0,1,0,0
7616,7617,26,3,90.84,0,0,1,1,0,1,1,0,0,0,0,1,0,0,0,1,0
7617,7618,62,4,107.24,0,0,0,1,0,0,0,1,0,0,0,0,1,0,0,0,0
7618,7619,18,15,88.37,0,0,0,0,0,0,0,0,0,0,0,0,0,1,0,0,1
7619,7620,46,13,158.11,0,1,0,1,0,1,0,0,0,0,0,0,0,1,0,0,0
7620,7621,25,8,332.21,0,0,0,1,1,1,0,1,0,1,0,0,0,0,0,0,0
7621,7622,21,9,119.75,0,1,0,0,0,1,0,0,0,0,0,0,0,1,1,0,0
7622,7623,52,5,171.66,0,0,0,1,0,0,0,0,0,0,0,0,0,1,0,1,0
7623,7624,20,7,87.19,0,0,1,0,1,0,1,0,0,0,1,0,0,0,1,0,0
7624,7625,62,10,103.55,0,0,0,1,1,0,0,1,0,0,0,0,1,0,1,0,0
7625,7626,57,12,213.87,1,0,0,0,0,0,0,0,0,0,0,1,0,0,0,0,0
7626,7627,24,7,97.9,0,0,0,1,0,0,0,0,0,1,0,0,0,0,0,0,0
7627,7628,44,7,112.15,0,0,1,1,1,0,1,0,0,0,0,0,0,1,0,0,1
7628,7629,18,15,357.99,0,0,1,0,0,0,1,0,0,0,0,0,0,0,0,1,0
7629,7630,44,3,58.22,0,0,0,1,0,0,0,0,0,0,0,0,0,0,0,0,0
7630,7631,33,13,65.79,1,0,1,1,0,0,0,1,0,0,0,0,1,0,1,0,0
7631,7632,55,3,52.67,1,0,1,0,0,1,1,0,1,0,0,0,0,0,0,1,0
7632,7633,24,10,88.3,0,0,0,0,0,1,0,1,0,1,0,0,0,0,0,0,1
7633,7634,61,8,137.72,1,0,1,0,0,0,0,0,0,0,0,0,0,1,0,0,0
7634,7635,40,10,343.8,0,0,0,0,0,1,1,0,0,1,0,0,0,0,0,0,0
7635,7636,58,11,82.03,0,1,1,0,0,1,0,1,0,1,0,0,0,0,0,0,0
7636,7637,28,8,140.1,0,1,0,0,1,1,1,0,0,0,0,0,0,1,1,0,0
7637,7638,59,8,145.18,0,0,0,0,0,0,0,0,1,0,0,0,0,0,0,0,1
7638,7639,70,15,187.1,0,0,0,1,1,0,0,1,0,0,1,0,0,0,0,0,0
7639,7640,50,2,16.35,0,0,1,0,0,1,1,0,1,0,0,0,0,0,0,0,0
7640,7641,67,11,143.4,0,0,0,0,0,0,1,0,1,0,0,0,0,0,0,0,0
7641,7642,53,4,112.75,1,0,0,0,0,1,0,0,0,0,1,0,0,0,0,0,0
7642,7643,54,6,138.66,0,0,0,0,0,1,1,0,1,0,0,0,0,0,0,1,0
7643,7644,58,8,87.08,1,0,0,0,0,1,0,1,0,0,0,1,0,0,1,0,0
7644,7645,34,15,357.18,1,0,1,1,1,0,1,0,0,0,0,0,0,1,0,0,1
7645,7646,52,2,55.69,1,0,0,0,0,0,0,0,0,0,0,0,0,1,1,0,0
7646,7647,65,12,82.19,0,1,0,0,0,0,0,0,0,0,0,0,0,1,0,0,0
7647,7648,22,8,37.4,0,1,0,0,0,1,0,0,0,1,0,0,0,0,1,0,0
7648,7649,65,1,204.35,0,0,0,0,0,0,0,0,0,0,0,0,1,0,1,0,0
7649,7650,49,12,149.68,0,0,0,0,0,1,1,0,0,0,0,0,0,0,0,0,0
7650,7651,20,6,97.92,0,1,0,1,0,0,0,0,0,1,0,0,0,0,0,0,1
7651,7652,69,8,166.34,0,0,0,0,0,0,0,0,0,0,0,0,0,1,0,1,0
7652,7653,64,8,156.21,1,0,0,1,0,0,0,0,0,0,0,0,0,1,0,1,0
7653,7654,52,14,385.98,0,1,0,0,0,1,1,0,0,1,0,0,0,0,0,1,0
7654,7655,69,12,238.77,0,1,0,0,0,1,1,0,0,0,0,0,0,1,0,1,0
7655,7656,31,8,102.92,0,0,1,0,0,0,1,0,0,0,0,0,0,1,0,0,0
7656,7657,65,7,195.74,1,1,0,1,0,1,0,1,0,1,0,0,0,0,0,0,1
7657,7658,48,14,99.62,0,0,1,0,0,1,0,0,0,0,0,0,0,0,1,0,0
7658,7659,48,11,30.63,0,0,0,0,0,1,1,0,0,0,0,0,0,1,1,0,0
7659,7660,34,10,58.15,0,0,0,1,0,1,0,0,0,0,0,1,0,0,0,0,0
7660,7661,41,11,90.53,1,0,1,0,0,0,0,0,0,1,0,0,0,0,0,0,0
7661,7662,69,13,212.41,0,0,0,1,0,0,1,0,0,0,0,0,0,1,0,0,0
7662,7663,40,10,187.41,0,0,0,1,1,1,1,0,0,0,0,1,0,0,0,0,0
7663,7664,35,2,84.55,0,0,0,0,0,0,0,0,0,1,0,0,0,0,1,0,0
7664,7665,67,13,268.62,1,0,0,0,0,0,0,0,0,0,0,0,0,1,0,0,0
7665,7666,31,2,130.56,0,0,0,0,0,0,1,0,0,0,1,0,0,0,0,0,0
7666,7667,67,13,25.83,0,0,0,0,0,1,1,0,0,0,0,0,0,0,1,0,0
7667,7668,32,2,121.43,0,1,0,0,0,0,1,0,0,0,0,0,0,0,0,0,0
7668,7669,32,14,143.57,1,1,0,0,0,1,1,0,1,0,0,0,0,0,0,0,0
7669,7670,23,14,292.39,0,1,1,0,0,0,0,1,0,0,1,0,0,0,0,0,1
7670,7671,44,3,176.44,1,1,1,0,1,1,0,0,0,0,0,0,0,1,0,0,1
7671,7672,32,15,163.04,0,0,1,1,0,0,0,0,0,0,0,0,1,0,0,1,0
7672,7673,67,9,32.71,0,0,0,0,0,1,0,0,0,0,0,0,1,0,0,0,0
7673,7674,53,10,297.79,1,0,1,0,0,1,1,0,0,0,0,0,0,1,0,0,0
7674,7675,25,13,160.69,1,0,0,1,0,1,0,0,0,0,0,1,0,0,0,0,0
7675,7676,32,7,84.07,0,1,0,1,0,0,0,1,0,0,0,0,0,1,1,0,0
7676,7677,20,7,114.75,0,0,0,0,0,1,1,0,0,0,0,1,0,0,0,0,0
7677,7678,64,5,150.93,1,0,0,1,1,0,0,0,0,0,0,1,0,0,1,0,0
7678,7679,30,6,87.76,0,0,0,1,0,0,0,0,0,1,0,0,0,0,0,1,0
7679,7680,58,4,237.6,0,0,0,0,0,1,1,0,1,0,0,0,0,0,0,0,1
7680,7681,51,1,154.57,0,0,0,1,0,1,0,0,0,0,0,0,1,0,0,0,0
7681,7682,41,11,120.55,0,0,0,0,0,1,0,1,1,0,0,0,0,0,1,0,0
7682,7683,57,2,296.42,1,0,1,1,0,1,1,0,0,1,0,0,0,0,1,0,0
7683,7684,49,3,226.73,0,0,0,0,0,0,0,0,0,0,0,0,0,1,0,0,1
7684,7685,49,2,180.17,0,0,0,0,0,1,1,0,0,0,0,0,1,0,0,0,1
7685,7686,47,9,165.94,1,0,1,0,0,0,0,0,0,0,0,0,0,1,1,0,0
7686,7687,69,11,45.46,0,0,1,0,1,1,1,0,0,0,0,0,0,0,1,0,0
7687,7688,66,13,59.04,0,0,0,0,0,1,0,0,0,0,0,0,1,0,1,0,0
7688,7689,30,15,48.64,0,0,1,1,0,0,1,0,0,0,0,0,0,1,0,0,0
7689,7690,18,15,84.7,0,0,1,0,0,0,1,0,0,1,0,0,0,0,0,1,0
7690,7691,51,13,144.69,0,0,1,0,0,1,1,0,0,1,0,0,0,0,0,0,0
7691,7692,32,15,74.52,0,0,0,0,0,0,1,0,0,0,0,0,0,1,1,0,0
7692,7693,61,5,137.71,1,0,0,0,0,0,0,0,0,0,0,0,0,0,0,1,0
7693,7694,31,11,339.66,0,0,0,1,0,0,1,0,0,0,0,0,0,1,0,0,0
7694,7695,46,7,63.45,0,1,0,0,0,1,1,0,0,0,0,0,0,1,0,0,0
7695,7696,51,2,109.09,0,0,1,0,1,0,1,0,0,0,0,0,1,0,0,0,0
7696,7697,35,11,243.67,0,1,0,0,0,0,0,1,0,1,0,0,0,0,1,0,0
7697,7698,24,12,43.44,1,0,0,0,0,0,0,0,0,0,0,1,0,0,0,1,0
7698,7699,46,9,147.49,0,1,0,0,0,0,1,0,0,0,0,0,0,1,1,0,0
7699,7700,48,8,45.1,0,0,1,0,1,1,1,0,0,0,0,1,0,0,1,0,0
7700,7701,42,4,78.45,0,0,0,0,0,1,1,0,0,0,1,0,0,0,0,1,0
7701,7702,55,3,187.99,0,0,0,0,0,0,1,0,0,0,0,1,0,0,1,0,0
7702,7703,31,1,83.72,0,1,0,1,0,1,0,0,0,0,0,1,0,0,0,0,0
7703,7704,25,8,69.0,0,1,1,0,0,1,1,0,0,0,0,0,0,1,0,0,0
7704,7705,44,5,74.76,1,1,0,0,0,1,0,0,0,1,0,0,0,0,0,0,0
7705,7706,19,11,40.01,0,0,1,0,0,1,1,0,1,0,0,0,0,0,0,0,1
7706,7707,34,2,35.26,0,0,0,1,0,0,1,0,0,0,0,0,1,0,0,0,1
7707,7708,54,1,317.84,1,0,0,1,0,0,0,0,0,0,0,0,0,0,0,0,1
7708,7709,31,15,232.68,0,1,1,0,0,0,1,0,1,0,0,0,0,0,0,0,1
7709,7710,42,3,243.66,0,0,0,0,0,0,0,0,0,0,0,0,0,1,0,1,0
7710,7711,47,3,107.51,1,0,0,0,1,1,1,0,0,0,0,1,0,0,0,0,0
7711,7712,46,2,344.59,0,0,1,1,0,0,1,0,0,0,0,0,0,1,0,0,1
7712,7713,37,10,101.65,1,1,0,0,1,0,1,0,0,0,0,1,0,0,1,0,0
7713,7714,38,13,278.63,0,0,0,1,1,0,0,1,0,0,0,0,0,1,0,0,0
7714,7715,70,12,99.03,0,0,0,0,1,1,1,0,0,0,1,0,0,0,1,0,0
7715,7716,39,8,123.55,0,1,1,0,0,1,0,0,0,0,0,0,1,0,0,1,0
7716,7717,52,6,22.77,0,0,0,0,0,1,0,1,0,0,0,0,0,1,1,0,0
7717,7718,54,5,47.07,1,0,0,0,0,0,0,0,0,0,0,1,0,0,0,0,0
7718,7719,33,15,100.34,0,0,0,0,1,1,1,0,0,0,0,0,1,0,0,0,0
7719,7720,67,14,67.85,1,1,0,0,1,0,0,1,0,0,0,0,0,1,1,0,0
7720,7721,66,6,172.33,1,0,1,0,0,0,1,0,0,0,0,0,0,1,0,0,1
7721,7722,60,1,48.42,1,0,0,0,0,0,0,0,0,1,0,0,0,0,0,1,0
7722,7723,34,2,230.43,1,0,1,0,0,1,0,0,0,0,0,0,0,1,1,0,0
7723,7724,33,7,136.46,0,1,0,0,0,1,0,0,0,0,0,0,0,0,1,0,0
7724,7725,19,1,223.26,0,0,0,0,0,1,0,0,0,1,0,0,0,0,1,0,0
7725,7726,21,8,122.81,0,0,0,0,0,1,0,0,0,0,0,0,0,0,0,0,0
7726,7727,38,5,181.18,0,0,0,0,0,0,1,0,0,0,0,0,0,0,0,0,1
7727,7728,56,14,150.1,0,1,1,0,0,0,0,0,0,0,1,0,0,0,0,0,0
7728,7729,51,4,159.94,0,0,0,1,0,0,0,1,0,0,0,0,1,0,0,1,0
7729,7730,47,8,85.12,0,0,0,0,1,1,1,0,0,0,0,1,0,0,1,0,0
7730,7731,23,10,160.73,0,0,1,0,0,1,0,1,0,1,0,0,0,0,0,1,0
7731,7732,34,7,218.86,1,0,0,0,0,1,0,0,0,0,0,0,0,1,0,0,0
7732,7733,56,4,244.08,1,0,0,0,0,1,1,0,0,0,0,0,0,1,0,1,0
7733,7734,42,5,83.05,1,0,0,0,1,1,0,0,0,0,0,1,0,0,0,0,0
7734,7735,22,8,89.2,1,0,0,0,0,1,0,0,0,1,0,0,0,0,0,0,0
7735,7736,22,11,28.91,0,0,1,0,0,1,1,0,0,1,0,0,0,0,0,1,0
7736,7737,37,13,214.64,0,0,1,0,1,1,1,0,1,0,0,0,0,0,1,0,0
7737,7738,33,5,61.55,0,0,0,0,0,1,0,0,0,0,0,0,0,0,0,0,0
7738,7739,68,2,202.89,1,0,0,0,0,1,0,0,1,0,0,0,0,0,0,0,0
7739,7740,58,4,134.88,0,0,0,0,0,1,0,0,1,0,0,0,0,0,0,0,1
7740,7741,54,12,158.11,0,0,0,0,0,0,1,0,0,0,0,0,0,1,0,0,0
7741,7742,57,5,97.14,1,0,0,0,0,0,0,1,0,0,1,0,0,0,1,0,0
7742,7743,26,6,258.35,0,0,0,0,0,0,0,0,0,0,0,0,0,1,0,0,0
7743,7744,22,12,100.44,1,0,1,0,0,0,0,0,0,0,1,0,0,0,0,0,0
7744,7745,59,6,500.0,0,0,0,0,1,1,0,1,0,0,0,0,0,0,1,0,0
7745,7746,19,13,85.76,0,0,0,1,0,0,0,0,0,0,0,0,1,0,0,0,0
7746,7747,26,13,198.91,0,0,1,0,0,0,1,0,0,0,0,1,0,0,1,0,0
7747,7748,60,1,50.58,0,0,0,0,0,0,0,0,0,0,0,0,0,0,0,0,0
7748,7749,53,7,125.6,0,0,1,0,0,1,1,0,0,0,0,1,0,0,0,0,0
7749,7750,39,12,219.45,0,0,1,0,0,0,1,0,0,0,1,0,0,0,1,0,0
7750,7751,39,10,159.84,0,1,0,0,0,0,1,0,1,0,0,0,0,0,0,0,0
7751,7752,39,1,205.47,0,0,0,0,0,0,0,0,0,0,0,1,0,0,1,0,0
7752,7753,51,13,229.75,0,1,0,0,0,0,0,0,0,0,0,1,0,0,0,0,0
7753,7754,46,5,137.95,1,0,0,1,0,1,0,0,0,0,0,0,0,1,0,1,0
7754,7755,55,11,101.73,0,0,0,0,0,0,1,0,0,0,0,0,1,0,1,0,0
7755,7756,63,15,150.48,0,0,0,0,0,1,0,1,0,0,0,1,0,0,0,0,1
7756,7757,50,7,193.93,0,0,1,0,0,1,1,0,0,0,0,0,1,0,0,0,0
7757,7758,35,14,247.72,0,1,0,0,0,1,0,0,0,0,0,1,0,0,1,0,0
7758,7759,24,14,110.66,0,1,0,0,0,0,0,1,0,0,0,0,0,1,0,0,0
7759,7760,18,8,133.4,0,0,0,0,0,0,0,0,0,0,0,0,0,1,1,0,0
7760,7761,50,12,53.07,0,1,0,0,0,0,1,0,0,0,0,0,0,1,0,1,0
7761,7762,18,12,133.48,1,0,0,0,1,0,1,0,0,0,0,1,0,0,0,1,0
7762,7763,41,13,145.04,0,0,0,0,0,1,0,0,0,0,0,0,0,1,0,1,0
7763,7764,21,5,176.4,1,0,0,0,0,0,0,0,0,0,0,1,0,0,1,0,0
7764,7765,21,2,156.78,0,0,0,0,1,0,0,0,0,0,0,0,0,1,0,0,0
7765,7766,35,3,65.5,0,1,1,0,1,1,1,0,0,1,0,0,0,0,1,0,0
7766,7767,44,14,98.32,0,0,1,1,0,1,1,0,0,0,0,0,0,1,1,0,0
7767,7768,60,8,394.64,1,0,0,0,0,0,1,0,0,1,0,0,0,0,0,1,0
7768,7769,49,11,360.58,1,1,1,1,0,0,1,0,0,0,0,0,0,1,0,0,0
7769,7770,50,4,122.15,0,0,1,0,0,0,1,0,0,0,0,1,0,0,1,0,0
7770,7771,45,15,64.55,0,0,0,0,1,1,1,0,0,0,0,0,0,1,0,0,0
7771,7772,59,1,78.75,1,0,1,0,0,1,1,0,0,0,0,0,0,1,0,1,0
7772,7773,58,3,94.95,0,0,1,0,0,1,0,0,0,0,1,0,0,0,1,0,0
7773,7774,53,10,79.57,1,1,0,0,0,1,0,0,0,0,0,0,0,1,0,0,0
7774,7775,23,15,111.86,0,0,1,0,0,1,1,0,0,0,0,0,1,0,0,1,0
7775,7776,33,15,63.57,1,0,0,0,0,0,1,0,0,0,1,0,0,0,0,1,0
7776,7777,51,2,116.27,0,0,0,1,0,0,0,1,0,0,0,0,0,0,0,1,0
7777,7778,40,9,59.63,0,0,0,0,0,1,0,0,0,0,0,0,0,0,0,0,0
7778,7779,67,1,303.65,1,1,0,1,0,1,0,0,0,1,0,0,0,0,0,1,0
7779,7780,59,9,206.05,0,1,0,0,0,0,0,0,0,1,0,0,0,0,0,0,0
7780,7781,41,15,50.2,0,0,0,0,1,1,0,0,0,0,0,0,0,0,1,0,0
7781,7782,66,10,159.7,1,0,0,0,0,1,1,0,0,0,0,0,0,1,1,0,0
7782,7783,30,5,154.51,0,0,0,0,0,0,0,1,0,1,0,0,0,0,1,0,0
7783,7784,35,13,66.9,0,0,1,0,0,1,1,0,0,0,0,0,1,0,1,0,0
7784,7785,30,7,97.49,0,0,1,0,1,0,1,0,0,0,0,0,0,1,0,0,0
7785,7786,66,8,122.47,0,0,0,1,0,0,1,0,0,0,0,1,0,0,0,0,0
7786,7787,54,12,132.86,1,0,0,0,0,0,0,0,0,0,0,1,0,0,0,0,1
7787,7788,60,6,152.33,0,0,0,0,0,1,1,0,0,0,0,0,0,1,1,0,0
7788,7789,56,10,98.83,0,0,1,0,0,1,1,0,0,0,0,0,0,1,1,0,0
7789,7790,59,14,78.82,0,1,0,0,0,0,0,0,0,1,0,0,0,0,0,0,0
7790,7791,34,14,120.47,0,0,1,0,0,1,1,0,0,0,0,1,0,0,1,0,0
7791,7792,32,15,76.81,1,1,0,0,0,1,1,0,0,1,0,0,0,0,0,1,0
7792,7793,35,9,208.22,1,0,1,0,1,1,0,0,0,0,0,1,0,0,0,0,1
7793,7794,40,11,118.03,0,0,0,0,0,0,0,0,0,0,0,1,0,0,0,0,0
7794,7795,68,10,50.14,1,0,0,0,0,1,0,0,0,0,0,0,1,0,0,0,0
7795,7796,47,7,227.57,0,0,0,1,0,0,0,0,0,0,0,0,0,1,0,0,0
7796,7797,51,3,64.79,0,0,0,0,0,0,0,0,0,0,0,0,0,0,0,1,0
7797,7798,21,15,43.1,0,0,0,0,0,0,1,0,0,0,0,0,0,1,0,1,0
7798,7799,20,7,297.6,0,1,0,0,0,0,1,0,0,0,0,0,0,1,0,1,0
7799,7800,24,7,149.84,0,0,1,0,0,1,1,0,0,1,0,0,0,0,0,0,0
7800,7801,35,9,299.27,1,1,0,0,1,0,0,1,0,0,0,1,0,0,0,1,0
7801,7802,59,10,120.04,1,0,0,1,0,0,1,0,0,0,1,0,0,0,0,0,1
7802,7803,24,12,178.28,0,0,1,0,1,1,1,0,0,1,0,0,0,0,0,0,0
7803,7804,57,14,62.31,0,0,1,1,1,1,1,0,0,0,0,0,0,0,0,0,0
7804,7805,23,6,114.07,0,0,1,1,0,1,1,0,0,0,0,0,0,1,0,0,0
7805,7806,39,5,93.08,0,0,1,1,1,0,0,0,0,0,0,1,0,0,0,1,0
7806,7807,18,10,279.74,1,1,0,0,0,1,0,0,0,1,0,0,0,0,1,0,0
7807,7808,21,2,425.37,0,0,0,1,0,0,1,0,0,0,0,0,0,0,0,0,0
7808,7809,63,12,149.09,0,0,1,0,0,1,1,0,0,0,0,0,0,0,0,1,0
7809,7810,66,12,127.62,0,0,0,0,0,1,0,1,0,0,0,1,0,0,0,1,0
7810,7811,69,5,141.42,1,0,0,0,0,1,1,0,0,0,0,0,0,1,0,0,0
7811,7812,67,11,162.56,0,0,0,0,0,0,0,1,0,0,0,0,0,0,0,0,0
7812,7813,60,11,118.2,0,0,1,0,0,0,0,0,0,1,0,0,0,0,0,0,0
7813,7814,46,3,500.0,0,0,0,0,0,0,1,0,0,0,0,0,0,1,1,0,0
7814,7815,38,13,86.18,0,0,0,0,0,0,0,1,0,0,0,0,0,1,1,0,0
7815,7816,43,4,51.99,1,0,0,0,0,0,0,0,1,0,0,0,0,0,1,0,0
7816,7817,31,3,133.37,0,0,0,0,0,1,0,0,1,0,0,0,0,0,0,0,0
7817,7818,26,7,128.57,0,0,0,0,0,0,0,0,0,0,0,0,0,1,1,0,0
7818,7819,64,15,52.3,0,0,0,0,0,1,1,0,0,0,0,1,0,0,0,1,0
7819,7820,29,15,94.74,1,1,0,1,0,0,0,0,0,0,0,0,0,0,0,0,0
7820,7821,59,7,53.4,0,0,0,1,1,0,1,0,0,0,1,0,0,0,0,1,0
7821,7822,68,13,130.21,1,0,0,0,0,1,0,0,1,0,0,0,0,0,0,1,0
7822,7823,68,9,157.23,0,0,0,1,0,1,1,0,0,0,0,0,0,0,1,0,0
7823,7824,23,2,159.03,0,0,0,0,0,0,0,1,0,0,0,0,0,1,1,0,0
7824,7825,37,2,53.37,0,0,1,0,0,0,0,0,0,0,0,0,0,0,0,1,0
7825,7826,41,1,63.07,0,0,0,0,0,1,0,0,0,0,0,1,0,0,0,1,0
7826,7827,44,5,105.46,0,0,0,0,0,0,1,0,0,0,1,0,0,0,0,0,1
7827,7828,55,9,111.17,0,0,0,0,1,0,1,0,0,1,0,0,0,0,0,0,0
7828,7829,25,9,103.34,1,0,0,0,0,1,0,0,0,0,0,0,1,0,0,0,0
7829,7830,18,7,165.32,0,0,0,0,0,0,1,0,0,0,0,1,0,0,0,1,0
7830,7831,66,11,202.27,0,1,1,1,0,0,0,1,0,0,0,0,0,1,1,0,0
7831,7832,66,11,37.94,0,0,0,0,0,1,0,0,0,0,0,0,0,0,0,0,0
7832,7833,41,1,240.59,1,0,0,0,0,1,0,0,0,0,0,0,0,1,0,1,0
7833,7834,64,4,150.77,1,0,1,0,0,0,1,0,0,0,0,1,0,0,1,0,0
7834,7835,24,8,28.94,0,1,0,0,1,1,1,0,0,0,0,1,0,0,0,0,0
7835,7836,36,3,75.53,1,0,0,0,0,0,0,0,0,0,1,0,0,0,0,0,0
7836,7837,39,9,235.14,0,0,0,0,1,1,1,0,0,0,1,0,0,0,0,0,1
7837,7838,52,10,268.15,1,0,0,0,0,1,0,1,0,0,0,0,0,1,0,1,0
7838,7839,47,3,77.48,1,1,0,0,0,0,0,0,0,0,0,0,0,1,0,0,1
7839,7840,46,4,138.43,0,0,1,0,0,0,1,0,0,0,0,0,1,0,1,0,0
7840,7841,39,12,127.44,1,0,0,0,0,0,0,0,0,0,0,1,0,0,0,0,0
7841,7842,28,14,76.58,0,0,1,0,1,1,1,0,0,0,0,0,1,0,0,0,1
7842,7843,37,11,30.06,0,0,1,0,0,1,1,0,0,0,0,0,0,1,1,0,0
7843,7844,46,15,130.86,0,0,0,0,1,0,1,0,0,0,0,0,1,0,0,0,1
7844,7845,68,6,106.08,1,0,1,0,1,0,1,0,0,1,0,0,0,0,1,0,0
7845,7846,58,2,188.76,1,0,0,0,0,0,0,0,0,0,0,0,0,1,0,1,0
7846,7847,59,10,128.5,1,1,1,0,0,0,1,0,0,0,0,0,0,1,0,0,0
7847,7848,51,15,149.76,1,1,0,0,0,0,1,0,1,0,0,0,0,0,0,1,0
7848,7849,18,5,234.32,0,0,0,1,0,1,0,0,0,0,0,0,0,0,0,1,0
7849,7850,48,5,156.48,0,0,1,0,1,1,0,1,0,0,1,0,0,0,1,0,0
7850,7851,47,5,147.95,1,1,0,1,0,1,0,0,0,0,0,1,0,0,0,0,1
7851,7852,65,7,190.06,0,0,0,0,0,1,1,0,0,0,0,0,0,1,1,0,0
7852,7853,35,3,74.84,0,0,0,0,1,1,0,0,0,0,0,1,0,0,1,0,0
7853,7854,34,11,45.41,1,0,1,0,0,1,1,0,0,0,0,0,0,1,0,1,0
7854,7855,55,5,188.6,0,0,0,0,1,1,0,0,0,0,0,0,0,0,1,0,0
7855,7856,31,8,54.72,1,0,0,0,0,0,0,0,0,1,0,0,0,0,1,0,0
7856,7857,40,4,41.65,0,0,0,1,0,0,0,0,0,0,0,1,0,0,0,1,0
7857,7858,42,15,71.22,0,0,0,0,0,0,1,0,0,0,0,0,0,0,0,1,0
7858,7859,32,6,86.33,0,0,1,1,0,1,1,0,0,0,0,0,0,1,1,0,0
7859,7860,63,15,204.63,0,0,0,0,0,1,1,0,0,0,0,0,0,1,0,0,0
7860,7861,39,15,22.32,1,0,1,0,1,0,0,1,0,1,0,0,0,0,0,0,0
7861,7862,20,1,54.48,0,0,1,0,0,1,0,1,0,0,1,0,0,0,0,0,1
7862,7863,36,1,97.1,0,0,1,0,0,1,1,0,0,1,0,0,0,0,0,0,1
7863,7864,61,8,221.12,0,0,0,1,0,0,1,0,0,0,0,1,0,0,1,0,0
7864,7865,51,2,130.53,0,0,0,0,0,0,0,0,0,0,0,0,0,1,1,0,0
7865,7866,52,10,78.02,0,0,0,0,0,0,1,0,0,1,0,0,0,0,0,1,0
7866,7867,67,10,180.37,0,0,1,1,1,0,1,0,0,0,0,1,0,0,0,1,0
7867,7868,18,7,60.31,1,0,0,0,0,1,0,0,0,0,0,0,1,0,0,0,1
7868,7869,69,8,154.05,1,0,0,0,0,1,1,0,0,0,0,0,0,0,1,0,0
7869,7870,38,11,117.83,1,0,0,0,0,1,0,1,0,0,0,0,0,0,1,0,0
7870,7871,46,14,33.57,0,1,0,0,0,1,0,0,0,0,0,0,1,0,0,0,0
7871,7872,23,9,190.79,0,1,0,0,0,1,0,0,0,1,0,0,0,0,0,0,1
7872,7873,54,1,120.97,1,1,0,1,0,1,0,0,0,0,0,0,0,1,0,1,0
7873,7874,18,2,75.86,0,0,0,0,0,1,0,0,0,1,0,0,0,0,0,1,0
7874,7875,68,14,133.57,1,0,0,0,0,1,0,0,0,0,0,0,0,1,0,1,0
7875,7876,18,1,136.05,0,0,0,1,0,1,0,0,0,0,1,0,0,0,1,0,0
7876,7877,44,1,280.17,0,0,0,1,0,0,0,0,0,0,0,0,0,0,1,0,0
7877,7878,38,11,98.11,0,0,0,0,0,1,0,1,0,1,0,0,0,0,0,0,0
7878,7879,70,4,37.4,0,0,0,0,0,0,0,0,1,0,0,0,0,0,0,1,0
7879,7880,33,8,262.89,0,0,0,0,0,1,1,0,1,0,0,0,0,0,1,0,0
7880,7881,61,10,128.63,0,0,0,0,0,0,0,0,0,1,0,0,0,0,0,0,1
7881,7882,57,8,141.36,1,0,0,0,1,0,0,0,1,0,0,0,0,0,0,1,0
7882,7883,43,12,203.12,0,1,1,1,0,1,0,1,0,0,0,0,0,1,1,0,0
7883,7884,33,12,184.42,0,0,0,0,1,0,1,0,1,0,0,0,0,0,0,0,1
7884,7885,45,13,63.3,0,0,1,0,1,0,1,0,0,1,0,0,0,0,0,0,0
7885,7886,18,15,122.8,0,0,1,0,1,0,1,0,0,0,0,0,0,0,0,1,0
7886,7887,53,11,209.9,0,0,1,0,1,1,1,0,0,0,0,0,0,1,0,0,1
7887,7888,27,2,55.21,0,0,1,0,0,1,0,0,0,0,1,0,0,0,0,1,0
7888,7889,60,13,41.6,1,0,0,0,0,1,0,0,0,0,0,0,0,1,0,1,0
7889,7890,34,7,145.17,0,0,0,1,1,1,1,0,0,1,0,0,0,0,1,0,0
7890,7891,40,12,47.86,0,0,1,0,1,0,0,1,0,0,0,1,0,0,1,0,0
7891,7892,24,14,117.73,0,0,0,0,0,0,0,0,0,0,0,1,0,0,1,0,0
7892,7893,61,5,201.39,0,1,1,0,0,0,1,0,0,0,0,1,0,0,1,0,0
7893,7894,70,3,121.64,1,0,0,0,0,1,0,0,0,0,0,1,0,0,1,0,0
7894,7895,24,12,140.65,0,0,0,1,1,1,0,0,0,0,0,0,1,0,0,0,0
7895,7896,61,5,42.51,0,0,0,1,0,0,1,0,0,0,0,0,0,1,0,0,0
7896,7897,32,4,80.84,0,0,0,0,0,0,0,0,0,1,0,0,0,0,0,0,0
7897,7898,51,3,123.5,0,1,1,1,0,0,0,1,0,1,0,0,0,0,1,0,0
7898,7899,63,10,63.92,0,0,0,0,1,1,1,0,0,0,1,0,0,0,0,0,1
7899,7900,62,8,48.25,1,0,0,0,0,0,0,0,0,1,0,0,0,0,0,0,0
7900,7901,21,15,148.12,0,0,0,0,0,0,1,0,0,0,0,0,0,1,0,1,0
7901,7902,31,13,406.12,1,0,0,0,0,0,1,0,0,0,0,1,0,0,0,0,1
7902,7903,31,10,118.14,0,0,0,0,0,1,0,0,0,1,0,0,0,0,0,1,0
7903,7904,33,15,130.66,0,0,0,0,0,1,1,0,0,0,0,0,0,1,0,1,0
7904,7905,24,14,92.68,0,0,0,0,1,0,1,0,0,0,0,1,0,0,1,0,0
7905,7906,49,12,121.31,0,0,0,0,0,1,0,0,0,0,0,0,0,1,0,0,0
7906,7907,36,2,31.54,1,0,0,1,0,1,0,1,0,0,0,1,0,0,0,0,0
7907,7908,19,3,107.3,0,1,0,0,0,1,0,0,0,1,0,0,0,0,0,0,1
7908,7909,27,13,134.79,0,0,0,0,0,0,0,0,0,1,0,0,0,0,0,0,1
7909,7910,67,10,80.21,0,0,0,0,0,1,1,0,0,0,1,0,0,0,0,0,0
7910,7911,34,7,96.94,1,0,0,0,0,0,0,0,0,1,0,0,0,0,1,0,0
7911,7912,54,7,62.94,0,1,0,1,0,0,1,0,0,1,0,0,0,0,1,0,0
7912,7913,29,3,63.78,0,0,0,0,0,1,1,0,1,0,0,0,0,0,0,1,0
7913,7914,23,1,137.9,0,0,0,0,0,0,0,0,0,0,0,0,0,1,0,0,1
7914,7915,39,12,137.87,0,1,0,0,0,0,0,1,0,0,0,0,0,1,0,1,0
7915,7916,49,10,224.61,0,1,0,0,0,0,1,0,0,0,0,0,0,1,0,0,0
7916,7917,58,7,138.06,0,0,0,0,0,0,1,0,0,0,0,1,0,0,0,0,0
7917,7918,37,4,82.66,0,0,0,0,0,0,0,0,0,1,0,0,0,0,1,0,0
7918,7919,18,3,173.56,0,0,0,1,0,0,0,0,0,0,0,1,0,0,0,1,0
7919,7920,64,13,178.56,0,0,0,1,1,1,1,0,0,0,0,0,0,1,0,0,1
7920,7921,70,9,125.23,0,0,0,0,0,1,1,0,0,0,0,0,0,1,1,0,0
7921,7922,23,9,49.66,0,0,0,1,0,0,0,0,0,0,0,0,0,0,0,1,0
7922,7923,36,14,60.33,0,0,0,0,0,1,1,0,0,0,0,0,0,1,1,0,0
7923,7924,35,6,144.59,0,1,1,0,1,1,1,0,0,1,0,0,0,0,0,0,0
7924,7925,23,11,345.34,0,0,0,0,0,0,0,0,0,0,0,0,0,0,0,0,0
7925,7926,62,9,73.69,1,0,0,0,0,0,1,0,0,0,1,0,0,0,0,1,0
7926,7927,50,4,81.21,0,0,0,0,0,1,0,0,0,0,0,0,0,1,0,0,0
7927,7928,40,8,73.89,1,0,0,1,0,1,0,0,0,0,0,0,0,0,0,1,0
7928,7929,40,7,73.06,0,1,0,0,0,0,0,0,0,1,0,0,0,0,1,0,0
7929,7930,43,14,219.65,1,0,1,1,1,0,0,0,0,0,0,0,1,0,0,1,0
7930,7931,30,12,86.2,0,1,0,1,1,1,0,0,1,0,0,0,0,0,0,0,0
7931,7932,24,6,264.79,0,0,0,0,1,1,0,1,1,0,0,0,0,0,0,0,0
7932,7933,32,8,106.38,0,1,0,0,0,0,1,0,0,1,0,0,0,0,0,0,0
7933,7934,61,6,311.56,0,0,0,0,0,1,0,0,0,1,0,0,0,0,0,1,0
7934,7935,44,13,191.51,0,0,0,1,1,0,1,0,0,1,0,0,0,0,0,1,0
7935,7936,43,12,177.57,0,1,0,0,0,0,1,0,0,1,0,0,0,0,0,1,0
7936,7937,50,6,108.84,1,0,0,0,0,0,0,0,0,0,0,1,0,0,1,0,0
7937,7938,32,14,138.64,0,0,0,1,1,1,0,0,0,0,0,0,0,1,0,1,0
7938,7939,53,7,201.31,1,0,0,1,0,0,0,0,0,0,0,1,0,0,0,1,0
7939,7940,62,4,129.36,0,0,0,0,0,0,0,0,1,0,0,0,0,0,0,1,0
7940,7941,44,14,147.3,0,0,0,1,1,1,1,0,0,0,0,0,0,1,1,0,0
7941,7942,22,5,81.45,0,0,0,0,1,1,1,0,0,0,0,1,0,0,0,0,1
7942,7943,19,9,121.26,0,1,1,0,0,0,0,1,0,0,0,0,0,1,1,0,0
7943,7944,50,3,64.74,0,0,0,1,0,0,1,0,0,0,0,0,0,1,0,0,0
7944,7945,33,9,55.68,0,0,0,1,0,1,0,0,0,0,0,0,0,1,0,1,0
7945,7946,40,5,80.38,0,0,0,0,0,1,1,0,0,0,0,0,0,1,0,0,0
7946,7947,55,10,66.11,1,0,0,1,0,0,0,0,0,0,0,0,0,1,0,0,0
7947,7948,33,1,156.32,0,0,0,0,0,1,0,0,0,0,0,0,0,0,0,0,0
7948,7949,31,11,189.61,0,0,0,1,1,0,1,0,0,0,0,0,1,0,0,0,0
7949,7950,46,7,188.47,0,1,1,0,0,1,0,0,0,0,0,0,0,1,0,0,0
7950,7951,43,5,79.18,0,0,0,1,0,0,0,0,1,0,0,0,0,0,0,1,0
7951,7952,52,3,350.31,1,0,0,1,0,1,1,0,0,0,0,0,1,0,0,1,0
7952,7953,32,3,84.31,0,0,0,1,0,0,0,1,0,0,0,1,0,0,0,1,0
7953,7954,20,1,116.89,0,0,1,0,0,1,0,0,0,1,0,0,0,0,0,1,0
7954,7955,40,7,19.93,1,1,0,0,0,1,0,0,0,0,0,0,0,1,0,1,0
7955,7956,46,15,55.25,0,0,0,0,0,0,1,0,0,0,0,1,0,0,0,1,0
7956,7957,51,4,138.52,1,0,0,0,1,1,1,0,1,0,0,0,0,0,0,1,0
7957,7958,50,8,60.39,1,1,0,1,0,0,0,0,0,1,0,0,0,0,0,1,0
7958,7959,58,14,306.14,0,0,0,0,0,1,0,1,0,0,0,1,0,0,0,1,0
7959,7960,58,6,56.19,1,1,0,0,0,1,1,0,0,0,0,0,0,1,0,0,0
7960,7961,40,6,168.66,1,0,0,0,1,1,1,0,0,0,0,1,0,0,0,0,0
7961,7962,24,13,48.74,0,0,0,0,0,1,0,1,0,0,0,0,0,1,1,0,0
7962,7963,20,11,303.25,0,0,0,0,0,1,0,1,0,0,0,1,0,0,0,0,1
7963,7964,49,5,33.52,1,0,0,0,0,0,0,0,0,0,0,1,0,0,0,0,1
7964,7965,48,9,144.6,0,1,0,0,0,0,0,0,0,1,0,0,0,0,0,0,0
7965,7966,35,15,149.31,0,1,1,1,0,1,1,0,0,0,0,0,0,1,0,0,0
7966,7967,60,7,168.45,0,1,0,1,0,0,0,1,0,0,1,0,0,0,0,1,0
7967,7968,24,4,124.3,0,0,0,0,1,1,1,0,0,0,0,0,0,0,0,0,1
7968,7969,58,4,139.75,0,0,1,0,0,1,1,0,0,0,0,0,0,0,1,0,0
7969,7970,18,9,135.7,0,0,0,0,1,0,1,0,0,0,0,1,0,0,1,0,0
7970,7971,31,1,269.56,0,0,0,1,0,0,0,0,1,0,0,0,0,0,0,1,0
7971,7972,69,8,36.39,0,0,0,0,0,0,0,1,0,0,0,0,0,1,0,0,0
7972,7973,49,9,346.14,0,0,0,0,0,1,1,0,1,0,0,0,0,0,0,1,0
7973,7974,23,14,147.69,0,0,0,0,0,0,0,1,0,0,0,0,0,1,0,0,1
7974,7975,56,13,127.0,0,0,0,0,1,0,1,0,0,0,0,0,0,1,0,0,0
7975,7976,27,7,64.97,1,0,1,1,0,1,0,1,0,0,0,1,0,0,1,0,0
7976,7977,24,13,499.18,0,0,0,0,0,1,0,0,0,0,1,0,0,0,0,1,0
7977,7978,43,7,41.19,0,1,0,1,0,1,1,0,0,0,0,0,0,1,1,0,0
7978,7979,51,7,72.66,0,0,1,0,0,1,0,1,0,1,0,0,0,0,0,1,0
7979,7980,47,11,259.7,0,0,1,1,0,1,1,0,0,0,0,0,0,0,1,0,0
7980,7981,53,6,48.15,1,0,0,0,0,0,1,0,0,0,0,0,0,1,0,0,0
7981,7982,38,4,25.38,0,0,0,0,0,1,0,0,0,0,1,0,0,0,0,0,0
7982,7983,34,5,97.21,0,0,0,0,0,0,1,0,0,0,0,1,0,0,0,1,0
7983,7984,50,4,94.84,0,0,0,1,1,1,0,1,0,0,0,0,1,0,0,0,1
7984,7985,27,4,331.42,0,1,0,0,0,1,0,0,0,1,0,0,0,0,1,0,0
7985,7986,68,11,46.62,0,0,1,1,0,1,1,0,0,1,0,0,0,0,0,0,0
7986,7987,64,7,96.44,0,0,0,0,0,0,1,0,0,0,0,0,0,0,1,0,0
7987,7988,59,14,79.18,1,1,0,0,1,0,0,0,0,1,0,0,0,0,0,1,0
7988,7989,68,3,181.74,0,0,0,1,0,1,0,0,0,0,0,1,0,0,0,1,0
7989,7990,29,4,39.38,0,0,1,0,0,0,1,0,0,0,0,0,0,1,0,0,0
7990,7991,33,10,276.64,1,0,0,0,0,1,0,0,0,1,0,0,0,0,1,0,0
7991,7992,58,8,320.17,1,0,0,0,0,1,0,1,1,0,0,0,0,0,0,0,0
7992,7993,49,5,164.53,0,0,0,0,0,1,1,0,0,0,0,0,1,0,0,0,0
7993,7994,32,14,58.16,0,0,0,0,1,1,0,0,0,0,0,0,0,1,1,0,0
7994,7995,44,4,241.37,0,0,0,0,0,1,0,0,1,0,0,0,0,0,0,0,1
7995,7996,45,8,94.47,0,1,1,0,0,0,1,0,0,0,0,1,0,0,0,0,0
7996,7997,34,11,102.95,0,0,1,0,0,0,1,0,0,0,0,1,0,0,0,0,0
7997,7998,63,6,137.68,1,1,0,0,0,1,0,0,0,0,0,0,0,1,0,0,1
7998,7999,67,3,165.56,1,0,0,0,1,1,1,0,0,1,0,0,0,0,0,0,0
7999,8000,19,12,352.01,1,0,0,0,0,1,0,1,0,0,0,0,1,0,0,0,0
